2026-05-25 13:04:13,332 | INFO     | server               | ============================================================
2026-05-25 13:04:13,332 | INFO     | server               | CORE SERVICE INITIALIZATION
2026-05-25 13:04:13,333 | INFO     | server               | ============================================================
2026-05-25 13:04:13,333 | INFO     | server               | Creating Core instance...
2026-05-25 13:04:13,333 | INFO     | main_module          | ==================================================
2026-05-25 13:04:13,334 | INFO     | main_module          | Core module initialization started
2026-05-25 13:04:13,334 | DEBUG    | main_module          | Initializing Filter module...
2026-05-25 13:04:13,334 | INFO     | modules.filter.filter | Initializing Filter module...
2026-05-25 13:04:13,334 | DEBUG    | modules.filter.filter | Loading STT filter model...
2026-05-25 13:04:13,334 | INFO     | modules.filter.stt_filter.stt_filter | Initializing SttFilter...
2026-05-25 13:04:13,334 | DEBUG    | modules.filter.stt_filter.stt_filter | Loading SttImpModel...
2026-05-25 13:04:13,335 | INFO     | modules.filter.stt_filter.imp_model.imp_model | Initializing SttImpModel...
2026-05-25 13:04:13,335 | DEBUG    | modules.filter.stt_filter.imp_model.imp_model | Loading Model...
2026-05-25 13:04:13,365 | INFO     | modules.filter.stt_filter.imp_model.models.own_model.transformer.pytorch_attention.init | MultiHeadAttention initialized
2026-05-25 13:04:13,365 | INFO     | modules.filter.stt_filter.imp_model.models.own_model.transformer.pytorch_attention.init | MultiHeadAttentionlConfig: d_model=256, heads=8
2026-05-25 13:04:13,369 | INFO     | modules.filter.stt_filter.imp_model.models.own_model.transformer.feedforward.init | Feedforward initialized
2026-05-25 13:04:13,369 | INFO     | modules.filter.stt_filter.imp_model.models.own_model.transformer.feedforward.init | FeedforwardlConfig: d_model=256, d_ff=1024
2026-05-25 13:04:13,369 | INFO     | modules.filter.stt_filter.imp_model.models.own_model.transformer.encoder.init | Encoder initialized
2026-05-25 13:04:13,369 | INFO     | modules.filter.stt_filter.imp_model.models.own_model.transformer.encoder.init | EncoderlConfig: d_model=256, heads=8, d_ff=1024, dropout=0.31622776601683794
2026-05-25 13:04:13,398 | DEBUG    | httpcore.connection  | connect_tcp.started host='huggingface.co' port=443 local_address=None timeout=10 socket_options=None
2026-05-25 13:04:13,426 | DEBUG    | httpcore.connection  | connect_tcp.complete return_value=<httpcore._backends.sync.SyncStream object at 0x7af4b7a3e1d0>
2026-05-25 13:04:13,426 | DEBUG    | httpcore.connection  | start_tls.started ssl_context=<ssl.SSLContext object at 0x7af4b7a4ae40> server_hostname='huggingface.co' timeout=10
2026-05-25 13:04:13,449 | DEBUG    | httpcore.connection  | start_tls.complete return_value=<httpcore._backends.sync.SyncStream object at 0x7af4b7a3e140>
2026-05-25 13:04:13,450 | DEBUG    | httpcore.http11      | send_request_headers.started request=<Request [b'HEAD']>
2026-05-25 13:04:13,450 | DEBUG    | httpcore.http11      | send_request_headers.complete
2026-05-25 13:04:13,450 | DEBUG    | httpcore.http11      | send_request_body.started request=<Request [b'HEAD']>
2026-05-25 13:04:13,450 | DEBUG    | httpcore.http11      | send_request_body.complete
2026-05-25 13:04:13,450 | DEBUG    | httpcore.http11      | receive_response_headers.started request=<Request [b'HEAD']>
2026-05-25 13:04:13,612 | DEBUG    | httpcore.http11      | receive_response_headers.complete return_value=(b'HTTP/1.1', 307, b'Temporary Redirect', [(b'Content-Type', b'text/plain; charset=utf-8'), (b'Content-Length', b'238'), (b'Connection', b'keep-alive'), (b'Date', b'Mon, 25 May 2026 10:04:13 GMT'), (b'Location', b'/api/resolve-cache/models/boltuix/bert-lite/bc0e85c1c303ee38a6b4a7276ce7cf6d0581cce5/config.json?%2Fboltuix%2Fbert-lite%2Fresolve%2Fmain%2Fconfig.json=&etag=%2281ba83673fa0d07fc98d4ba418715df42ab28a6f%22'), (b'X-Powered-By', b'huggingface-moon'), (b'X-Request-Id', b'Root=1-6a141e9d-38f17b65741335e774e2463d;3177332f-1e68-43de-ba25-20b952c3e013'), (b'RateLimit', b'"resolvers";r=4999;t=102'), (b'RateLimit-Policy', b'"fixed window";"resolvers";q=5000;w=300'), (b'cross-origin-opener-policy', b'same-origin'), (b'Referrer-Policy', b'strict-origin-when-cross-origin'), (b'Access-Control-Max-Age', b'86400'), (b'Access-Control-Allow-Origin', b'https://huggingface.co'), (b'Vary', b'Origin, Accept'), (b'Access-Control-Expose-Headers', b'X-Repo-Commit,X-Request-Id,X-Error-Code,X-Error-Message,X-Total-Count,ETag,Link,Accept-Ranges,Content-Range,X-Linked-Size,X-Linked-ETag,X-Xet-Hash'), (b'X-Repo-Commit', b'bc0e85c1c303ee38a6b4a7276ce7cf6d0581cce5'), (b'Accept-Ranges', b'bytes'), (b'X-Hub-Cache', b'MISS'), (b'Content-Disposition', b'inline; filename*=UTF-8\'\'config.json; filename="config.json";'), (b'Content-Security-Policy', b"default-src 'none'; sandbox"), (b'X-Linked-ETag', b'"81ba83673fa0d07fc98d4ba418715df42ab28a6f"'), (b'X-Cache', b'Miss from cloudfront'), (b'Via', b'1.1 ab6a84dec80a9cf174a125243a0b7be2.cloudfront.net (CloudFront)'), (b'X-Amz-Cf-Pop', b'HEL51-P2'), (b'X-Amz-Cf-Id', b'zcMO6pYgIjRt4nOkGbD4M1kMLpZeXVxlqkXBowI_B350M2s64Pm_xg==')])
2026-05-25 13:04:13,613 | INFO     | httpx                | HTTP Request: HEAD https://huggingface.co/boltuix/bert-lite/resolve/main/config.json "HTTP/1.1 307 Temporary Redirect"
2026-05-25 13:04:13,614 | DEBUG    | httpcore.http11      | receive_response_body.started request=<Request [b'HEAD']>
2026-05-25 13:04:13,614 | DEBUG    | httpcore.http11      | receive_response_body.complete
2026-05-25 13:04:13,614 | DEBUG    | httpcore.http11      | response_closed.started
2026-05-25 13:04:13,615 | DEBUG    | httpcore.http11      | response_closed.complete
2026-05-25 13:04:13,616 | DEBUG    | httpcore.http11      | send_request_headers.started request=<Request [b'HEAD']>
2026-05-25 13:04:13,617 | DEBUG    | httpcore.http11      | send_request_headers.complete
2026-05-25 13:04:13,617 | DEBUG    | httpcore.http11      | send_request_body.started request=<Request [b'HEAD']>
2026-05-25 13:04:13,617 | DEBUG    | httpcore.http11      | send_request_body.complete
2026-05-25 13:04:13,617 | DEBUG    | httpcore.http11      | receive_response_headers.started request=<Request [b'HEAD']>
2026-05-25 13:04:13,640 | DEBUG    | httpcore.http11      | receive_response_headers.complete return_value=(b'HTTP/1.1', 200, b'OK', [(b'Content-Type', b'text/plain; charset=utf-8'), (b'Content-Length', b'587'), (b'Connection', b'keep-alive'), (b'Date', b'Wed, 13 May 2026 12:33:48 GMT'), (b'ETag', b'"81ba83673fa0d07fc98d4ba418715df42ab28a6f"'), (b'X-Powered-By', b'huggingface-moon'), (b'X-Request-Id', b'Root=1-6a046fac-1335b433506b8b384391f3c6;adbfdde3-1218-4a8d-ac5d-f6fb77b28728'), (b'RateLimit', b'"resolvers";r=4998;t=127'), (b'RateLimit-Policy', b'"fixed window";"resolvers";q=5000;w=300'), (b'cross-origin-opener-policy', b'same-origin'), (b'Referrer-Policy', b'strict-origin-when-cross-origin'), (b'Access-Control-Max-Age', b'86400'), (b'Access-Control-Allow-Origin', b'https://huggingface.co'), (b'Access-Control-Expose-Headers', b'X-Repo-Commit,X-Request-Id,X-Error-Code,X-Error-Message,X-Total-Count,ETag,Link,Accept-Ranges,Content-Range,X-Linked-Size,X-Linked-ETag,X-Xet-Hash'), (b'X-Repo-Commit', b'bc0e85c1c303ee38a6b4a7276ce7cf6d0581cce5'), (b'Accept-Ranges', b'bytes'), (b'X-Hub-Cache', b'MISS'), (b'Content-Disposition', b'inline; filename*=UTF-8\'\'config.json; filename="config.json";'), (b'Content-Security-Policy', b"default-src 'none'; sandbox"), (b'Vary', b'Origin'), (b'X-Cache', b'Hit from cloudfront'), (b'Via', b'1.1 ab6a84dec80a9cf174a125243a0b7be2.cloudfront.net (CloudFront)'), (b'X-Amz-Cf-Pop', b'HEL51-P2'), (b'X-Amz-Cf-Id', b'kOktINgBlm9qfVKj9MfwujtiAwGiKPf5zhrRE3tnWpm-rIvRkrASrQ=='), (b'Age', b'1027825')])
2026-05-25 13:04:13,640 | INFO     | httpx                | HTTP Request: HEAD https://huggingface.co/api/resolve-cache/models/boltuix/bert-lite/bc0e85c1c303ee38a6b4a7276ce7cf6d0581cce5/config.json "HTTP/1.1 200 OK"
2026-05-25 13:04:13,641 | DEBUG    | httpcore.http11      | receive_response_body.started request=<Request [b'HEAD']>
2026-05-25 13:04:13,641 | DEBUG    | httpcore.http11      | receive_response_body.complete
2026-05-25 13:04:13,641 | DEBUG    | httpcore.http11      | response_closed.started
2026-05-25 13:04:13,641 | DEBUG    | httpcore.http11      | response_closed.complete
2026-05-25 13:04:13,665 | DEBUG    | httpcore.http11      | send_request_headers.started request=<Request [b'HEAD']>
2026-05-25 13:04:13,666 | DEBUG    | httpcore.http11      | send_request_headers.complete
2026-05-25 13:04:13,666 | DEBUG    | httpcore.http11      | send_request_body.started request=<Request [b'HEAD']>
2026-05-25 13:04:13,666 | DEBUG    | httpcore.http11      | send_request_body.complete
2026-05-25 13:04:13,666 | DEBUG    | httpcore.http11      | receive_response_headers.started request=<Request [b'HEAD']>
2026-05-25 13:04:13,817 | DEBUG    | httpcore.http11      | receive_response_headers.complete return_value=(b'HTTP/1.1', 307, b'Temporary Redirect', [(b'Content-Type', b'text/plain; charset=utf-8'), (b'Content-Length', b'258'), (b'Connection', b'keep-alive'), (b'Date', b'Mon, 25 May 2026 10:04:13 GMT'), (b'Location', b'/api/resolve-cache/models/boltuix/bert-lite/bc0e85c1c303ee38a6b4a7276ce7cf6d0581cce5/tokenizer_config.json?%2Fboltuix%2Fbert-lite%2Fresolve%2Fmain%2Ftokenizer_config.json=&etag=%22d5c1bb83f067f79da262aed09cbefafcbe8b4805%22'), (b'X-Powered-By', b'huggingface-moon'), (b'X-Request-Id', b'Root=1-6a141e9d-2c2ec95b554379ad6897d675;c84ce487-22c9-4843-a2ca-19bc9a331219'), (b'RateLimit', b'"resolvers";r=4998;t=102'), (b'RateLimit-Policy', b'"fixed window";"resolvers";q=5000;w=300'), (b'cross-origin-opener-policy', b'same-origin'), (b'Referrer-Policy', b'strict-origin-when-cross-origin'), (b'Access-Control-Max-Age', b'86400'), (b'Access-Control-Allow-Origin', b'https://huggingface.co'), (b'Vary', b'Origin, Accept'), (b'Access-Control-Expose-Headers', b'X-Repo-Commit,X-Request-Id,X-Error-Code,X-Error-Message,X-Total-Count,ETag,Link,Accept-Ranges,Content-Range,X-Linked-Size,X-Linked-ETag,X-Xet-Hash'), (b'X-Repo-Commit', b'bc0e85c1c303ee38a6b4a7276ce7cf6d0581cce5'), (b'Accept-Ranges', b'bytes'), (b'X-Hub-Cache', b'MISS'), (b'Content-Disposition', b'inline; filename*=UTF-8\'\'tokenizer_config.json; filename="tokenizer_config.json";'), (b'Content-Security-Policy', b"default-src 'none'; sandbox"), (b'X-Linked-ETag', b'"d5c1bb83f067f79da262aed09cbefafcbe8b4805"'), (b'X-Cache', b'Miss from cloudfront'), (b'Via', b'1.1 ab6a84dec80a9cf174a125243a0b7be2.cloudfront.net (CloudFront)'), (b'X-Amz-Cf-Pop', b'HEL51-P2'), (b'X-Amz-Cf-Id', b'cRBIfQP9CpTLjkmsN9OogT2NiR9LssTURYL93Oa0yssCDdLu0ICBTw==')])
2026-05-25 13:04:13,817 | INFO     | httpx                | HTTP Request: HEAD https://huggingface.co/boltuix/bert-lite/resolve/main/tokenizer_config.json "HTTP/1.1 307 Temporary Redirect"
2026-05-25 13:04:13,818 | DEBUG    | httpcore.http11      | receive_response_body.started request=<Request [b'HEAD']>
2026-05-25 13:04:13,818 | DEBUG    | httpcore.http11      | receive_response_body.complete
2026-05-25 13:04:13,818 | DEBUG    | httpcore.http11      | response_closed.started
2026-05-25 13:04:13,818 | DEBUG    | httpcore.http11      | response_closed.complete
2026-05-25 13:04:13,819 | DEBUG    | httpcore.http11      | send_request_headers.started request=<Request [b'HEAD']>
2026-05-25 13:04:13,820 | DEBUG    | httpcore.http11      | send_request_headers.complete
2026-05-25 13:04:13,820 | DEBUG    | httpcore.http11      | send_request_body.started request=<Request [b'HEAD']>
2026-05-25 13:04:13,821 | DEBUG    | httpcore.http11      | send_request_body.complete
2026-05-25 13:04:13,821 | DEBUG    | httpcore.http11      | receive_response_headers.started request=<Request [b'HEAD']>
2026-05-25 13:04:13,844 | DEBUG    | httpcore.http11      | receive_response_headers.complete return_value=(b'HTTP/1.1', 200, b'OK', [(b'Content-Type', b'text/plain; charset=utf-8'), (b'Content-Length', b'1300'), (b'Connection', b'keep-alive'), (b'Date', b'Wed, 13 May 2026 12:33:49 GMT'), (b'ETag', b'"d5c1bb83f067f79da262aed09cbefafcbe8b4805"'), (b'X-Powered-By', b'huggingface-moon'), (b'X-Request-Id', b'Root=1-6a046fad-0b06b5443de61d2216ce7b5e;c30943df-c246-4194-9edb-c69729443dee'), (b'RateLimit', b'"resolvers";r=4995;t=126'), (b'RateLimit-Policy', b'"fixed window";"resolvers";q=5000;w=300'), (b'cross-origin-opener-policy', b'same-origin'), (b'Referrer-Policy', b'strict-origin-when-cross-origin'), (b'Access-Control-Max-Age', b'86400'), (b'Access-Control-Allow-Origin', b'https://huggingface.co'), (b'Access-Control-Expose-Headers', b'X-Repo-Commit,X-Request-Id,X-Error-Code,X-Error-Message,X-Total-Count,ETag,Link,Accept-Ranges,Content-Range,X-Linked-Size,X-Linked-ETag,X-Xet-Hash'), (b'X-Repo-Commit', b'bc0e85c1c303ee38a6b4a7276ce7cf6d0581cce5'), (b'Accept-Ranges', b'bytes'), (b'X-Hub-Cache', b'MISS'), (b'Content-Disposition', b'inline; filename*=UTF-8\'\'tokenizer_config.json; filename="tokenizer_config.json";'), (b'Content-Security-Policy', b"default-src 'none'; sandbox"), (b'Vary', b'Origin'), (b'X-Cache', b'Hit from cloudfront'), (b'Via', b'1.1 ab6a84dec80a9cf174a125243a0b7be2.cloudfront.net (CloudFront)'), (b'X-Amz-Cf-Pop', b'HEL51-P2'), (b'X-Amz-Cf-Id', b'OlRdZJJEH9CAO0z49oUMIwtgdnhzcLqowX7gm-fwgAtOrYswRHXg9Q=='), (b'Age', b'1027824')])
2026-05-25 13:04:13,845 | INFO     | httpx                | HTTP Request: HEAD https://huggingface.co/api/resolve-cache/models/boltuix/bert-lite/bc0e85c1c303ee38a6b4a7276ce7cf6d0581cce5/tokenizer_config.json "HTTP/1.1 200 OK"
2026-05-25 13:04:13,845 | DEBUG    | httpcore.http11      | receive_response_body.started request=<Request [b'HEAD']>
2026-05-25 13:04:13,845 | DEBUG    | httpcore.http11      | receive_response_body.complete
2026-05-25 13:04:13,845 | DEBUG    | httpcore.http11      | response_closed.started
2026-05-25 13:04:13,846 | DEBUG    | httpcore.http11      | response_closed.complete
2026-05-25 13:04:13,871 | DEBUG    | httpcore.http11      | send_request_headers.started request=<Request [b'GET']>
2026-05-25 13:04:13,871 | DEBUG    | httpcore.http11      | send_request_headers.complete
2026-05-25 13:04:13,872 | DEBUG    | httpcore.http11      | send_request_body.started request=<Request [b'GET']>
2026-05-25 13:04:13,872 | DEBUG    | httpcore.http11      | send_request_body.complete
2026-05-25 13:04:13,872 | DEBUG    | httpcore.http11      | receive_response_headers.started request=<Request [b'GET']>
2026-05-25 13:04:14,024 | DEBUG    | httpcore.http11      | receive_response_headers.complete return_value=(b'HTTP/1.1', 404, b'Not Found', [(b'Content-Type', b'application/json; charset=utf-8'), (b'Content-Length', b'64'), (b'Connection', b'keep-alive'), (b'Date', b'Mon, 25 May 2026 10:04:13 GMT'), (b'ETag', b'W/"40-09f9IAqP13xarAhQxFS2W8rvRkM"'), (b'X-Powered-By', b'huggingface-moon'), (b'X-Request-Id', b'Root=1-6a141e9d-5e802c1043f3354f00ad845a;5abe4426-e6ef-43b9-a766-fce53fe2c26d'), (b'RateLimit', b'"api";r=999;t=102'), (b'RateLimit-Policy', b'"fixed window";"api";q=1000;w=300'), (b'cross-origin-opener-policy', b'same-origin'), (b'Referrer-Policy', b'strict-origin-when-cross-origin'), (b'Access-Control-Max-Age', b'86400'), (b'Access-Control-Allow-Origin', b'https://huggingface.co'), (b'Vary', b'Origin'), (b'Access-Control-Expose-Headers', b'X-Repo-Commit,X-Request-Id,X-Error-Code,X-Error-Message,X-Total-Count,ETag,Link,Accept-Ranges,Content-Range,X-Linked-Size,X-Linked-ETag,X-Xet-Hash'), (b'X-Error-Code', b'EntryNotFound'), (b'X-Error-Message', b'additional_chat_templates does not exist on "main"'), (b'X-Cache', b'Error from cloudfront'), (b'Via', b'1.1 ab6a84dec80a9cf174a125243a0b7be2.cloudfront.net (CloudFront)'), (b'X-Amz-Cf-Pop', b'HEL51-P2'), (b'X-Amz-Cf-Id', b'I4p3culNQn_BcKVg3Zeeqiv2Tommyk3wfYRCD_4IC-HU4FsA8CJRww==')])
2026-05-25 13:04:14,025 | INFO     | httpx                | HTTP Request: GET https://huggingface.co/api/models/boltuix/bert-lite/tree/main/additional_chat_templates?recursive=false&expand=false "HTTP/1.1 404 Not Found"
2026-05-25 13:04:14,025 | DEBUG    | httpcore.http11      | receive_response_body.started request=<Request [b'GET']>
2026-05-25 13:04:14,025 | DEBUG    | httpcore.http11      | receive_response_body.complete
2026-05-25 13:04:14,025 | DEBUG    | httpcore.http11      | response_closed.started
2026-05-25 13:04:14,025 | DEBUG    | httpcore.http11      | response_closed.complete
2026-05-25 13:04:14,029 | DEBUG    | httpcore.http11      | send_request_headers.started request=<Request [b'GET']>
2026-05-25 13:04:14,030 | DEBUG    | httpcore.http11      | send_request_headers.complete
2026-05-25 13:04:14,031 | DEBUG    | httpcore.http11      | send_request_body.started request=<Request [b'GET']>
2026-05-25 13:04:14,032 | DEBUG    | httpcore.http11      | send_request_body.complete
2026-05-25 13:04:14,032 | DEBUG    | httpcore.http11      | receive_response_headers.started request=<Request [b'GET']>
2026-05-25 13:04:14,199 | DEBUG    | httpcore.http11      | receive_response_headers.complete return_value=(b'HTTP/1.1', 200, b'OK', [(b'Content-Type', b'application/json; charset=utf-8'), (b'Transfer-Encoding', b'chunked'), (b'Connection', b'keep-alive'), (b'Date', b'Mon, 25 May 2026 10:04:14 GMT'), (b'content-encoding', b'gzip'), (b'ETag', b'W/"3f4-p6e3v60yrWQMyQA/1oVBgtFThWc"'), (b'X-Powered-By', b'huggingface-moon'), (b'X-Request-Id', b'Root=1-6a141e9e-2861e7a74afe6e906dd40bd6;8bfe7129-6065-47ad-9f69-c64dd45a7331'), (b'RateLimit', b'"api";r=998;t=101'), (b'RateLimit-Policy', b'"fixed window";"api";q=1000;w=300'), (b'cross-origin-opener-policy', b'same-origin'), (b'Referrer-Policy', b'strict-origin-when-cross-origin'), (b'Access-Control-Max-Age', b'86400'), (b'Access-Control-Allow-Origin', b'https://huggingface.co'), (b'Vary', b'Origin'), (b'vary', b'Accept-Encoding'), (b'Access-Control-Expose-Headers', b'X-Repo-Commit,X-Request-Id,X-Error-Code,X-Error-Message,X-Total-Count,ETag,Link,Accept-Ranges,Content-Range,X-Linked-Size,X-Linked-ETag,X-Xet-Hash'), (b'X-Cache', b'Miss from cloudfront'), (b'Via', b'1.1 ab6a84dec80a9cf174a125243a0b7be2.cloudfront.net (CloudFront)'), (b'X-Amz-Cf-Pop', b'HEL51-P2'), (b'X-Amz-Cf-Id', b'TxdhpnLQ52RfkkjbvFYkj_4jh4GeSy0advKqnligiW0nhFByzm9wcA==')])
2026-05-25 13:04:14,200 | INFO     | httpx                | HTTP Request: GET https://huggingface.co/api/models/boltuix/bert-lite/tree/main?recursive=true&expand=false "HTTP/1.1 200 OK"
2026-05-25 13:04:14,201 | DEBUG    | httpcore.http11      | receive_response_body.started request=<Request [b'GET']>
2026-05-25 13:04:14,201 | DEBUG    | httpcore.http11      | receive_response_body.complete
2026-05-25 13:04:14,202 | DEBUG    | httpcore.http11      | response_closed.started
2026-05-25 13:04:14,202 | DEBUG    | httpcore.http11      | response_closed.complete
2026-05-25 13:04:14,280 | DEBUG    | httpcore.http11      | send_request_headers.started request=<Request [b'HEAD']>
2026-05-25 13:04:14,280 | DEBUG    | httpcore.http11      | send_request_headers.complete
2026-05-25 13:04:14,280 | DEBUG    | httpcore.http11      | send_request_body.started request=<Request [b'HEAD']>
2026-05-25 13:04:14,281 | DEBUG    | httpcore.http11      | send_request_body.complete
2026-05-25 13:04:14,281 | DEBUG    | httpcore.http11      | receive_response_headers.started request=<Request [b'HEAD']>
2026-05-25 13:04:14,434 | DEBUG    | httpcore.http11      | receive_response_headers.complete return_value=(b'HTTP/1.1', 307, b'Temporary Redirect', [(b'Content-Type', b'text/plain; charset=utf-8'), (b'Content-Length', b'238'), (b'Connection', b'keep-alive'), (b'Date', b'Mon, 25 May 2026 10:04:14 GMT'), (b'Location', b'/api/resolve-cache/models/boltuix/bert-lite/bc0e85c1c303ee38a6b4a7276ce7cf6d0581cce5/config.json?%2Fboltuix%2Fbert-lite%2Fresolve%2Fmain%2Fconfig.json=&etag=%2281ba83673fa0d07fc98d4ba418715df42ab28a6f%22'), (b'X-Powered-By', b'huggingface-moon'), (b'X-Request-Id', b'Root=1-6a141e9e-3c67a3b506cb346c19fd46d9;46c80074-16f9-4d9d-824a-d567d4792fce'), (b'RateLimit', b'"resolvers";r=4997;t=101'), (b'RateLimit-Policy', b'"fixed window";"resolvers";q=5000;w=300'), (b'cross-origin-opener-policy', b'same-origin'), (b'Referrer-Policy', b'strict-origin-when-cross-origin'), (b'Access-Control-Max-Age', b'86400'), (b'Access-Control-Allow-Origin', b'https://huggingface.co'), (b'Vary', b'Origin, Accept'), (b'Access-Control-Expose-Headers', b'X-Repo-Commit,X-Request-Id,X-Error-Code,X-Error-Message,X-Total-Count,ETag,Link,Accept-Ranges,Content-Range,X-Linked-Size,X-Linked-ETag,X-Xet-Hash'), (b'X-Repo-Commit', b'bc0e85c1c303ee38a6b4a7276ce7cf6d0581cce5'), (b'Accept-Ranges', b'bytes'), (b'X-Hub-Cache', b'MISS'), (b'Content-Disposition', b'inline; filename*=UTF-8\'\'config.json; filename="config.json";'), (b'Content-Security-Policy', b"default-src 'none'; sandbox"), (b'X-Linked-ETag', b'"81ba83673fa0d07fc98d4ba418715df42ab28a6f"'), (b'X-Cache', b'Miss from cloudfront'), (b'Via', b'1.1 ab6a84dec80a9cf174a125243a0b7be2.cloudfront.net (CloudFront)'), (b'X-Amz-Cf-Pop', b'HEL51-P2'), (b'X-Amz-Cf-Id', b'lQoE6jtZeYTB0WKfCXpdZTebeAOmTC3CLMoum5YtnEC6SUx8g1VC1Q==')])
2026-05-25 13:04:14,435 | INFO     | httpx                | HTTP Request: HEAD https://huggingface.co/boltuix/bert-lite/resolve/main/config.json "HTTP/1.1 307 Temporary Redirect"
2026-05-25 13:04:14,435 | DEBUG    | httpcore.http11      | receive_response_body.started request=<Request [b'HEAD']>
2026-05-25 13:04:14,435 | DEBUG    | httpcore.http11      | receive_response_body.complete
2026-05-25 13:04:14,435 | DEBUG    | httpcore.http11      | response_closed.started
2026-05-25 13:04:14,435 | DEBUG    | httpcore.http11      | response_closed.complete
2026-05-25 13:04:14,436 | DEBUG    | httpcore.http11      | send_request_headers.started request=<Request [b'HEAD']>
2026-05-25 13:04:14,436 | DEBUG    | httpcore.http11      | send_request_headers.complete
2026-05-25 13:04:14,436 | DEBUG    | httpcore.http11      | send_request_body.started request=<Request [b'HEAD']>
2026-05-25 13:04:14,437 | DEBUG    | httpcore.http11      | send_request_body.complete
2026-05-25 13:04:14,437 | DEBUG    | httpcore.http11      | receive_response_headers.started request=<Request [b'HEAD']>
2026-05-25 13:04:14,460 | DEBUG    | httpcore.http11      | receive_response_headers.complete return_value=(b'HTTP/1.1', 200, b'OK', [(b'Content-Type', b'text/plain; charset=utf-8'), (b'Content-Length', b'587'), (b'Connection', b'keep-alive'), (b'Date', b'Wed, 13 May 2026 12:33:48 GMT'), (b'ETag', b'"81ba83673fa0d07fc98d4ba418715df42ab28a6f"'), (b'X-Powered-By', b'huggingface-moon'), (b'X-Request-Id', b'Root=1-6a046fac-1335b433506b8b384391f3c6;adbfdde3-1218-4a8d-ac5d-f6fb77b28728'), (b'RateLimit', b'"resolvers";r=4998;t=127'), (b'RateLimit-Policy', b'"fixed window";"resolvers";q=5000;w=300'), (b'cross-origin-opener-policy', b'same-origin'), (b'Referrer-Policy', b'strict-origin-when-cross-origin'), (b'Access-Control-Max-Age', b'86400'), (b'Access-Control-Allow-Origin', b'https://huggingface.co'), (b'Access-Control-Expose-Headers', b'X-Repo-Commit,X-Request-Id,X-Error-Code,X-Error-Message,X-Total-Count,ETag,Link,Accept-Ranges,Content-Range,X-Linked-Size,X-Linked-ETag,X-Xet-Hash'), (b'X-Repo-Commit', b'bc0e85c1c303ee38a6b4a7276ce7cf6d0581cce5'), (b'Accept-Ranges', b'bytes'), (b'X-Hub-Cache', b'MISS'), (b'Content-Disposition', b'inline; filename*=UTF-8\'\'config.json; filename="config.json";'), (b'Content-Security-Policy', b"default-src 'none'; sandbox"), (b'Vary', b'Origin'), (b'X-Cache', b'Hit from cloudfront'), (b'Via', b'1.1 ab6a84dec80a9cf174a125243a0b7be2.cloudfront.net (CloudFront)'), (b'X-Amz-Cf-Pop', b'HEL51-P2'), (b'X-Amz-Cf-Id', b'FV0_qujxNsmxHp8XAxH5HjpuDCn-OmSrhkRodYyjaO5I5Kh1FA92ww=='), (b'Age', b'1027826')])
2026-05-25 13:04:14,461 | INFO     | httpx                | HTTP Request: HEAD https://huggingface.co/api/resolve-cache/models/boltuix/bert-lite/bc0e85c1c303ee38a6b4a7276ce7cf6d0581cce5/config.json "HTTP/1.1 200 OK"
2026-05-25 13:04:14,462 | DEBUG    | httpcore.http11      | receive_response_body.started request=<Request [b'HEAD']>
2026-05-25 13:04:14,462 | DEBUG    | httpcore.http11      | receive_response_body.complete
2026-05-25 13:04:14,462 | DEBUG    | httpcore.http11      | response_closed.started
2026-05-25 13:04:14,462 | DEBUG    | httpcore.http11      | response_closed.complete
2026-05-25 13:04:14,628 | INFO     | modules.filter.stt_filter.imp_model.imp_model | ✓ SttImpModel initialized successfully
2026-05-25 13:04:14,629 | DEBUG    | modules.filter.stt_filter.stt_filter | Loading ShouldShutUpModel...
2026-05-25 13:04:14,629 | INFO     | modules.filter.stt_filter.should_shut_up.should_shut_up_model | Initializing ShouldShutUpModel...
2026-05-25 13:04:14,629 | DEBUG    | modules.filter.stt_filter.should_shut_up.should_shut_up_model | Loading Model...
2026-05-25 13:04:14,645 | INFO     | sentence_transformers.base.model | No device provided, using cpu
2026-05-25 13:04:14,647 | DEBUG    | httpcore.http11      | send_request_headers.started request=<Request [b'HEAD']>
2026-05-25 13:04:14,647 | DEBUG    | httpcore.http11      | send_request_headers.complete
2026-05-25 13:04:14,647 | DEBUG    | httpcore.http11      | send_request_body.started request=<Request [b'HEAD']>
2026-05-25 13:04:14,647 | DEBUG    | httpcore.http11      | send_request_body.complete
2026-05-25 13:04:14,647 | DEBUG    | httpcore.http11      | receive_response_headers.started request=<Request [b'HEAD']>
2026-05-25 13:04:14,797 | DEBUG    | httpcore.http11      | receive_response_headers.complete return_value=(b'HTTP/1.1', 307, b'Temporary Redirect', [(b'Content-Type', b'text/plain; charset=utf-8'), (b'Content-Length', b'324'), (b'Connection', b'keep-alive'), (b'Date', b'Mon, 25 May 2026 10:04:14 GMT'), (b'Location', b'/api/resolve-cache/models/sentence-transformers/paraphrase-multilingual-MiniLM-L12-v2/e8f8c211226b894fcb81acc59f3b34ba3efd5f42/modules.json?%2Fsentence-transformers%2Fparaphrase-multilingual-MiniLM-L12-v2%2Fresolve%2Fmain%2Fmodules.json=&etag=%22f7640f94e81bb7f4f04daf1668850b38763a13d9%22'), (b'X-Powered-By', b'huggingface-moon'), (b'X-Request-Id', b'Root=1-6a141e9e-55509cd36dd8a3cd4fb40597;8a68f1b0-fbb0-48b3-89f2-18bc7f87fd33'), (b'RateLimit', b'"resolvers";r=4996;t=101'), (b'RateLimit-Policy', b'"fixed window";"resolvers";q=5000;w=300'), (b'cross-origin-opener-policy', b'same-origin'), (b'Referrer-Policy', b'strict-origin-when-cross-origin'), (b'Access-Control-Max-Age', b'86400'), (b'Access-Control-Allow-Origin', b'https://huggingface.co'), (b'Vary', b'Origin, Accept'), (b'Access-Control-Expose-Headers', b'X-Repo-Commit,X-Request-Id,X-Error-Code,X-Error-Message,X-Total-Count,ETag,Link,Accept-Ranges,Content-Range,X-Linked-Size,X-Linked-ETag,X-Xet-Hash'), (b'X-Repo-Commit', b'e8f8c211226b894fcb81acc59f3b34ba3efd5f42'), (b'Accept-Ranges', b'bytes'), (b'X-Hub-Cache', b'HIT'), (b'Content-Disposition', b'inline; filename*=UTF-8\'\'modules.json; filename="modules.json";'), (b'Content-Security-Policy', b"default-src 'none'; sandbox"), (b'X-Linked-ETag', b'"f7640f94e81bb7f4f04daf1668850b38763a13d9"'), (b'X-Cache', b'Miss from cloudfront'), (b'Via', b'1.1 ab6a84dec80a9cf174a125243a0b7be2.cloudfront.net (CloudFront)'), (b'X-Amz-Cf-Pop', b'HEL51-P2'), (b'X-Amz-Cf-Id', b'agtOPbSZn6nuLOF3RaibCxxf4qPuBVXZ8MSRBjI9MdYIbRNYT-Zq8w==')])
2026-05-25 13:04:14,798 | INFO     | httpx                | HTTP Request: HEAD https://huggingface.co/sentence-transformers/paraphrase-multilingual-MiniLM-L12-v2/resolve/main/modules.json "HTTP/1.1 307 Temporary Redirect"
2026-05-25 13:04:14,799 | DEBUG    | httpcore.http11      | receive_response_body.started request=<Request [b'HEAD']>
2026-05-25 13:04:14,799 | DEBUG    | httpcore.http11      | receive_response_body.complete
2026-05-25 13:04:14,799 | DEBUG    | httpcore.http11      | response_closed.started
2026-05-25 13:04:14,799 | DEBUG    | httpcore.http11      | response_closed.complete
2026-05-25 13:04:14,800 | DEBUG    | httpcore.http11      | send_request_headers.started request=<Request [b'HEAD']>
2026-05-25 13:04:14,800 | DEBUG    | httpcore.http11      | send_request_headers.complete
2026-05-25 13:04:14,801 | DEBUG    | httpcore.http11      | send_request_body.started request=<Request [b'HEAD']>
2026-05-25 13:04:14,801 | DEBUG    | httpcore.http11      | send_request_body.complete
2026-05-25 13:04:14,801 | DEBUG    | httpcore.http11      | receive_response_headers.started request=<Request [b'HEAD']>
2026-05-25 13:04:14,823 | DEBUG    | httpcore.http11      | receive_response_headers.complete return_value=(b'HTTP/1.1', 200, b'OK', [(b'Content-Type', b'text/plain; charset=utf-8'), (b'Content-Length', b'229'), (b'Connection', b'keep-alive'), (b'Date', b'Sat, 23 May 2026 16:52:52 GMT'), (b'ETag', b'"f7640f94e81bb7f4f04daf1668850b38763a13d9"'), (b'X-Powered-By', b'huggingface-moon'), (b'X-Request-Id', b'Root=1-6a11db64-353ecde50d764e0126445d81;a473582b-af0f-4ac3-9ef1-267fcb60c843'), (b'RateLimit', b'"resolvers";r=4998;t=183'), (b'RateLimit-Policy', b'"fixed window";"resolvers";q=5000;w=300'), (b'cross-origin-opener-policy', b'same-origin'), (b'Referrer-Policy', b'strict-origin-when-cross-origin'), (b'Access-Control-Max-Age', b'86400'), (b'Access-Control-Allow-Origin', b'https://huggingface.co'), (b'Access-Control-Expose-Headers', b'X-Repo-Commit,X-Request-Id,X-Error-Code,X-Error-Message,X-Total-Count,ETag,Link,Accept-Ranges,Content-Range,X-Linked-Size,X-Linked-ETag,X-Xet-Hash'), (b'X-Repo-Commit', b'e8f8c211226b894fcb81acc59f3b34ba3efd5f42'), (b'Accept-Ranges', b'bytes'), (b'X-Hub-Cache', b'MISS'), (b'Content-Disposition', b'inline; filename*=UTF-8\'\'modules.json; filename="modules.json";'), (b'Content-Security-Policy', b"default-src 'none'; sandbox"), (b'Vary', b'Origin'), (b'X-Cache', b'Hit from cloudfront'), (b'Via', b'1.1 ab6a84dec80a9cf174a125243a0b7be2.cloudfront.net (CloudFront)'), (b'X-Amz-Cf-Pop', b'HEL51-P2'), (b'X-Amz-Cf-Id', b'lWpIdD6L7PI5L8zlywcxgmlv5HB8OFd4TnqUo8UHgXQxc3VZwQsAAg=='), (b'Age', b'148282')])
2026-05-25 13:04:14,824 | INFO     | httpx                | HTTP Request: HEAD https://huggingface.co/api/resolve-cache/models/sentence-transformers/paraphrase-multilingual-MiniLM-L12-v2/e8f8c211226b894fcb81acc59f3b34ba3efd5f42/modules.json "HTTP/1.1 200 OK"
2026-05-25 13:04:14,825 | DEBUG    | httpcore.http11      | receive_response_body.started request=<Request [b'HEAD']>
2026-05-25 13:04:14,825 | DEBUG    | httpcore.http11      | receive_response_body.complete
2026-05-25 13:04:14,825 | DEBUG    | httpcore.http11      | response_closed.started
2026-05-25 13:04:14,826 | DEBUG    | httpcore.http11      | response_closed.complete
2026-05-25 13:04:14,835 | DEBUG    | httpcore.http11      | send_request_headers.started request=<Request [b'HEAD']>
2026-05-25 13:04:14,836 | DEBUG    | httpcore.http11      | send_request_headers.complete
2026-05-25 13:04:14,836 | DEBUG    | httpcore.http11      | send_request_body.started request=<Request [b'HEAD']>
2026-05-25 13:04:14,836 | DEBUG    | httpcore.http11      | send_request_body.complete
2026-05-25 13:04:14,836 | DEBUG    | httpcore.http11      | receive_response_headers.started request=<Request [b'HEAD']>
2026-05-25 13:04:14,987 | DEBUG    | httpcore.http11      | receive_response_headers.complete return_value=(b'HTTP/1.1', 307, b'Temporary Redirect', [(b'Content-Type', b'text/plain; charset=utf-8'), (b'Content-Length', b'366'), (b'Connection', b'keep-alive'), (b'Date', b'Mon, 25 May 2026 10:04:14 GMT'), (b'Location', b'/api/resolve-cache/models/sentence-transformers/paraphrase-multilingual-MiniLM-L12-v2/e8f8c211226b894fcb81acc59f3b34ba3efd5f42/config_sentence_transformers.json?%2Fsentence-transformers%2Fparaphrase-multilingual-MiniLM-L12-v2%2Fresolve%2Fmain%2Fconfig_sentence_transformers.json=&etag=%22b974b349cb2d419ada11181750a733ff82f291ad%22'), (b'X-Powered-By', b'huggingface-moon'), (b'X-Request-Id', b'Root=1-6a141e9e-6d5c55b36ea599c5489793f1;9d98f506-5fc4-457e-9112-676cd53c72fc'), (b'RateLimit', b'"resolvers";r=4995;t=101'), (b'RateLimit-Policy', b'"fixed window";"resolvers";q=5000;w=300'), (b'cross-origin-opener-policy', b'same-origin'), (b'Referrer-Policy', b'strict-origin-when-cross-origin'), (b'Access-Control-Max-Age', b'86400'), (b'Access-Control-Allow-Origin', b'https://huggingface.co'), (b'Vary', b'Origin, Accept'), (b'Access-Control-Expose-Headers', b'X-Repo-Commit,X-Request-Id,X-Error-Code,X-Error-Message,X-Total-Count,ETag,Link,Accept-Ranges,Content-Range,X-Linked-Size,X-Linked-ETag,X-Xet-Hash'), (b'X-Repo-Commit', b'e8f8c211226b894fcb81acc59f3b34ba3efd5f42'), (b'Accept-Ranges', b'bytes'), (b'X-Hub-Cache', b'HIT'), (b'Content-Disposition', b'inline; filename*=UTF-8\'\'config_sentence_transformers.json; filename="config_sentence_transformers.json";'), (b'Content-Security-Policy', b"default-src 'none'; sandbox"), (b'X-Linked-ETag', b'"b974b349cb2d419ada11181750a733ff82f291ad"'), (b'X-Cache', b'Miss from cloudfront'), (b'Via', b'1.1 ab6a84dec80a9cf174a125243a0b7be2.cloudfront.net (CloudFront)'), (b'X-Amz-Cf-Pop', b'HEL51-P2'), (b'X-Amz-Cf-Id', b'MclcafDMqT9jvbmLUOHJ2e74caiU2J6YTKijSxk5CnbdpAfg4-cVew==')])
2026-05-25 13:04:14,988 | INFO     | httpx                | HTTP Request: HEAD https://huggingface.co/sentence-transformers/paraphrase-multilingual-MiniLM-L12-v2/resolve/main/config_sentence_transformers.json "HTTP/1.1 307 Temporary Redirect"
2026-05-25 13:04:14,989 | DEBUG    | httpcore.http11      | receive_response_body.started request=<Request [b'HEAD']>
2026-05-25 13:04:14,989 | DEBUG    | httpcore.http11      | receive_response_body.complete
2026-05-25 13:04:14,989 | DEBUG    | httpcore.http11      | response_closed.started
2026-05-25 13:04:14,989 | DEBUG    | httpcore.http11      | response_closed.complete
2026-05-25 13:04:14,990 | DEBUG    | httpcore.http11      | send_request_headers.started request=<Request [b'HEAD']>
2026-05-25 13:04:14,991 | DEBUG    | httpcore.http11      | send_request_headers.complete
2026-05-25 13:04:14,991 | DEBUG    | httpcore.http11      | send_request_body.started request=<Request [b'HEAD']>
2026-05-25 13:04:14,991 | DEBUG    | httpcore.http11      | send_request_body.complete
2026-05-25 13:04:14,991 | DEBUG    | httpcore.http11      | receive_response_headers.started request=<Request [b'HEAD']>
2026-05-25 13:04:15,014 | DEBUG    | httpcore.http11      | receive_response_headers.complete return_value=(b'HTTP/1.1', 200, b'OK', [(b'Content-Type', b'text/plain; charset=utf-8'), (b'Content-Length', b'122'), (b'Connection', b'keep-alive'), (b'Date', b'Sat, 23 May 2026 16:52:53 GMT'), (b'ETag', b'"b974b349cb2d419ada11181750a733ff82f291ad"'), (b'X-Powered-By', b'huggingface-moon'), (b'X-Request-Id', b'Root=1-6a11db65-79a2106567c39bc842553923;49233703-5220-402a-b592-23ef7e30c670'), (b'RateLimit', b'"resolvers";r=4995;t=182'), (b'RateLimit-Policy', b'"fixed window";"resolvers";q=5000;w=300'), (b'cross-origin-opener-policy', b'same-origin'), (b'Referrer-Policy', b'strict-origin-when-cross-origin'), (b'Access-Control-Max-Age', b'86400'), (b'Access-Control-Allow-Origin', b'https://huggingface.co'), (b'Access-Control-Expose-Headers', b'X-Repo-Commit,X-Request-Id,X-Error-Code,X-Error-Message,X-Total-Count,ETag,Link,Accept-Ranges,Content-Range,X-Linked-Size,X-Linked-ETag,X-Xet-Hash'), (b'X-Repo-Commit', b'e8f8c211226b894fcb81acc59f3b34ba3efd5f42'), (b'Accept-Ranges', b'bytes'), (b'X-Hub-Cache', b'MISS'), (b'Content-Disposition', b'inline; filename*=UTF-8\'\'config_sentence_transformers.json; filename="config_sentence_transformers.json";'), (b'Content-Security-Policy', b"default-src 'none'; sandbox"), (b'Vary', b'Origin'), (b'X-Cache', b'Hit from cloudfront'), (b'Via', b'1.1 ab6a84dec80a9cf174a125243a0b7be2.cloudfront.net (CloudFront)'), (b'X-Amz-Cf-Pop', b'HEL51-P2'), (b'X-Amz-Cf-Id', b'AKmh2sdaH9e4WeL8USUr9e7Bq1Zw46ufRmNquiUCgu9kLReIu36Y_A=='), (b'Age', b'148282')])
2026-05-25 13:04:15,015 | INFO     | httpx                | HTTP Request: HEAD https://huggingface.co/api/resolve-cache/models/sentence-transformers/paraphrase-multilingual-MiniLM-L12-v2/e8f8c211226b894fcb81acc59f3b34ba3efd5f42/config_sentence_transformers.json "HTTP/1.1 200 OK"
2026-05-25 13:04:15,015 | DEBUG    | httpcore.http11      | receive_response_body.started request=<Request [b'HEAD']>
2026-05-25 13:04:15,015 | DEBUG    | httpcore.http11      | receive_response_body.complete
2026-05-25 13:04:15,015 | DEBUG    | httpcore.http11      | response_closed.started
2026-05-25 13:04:15,016 | DEBUG    | httpcore.http11      | response_closed.complete
2026-05-25 13:04:15,025 | INFO     | sentence_transformers.base.model | Loading SentenceTransformer model from sentence-transformers/paraphrase-multilingual-MiniLM-L12-v2.
2026-05-25 13:04:15,027 | DEBUG    | httpcore.http11      | send_request_headers.started request=<Request [b'HEAD']>
2026-05-25 13:04:15,028 | DEBUG    | httpcore.http11      | send_request_headers.complete
2026-05-25 13:04:15,029 | DEBUG    | httpcore.http11      | send_request_body.started request=<Request [b'HEAD']>
2026-05-25 13:04:15,030 | DEBUG    | httpcore.http11      | send_request_body.complete
2026-05-25 13:04:15,031 | DEBUG    | httpcore.http11      | receive_response_headers.started request=<Request [b'HEAD']>
2026-05-25 13:04:15,181 | DEBUG    | httpcore.http11      | receive_response_headers.complete return_value=(b'HTTP/1.1', 307, b'Temporary Redirect', [(b'Content-Type', b'text/plain; charset=utf-8'), (b'Content-Length', b'366'), (b'Connection', b'keep-alive'), (b'Date', b'Mon, 25 May 2026 10:04:15 GMT'), (b'Location', b'/api/resolve-cache/models/sentence-transformers/paraphrase-multilingual-MiniLM-L12-v2/e8f8c211226b894fcb81acc59f3b34ba3efd5f42/config_sentence_transformers.json?%2Fsentence-transformers%2Fparaphrase-multilingual-MiniLM-L12-v2%2Fresolve%2Fmain%2Fconfig_sentence_transformers.json=&etag=%22b974b349cb2d419ada11181750a733ff82f291ad%22'), (b'X-Powered-By', b'huggingface-moon'), (b'X-Request-Id', b'Root=1-6a141e9f-56e4abd463a39e3d762727fd;d83344cf-1bff-4d8c-aa32-f33f6820b67c'), (b'RateLimit', b'"resolvers";r=4994;t=100'), (b'RateLimit-Policy', b'"fixed window";"resolvers";q=5000;w=300'), (b'cross-origin-opener-policy', b'same-origin'), (b'Referrer-Policy', b'strict-origin-when-cross-origin'), (b'Access-Control-Max-Age', b'86400'), (b'Access-Control-Allow-Origin', b'https://huggingface.co'), (b'Vary', b'Origin, Accept'), (b'Access-Control-Expose-Headers', b'X-Repo-Commit,X-Request-Id,X-Error-Code,X-Error-Message,X-Total-Count,ETag,Link,Accept-Ranges,Content-Range,X-Linked-Size,X-Linked-ETag,X-Xet-Hash'), (b'X-Repo-Commit', b'e8f8c211226b894fcb81acc59f3b34ba3efd5f42'), (b'Accept-Ranges', b'bytes'), (b'X-Hub-Cache', b'HIT'), (b'Content-Disposition', b'inline; filename*=UTF-8\'\'config_sentence_transformers.json; filename="config_sentence_transformers.json";'), (b'Content-Security-Policy', b"default-src 'none'; sandbox"), (b'X-Linked-ETag', b'"b974b349cb2d419ada11181750a733ff82f291ad"'), (b'X-Cache', b'Miss from cloudfront'), (b'Via', b'1.1 ab6a84dec80a9cf174a125243a0b7be2.cloudfront.net (CloudFront)'), (b'X-Amz-Cf-Pop', b'HEL51-P2'), (b'X-Amz-Cf-Id', b'Mb7T_YpGVvlNo1qQ2zGTaWPA0jwLEThSKr-6gtlp-W7dY9F2nnJkYw==')])
2026-05-25 13:04:15,181 | INFO     | httpx                | HTTP Request: HEAD https://huggingface.co/sentence-transformers/paraphrase-multilingual-MiniLM-L12-v2/resolve/main/config_sentence_transformers.json "HTTP/1.1 307 Temporary Redirect"
2026-05-25 13:04:15,182 | DEBUG    | httpcore.http11      | receive_response_body.started request=<Request [b'HEAD']>
2026-05-25 13:04:15,183 | DEBUG    | httpcore.http11      | receive_response_body.complete
2026-05-25 13:04:15,183 | DEBUG    | httpcore.http11      | response_closed.started
2026-05-25 13:04:15,183 | DEBUG    | httpcore.http11      | response_closed.complete
2026-05-25 13:04:15,184 | DEBUG    | httpcore.http11      | send_request_headers.started request=<Request [b'HEAD']>
2026-05-25 13:04:15,185 | DEBUG    | httpcore.http11      | send_request_headers.complete
2026-05-25 13:04:15,185 | DEBUG    | httpcore.http11      | send_request_body.started request=<Request [b'HEAD']>
2026-05-25 13:04:15,185 | DEBUG    | httpcore.http11      | send_request_body.complete
2026-05-25 13:04:15,185 | DEBUG    | httpcore.http11      | receive_response_headers.started request=<Request [b'HEAD']>
2026-05-25 13:04:15,208 | DEBUG    | httpcore.http11      | receive_response_headers.complete return_value=(b'HTTP/1.1', 200, b'OK', [(b'Content-Type', b'text/plain; charset=utf-8'), (b'Content-Length', b'122'), (b'Connection', b'keep-alive'), (b'Date', b'Sat, 23 May 2026 16:52:53 GMT'), (b'ETag', b'"b974b349cb2d419ada11181750a733ff82f291ad"'), (b'X-Powered-By', b'huggingface-moon'), (b'X-Request-Id', b'Root=1-6a11db65-79a2106567c39bc842553923;49233703-5220-402a-b592-23ef7e30c670'), (b'RateLimit', b'"resolvers";r=4995;t=182'), (b'RateLimit-Policy', b'"fixed window";"resolvers";q=5000;w=300'), (b'cross-origin-opener-policy', b'same-origin'), (b'Referrer-Policy', b'strict-origin-when-cross-origin'), (b'Access-Control-Max-Age', b'86400'), (b'Access-Control-Allow-Origin', b'https://huggingface.co'), (b'Access-Control-Expose-Headers', b'X-Repo-Commit,X-Request-Id,X-Error-Code,X-Error-Message,X-Total-Count,ETag,Link,Accept-Ranges,Content-Range,X-Linked-Size,X-Linked-ETag,X-Xet-Hash'), (b'X-Repo-Commit', b'e8f8c211226b894fcb81acc59f3b34ba3efd5f42'), (b'Accept-Ranges', b'bytes'), (b'X-Hub-Cache', b'MISS'), (b'Content-Disposition', b'inline; filename*=UTF-8\'\'config_sentence_transformers.json; filename="config_sentence_transformers.json";'), (b'Content-Security-Policy', b"default-src 'none'; sandbox"), (b'Vary', b'Origin'), (b'X-Cache', b'Hit from cloudfront'), (b'Via', b'1.1 ab6a84dec80a9cf174a125243a0b7be2.cloudfront.net (CloudFront)'), (b'X-Amz-Cf-Pop', b'HEL51-P2'), (b'X-Amz-Cf-Id', b'B6Oua4-0l0moSOjDaP-lPFscE7E_uPAtqxu76Xqf94oSztAd3zBQGA=='), (b'Age', b'148282')])
2026-05-25 13:04:15,209 | INFO     | httpx                | HTTP Request: HEAD https://huggingface.co/api/resolve-cache/models/sentence-transformers/paraphrase-multilingual-MiniLM-L12-v2/e8f8c211226b894fcb81acc59f3b34ba3efd5f42/config_sentence_transformers.json "HTTP/1.1 200 OK"
2026-05-25 13:04:15,209 | DEBUG    | httpcore.http11      | receive_response_body.started request=<Request [b'HEAD']>
2026-05-25 13:04:15,210 | DEBUG    | httpcore.http11      | receive_response_body.complete
2026-05-25 13:04:15,210 | DEBUG    | httpcore.http11      | response_closed.started
2026-05-25 13:04:15,210 | DEBUG    | httpcore.http11      | response_closed.complete
2026-05-25 13:04:15,219 | DEBUG    | httpcore.http11      | send_request_headers.started request=<Request [b'HEAD']>
2026-05-25 13:04:15,220 | DEBUG    | httpcore.http11      | send_request_headers.complete
2026-05-25 13:04:15,220 | DEBUG    | httpcore.http11      | send_request_body.started request=<Request [b'HEAD']>
2026-05-25 13:04:15,221 | DEBUG    | httpcore.http11      | send_request_body.complete
2026-05-25 13:04:15,221 | DEBUG    | httpcore.http11      | receive_response_headers.started request=<Request [b'HEAD']>
2026-05-25 13:04:15,383 | DEBUG    | httpcore.http11      | receive_response_headers.complete return_value=(b'HTTP/1.1', 307, b'Temporary Redirect', [(b'Content-Type', b'text/plain; charset=utf-8'), (b'Content-Length', b'318'), (b'Connection', b'keep-alive'), (b'Date', b'Mon, 25 May 2026 10:04:15 GMT'), (b'Location', b'/api/resolve-cache/models/sentence-transformers/paraphrase-multilingual-MiniLM-L12-v2/e8f8c211226b894fcb81acc59f3b34ba3efd5f42/README.md?%2Fsentence-transformers%2Fparaphrase-multilingual-MiniLM-L12-v2%2Fresolve%2Fmain%2FREADME.md=&etag=%226bedb7f3622d56b7020f33ab93f6996d33242043%22'), (b'X-Powered-By', b'huggingface-moon'), (b'X-Request-Id', b'Root=1-6a141e9f-6bb95544289a27f0161fbff6;be710aaa-f54a-4d5b-a90d-73ae85dd674c'), (b'RateLimit', b'"resolvers";r=4993;t=100'), (b'RateLimit-Policy', b'"fixed window";"resolvers";q=5000;w=300'), (b'cross-origin-opener-policy', b'same-origin'), (b'Referrer-Policy', b'strict-origin-when-cross-origin'), (b'Access-Control-Max-Age', b'86400'), (b'Access-Control-Allow-Origin', b'https://huggingface.co'), (b'Vary', b'Origin, Accept'), (b'Access-Control-Expose-Headers', b'X-Repo-Commit,X-Request-Id,X-Error-Code,X-Error-Message,X-Total-Count,ETag,Link,Accept-Ranges,Content-Range,X-Linked-Size,X-Linked-ETag,X-Xet-Hash'), (b'X-Repo-Commit', b'e8f8c211226b894fcb81acc59f3b34ba3efd5f42'), (b'Accept-Ranges', b'bytes'), (b'X-Hub-Cache', b'HIT'), (b'Content-Disposition', b'inline; filename*=UTF-8\'\'README.md; filename="README.md";'), (b'Content-Security-Policy', b"default-src 'none'; sandbox"), (b'X-Linked-ETag', b'"6bedb7f3622d56b7020f33ab93f6996d33242043"'), (b'X-Cache', b'Miss from cloudfront'), (b'Via', b'1.1 ab6a84dec80a9cf174a125243a0b7be2.cloudfront.net (CloudFront)'), (b'X-Amz-Cf-Pop', b'HEL51-P2'), (b'X-Amz-Cf-Id', b'TZ8soq0xz6Saz1obP9kBe1_wNmiDuTluyqLfPW6pBVylZcpwe_hanw==')])
2026-05-25 13:04:15,384 | INFO     | httpx                | HTTP Request: HEAD https://huggingface.co/sentence-transformers/paraphrase-multilingual-MiniLM-L12-v2/resolve/main/README.md "HTTP/1.1 307 Temporary Redirect"
2026-05-25 13:04:15,385 | DEBUG    | httpcore.http11      | receive_response_body.started request=<Request [b'HEAD']>
2026-05-25 13:04:15,385 | DEBUG    | httpcore.http11      | receive_response_body.complete
2026-05-25 13:04:15,385 | DEBUG    | httpcore.http11      | response_closed.started
2026-05-25 13:04:15,386 | DEBUG    | httpcore.http11      | response_closed.complete
2026-05-25 13:04:15,387 | DEBUG    | httpcore.http11      | send_request_headers.started request=<Request [b'HEAD']>
2026-05-25 13:04:15,387 | DEBUG    | httpcore.http11      | send_request_headers.complete
2026-05-25 13:04:15,387 | DEBUG    | httpcore.http11      | send_request_body.started request=<Request [b'HEAD']>
2026-05-25 13:04:15,387 | DEBUG    | httpcore.http11      | send_request_body.complete
2026-05-25 13:04:15,388 | DEBUG    | httpcore.http11      | receive_response_headers.started request=<Request [b'HEAD']>
2026-05-25 13:04:15,410 | DEBUG    | httpcore.http11      | receive_response_headers.complete return_value=(b'HTTP/1.1', 200, b'OK', [(b'Content-Type', b'text/plain; charset=utf-8'), (b'Content-Length', b'3888'), (b'Connection', b'keep-alive'), (b'Date', b'Sat, 23 May 2026 16:52:53 GMT'), (b'ETag', b'"6bedb7f3622d56b7020f33ab93f6996d33242043"'), (b'X-Powered-By', b'huggingface-moon'), (b'X-Request-Id', b'Root=1-6a11db65-4cfbf9561b7961124d4e39b4;be8d98f2-79ce-44e0-a4df-99f4e638250c'), (b'RateLimit', b'"resolvers";r=4991;t=182'), (b'RateLimit-Policy', b'"fixed window";"resolvers";q=5000;w=300'), (b'cross-origin-opener-policy', b'same-origin'), (b'Referrer-Policy', b'strict-origin-when-cross-origin'), (b'Access-Control-Max-Age', b'86400'), (b'Access-Control-Allow-Origin', b'https://huggingface.co'), (b'Access-Control-Expose-Headers', b'X-Repo-Commit,X-Request-Id,X-Error-Code,X-Error-Message,X-Total-Count,ETag,Link,Accept-Ranges,Content-Range,X-Linked-Size,X-Linked-ETag,X-Xet-Hash'), (b'X-Repo-Commit', b'e8f8c211226b894fcb81acc59f3b34ba3efd5f42'), (b'Accept-Ranges', b'bytes'), (b'X-Hub-Cache', b'HIT'), (b'Content-Disposition', b'inline; filename*=UTF-8\'\'README.md; filename="README.md";'), (b'Content-Security-Policy', b"default-src 'none'; sandbox"), (b'Vary', b'Origin'), (b'X-Cache', b'Hit from cloudfront'), (b'Via', b'1.1 ab6a84dec80a9cf174a125243a0b7be2.cloudfront.net (CloudFront)'), (b'X-Amz-Cf-Pop', b'HEL51-P2'), (b'X-Amz-Cf-Id', b'Ghmt-Gmq1R941YQgjsaxlQbLlH_y4wfN7L7uG-qVOvpm5PwCCCYjaw=='), (b'Age', b'148282')])
2026-05-25 13:04:15,411 | INFO     | httpx                | HTTP Request: HEAD https://huggingface.co/api/resolve-cache/models/sentence-transformers/paraphrase-multilingual-MiniLM-L12-v2/e8f8c211226b894fcb81acc59f3b34ba3efd5f42/README.md "HTTP/1.1 200 OK"
2026-05-25 13:04:15,412 | DEBUG    | httpcore.http11      | receive_response_body.started request=<Request [b'HEAD']>
2026-05-25 13:04:15,412 | DEBUG    | httpcore.http11      | receive_response_body.complete
2026-05-25 13:04:15,412 | DEBUG    | httpcore.http11      | response_closed.started
2026-05-25 13:04:15,412 | DEBUG    | httpcore.http11      | response_closed.complete
2026-05-25 13:04:15,421 | DEBUG    | httpcore.http11      | send_request_headers.started request=<Request [b'HEAD']>
2026-05-25 13:04:15,422 | DEBUG    | httpcore.http11      | send_request_headers.complete
2026-05-25 13:04:15,422 | DEBUG    | httpcore.http11      | send_request_body.started request=<Request [b'HEAD']>
2026-05-25 13:04:15,422 | DEBUG    | httpcore.http11      | send_request_body.complete
2026-05-25 13:04:15,422 | DEBUG    | httpcore.http11      | receive_response_headers.started request=<Request [b'HEAD']>
2026-05-25 13:04:15,569 | DEBUG    | httpcore.http11      | receive_response_headers.complete return_value=(b'HTTP/1.1', 307, b'Temporary Redirect', [(b'Content-Type', b'text/plain; charset=utf-8'), (b'Content-Length', b'324'), (b'Connection', b'keep-alive'), (b'Date', b'Mon, 25 May 2026 10:04:15 GMT'), (b'Location', b'/api/resolve-cache/models/sentence-transformers/paraphrase-multilingual-MiniLM-L12-v2/e8f8c211226b894fcb81acc59f3b34ba3efd5f42/modules.json?%2Fsentence-transformers%2Fparaphrase-multilingual-MiniLM-L12-v2%2Fresolve%2Fmain%2Fmodules.json=&etag=%22f7640f94e81bb7f4f04daf1668850b38763a13d9%22'), (b'X-Powered-By', b'huggingface-moon'), (b'X-Request-Id', b'Root=1-6a141e9f-07847dce5a430c221615900d;ebf3024c-ffae-4461-a8c3-c267e4f20874'), (b'RateLimit', b'"resolvers";r=4992;t=100'), (b'RateLimit-Policy', b'"fixed window";"resolvers";q=5000;w=300'), (b'cross-origin-opener-policy', b'same-origin'), (b'Referrer-Policy', b'strict-origin-when-cross-origin'), (b'Access-Control-Max-Age', b'86400'), (b'Access-Control-Allow-Origin', b'https://huggingface.co'), (b'Vary', b'Origin, Accept'), (b'Access-Control-Expose-Headers', b'X-Repo-Commit,X-Request-Id,X-Error-Code,X-Error-Message,X-Total-Count,ETag,Link,Accept-Ranges,Content-Range,X-Linked-Size,X-Linked-ETag,X-Xet-Hash'), (b'X-Repo-Commit', b'e8f8c211226b894fcb81acc59f3b34ba3efd5f42'), (b'Accept-Ranges', b'bytes'), (b'X-Hub-Cache', b'HIT'), (b'Content-Disposition', b'inline; filename*=UTF-8\'\'modules.json; filename="modules.json";'), (b'Content-Security-Policy', b"default-src 'none'; sandbox"), (b'X-Linked-ETag', b'"f7640f94e81bb7f4f04daf1668850b38763a13d9"'), (b'X-Cache', b'Miss from cloudfront'), (b'Via', b'1.1 ab6a84dec80a9cf174a125243a0b7be2.cloudfront.net (CloudFront)'), (b'X-Amz-Cf-Pop', b'HEL51-P2'), (b'X-Amz-Cf-Id', b'cYibd4tkfmq_IzKiHlafQyMvSctjyoyw-VVOrD0MSWLpKXHH4VmydQ==')])
2026-05-25 13:04:15,570 | INFO     | httpx                | HTTP Request: HEAD https://huggingface.co/sentence-transformers/paraphrase-multilingual-MiniLM-L12-v2/resolve/main/modules.json "HTTP/1.1 307 Temporary Redirect"
2026-05-25 13:04:15,571 | DEBUG    | httpcore.http11      | receive_response_body.started request=<Request [b'HEAD']>
2026-05-25 13:04:15,571 | DEBUG    | httpcore.http11      | receive_response_body.complete
2026-05-25 13:04:15,571 | DEBUG    | httpcore.http11      | response_closed.started
2026-05-25 13:04:15,571 | DEBUG    | httpcore.http11      | response_closed.complete
2026-05-25 13:04:15,572 | DEBUG    | httpcore.http11      | send_request_headers.started request=<Request [b'HEAD']>
2026-05-25 13:04:15,573 | DEBUG    | httpcore.http11      | send_request_headers.complete
2026-05-25 13:04:15,573 | DEBUG    | httpcore.http11      | send_request_body.started request=<Request [b'HEAD']>
2026-05-25 13:04:15,573 | DEBUG    | httpcore.http11      | send_request_body.complete
2026-05-25 13:04:15,574 | DEBUG    | httpcore.http11      | receive_response_headers.started request=<Request [b'HEAD']>
2026-05-25 13:04:15,597 | DEBUG    | httpcore.http11      | receive_response_headers.complete return_value=(b'HTTP/1.1', 200, b'OK', [(b'Content-Type', b'text/plain; charset=utf-8'), (b'Content-Length', b'229'), (b'Connection', b'keep-alive'), (b'Date', b'Sat, 23 May 2026 16:52:52 GMT'), (b'ETag', b'"f7640f94e81bb7f4f04daf1668850b38763a13d9"'), (b'X-Powered-By', b'huggingface-moon'), (b'X-Request-Id', b'Root=1-6a11db64-353ecde50d764e0126445d81;a473582b-af0f-4ac3-9ef1-267fcb60c843'), (b'RateLimit', b'"resolvers";r=4998;t=183'), (b'RateLimit-Policy', b'"fixed window";"resolvers";q=5000;w=300'), (b'cross-origin-opener-policy', b'same-origin'), (b'Referrer-Policy', b'strict-origin-when-cross-origin'), (b'Access-Control-Max-Age', b'86400'), (b'Access-Control-Allow-Origin', b'https://huggingface.co'), (b'Access-Control-Expose-Headers', b'X-Repo-Commit,X-Request-Id,X-Error-Code,X-Error-Message,X-Total-Count,ETag,Link,Accept-Ranges,Content-Range,X-Linked-Size,X-Linked-ETag,X-Xet-Hash'), (b'X-Repo-Commit', b'e8f8c211226b894fcb81acc59f3b34ba3efd5f42'), (b'Accept-Ranges', b'bytes'), (b'X-Hub-Cache', b'MISS'), (b'Content-Disposition', b'inline; filename*=UTF-8\'\'modules.json; filename="modules.json";'), (b'Content-Security-Policy', b"default-src 'none'; sandbox"), (b'Vary', b'Origin'), (b'X-Cache', b'Hit from cloudfront'), (b'Via', b'1.1 ab6a84dec80a9cf174a125243a0b7be2.cloudfront.net (CloudFront)'), (b'X-Amz-Cf-Pop', b'HEL51-P2'), (b'X-Amz-Cf-Id', b'64Z-W1zxN1z099wh55k6DtdmKPBrnAcTCZqHSKTlctjPWil5nzSG9Q=='), (b'Age', b'148283')])
2026-05-25 13:04:15,598 | INFO     | httpx                | HTTP Request: HEAD https://huggingface.co/api/resolve-cache/models/sentence-transformers/paraphrase-multilingual-MiniLM-L12-v2/e8f8c211226b894fcb81acc59f3b34ba3efd5f42/modules.json "HTTP/1.1 200 OK"
2026-05-25 13:04:15,598 | DEBUG    | httpcore.http11      | receive_response_body.started request=<Request [b'HEAD']>
2026-05-25 13:04:15,598 | DEBUG    | httpcore.http11      | receive_response_body.complete
2026-05-25 13:04:15,599 | DEBUG    | httpcore.http11      | response_closed.started
2026-05-25 13:04:15,599 | DEBUG    | httpcore.http11      | response_closed.complete
2026-05-25 13:04:15,616 | DEBUG    | httpcore.http11      | send_request_headers.started request=<Request [b'HEAD']>
2026-05-25 13:04:15,616 | DEBUG    | httpcore.http11      | send_request_headers.complete
2026-05-25 13:04:15,616 | DEBUG    | httpcore.http11      | send_request_body.started request=<Request [b'HEAD']>
2026-05-25 13:04:15,617 | DEBUG    | httpcore.http11      | send_request_body.complete
2026-05-25 13:04:15,617 | DEBUG    | httpcore.http11      | receive_response_headers.started request=<Request [b'HEAD']>
2026-05-25 13:04:15,768 | DEBUG    | httpcore.http11      | receive_response_headers.complete return_value=(b'HTTP/1.1', 307, b'Temporary Redirect', [(b'Content-Type', b'text/plain; charset=utf-8'), (b'Content-Length', b'350'), (b'Connection', b'keep-alive'), (b'Date', b'Mon, 25 May 2026 10:04:15 GMT'), (b'Location', b'/api/resolve-cache/models/sentence-transformers/paraphrase-multilingual-MiniLM-L12-v2/e8f8c211226b894fcb81acc59f3b34ba3efd5f42/sentence_bert_config.json?%2Fsentence-transformers%2Fparaphrase-multilingual-MiniLM-L12-v2%2Fresolve%2Fmain%2Fsentence_bert_config.json=&etag=%225fd10429389515d3e5cccdeda08cae5fea1ae82e%22'), (b'X-Powered-By', b'huggingface-moon'), (b'X-Request-Id', b'Root=1-6a141e9f-0579934e2055511470725c41;90a5b5bb-19e2-454b-abbc-e7aa4cfdef98'), (b'RateLimit', b'"resolvers";r=4991;t=100'), (b'RateLimit-Policy', b'"fixed window";"resolvers";q=5000;w=300'), (b'cross-origin-opener-policy', b'same-origin'), (b'Referrer-Policy', b'strict-origin-when-cross-origin'), (b'Access-Control-Max-Age', b'86400'), (b'Access-Control-Allow-Origin', b'https://huggingface.co'), (b'Vary', b'Origin, Accept'), (b'Access-Control-Expose-Headers', b'X-Repo-Commit,X-Request-Id,X-Error-Code,X-Error-Message,X-Total-Count,ETag,Link,Accept-Ranges,Content-Range,X-Linked-Size,X-Linked-ETag,X-Xet-Hash'), (b'X-Repo-Commit', b'e8f8c211226b894fcb81acc59f3b34ba3efd5f42'), (b'Accept-Ranges', b'bytes'), (b'X-Hub-Cache', b'HIT'), (b'Content-Disposition', b'inline; filename*=UTF-8\'\'sentence_bert_config.json; filename="sentence_bert_config.json";'), (b'Content-Security-Policy', b"default-src 'none'; sandbox"), (b'X-Linked-ETag', b'"5fd10429389515d3e5cccdeda08cae5fea1ae82e"'), (b'X-Cache', b'Miss from cloudfront'), (b'Via', b'1.1 ab6a84dec80a9cf174a125243a0b7be2.cloudfront.net (CloudFront)'), (b'X-Amz-Cf-Pop', b'HEL51-P2'), (b'X-Amz-Cf-Id', b'CPPJajUBYsyznez-qHIlqPEKSqjwYOc5Pt5MHrCUiOw4P5W7StBOKg==')])
2026-05-25 13:04:15,769 | INFO     | httpx                | HTTP Request: HEAD https://huggingface.co/sentence-transformers/paraphrase-multilingual-MiniLM-L12-v2/resolve/main/sentence_bert_config.json "HTTP/1.1 307 Temporary Redirect"
2026-05-25 13:04:15,770 | DEBUG    | httpcore.http11      | receive_response_body.started request=<Request [b'HEAD']>
2026-05-25 13:04:15,770 | DEBUG    | httpcore.http11      | receive_response_body.complete
2026-05-25 13:04:15,771 | DEBUG    | httpcore.http11      | response_closed.started
2026-05-25 13:04:15,771 | DEBUG    | httpcore.http11      | response_closed.complete
2026-05-25 13:04:15,772 | DEBUG    | httpcore.http11      | send_request_headers.started request=<Request [b'HEAD']>
2026-05-25 13:04:15,773 | DEBUG    | httpcore.http11      | send_request_headers.complete
2026-05-25 13:04:15,773 | DEBUG    | httpcore.http11      | send_request_body.started request=<Request [b'HEAD']>
2026-05-25 13:04:15,773 | DEBUG    | httpcore.http11      | send_request_body.complete
2026-05-25 13:04:15,774 | DEBUG    | httpcore.http11      | receive_response_headers.started request=<Request [b'HEAD']>
2026-05-25 13:04:15,796 | DEBUG    | httpcore.http11      | receive_response_headers.complete return_value=(b'HTTP/1.1', 200, b'OK', [(b'Content-Type', b'text/plain; charset=utf-8'), (b'Content-Length', b'53'), (b'Connection', b'keep-alive'), (b'Date', b'Sat, 23 May 2026 16:52:54 GMT'), (b'ETag', b'"5fd10429389515d3e5cccdeda08cae5fea1ae82e"'), (b'X-Powered-By', b'huggingface-moon'), (b'X-Request-Id', b'Root=1-6a11db66-63b5b0922ea7996a0f310dbf;a57418a0-b144-4cf6-a664-968ad2d7a2d6'), (b'RateLimit', b'"resolvers";r=4987;t=181'), (b'RateLimit-Policy', b'"fixed window";"resolvers";q=5000;w=300'), (b'cross-origin-opener-policy', b'same-origin'), (b'Referrer-Policy', b'strict-origin-when-cross-origin'), (b'Access-Control-Max-Age', b'86400'), (b'Access-Control-Allow-Origin', b'https://huggingface.co'), (b'Access-Control-Expose-Headers', b'X-Repo-Commit,X-Request-Id,X-Error-Code,X-Error-Message,X-Total-Count,ETag,Link,Accept-Ranges,Content-Range,X-Linked-Size,X-Linked-ETag,X-Xet-Hash'), (b'X-Repo-Commit', b'e8f8c211226b894fcb81acc59f3b34ba3efd5f42'), (b'Accept-Ranges', b'bytes'), (b'X-Hub-Cache', b'MISS'), (b'Content-Disposition', b'inline; filename*=UTF-8\'\'sentence_bert_config.json; filename="sentence_bert_config.json";'), (b'Content-Security-Policy', b"default-src 'none'; sandbox"), (b'Vary', b'Origin'), (b'X-Cache', b'Hit from cloudfront'), (b'Via', b'1.1 ab6a84dec80a9cf174a125243a0b7be2.cloudfront.net (CloudFront)'), (b'X-Amz-Cf-Pop', b'HEL51-P2'), (b'X-Amz-Cf-Id', b'_WI2nbpDIylnEY48c_QbmQ8sI8xalMtFBpt2lQz7Ef7XHp5f-Plx1g=='), (b'Age', b'148281')])
2026-05-25 13:04:15,797 | INFO     | httpx                | HTTP Request: HEAD https://huggingface.co/api/resolve-cache/models/sentence-transformers/paraphrase-multilingual-MiniLM-L12-v2/e8f8c211226b894fcb81acc59f3b34ba3efd5f42/sentence_bert_config.json "HTTP/1.1 200 OK"
2026-05-25 13:04:15,797 | DEBUG    | httpcore.http11      | receive_response_body.started request=<Request [b'HEAD']>
2026-05-25 13:04:15,797 | DEBUG    | httpcore.http11      | receive_response_body.complete
2026-05-25 13:04:15,798 | DEBUG    | httpcore.http11      | response_closed.started
2026-05-25 13:04:15,798 | DEBUG    | httpcore.http11      | response_closed.complete
2026-05-25 13:04:15,812 | DEBUG    | httpcore.http11      | send_request_headers.started request=<Request [b'HEAD']>
2026-05-25 13:04:15,812 | DEBUG    | httpcore.http11      | send_request_headers.complete
2026-05-25 13:04:15,813 | DEBUG    | httpcore.http11      | send_request_body.started request=<Request [b'HEAD']>
2026-05-25 13:04:15,813 | DEBUG    | httpcore.http11      | send_request_body.complete
2026-05-25 13:04:15,813 | DEBUG    | httpcore.http11      | receive_response_headers.started request=<Request [b'HEAD']>
2026-05-25 13:04:15,962 | DEBUG    | httpcore.http11      | receive_response_headers.complete return_value=(b'HTTP/1.1', 404, b'Not Found', [(b'Content-Type', b'text/plain; charset=utf-8'), (b'Content-Length', b'15'), (b'Connection', b'keep-alive'), (b'Date', b'Mon, 25 May 2026 10:04:15 GMT'), (b'ETag', b'W/"f-mY2VvLxuxB7KhsoOdQTlMTccuAQ"'), (b'X-Powered-By', b'huggingface-moon'), (b'X-Request-Id', b'Root=1-6a141e9f-23bf7ef36b08de0f4224b473;c0a26ec7-8791-496a-b336-c2991a6abd8b'), (b'RateLimit', b'"resolvers";r=4990;t=100'), (b'RateLimit-Policy', b'"fixed window";"resolvers";q=5000;w=300'), (b'cross-origin-opener-policy', b'same-origin'), (b'Referrer-Policy', b'strict-origin-when-cross-origin'), (b'Access-Control-Max-Age', b'86400'), (b'Access-Control-Allow-Origin', b'https://huggingface.co'), (b'Vary', b'Origin'), (b'Access-Control-Expose-Headers', b'X-Repo-Commit,X-Request-Id,X-Error-Code,X-Error-Message,X-Total-Count,ETag,Link,Accept-Ranges,Content-Range,X-Linked-Size,X-Linked-ETag,X-Xet-Hash'), (b'X-Repo-Commit', b'e8f8c211226b894fcb81acc59f3b34ba3efd5f42'), (b'Accept-Ranges', b'bytes'), (b'X-Hub-Cache', b'MISS'), (b'X-Error-Code', b'EntryNotFound'), (b'X-Error-Message', b'Entry not found'), (b'X-Cache', b'Error from cloudfront'), (b'Via', b'1.1 ab6a84dec80a9cf174a125243a0b7be2.cloudfront.net (CloudFront)'), (b'X-Amz-Cf-Pop', b'HEL51-P2'), (b'X-Amz-Cf-Id', b'pHEVBcRtm50p0cIzoPW7sFgSLWXUTDzTCLpIDZ4f_ialUKdV-SfHNg==')])
2026-05-25 13:04:15,963 | INFO     | httpx                | HTTP Request: HEAD https://huggingface.co/sentence-transformers/paraphrase-multilingual-MiniLM-L12-v2/resolve/main/adapter_config.json "HTTP/1.1 404 Not Found"
2026-05-25 13:04:15,963 | DEBUG    | httpcore.http11      | receive_response_body.started request=<Request [b'HEAD']>
2026-05-25 13:04:15,963 | DEBUG    | httpcore.http11      | receive_response_body.complete
2026-05-25 13:04:15,964 | DEBUG    | httpcore.http11      | response_closed.started
2026-05-25 13:04:15,964 | DEBUG    | httpcore.http11      | response_closed.complete
2026-05-25 13:04:15,979 | DEBUG    | httpcore.http11      | send_request_headers.started request=<Request [b'HEAD']>
2026-05-25 13:04:15,979 | DEBUG    | httpcore.http11      | send_request_headers.complete
2026-05-25 13:04:15,979 | DEBUG    | httpcore.http11      | send_request_body.started request=<Request [b'HEAD']>
2026-05-25 13:04:15,979 | DEBUG    | httpcore.http11      | send_request_body.complete
2026-05-25 13:04:15,979 | DEBUG    | httpcore.http11      | receive_response_headers.started request=<Request [b'HEAD']>
2026-05-25 13:04:16,134 | DEBUG    | httpcore.http11      | receive_response_headers.complete return_value=(b'HTTP/1.1', 307, b'Temporary Redirect', [(b'Content-Type', b'text/plain; charset=utf-8'), (b'Content-Length', b'322'), (b'Connection', b'keep-alive'), (b'Date', b'Mon, 25 May 2026 10:04:16 GMT'), (b'Location', b'/api/resolve-cache/models/sentence-transformers/paraphrase-multilingual-MiniLM-L12-v2/e8f8c211226b894fcb81acc59f3b34ba3efd5f42/config.json?%2Fsentence-transformers%2Fparaphrase-multilingual-MiniLM-L12-v2%2Fresolve%2Fmain%2Fconfig.json=&etag=%22c06d5b49495f044e6380e68a60538be17a6bd5d1%22'), (b'X-Powered-By', b'huggingface-moon'), (b'X-Request-Id', b'Root=1-6a141ea0-075c77a35313fc855a2519cc;bb9a1625-33e8-4968-b43a-31bacd39e08e'), (b'RateLimit', b'"resolvers";r=4989;t=99'), (b'RateLimit-Policy', b'"fixed window";"resolvers";q=5000;w=300'), (b'cross-origin-opener-policy', b'same-origin'), (b'Referrer-Policy', b'strict-origin-when-cross-origin'), (b'Access-Control-Max-Age', b'86400'), (b'Access-Control-Allow-Origin', b'https://huggingface.co'), (b'Vary', b'Origin, Accept'), (b'Access-Control-Expose-Headers', b'X-Repo-Commit,X-Request-Id,X-Error-Code,X-Error-Message,X-Total-Count,ETag,Link,Accept-Ranges,Content-Range,X-Linked-Size,X-Linked-ETag,X-Xet-Hash'), (b'X-Repo-Commit', b'e8f8c211226b894fcb81acc59f3b34ba3efd5f42'), (b'Accept-Ranges', b'bytes'), (b'X-Hub-Cache', b'HIT'), (b'Content-Disposition', b'inline; filename*=UTF-8\'\'config.json; filename="config.json";'), (b'Content-Security-Policy', b"default-src 'none'; sandbox"), (b'X-Linked-ETag', b'"c06d5b49495f044e6380e68a60538be17a6bd5d1"'), (b'X-Cache', b'Miss from cloudfront'), (b'Via', b'1.1 ab6a84dec80a9cf174a125243a0b7be2.cloudfront.net (CloudFront)'), (b'X-Amz-Cf-Pop', b'HEL51-P2'), (b'X-Amz-Cf-Id', b'cdg2zRNYCnpmJYVZ2ncPK7lRl4lXsK_QUvBdonOcvg7Vhm-oqjWgng==')])
2026-05-25 13:04:16,134 | INFO     | httpx                | HTTP Request: HEAD https://huggingface.co/sentence-transformers/paraphrase-multilingual-MiniLM-L12-v2/resolve/main/config.json "HTTP/1.1 307 Temporary Redirect"
2026-05-25 13:04:16,135 | DEBUG    | httpcore.http11      | receive_response_body.started request=<Request [b'HEAD']>
2026-05-25 13:04:16,135 | DEBUG    | httpcore.http11      | receive_response_body.complete
2026-05-25 13:04:16,135 | DEBUG    | httpcore.http11      | response_closed.started
2026-05-25 13:04:16,135 | DEBUG    | httpcore.http11      | response_closed.complete
2026-05-25 13:04:16,136 | DEBUG    | httpcore.http11      | send_request_headers.started request=<Request [b'HEAD']>
2026-05-25 13:04:16,136 | DEBUG    | httpcore.http11      | send_request_headers.complete
2026-05-25 13:04:16,137 | DEBUG    | httpcore.http11      | send_request_body.started request=<Request [b'HEAD']>
2026-05-25 13:04:16,137 | DEBUG    | httpcore.http11      | send_request_body.complete
2026-05-25 13:04:16,137 | DEBUG    | httpcore.http11      | receive_response_headers.started request=<Request [b'HEAD']>
2026-05-25 13:04:16,160 | DEBUG    | httpcore.http11      | receive_response_headers.complete return_value=(b'HTTP/1.1', 200, b'OK', [(b'Content-Type', b'text/plain; charset=utf-8'), (b'Content-Length', b'645'), (b'Connection', b'keep-alive'), (b'Date', b'Sat, 23 May 2026 16:52:55 GMT'), (b'ETag', b'"c06d5b49495f044e6380e68a60538be17a6bd5d1"'), (b'X-Powered-By', b'huggingface-moon'), (b'X-Request-Id', b'Root=1-6a11db67-2ad77e595d0c35132f3135d5;4da4a2fd-bd36-4550-ac7d-380303f2f2bc'), (b'RateLimit', b'"resolvers";r=4983;t=180'), (b'RateLimit-Policy', b'"fixed window";"resolvers";q=5000;w=300'), (b'cross-origin-opener-policy', b'same-origin'), (b'Referrer-Policy', b'strict-origin-when-cross-origin'), (b'Access-Control-Max-Age', b'86400'), (b'Access-Control-Allow-Origin', b'https://huggingface.co'), (b'Access-Control-Expose-Headers', b'X-Repo-Commit,X-Request-Id,X-Error-Code,X-Error-Message,X-Total-Count,ETag,Link,Accept-Ranges,Content-Range,X-Linked-Size,X-Linked-ETag,X-Xet-Hash'), (b'X-Repo-Commit', b'e8f8c211226b894fcb81acc59f3b34ba3efd5f42'), (b'Accept-Ranges', b'bytes'), (b'X-Hub-Cache', b'MISS'), (b'Content-Disposition', b'inline; filename*=UTF-8\'\'config.json; filename="config.json";'), (b'Content-Security-Policy', b"default-src 'none'; sandbox"), (b'Vary', b'Origin'), (b'X-Cache', b'Hit from cloudfront'), (b'Via', b'1.1 ab6a84dec80a9cf174a125243a0b7be2.cloudfront.net (CloudFront)'), (b'X-Amz-Cf-Pop', b'HEL51-P2'), (b'X-Amz-Cf-Id', b'suB4BRxW389pkUXaITUsW921WsrENIp6g9M0i6v3mJ5dQkj1RlfsKQ=='), (b'Age', b'148281')])
2026-05-25 13:04:16,160 | INFO     | httpx                | HTTP Request: HEAD https://huggingface.co/api/resolve-cache/models/sentence-transformers/paraphrase-multilingual-MiniLM-L12-v2/e8f8c211226b894fcb81acc59f3b34ba3efd5f42/config.json "HTTP/1.1 200 OK"
2026-05-25 13:04:16,160 | DEBUG    | httpcore.http11      | receive_response_body.started request=<Request [b'HEAD']>
2026-05-25 13:04:16,160 | DEBUG    | httpcore.http11      | receive_response_body.complete
2026-05-25 13:04:16,161 | DEBUG    | httpcore.http11      | response_closed.started
2026-05-25 13:04:16,161 | DEBUG    | httpcore.http11      | response_closed.complete
2026-05-25 13:04:16,320 | DEBUG    | httpcore.http11      | send_request_headers.started request=<Request [b'HEAD']>
2026-05-25 13:04:16,320 | DEBUG    | httpcore.http11      | send_request_headers.complete
2026-05-25 13:04:16,320 | DEBUG    | httpcore.http11      | send_request_body.started request=<Request [b'HEAD']>
2026-05-25 13:04:16,320 | DEBUG    | httpcore.http11      | send_request_body.complete
2026-05-25 13:04:16,320 | DEBUG    | httpcore.http11      | receive_response_headers.started request=<Request [b'HEAD']>
2026-05-25 13:04:16,470 | DEBUG    | httpcore.http11      | receive_response_headers.complete return_value=(b'HTTP/1.1', 404, b'Not Found', [(b'Content-Type', b'text/plain; charset=utf-8'), (b'Content-Length', b'15'), (b'Connection', b'keep-alive'), (b'Date', b'Mon, 25 May 2026 10:04:16 GMT'), (b'ETag', b'W/"f-mY2VvLxuxB7KhsoOdQTlMTccuAQ"'), (b'X-Powered-By', b'huggingface-moon'), (b'X-Request-Id', b'Root=1-6a141ea0-31dbb76056ea186f3566abec;60d4c2a1-dcc9-4c16-ae5f-077632d87a40'), (b'RateLimit', b'"resolvers";r=4988;t=99'), (b'RateLimit-Policy', b'"fixed window";"resolvers";q=5000;w=300'), (b'cross-origin-opener-policy', b'same-origin'), (b'Referrer-Policy', b'strict-origin-when-cross-origin'), (b'Access-Control-Max-Age', b'86400'), (b'Access-Control-Allow-Origin', b'https://huggingface.co'), (b'Vary', b'Origin'), (b'Access-Control-Expose-Headers', b'X-Repo-Commit,X-Request-Id,X-Error-Code,X-Error-Message,X-Total-Count,ETag,Link,Accept-Ranges,Content-Range,X-Linked-Size,X-Linked-ETag,X-Xet-Hash'), (b'X-Repo-Commit', b'e8f8c211226b894fcb81acc59f3b34ba3efd5f42'), (b'Accept-Ranges', b'bytes'), (b'X-Hub-Cache', b'MISS'), (b'X-Error-Code', b'EntryNotFound'), (b'X-Error-Message', b'Entry not found'), (b'X-Cache', b'Error from cloudfront'), (b'Via', b'1.1 ab6a84dec80a9cf174a125243a0b7be2.cloudfront.net (CloudFront)'), (b'X-Amz-Cf-Pop', b'HEL51-P2'), (b'X-Amz-Cf-Id', b'm-MJlnmtRIhVz2wI7rRd4ERpTbROhrxbRFSk7BQpxVVcaXmpvnuf1w==')])
2026-05-25 13:04:16,471 | INFO     | httpx                | HTTP Request: HEAD https://huggingface.co/sentence-transformers/paraphrase-multilingual-MiniLM-L12-v2/resolve/main/processor_config.json "HTTP/1.1 404 Not Found"
2026-05-25 13:04:16,471 | DEBUG    | httpcore.http11      | receive_response_body.started request=<Request [b'HEAD']>
2026-05-25 13:04:16,471 | DEBUG    | httpcore.http11      | receive_response_body.complete
2026-05-25 13:04:16,471 | DEBUG    | httpcore.http11      | response_closed.started
2026-05-25 13:04:16,471 | DEBUG    | httpcore.http11      | response_closed.complete
2026-05-25 13:04:16,482 | DEBUG    | httpcore.http11      | send_request_headers.started request=<Request [b'HEAD']>
2026-05-25 13:04:16,482 | DEBUG    | httpcore.http11      | send_request_headers.complete
2026-05-25 13:04:16,482 | DEBUG    | httpcore.http11      | send_request_body.started request=<Request [b'HEAD']>
2026-05-25 13:04:16,482 | DEBUG    | httpcore.http11      | send_request_body.complete
2026-05-25 13:04:16,483 | DEBUG    | httpcore.http11      | receive_response_headers.started request=<Request [b'HEAD']>
2026-05-25 13:04:16,643 | DEBUG    | httpcore.http11      | receive_response_headers.complete return_value=(b'HTTP/1.1', 404, b'Not Found', [(b'Content-Type', b'text/plain; charset=utf-8'), (b'Content-Length', b'15'), (b'Connection', b'keep-alive'), (b'Date', b'Mon, 25 May 2026 10:04:16 GMT'), (b'ETag', b'W/"f-mY2VvLxuxB7KhsoOdQTlMTccuAQ"'), (b'X-Powered-By', b'huggingface-moon'), (b'X-Request-Id', b'Root=1-6a141ea0-0b72a48e09d70c473c1c1388;305f6f43-b45a-4ccf-8263-d531fd34c193'), (b'RateLimit', b'"resolvers";r=4987;t=99'), (b'RateLimit-Policy', b'"fixed window";"resolvers";q=5000;w=300'), (b'cross-origin-opener-policy', b'same-origin'), (b'Referrer-Policy', b'strict-origin-when-cross-origin'), (b'Access-Control-Max-Age', b'86400'), (b'Access-Control-Allow-Origin', b'https://huggingface.co'), (b'Vary', b'Origin'), (b'Access-Control-Expose-Headers', b'X-Repo-Commit,X-Request-Id,X-Error-Code,X-Error-Message,X-Total-Count,ETag,Link,Accept-Ranges,Content-Range,X-Linked-Size,X-Linked-ETag,X-Xet-Hash'), (b'X-Repo-Commit', b'e8f8c211226b894fcb81acc59f3b34ba3efd5f42'), (b'Accept-Ranges', b'bytes'), (b'X-Hub-Cache', b'MISS'), (b'X-Error-Code', b'EntryNotFound'), (b'X-Error-Message', b'Entry not found'), (b'X-Cache', b'Error from cloudfront'), (b'Via', b'1.1 ab6a84dec80a9cf174a125243a0b7be2.cloudfront.net (CloudFront)'), (b'X-Amz-Cf-Pop', b'HEL51-P2'), (b'X-Amz-Cf-Id', b'yuhbLiR7i-Jf6DlVX0hcbOwky9OgXdPJ79fw5qyWfkQjM35Yp-_xJg==')])
2026-05-25 13:04:16,644 | INFO     | httpx                | HTTP Request: HEAD https://huggingface.co/sentence-transformers/paraphrase-multilingual-MiniLM-L12-v2/resolve/main/preprocessor_config.json "HTTP/1.1 404 Not Found"
2026-05-25 13:04:16,644 | DEBUG    | httpcore.http11      | receive_response_body.started request=<Request [b'HEAD']>
2026-05-25 13:04:16,644 | DEBUG    | httpcore.http11      | receive_response_body.complete
2026-05-25 13:04:16,644 | DEBUG    | httpcore.http11      | response_closed.started
2026-05-25 13:04:16,644 | DEBUG    | httpcore.http11      | response_closed.complete
2026-05-25 13:04:16,655 | DEBUG    | httpcore.http11      | send_request_headers.started request=<Request [b'HEAD']>
2026-05-25 13:04:16,655 | DEBUG    | httpcore.http11      | send_request_headers.complete
2026-05-25 13:04:16,655 | DEBUG    | httpcore.http11      | send_request_body.started request=<Request [b'HEAD']>
2026-05-25 13:04:16,656 | DEBUG    | httpcore.http11      | send_request_body.complete
2026-05-25 13:04:16,656 | DEBUG    | httpcore.http11      | receive_response_headers.started request=<Request [b'HEAD']>
2026-05-25 13:04:16,829 | DEBUG    | httpcore.http11      | receive_response_headers.complete return_value=(b'HTTP/1.1', 404, b'Not Found', [(b'Content-Type', b'text/plain; charset=utf-8'), (b'Content-Length', b'15'), (b'Connection', b'keep-alive'), (b'Date', b'Mon, 25 May 2026 10:04:16 GMT'), (b'ETag', b'W/"f-mY2VvLxuxB7KhsoOdQTlMTccuAQ"'), (b'X-Powered-By', b'huggingface-moon'), (b'X-Request-Id', b'Root=1-6a141ea0-6c827b6f2e56628f5f2441a0;c479f4d9-0205-48c8-8ba1-fc41ec913ba5'), (b'RateLimit', b'"resolvers";r=4986;t=99'), (b'RateLimit-Policy', b'"fixed window";"resolvers";q=5000;w=300'), (b'cross-origin-opener-policy', b'same-origin'), (b'Referrer-Policy', b'strict-origin-when-cross-origin'), (b'Access-Control-Max-Age', b'86400'), (b'Access-Control-Allow-Origin', b'https://huggingface.co'), (b'Vary', b'Origin'), (b'Access-Control-Expose-Headers', b'X-Repo-Commit,X-Request-Id,X-Error-Code,X-Error-Message,X-Total-Count,ETag,Link,Accept-Ranges,Content-Range,X-Linked-Size,X-Linked-ETag,X-Xet-Hash'), (b'X-Repo-Commit', b'e8f8c211226b894fcb81acc59f3b34ba3efd5f42'), (b'Accept-Ranges', b'bytes'), (b'X-Hub-Cache', b'MISS'), (b'X-Error-Code', b'EntryNotFound'), (b'X-Error-Message', b'Entry not found'), (b'X-Cache', b'Error from cloudfront'), (b'Via', b'1.1 ab6a84dec80a9cf174a125243a0b7be2.cloudfront.net (CloudFront)'), (b'X-Amz-Cf-Pop', b'HEL51-P2'), (b'X-Amz-Cf-Id', b'WC3IzUovEIVI-khXy6RVvx2CdbqRPP80xDxoaQfZ5LKgu7kHbppJjg==')])
2026-05-25 13:04:16,829 | INFO     | httpx                | HTTP Request: HEAD https://huggingface.co/sentence-transformers/paraphrase-multilingual-MiniLM-L12-v2/resolve/main/video_preprocessor_config.json "HTTP/1.1 404 Not Found"
2026-05-25 13:04:16,829 | DEBUG    | httpcore.http11      | receive_response_body.started request=<Request [b'HEAD']>
2026-05-25 13:04:16,830 | DEBUG    | httpcore.http11      | receive_response_body.complete
2026-05-25 13:04:16,830 | DEBUG    | httpcore.http11      | response_closed.started
2026-05-25 13:04:16,830 | DEBUG    | httpcore.http11      | response_closed.complete
2026-05-25 13:04:16,845 | DEBUG    | httpcore.http11      | send_request_headers.started request=<Request [b'HEAD']>
2026-05-25 13:04:16,845 | DEBUG    | httpcore.http11      | send_request_headers.complete
2026-05-25 13:04:16,846 | DEBUG    | httpcore.http11      | send_request_body.started request=<Request [b'HEAD']>
2026-05-25 13:04:16,846 | DEBUG    | httpcore.http11      | send_request_body.complete
2026-05-25 13:04:16,846 | DEBUG    | httpcore.http11      | receive_response_headers.started request=<Request [b'HEAD']>
2026-05-25 13:04:16,994 | DEBUG    | httpcore.http11      | receive_response_headers.complete return_value=(b'HTTP/1.1', 404, b'Not Found', [(b'Content-Type', b'text/plain; charset=utf-8'), (b'Content-Length', b'15'), (b'Connection', b'keep-alive'), (b'Date', b'Mon, 25 May 2026 10:04:16 GMT'), (b'ETag', b'W/"f-mY2VvLxuxB7KhsoOdQTlMTccuAQ"'), (b'X-Powered-By', b'huggingface-moon'), (b'X-Request-Id', b'Root=1-6a141ea0-079d21f54461f4f2024ecb23;83649d9c-c1b5-419e-874c-6d313b0d95b7'), (b'RateLimit', b'"resolvers";r=4985;t=99'), (b'RateLimit-Policy', b'"fixed window";"resolvers";q=5000;w=300'), (b'cross-origin-opener-policy', b'same-origin'), (b'Referrer-Policy', b'strict-origin-when-cross-origin'), (b'Access-Control-Max-Age', b'86400'), (b'Access-Control-Allow-Origin', b'https://huggingface.co'), (b'Vary', b'Origin'), (b'Access-Control-Expose-Headers', b'X-Repo-Commit,X-Request-Id,X-Error-Code,X-Error-Message,X-Total-Count,ETag,Link,Accept-Ranges,Content-Range,X-Linked-Size,X-Linked-ETag,X-Xet-Hash'), (b'X-Repo-Commit', b'e8f8c211226b894fcb81acc59f3b34ba3efd5f42'), (b'Accept-Ranges', b'bytes'), (b'X-Hub-Cache', b'MISS'), (b'X-Error-Code', b'EntryNotFound'), (b'X-Error-Message', b'Entry not found'), (b'X-Cache', b'Error from cloudfront'), (b'Via', b'1.1 ab6a84dec80a9cf174a125243a0b7be2.cloudfront.net (CloudFront)'), (b'X-Amz-Cf-Pop', b'HEL51-P2'), (b'X-Amz-Cf-Id', b'9LgtnOsYvptOLjDHW4wxBe0qYIu5gNT_OwbrLiKL0f6O0_J7jcxFBw==')])
2026-05-25 13:04:16,994 | INFO     | httpx                | HTTP Request: HEAD https://huggingface.co/sentence-transformers/paraphrase-multilingual-MiniLM-L12-v2/resolve/main/preprocessor_config.json "HTTP/1.1 404 Not Found"
2026-05-25 13:04:16,995 | DEBUG    | httpcore.http11      | receive_response_body.started request=<Request [b'HEAD']>
2026-05-25 13:04:16,995 | DEBUG    | httpcore.http11      | receive_response_body.complete
2026-05-25 13:04:16,995 | DEBUG    | httpcore.http11      | response_closed.started
2026-05-25 13:04:16,995 | DEBUG    | httpcore.http11      | response_closed.complete
2026-05-25 13:04:17,006 | DEBUG    | httpcore.http11      | send_request_headers.started request=<Request [b'HEAD']>
2026-05-25 13:04:17,007 | DEBUG    | httpcore.http11      | send_request_headers.complete
2026-05-25 13:04:17,007 | DEBUG    | httpcore.http11      | send_request_body.started request=<Request [b'HEAD']>
2026-05-25 13:04:17,007 | DEBUG    | httpcore.http11      | send_request_body.complete
2026-05-25 13:04:17,007 | DEBUG    | httpcore.http11      | receive_response_headers.started request=<Request [b'HEAD']>
2026-05-25 13:04:17,158 | DEBUG    | httpcore.http11      | receive_response_headers.complete return_value=(b'HTTP/1.1', 307, b'Temporary Redirect', [(b'Content-Type', b'text/plain; charset=utf-8'), (b'Content-Length', b'342'), (b'Connection', b'keep-alive'), (b'Date', b'Mon, 25 May 2026 10:04:17 GMT'), (b'Location', b'/api/resolve-cache/models/sentence-transformers/paraphrase-multilingual-MiniLM-L12-v2/e8f8c211226b894fcb81acc59f3b34ba3efd5f42/tokenizer_config.json?%2Fsentence-transformers%2Fparaphrase-multilingual-MiniLM-L12-v2%2Fresolve%2Fmain%2Ftokenizer_config.json=&etag=%223c1b565ae10a15a1d0c31096f834af2fd9359e91%22'), (b'X-Powered-By', b'huggingface-moon'), (b'X-Request-Id', b'Root=1-6a141ea1-3de59cdd7e5a1e15493bc1a9;efe9b9b4-f4b5-44cd-bc96-a62070997146'), (b'RateLimit', b'"resolvers";r=4984;t=98'), (b'RateLimit-Policy', b'"fixed window";"resolvers";q=5000;w=300'), (b'cross-origin-opener-policy', b'same-origin'), (b'Referrer-Policy', b'strict-origin-when-cross-origin'), (b'Access-Control-Max-Age', b'86400'), (b'Access-Control-Allow-Origin', b'https://huggingface.co'), (b'Vary', b'Origin, Accept'), (b'Access-Control-Expose-Headers', b'X-Repo-Commit,X-Request-Id,X-Error-Code,X-Error-Message,X-Total-Count,ETag,Link,Accept-Ranges,Content-Range,X-Linked-Size,X-Linked-ETag,X-Xet-Hash'), (b'X-Repo-Commit', b'e8f8c211226b894fcb81acc59f3b34ba3efd5f42'), (b'Accept-Ranges', b'bytes'), (b'X-Hub-Cache', b'HIT'), (b'Content-Disposition', b'inline; filename*=UTF-8\'\'tokenizer_config.json; filename="tokenizer_config.json";'), (b'Content-Security-Policy', b"default-src 'none'; sandbox"), (b'X-Linked-ETag', b'"3c1b565ae10a15a1d0c31096f834af2fd9359e91"'), (b'X-Cache', b'Miss from cloudfront'), (b'Via', b'1.1 ab6a84dec80a9cf174a125243a0b7be2.cloudfront.net (CloudFront)'), (b'X-Amz-Cf-Pop', b'HEL51-P2'), (b'X-Amz-Cf-Id', b'sgakVjrk-GxhJbjw0lkdcTa-vfIJO5L74dldqGTJ5HlLIiy5BHAl-w==')])
2026-05-25 13:04:17,158 | INFO     | httpx                | HTTP Request: HEAD https://huggingface.co/sentence-transformers/paraphrase-multilingual-MiniLM-L12-v2/resolve/main/tokenizer_config.json "HTTP/1.1 307 Temporary Redirect"
2026-05-25 13:04:17,159 | DEBUG    | httpcore.http11      | receive_response_body.started request=<Request [b'HEAD']>
2026-05-25 13:04:17,159 | DEBUG    | httpcore.http11      | receive_response_body.complete
2026-05-25 13:04:17,160 | DEBUG    | httpcore.http11      | response_closed.started
2026-05-25 13:04:17,160 | DEBUG    | httpcore.http11      | response_closed.complete
2026-05-25 13:04:17,161 | DEBUG    | httpcore.http11      | send_request_headers.started request=<Request [b'HEAD']>
2026-05-25 13:04:17,162 | DEBUG    | httpcore.http11      | send_request_headers.complete
2026-05-25 13:04:17,162 | DEBUG    | httpcore.http11      | send_request_body.started request=<Request [b'HEAD']>
2026-05-25 13:04:17,162 | DEBUG    | httpcore.http11      | send_request_body.complete
2026-05-25 13:04:17,162 | DEBUG    | httpcore.http11      | receive_response_headers.started request=<Request [b'HEAD']>
2026-05-25 13:04:17,185 | DEBUG    | httpcore.http11      | receive_response_headers.complete return_value=(b'HTTP/1.1', 200, b'OK', [(b'Content-Type', b'text/plain; charset=utf-8'), (b'Content-Length', b'526'), (b'Connection', b'keep-alive'), (b'Date', b'Sat, 23 May 2026 16:53:14 GMT'), (b'ETag', b'"3c1b565ae10a15a1d0c31096f834af2fd9359e91"'), (b'X-Powered-By', b'huggingface-moon'), (b'X-Request-Id', b'Root=1-6a11db7a-70d238d00dffb7f31218b60e;ddd9f2d2-5b8d-43bc-91fe-8e21de0f4647'), (b'RateLimit', b'"resolvers";r=4975;t=161'), (b'RateLimit-Policy', b'"fixed window";"resolvers";q=5000;w=300'), (b'cross-origin-opener-policy', b'same-origin'), (b'Referrer-Policy', b'strict-origin-when-cross-origin'), (b'Access-Control-Max-Age', b'86400'), (b'Access-Control-Allow-Origin', b'https://huggingface.co'), (b'Access-Control-Expose-Headers', b'X-Repo-Commit,X-Request-Id,X-Error-Code,X-Error-Message,X-Total-Count,ETag,Link,Accept-Ranges,Content-Range,X-Linked-Size,X-Linked-ETag,X-Xet-Hash'), (b'X-Repo-Commit', b'e8f8c211226b894fcb81acc59f3b34ba3efd5f42'), (b'Accept-Ranges', b'bytes'), (b'X-Hub-Cache', b'MISS'), (b'Content-Disposition', b'inline; filename*=UTF-8\'\'tokenizer_config.json; filename="tokenizer_config.json";'), (b'Content-Security-Policy', b"default-src 'none'; sandbox"), (b'Vary', b'Origin'), (b'X-Cache', b'Hit from cloudfront'), (b'Via', b'1.1 ab6a84dec80a9cf174a125243a0b7be2.cloudfront.net (CloudFront)'), (b'X-Amz-Cf-Pop', b'HEL51-P2'), (b'X-Amz-Cf-Id', b'0OgH5CDN5MNwhXCulx6ppbsj077WRGWZ4StvLY9Uf9UHT9i45Fjqbg=='), (b'Age', b'148263')])
2026-05-25 13:04:17,185 | INFO     | httpx                | HTTP Request: HEAD https://huggingface.co/api/resolve-cache/models/sentence-transformers/paraphrase-multilingual-MiniLM-L12-v2/e8f8c211226b894fcb81acc59f3b34ba3efd5f42/tokenizer_config.json "HTTP/1.1 200 OK"
2026-05-25 13:04:17,186 | DEBUG    | httpcore.http11      | receive_response_body.started request=<Request [b'HEAD']>
2026-05-25 13:04:17,186 | DEBUG    | httpcore.http11      | receive_response_body.complete
2026-05-25 13:04:17,186 | DEBUG    | httpcore.http11      | response_closed.started
2026-05-25 13:04:17,186 | DEBUG    | httpcore.http11      | response_closed.complete
2026-05-25 13:04:17,203 | DEBUG    | httpcore.http11      | send_request_headers.started request=<Request [b'HEAD']>
2026-05-25 13:04:17,204 | DEBUG    | httpcore.http11      | send_request_headers.complete
2026-05-25 13:04:17,204 | DEBUG    | httpcore.http11      | send_request_body.started request=<Request [b'HEAD']>
2026-05-25 13:04:17,204 | DEBUG    | httpcore.http11      | send_request_body.complete
2026-05-25 13:04:17,204 | DEBUG    | httpcore.http11      | receive_response_headers.started request=<Request [b'HEAD']>
2026-05-25 13:04:17,354 | DEBUG    | httpcore.http11      | receive_response_headers.complete return_value=(b'HTTP/1.1', 307, b'Temporary Redirect', [(b'Content-Type', b'text/plain; charset=utf-8'), (b'Content-Length', b'322'), (b'Connection', b'keep-alive'), (b'Date', b'Mon, 25 May 2026 10:04:17 GMT'), (b'Location', b'/api/resolve-cache/models/sentence-transformers/paraphrase-multilingual-MiniLM-L12-v2/e8f8c211226b894fcb81acc59f3b34ba3efd5f42/config.json?%2Fsentence-transformers%2Fparaphrase-multilingual-MiniLM-L12-v2%2Fresolve%2Fmain%2Fconfig.json=&etag=%22c06d5b49495f044e6380e68a60538be17a6bd5d1%22'), (b'X-Powered-By', b'huggingface-moon'), (b'X-Request-Id', b'Root=1-6a141ea1-07de493305aa85125f2d369b;de47874e-dd27-4b5a-8719-33f7ca1e13bf'), (b'RateLimit', b'"resolvers";r=4983;t=98'), (b'RateLimit-Policy', b'"fixed window";"resolvers";q=5000;w=300'), (b'cross-origin-opener-policy', b'same-origin'), (b'Referrer-Policy', b'strict-origin-when-cross-origin'), (b'Access-Control-Max-Age', b'86400'), (b'Access-Control-Allow-Origin', b'https://huggingface.co'), (b'Vary', b'Origin, Accept'), (b'Access-Control-Expose-Headers', b'X-Repo-Commit,X-Request-Id,X-Error-Code,X-Error-Message,X-Total-Count,ETag,Link,Accept-Ranges,Content-Range,X-Linked-Size,X-Linked-ETag,X-Xet-Hash'), (b'X-Repo-Commit', b'e8f8c211226b894fcb81acc59f3b34ba3efd5f42'), (b'Accept-Ranges', b'bytes'), (b'X-Hub-Cache', b'HIT'), (b'Content-Disposition', b'inline; filename*=UTF-8\'\'config.json; filename="config.json";'), (b'Content-Security-Policy', b"default-src 'none'; sandbox"), (b'X-Linked-ETag', b'"c06d5b49495f044e6380e68a60538be17a6bd5d1"'), (b'X-Cache', b'Miss from cloudfront'), (b'Via', b'1.1 ab6a84dec80a9cf174a125243a0b7be2.cloudfront.net (CloudFront)'), (b'X-Amz-Cf-Pop', b'HEL51-P2'), (b'X-Amz-Cf-Id', b'x9RLvNQ_KyMA0cHjv-iLkef-TR-J7cv-keqB3Obk7sH6todnSohBqQ==')])
2026-05-25 13:04:17,355 | INFO     | httpx                | HTTP Request: HEAD https://huggingface.co/sentence-transformers/paraphrase-multilingual-MiniLM-L12-v2/resolve/main/config.json "HTTP/1.1 307 Temporary Redirect"
2026-05-25 13:04:17,356 | DEBUG    | httpcore.http11      | receive_response_body.started request=<Request [b'HEAD']>
2026-05-25 13:04:17,356 | DEBUG    | httpcore.http11      | receive_response_body.complete
2026-05-25 13:04:17,356 | DEBUG    | httpcore.http11      | response_closed.started
2026-05-25 13:04:17,357 | DEBUG    | httpcore.http11      | response_closed.complete
2026-05-25 13:04:17,358 | DEBUG    | httpcore.http11      | send_request_headers.started request=<Request [b'HEAD']>
2026-05-25 13:04:17,358 | DEBUG    | httpcore.http11      | send_request_headers.complete
2026-05-25 13:04:17,358 | DEBUG    | httpcore.http11      | send_request_body.started request=<Request [b'HEAD']>
2026-05-25 13:04:17,359 | DEBUG    | httpcore.http11      | send_request_body.complete
2026-05-25 13:04:17,359 | DEBUG    | httpcore.http11      | receive_response_headers.started request=<Request [b'HEAD']>
2026-05-25 13:04:17,383 | DEBUG    | httpcore.http11      | receive_response_headers.complete return_value=(b'HTTP/1.1', 200, b'OK', [(b'Content-Type', b'text/plain; charset=utf-8'), (b'Content-Length', b'645'), (b'Connection', b'keep-alive'), (b'Date', b'Sat, 23 May 2026 16:52:55 GMT'), (b'ETag', b'"c06d5b49495f044e6380e68a60538be17a6bd5d1"'), (b'X-Powered-By', b'huggingface-moon'), (b'X-Request-Id', b'Root=1-6a11db67-2ad77e595d0c35132f3135d5;4da4a2fd-bd36-4550-ac7d-380303f2f2bc'), (b'RateLimit', b'"resolvers";r=4983;t=180'), (b'RateLimit-Policy', b'"fixed window";"resolvers";q=5000;w=300'), (b'cross-origin-opener-policy', b'same-origin'), (b'Referrer-Policy', b'strict-origin-when-cross-origin'), (b'Access-Control-Max-Age', b'86400'), (b'Access-Control-Allow-Origin', b'https://huggingface.co'), (b'Access-Control-Expose-Headers', b'X-Repo-Commit,X-Request-Id,X-Error-Code,X-Error-Message,X-Total-Count,ETag,Link,Accept-Ranges,Content-Range,X-Linked-Size,X-Linked-ETag,X-Xet-Hash'), (b'X-Repo-Commit', b'e8f8c211226b894fcb81acc59f3b34ba3efd5f42'), (b'Accept-Ranges', b'bytes'), (b'X-Hub-Cache', b'MISS'), (b'Content-Disposition', b'inline; filename*=UTF-8\'\'config.json; filename="config.json";'), (b'Content-Security-Policy', b"default-src 'none'; sandbox"), (b'Vary', b'Origin'), (b'X-Cache', b'Hit from cloudfront'), (b'Via', b'1.1 ab6a84dec80a9cf174a125243a0b7be2.cloudfront.net (CloudFront)'), (b'X-Amz-Cf-Pop', b'HEL51-P2'), (b'X-Amz-Cf-Id', b'-tMX7AJJgu4oKtVk_NkrSUBNUkBMcMLIj9X79dmUstEBa7Y3qBxtBg=='), (b'Age', b'148282')])
2026-05-25 13:04:17,383 | INFO     | httpx                | HTTP Request: HEAD https://huggingface.co/api/resolve-cache/models/sentence-transformers/paraphrase-multilingual-MiniLM-L12-v2/e8f8c211226b894fcb81acc59f3b34ba3efd5f42/config.json "HTTP/1.1 200 OK"
2026-05-25 13:04:17,383 | DEBUG    | httpcore.http11      | receive_response_body.started request=<Request [b'HEAD']>
2026-05-25 13:04:17,383 | DEBUG    | httpcore.http11      | receive_response_body.complete
2026-05-25 13:04:17,384 | DEBUG    | httpcore.http11      | response_closed.started
2026-05-25 13:04:17,384 | DEBUG    | httpcore.http11      | response_closed.complete
2026-05-25 13:04:17,408 | DEBUG    | httpcore.http11      | send_request_headers.started request=<Request [b'HEAD']>
2026-05-25 13:04:17,408 | DEBUG    | httpcore.http11      | send_request_headers.complete
2026-05-25 13:04:17,409 | DEBUG    | httpcore.http11      | send_request_body.started request=<Request [b'HEAD']>
2026-05-25 13:04:17,409 | DEBUG    | httpcore.http11      | send_request_body.complete
2026-05-25 13:04:17,409 | DEBUG    | httpcore.http11      | receive_response_headers.started request=<Request [b'HEAD']>
2026-05-25 13:04:17,561 | DEBUG    | httpcore.http11      | receive_response_headers.complete return_value=(b'HTTP/1.1', 307, b'Temporary Redirect', [(b'Content-Type', b'text/plain; charset=utf-8'), (b'Content-Length', b'322'), (b'Connection', b'keep-alive'), (b'Date', b'Mon, 25 May 2026 10:04:17 GMT'), (b'Location', b'/api/resolve-cache/models/sentence-transformers/paraphrase-multilingual-MiniLM-L12-v2/e8f8c211226b894fcb81acc59f3b34ba3efd5f42/config.json?%2Fsentence-transformers%2Fparaphrase-multilingual-MiniLM-L12-v2%2Fresolve%2Fmain%2Fconfig.json=&etag=%22c06d5b49495f044e6380e68a60538be17a6bd5d1%22'), (b'X-Powered-By', b'huggingface-moon'), (b'X-Request-Id', b'Root=1-6a141ea1-58250a2e5a920da172d10c8c;a57b6f03-acd6-4f93-8009-75a25197e0c1'), (b'RateLimit', b'"resolvers";r=4982;t=98'), (b'RateLimit-Policy', b'"fixed window";"resolvers";q=5000;w=300'), (b'cross-origin-opener-policy', b'same-origin'), (b'Referrer-Policy', b'strict-origin-when-cross-origin'), (b'Access-Control-Max-Age', b'86400'), (b'Access-Control-Allow-Origin', b'https://huggingface.co'), (b'Vary', b'Origin, Accept'), (b'Access-Control-Expose-Headers', b'X-Repo-Commit,X-Request-Id,X-Error-Code,X-Error-Message,X-Total-Count,ETag,Link,Accept-Ranges,Content-Range,X-Linked-Size,X-Linked-ETag,X-Xet-Hash'), (b'X-Repo-Commit', b'e8f8c211226b894fcb81acc59f3b34ba3efd5f42'), (b'Accept-Ranges', b'bytes'), (b'X-Hub-Cache', b'HIT'), (b'Content-Disposition', b'inline; filename*=UTF-8\'\'config.json; filename="config.json";'), (b'Content-Security-Policy', b"default-src 'none'; sandbox"), (b'X-Linked-ETag', b'"c06d5b49495f044e6380e68a60538be17a6bd5d1"'), (b'X-Cache', b'Miss from cloudfront'), (b'Via', b'1.1 ab6a84dec80a9cf174a125243a0b7be2.cloudfront.net (CloudFront)'), (b'X-Amz-Cf-Pop', b'HEL51-P2'), (b'X-Amz-Cf-Id', b'7_Vv69XNcTdzOFYJz_NAZOhtXGvxR9ytBo-3IByj-3wkDeDDTbxoaA==')])
2026-05-25 13:04:17,562 | INFO     | httpx                | HTTP Request: HEAD https://huggingface.co/sentence-transformers/paraphrase-multilingual-MiniLM-L12-v2/resolve/main/config.json "HTTP/1.1 307 Temporary Redirect"
2026-05-25 13:04:17,563 | DEBUG    | httpcore.http11      | receive_response_body.started request=<Request [b'HEAD']>
2026-05-25 13:04:17,564 | DEBUG    | httpcore.http11      | receive_response_body.complete
2026-05-25 13:04:17,564 | DEBUG    | httpcore.http11      | response_closed.started
2026-05-25 13:04:17,564 | DEBUG    | httpcore.http11      | response_closed.complete
2026-05-25 13:04:17,565 | DEBUG    | httpcore.http11      | send_request_headers.started request=<Request [b'HEAD']>
2026-05-25 13:04:17,567 | DEBUG    | httpcore.http11      | send_request_headers.complete
2026-05-25 13:04:17,567 | DEBUG    | httpcore.http11      | send_request_body.started request=<Request [b'HEAD']>
2026-05-25 13:04:17,567 | DEBUG    | httpcore.http11      | send_request_body.complete
2026-05-25 13:04:17,568 | DEBUG    | httpcore.http11      | receive_response_headers.started request=<Request [b'HEAD']>
2026-05-25 13:04:17,590 | DEBUG    | httpcore.http11      | receive_response_headers.complete return_value=(b'HTTP/1.1', 200, b'OK', [(b'Content-Type', b'text/plain; charset=utf-8'), (b'Content-Length', b'645'), (b'Connection', b'keep-alive'), (b'Date', b'Sat, 23 May 2026 16:52:55 GMT'), (b'ETag', b'"c06d5b49495f044e6380e68a60538be17a6bd5d1"'), (b'X-Powered-By', b'huggingface-moon'), (b'X-Request-Id', b'Root=1-6a11db67-2ad77e595d0c35132f3135d5;4da4a2fd-bd36-4550-ac7d-380303f2f2bc'), (b'RateLimit', b'"resolvers";r=4983;t=180'), (b'RateLimit-Policy', b'"fixed window";"resolvers";q=5000;w=300'), (b'cross-origin-opener-policy', b'same-origin'), (b'Referrer-Policy', b'strict-origin-when-cross-origin'), (b'Access-Control-Max-Age', b'86400'), (b'Access-Control-Allow-Origin', b'https://huggingface.co'), (b'Access-Control-Expose-Headers', b'X-Repo-Commit,X-Request-Id,X-Error-Code,X-Error-Message,X-Total-Count,ETag,Link,Accept-Ranges,Content-Range,X-Linked-Size,X-Linked-ETag,X-Xet-Hash'), (b'X-Repo-Commit', b'e8f8c211226b894fcb81acc59f3b34ba3efd5f42'), (b'Accept-Ranges', b'bytes'), (b'X-Hub-Cache', b'MISS'), (b'Content-Disposition', b'inline; filename*=UTF-8\'\'config.json; filename="config.json";'), (b'Content-Security-Policy', b"default-src 'none'; sandbox"), (b'Vary', b'Origin'), (b'X-Cache', b'Hit from cloudfront'), (b'Via', b'1.1 ab6a84dec80a9cf174a125243a0b7be2.cloudfront.net (CloudFront)'), (b'X-Amz-Cf-Pop', b'HEL51-P2'), (b'X-Amz-Cf-Id', b'w007a82tE_jYCcfOVeAkGYD_2szqfzfKqogRys3ZWZf3bmmXFaUtlg=='), (b'Age', b'148282')])
2026-05-25 13:04:17,591 | INFO     | httpx                | HTTP Request: HEAD https://huggingface.co/api/resolve-cache/models/sentence-transformers/paraphrase-multilingual-MiniLM-L12-v2/e8f8c211226b894fcb81acc59f3b34ba3efd5f42/config.json "HTTP/1.1 200 OK"
2026-05-25 13:04:17,591 | DEBUG    | httpcore.http11      | receive_response_body.started request=<Request [b'HEAD']>
2026-05-25 13:04:17,592 | DEBUG    | httpcore.http11      | receive_response_body.complete
2026-05-25 13:04:17,592 | DEBUG    | httpcore.http11      | response_closed.started
2026-05-25 13:04:17,592 | DEBUG    | httpcore.http11      | response_closed.complete
2026-05-25 13:04:17,612 | DEBUG    | httpcore.http11      | send_request_headers.started request=<Request [b'HEAD']>
2026-05-25 13:04:17,613 | DEBUG    | httpcore.http11      | send_request_headers.complete
2026-05-25 13:04:17,613 | DEBUG    | httpcore.http11      | send_request_body.started request=<Request [b'HEAD']>
2026-05-25 13:04:17,613 | DEBUG    | httpcore.http11      | send_request_body.complete
2026-05-25 13:04:17,613 | DEBUG    | httpcore.http11      | receive_response_headers.started request=<Request [b'HEAD']>
2026-05-25 13:04:17,763 | DEBUG    | httpcore.http11      | receive_response_headers.complete return_value=(b'HTTP/1.1', 307, b'Temporary Redirect', [(b'Content-Type', b'text/plain; charset=utf-8'), (b'Content-Length', b'342'), (b'Connection', b'keep-alive'), (b'Date', b'Mon, 25 May 2026 10:04:17 GMT'), (b'Location', b'/api/resolve-cache/models/sentence-transformers/paraphrase-multilingual-MiniLM-L12-v2/e8f8c211226b894fcb81acc59f3b34ba3efd5f42/tokenizer_config.json?%2Fsentence-transformers%2Fparaphrase-multilingual-MiniLM-L12-v2%2Fresolve%2Fmain%2Ftokenizer_config.json=&etag=%223c1b565ae10a15a1d0c31096f834af2fd9359e91%22'), (b'X-Powered-By', b'huggingface-moon'), (b'X-Request-Id', b'Root=1-6a141ea1-142c347a161b144c5c6a3a55;5d017097-31ad-40c5-9620-ba972b1e3f4c'), (b'RateLimit', b'"resolvers";r=4981;t=98'), (b'RateLimit-Policy', b'"fixed window";"resolvers";q=5000;w=300'), (b'cross-origin-opener-policy', b'same-origin'), (b'Referrer-Policy', b'strict-origin-when-cross-origin'), (b'Access-Control-Max-Age', b'86400'), (b'Access-Control-Allow-Origin', b'https://huggingface.co'), (b'Vary', b'Origin, Accept'), (b'Access-Control-Expose-Headers', b'X-Repo-Commit,X-Request-Id,X-Error-Code,X-Error-Message,X-Total-Count,ETag,Link,Accept-Ranges,Content-Range,X-Linked-Size,X-Linked-ETag,X-Xet-Hash'), (b'X-Repo-Commit', b'e8f8c211226b894fcb81acc59f3b34ba3efd5f42'), (b'Accept-Ranges', b'bytes'), (b'X-Hub-Cache', b'HIT'), (b'Content-Disposition', b'inline; filename*=UTF-8\'\'tokenizer_config.json; filename="tokenizer_config.json";'), (b'Content-Security-Policy', b"default-src 'none'; sandbox"), (b'X-Linked-ETag', b'"3c1b565ae10a15a1d0c31096f834af2fd9359e91"'), (b'X-Cache', b'Miss from cloudfront'), (b'Via', b'1.1 ab6a84dec80a9cf174a125243a0b7be2.cloudfront.net (CloudFront)'), (b'X-Amz-Cf-Pop', b'HEL51-P2'), (b'X-Amz-Cf-Id', b'K_9ql-WADzWGQELSg8-2RJ2RA5AuIg2UiZy7EVaO004zgvN9YARyQg==')])
2026-05-25 13:04:17,764 | INFO     | httpx                | HTTP Request: HEAD https://huggingface.co/sentence-transformers/paraphrase-multilingual-MiniLM-L12-v2/resolve/main/tokenizer_config.json "HTTP/1.1 307 Temporary Redirect"
2026-05-25 13:04:17,765 | DEBUG    | httpcore.http11      | receive_response_body.started request=<Request [b'HEAD']>
2026-05-25 13:04:17,765 | DEBUG    | httpcore.http11      | receive_response_body.complete
2026-05-25 13:04:17,765 | DEBUG    | httpcore.http11      | response_closed.started
2026-05-25 13:04:17,766 | DEBUG    | httpcore.http11      | response_closed.complete
2026-05-25 13:04:17,767 | DEBUG    | httpcore.http11      | send_request_headers.started request=<Request [b'HEAD']>
2026-05-25 13:04:17,767 | DEBUG    | httpcore.http11      | send_request_headers.complete
2026-05-25 13:04:17,767 | DEBUG    | httpcore.http11      | send_request_body.started request=<Request [b'HEAD']>
2026-05-25 13:04:17,768 | DEBUG    | httpcore.http11      | send_request_body.complete
2026-05-25 13:04:17,768 | DEBUG    | httpcore.http11      | receive_response_headers.started request=<Request [b'HEAD']>
2026-05-25 13:04:17,791 | DEBUG    | httpcore.http11      | receive_response_headers.complete return_value=(b'HTTP/1.1', 200, b'OK', [(b'Content-Type', b'text/plain; charset=utf-8'), (b'Content-Length', b'526'), (b'Connection', b'keep-alive'), (b'Date', b'Sat, 23 May 2026 16:53:14 GMT'), (b'ETag', b'"3c1b565ae10a15a1d0c31096f834af2fd9359e91"'), (b'X-Powered-By', b'huggingface-moon'), (b'X-Request-Id', b'Root=1-6a11db7a-70d238d00dffb7f31218b60e;ddd9f2d2-5b8d-43bc-91fe-8e21de0f4647'), (b'RateLimit', b'"resolvers";r=4975;t=161'), (b'RateLimit-Policy', b'"fixed window";"resolvers";q=5000;w=300'), (b'cross-origin-opener-policy', b'same-origin'), (b'Referrer-Policy', b'strict-origin-when-cross-origin'), (b'Access-Control-Max-Age', b'86400'), (b'Access-Control-Allow-Origin', b'https://huggingface.co'), (b'Access-Control-Expose-Headers', b'X-Repo-Commit,X-Request-Id,X-Error-Code,X-Error-Message,X-Total-Count,ETag,Link,Accept-Ranges,Content-Range,X-Linked-Size,X-Linked-ETag,X-Xet-Hash'), (b'X-Repo-Commit', b'e8f8c211226b894fcb81acc59f3b34ba3efd5f42'), (b'Accept-Ranges', b'bytes'), (b'X-Hub-Cache', b'MISS'), (b'Content-Disposition', b'inline; filename*=UTF-8\'\'tokenizer_config.json; filename="tokenizer_config.json";'), (b'Content-Security-Policy', b"default-src 'none'; sandbox"), (b'Vary', b'Origin'), (b'X-Cache', b'Hit from cloudfront'), (b'Via', b'1.1 ab6a84dec80a9cf174a125243a0b7be2.cloudfront.net (CloudFront)'), (b'X-Amz-Cf-Pop', b'HEL51-P2'), (b'X-Amz-Cf-Id', b'uykCyUYLaNCPVAJlL_6QP8eNNwwqa7KWIo3fh4QNivg-K79xKOXmRw=='), (b'Age', b'148263')])
2026-05-25 13:04:17,792 | INFO     | httpx                | HTTP Request: HEAD https://huggingface.co/api/resolve-cache/models/sentence-transformers/paraphrase-multilingual-MiniLM-L12-v2/e8f8c211226b894fcb81acc59f3b34ba3efd5f42/tokenizer_config.json "HTTP/1.1 200 OK"
2026-05-25 13:04:17,792 | DEBUG    | httpcore.http11      | receive_response_body.started request=<Request [b'HEAD']>
2026-05-25 13:04:17,792 | DEBUG    | httpcore.http11      | receive_response_body.complete
2026-05-25 13:04:17,792 | DEBUG    | httpcore.http11      | response_closed.started
2026-05-25 13:04:17,793 | DEBUG    | httpcore.http11      | response_closed.complete
2026-05-25 13:04:17,806 | DEBUG    | httpcore.http11      | send_request_headers.started request=<Request [b'HEAD']>
2026-05-25 13:04:17,807 | DEBUG    | httpcore.http11      | send_request_headers.complete
2026-05-25 13:04:17,807 | DEBUG    | httpcore.http11      | send_request_body.started request=<Request [b'HEAD']>
2026-05-25 13:04:17,807 | DEBUG    | httpcore.http11      | send_request_body.complete
2026-05-25 13:04:17,808 | DEBUG    | httpcore.http11      | receive_response_headers.started request=<Request [b'HEAD']>
2026-05-25 13:04:17,969 | DEBUG    | httpcore.http11      | receive_response_headers.complete return_value=(b'HTTP/1.1', 307, b'Temporary Redirect', [(b'Content-Type', b'text/plain; charset=utf-8'), (b'Content-Length', b'342'), (b'Connection', b'keep-alive'), (b'Date', b'Mon, 25 May 2026 10:04:17 GMT'), (b'Location', b'/api/resolve-cache/models/sentence-transformers/paraphrase-multilingual-MiniLM-L12-v2/e8f8c211226b894fcb81acc59f3b34ba3efd5f42/tokenizer_config.json?%2Fsentence-transformers%2Fparaphrase-multilingual-MiniLM-L12-v2%2Fresolve%2Fmain%2Ftokenizer_config.json=&etag=%223c1b565ae10a15a1d0c31096f834af2fd9359e91%22'), (b'X-Powered-By', b'huggingface-moon'), (b'X-Request-Id', b'Root=1-6a141ea1-60f5e36214abb7123932d0e3;1b7d2456-0be8-436f-ab21-182e7ba8ed8a'), (b'RateLimit', b'"resolvers";r=4980;t=98'), (b'RateLimit-Policy', b'"fixed window";"resolvers";q=5000;w=300'), (b'cross-origin-opener-policy', b'same-origin'), (b'Referrer-Policy', b'strict-origin-when-cross-origin'), (b'Access-Control-Max-Age', b'86400'), (b'Access-Control-Allow-Origin', b'https://huggingface.co'), (b'Vary', b'Origin, Accept'), (b'Access-Control-Expose-Headers', b'X-Repo-Commit,X-Request-Id,X-Error-Code,X-Error-Message,X-Total-Count,ETag,Link,Accept-Ranges,Content-Range,X-Linked-Size,X-Linked-ETag,X-Xet-Hash'), (b'X-Repo-Commit', b'e8f8c211226b894fcb81acc59f3b34ba3efd5f42'), (b'Accept-Ranges', b'bytes'), (b'X-Hub-Cache', b'HIT'), (b'Content-Disposition', b'inline; filename*=UTF-8\'\'tokenizer_config.json; filename="tokenizer_config.json";'), (b'Content-Security-Policy', b"default-src 'none'; sandbox"), (b'X-Linked-ETag', b'"3c1b565ae10a15a1d0c31096f834af2fd9359e91"'), (b'X-Cache', b'Miss from cloudfront'), (b'Via', b'1.1 ab6a84dec80a9cf174a125243a0b7be2.cloudfront.net (CloudFront)'), (b'X-Amz-Cf-Pop', b'HEL51-P2'), (b'X-Amz-Cf-Id', b'LNRFEHMrpINl_ALmAoaiTUmCtJWoQnRGR7rdxHePbChuInpQ3vBVpQ==')])
2026-05-25 13:04:17,970 | INFO     | httpx                | HTTP Request: HEAD https://huggingface.co/sentence-transformers/paraphrase-multilingual-MiniLM-L12-v2/resolve/main/tokenizer_config.json "HTTP/1.1 307 Temporary Redirect"
2026-05-25 13:04:17,970 | DEBUG    | httpcore.http11      | receive_response_body.started request=<Request [b'HEAD']>
2026-05-25 13:04:17,971 | DEBUG    | httpcore.http11      | receive_response_body.complete
2026-05-25 13:04:17,971 | DEBUG    | httpcore.http11      | response_closed.started
2026-05-25 13:04:17,971 | DEBUG    | httpcore.http11      | response_closed.complete
2026-05-25 13:04:17,971 | DEBUG    | httpcore.http11      | send_request_headers.started request=<Request [b'HEAD']>
2026-05-25 13:04:17,972 | DEBUG    | httpcore.http11      | send_request_headers.complete
2026-05-25 13:04:17,972 | DEBUG    | httpcore.http11      | send_request_body.started request=<Request [b'HEAD']>
2026-05-25 13:04:17,972 | DEBUG    | httpcore.http11      | send_request_body.complete
2026-05-25 13:04:17,972 | DEBUG    | httpcore.http11      | receive_response_headers.started request=<Request [b'HEAD']>
2026-05-25 13:04:17,995 | DEBUG    | httpcore.http11      | receive_response_headers.complete return_value=(b'HTTP/1.1', 200, b'OK', [(b'Content-Type', b'text/plain; charset=utf-8'), (b'Content-Length', b'526'), (b'Connection', b'keep-alive'), (b'Date', b'Sat, 23 May 2026 16:53:14 GMT'), (b'ETag', b'"3c1b565ae10a15a1d0c31096f834af2fd9359e91"'), (b'X-Powered-By', b'huggingface-moon'), (b'X-Request-Id', b'Root=1-6a11db7a-70d238d00dffb7f31218b60e;ddd9f2d2-5b8d-43bc-91fe-8e21de0f4647'), (b'RateLimit', b'"resolvers";r=4975;t=161'), (b'RateLimit-Policy', b'"fixed window";"resolvers";q=5000;w=300'), (b'cross-origin-opener-policy', b'same-origin'), (b'Referrer-Policy', b'strict-origin-when-cross-origin'), (b'Access-Control-Max-Age', b'86400'), (b'Access-Control-Allow-Origin', b'https://huggingface.co'), (b'Access-Control-Expose-Headers', b'X-Repo-Commit,X-Request-Id,X-Error-Code,X-Error-Message,X-Total-Count,ETag,Link,Accept-Ranges,Content-Range,X-Linked-Size,X-Linked-ETag,X-Xet-Hash'), (b'X-Repo-Commit', b'e8f8c211226b894fcb81acc59f3b34ba3efd5f42'), (b'Accept-Ranges', b'bytes'), (b'X-Hub-Cache', b'MISS'), (b'Content-Disposition', b'inline; filename*=UTF-8\'\'tokenizer_config.json; filename="tokenizer_config.json";'), (b'Content-Security-Policy', b"default-src 'none'; sandbox"), (b'Vary', b'Origin'), (b'X-Cache', b'Hit from cloudfront'), (b'Via', b'1.1 ab6a84dec80a9cf174a125243a0b7be2.cloudfront.net (CloudFront)'), (b'X-Amz-Cf-Pop', b'HEL51-P2'), (b'X-Amz-Cf-Id', b'c9YqoH3Rk3TEFBOM_Vx2dqKPpmppnvrI4EKD6Cpu0Sjk7MKjXZro0g=='), (b'Age', b'148263')])
2026-05-25 13:04:17,996 | INFO     | httpx                | HTTP Request: HEAD https://huggingface.co/api/resolve-cache/models/sentence-transformers/paraphrase-multilingual-MiniLM-L12-v2/e8f8c211226b894fcb81acc59f3b34ba3efd5f42/tokenizer_config.json "HTTP/1.1 200 OK"
2026-05-25 13:04:17,996 | DEBUG    | httpcore.http11      | receive_response_body.started request=<Request [b'HEAD']>
2026-05-25 13:04:17,996 | DEBUG    | httpcore.http11      | receive_response_body.complete
2026-05-25 13:04:17,996 | DEBUG    | httpcore.http11      | response_closed.started
2026-05-25 13:04:17,996 | DEBUG    | httpcore.http11      | response_closed.complete
2026-05-25 13:04:18,010 | DEBUG    | httpcore.http11      | send_request_headers.started request=<Request [b'GET']>
2026-05-25 13:04:18,011 | DEBUG    | httpcore.http11      | send_request_headers.complete
2026-05-25 13:04:18,011 | DEBUG    | httpcore.http11      | send_request_body.started request=<Request [b'GET']>
2026-05-25 13:04:18,012 | DEBUG    | httpcore.http11      | send_request_body.complete
2026-05-25 13:04:18,012 | DEBUG    | httpcore.http11      | receive_response_headers.started request=<Request [b'GET']>
2026-05-25 13:04:18,167 | DEBUG    | httpcore.http11      | receive_response_headers.complete return_value=(b'HTTP/1.1', 404, b'Not Found', [(b'Content-Type', b'application/json; charset=utf-8'), (b'Content-Length', b'64'), (b'Connection', b'keep-alive'), (b'Date', b'Mon, 25 May 2026 10:04:18 GMT'), (b'ETag', b'W/"40-09f9IAqP13xarAhQxFS2W8rvRkM"'), (b'X-Powered-By', b'huggingface-moon'), (b'X-Request-Id', b'Root=1-6a141ea2-702a8e1a23b618fb2a0ec615;5de41501-ad4e-43cf-af66-7240bb6ef10e'), (b'RateLimit', b'"api";r=997;t=97'), (b'RateLimit-Policy', b'"fixed window";"api";q=1000;w=300'), (b'cross-origin-opener-policy', b'same-origin'), (b'Referrer-Policy', b'strict-origin-when-cross-origin'), (b'Access-Control-Max-Age', b'86400'), (b'Access-Control-Allow-Origin', b'https://huggingface.co'), (b'Vary', b'Origin'), (b'Access-Control-Expose-Headers', b'X-Repo-Commit,X-Request-Id,X-Error-Code,X-Error-Message,X-Total-Count,ETag,Link,Accept-Ranges,Content-Range,X-Linked-Size,X-Linked-ETag,X-Xet-Hash'), (b'X-Error-Code', b'EntryNotFound'), (b'X-Error-Message', b'additional_chat_templates does not exist on "main"'), (b'X-Cache', b'Error from cloudfront'), (b'Via', b'1.1 ab6a84dec80a9cf174a125243a0b7be2.cloudfront.net (CloudFront)'), (b'X-Amz-Cf-Pop', b'HEL51-P2'), (b'X-Amz-Cf-Id', b'qeAB5EechfTWWV2cDvJsRJALcuo_nIj1l7IcYU3CDtURHfv5zZJiWw==')])
2026-05-25 13:04:18,167 | INFO     | httpx                | HTTP Request: GET https://huggingface.co/api/models/sentence-transformers/paraphrase-multilingual-MiniLM-L12-v2/tree/main/additional_chat_templates?recursive=false&expand=false "HTTP/1.1 404 Not Found"
2026-05-25 13:04:18,168 | DEBUG    | httpcore.http11      | receive_response_body.started request=<Request [b'GET']>
2026-05-25 13:04:18,168 | DEBUG    | httpcore.http11      | receive_response_body.complete
2026-05-25 13:04:18,168 | DEBUG    | httpcore.http11      | response_closed.started
2026-05-25 13:04:18,169 | DEBUG    | httpcore.http11      | response_closed.complete
2026-05-25 13:04:18,173 | DEBUG    | httpcore.http11      | send_request_headers.started request=<Request [b'GET']>
2026-05-25 13:04:18,174 | DEBUG    | httpcore.http11      | send_request_headers.complete
2026-05-25 13:04:18,174 | DEBUG    | httpcore.http11      | send_request_body.started request=<Request [b'GET']>
2026-05-25 13:04:18,174 | DEBUG    | httpcore.http11      | send_request_body.complete
2026-05-25 13:04:18,174 | DEBUG    | httpcore.http11      | receive_response_headers.started request=<Request [b'GET']>
2026-05-25 13:04:18,326 | DEBUG    | httpcore.http11      | receive_response_headers.complete return_value=(b'HTTP/1.1', 200, b'OK', [(b'Content-Type', b'application/json; charset=utf-8'), (b'Transfer-Encoding', b'chunked'), (b'Connection', b'keep-alive'), (b'Date', b'Mon, 25 May 2026 10:04:18 GMT'), (b'content-encoding', b'gzip'), (b'ETag', b'W/"1a1a-eIPFSpQ81fGmZGh9OTetGAVBiHY"'), (b'X-Powered-By', b'huggingface-moon'), (b'X-Request-Id', b'Root=1-6a141ea2-49267f2a7a54c43a33a45dbd;ee927800-067d-4b6b-879e-2cd835095259'), (b'RateLimit', b'"api";r=996;t=97'), (b'RateLimit-Policy', b'"fixed window";"api";q=1000;w=300'), (b'cross-origin-opener-policy', b'same-origin'), (b'Referrer-Policy', b'strict-origin-when-cross-origin'), (b'Access-Control-Max-Age', b'86400'), (b'Access-Control-Allow-Origin', b'https://huggingface.co'), (b'Vary', b'Origin'), (b'vary', b'Accept-Encoding'), (b'Access-Control-Expose-Headers', b'X-Repo-Commit,X-Request-Id,X-Error-Code,X-Error-Message,X-Total-Count,ETag,Link,Accept-Ranges,Content-Range,X-Linked-Size,X-Linked-ETag,X-Xet-Hash'), (b'X-Cache', b'Miss from cloudfront'), (b'Via', b'1.1 ab6a84dec80a9cf174a125243a0b7be2.cloudfront.net (CloudFront)'), (b'X-Amz-Cf-Pop', b'HEL51-P2'), (b'X-Amz-Cf-Id', b'8zI2sAfQpE6Fg9gUmrng0qeNDEJq7ioOo-HXXlul9wQf4g7MxocagQ==')])
2026-05-25 13:04:18,327 | INFO     | httpx                | HTTP Request: GET https://huggingface.co/api/models/sentence-transformers/paraphrase-multilingual-MiniLM-L12-v2/tree/main?recursive=true&expand=false "HTTP/1.1 200 OK"
2026-05-25 13:04:18,327 | DEBUG    | httpcore.http11      | receive_response_body.started request=<Request [b'GET']>
2026-05-25 13:04:18,328 | DEBUG    | httpcore.http11      | receive_response_body.complete
2026-05-25 13:04:18,329 | DEBUG    | httpcore.http11      | response_closed.started
2026-05-25 13:04:18,329 | DEBUG    | httpcore.http11      | response_closed.complete
2026-05-25 13:04:20,028 | DEBUG    | httpcore.http11      | send_request_headers.started request=<Request [b'GET']>
2026-05-25 13:04:20,029 | DEBUG    | httpcore.http11      | send_request_headers.complete
2026-05-25 13:04:20,029 | DEBUG    | httpcore.http11      | send_request_body.started request=<Request [b'GET']>
2026-05-25 13:04:20,029 | DEBUG    | httpcore.http11      | send_request_body.complete
2026-05-25 13:04:20,030 | DEBUG    | httpcore.http11      | receive_response_headers.started request=<Request [b'GET']>
2026-05-25 13:04:20,186 | DEBUG    | httpcore.http11      | receive_response_headers.complete return_value=(b'HTTP/1.1', 200, b'OK', [(b'Content-Type', b'application/json; charset=utf-8'), (b'Transfer-Encoding', b'chunked'), (b'Connection', b'keep-alive'), (b'Date', b'Mon, 25 May 2026 10:04:20 GMT'), (b'content-encoding', b'gzip'), (b'ETag', b'W/"1820-g/rJpFe9OBkr6O7Kx71G367UNGE"'), (b'X-Powered-By', b'huggingface-moon'), (b'X-Request-Id', b'Root=1-6a141ea4-42e73a5064eff82b5e36b612;103231e9-75d8-4205-bd69-aaaae7d44f7e'), (b'RateLimit', b'"api";r=995;t=95'), (b'RateLimit-Policy', b'"fixed window";"api";q=1000;w=300'), (b'cross-origin-opener-policy', b'same-origin'), (b'Referrer-Policy', b'strict-origin-when-cross-origin'), (b'Access-Control-Max-Age', b'86400'), (b'Access-Control-Allow-Origin', b'https://huggingface.co'), (b'Vary', b'Origin'), (b'vary', b'Accept-Encoding'), (b'Access-Control-Expose-Headers', b'X-Repo-Commit,X-Request-Id,X-Error-Code,X-Error-Message,X-Total-Count,ETag,Link,Accept-Ranges,Content-Range,X-Linked-Size,X-Linked-ETag,X-Xet-Hash'), (b'X-Cache', b'Miss from cloudfront'), (b'Via', b'1.1 ab6a84dec80a9cf174a125243a0b7be2.cloudfront.net (CloudFront)'), (b'X-Amz-Cf-Pop', b'HEL51-P2'), (b'X-Amz-Cf-Id', b'vC1HnRvY3vI2Vc-f97JEHWR-FNAxe0U0yuAnvvmnqOaJ5QvIvXUvbA==')])
2026-05-25 13:04:20,187 | INFO     | httpx                | HTTP Request: GET https://huggingface.co/api/models/sentence-transformers/paraphrase-multilingual-MiniLM-L12-v2 "HTTP/1.1 200 OK"
2026-05-25 13:04:20,187 | DEBUG    | httpcore.http11      | receive_response_body.started request=<Request [b'GET']>
2026-05-25 13:04:20,188 | DEBUG    | httpcore.http11      | receive_response_body.complete
2026-05-25 13:04:20,188 | DEBUG    | httpcore.http11      | response_closed.started
2026-05-25 13:04:20,189 | DEBUG    | httpcore.http11      | response_closed.complete
2026-05-25 13:04:20,357 | DEBUG    | sentence_transformers.base.modules.transformer | Active modality config: {'text': {'method': 'forward', 'method_output_name': 'last_hidden_state'}}
2026-05-25 13:04:20,360 | DEBUG    | httpcore.http11      | send_request_headers.started request=<Request [b'HEAD']>
2026-05-25 13:04:20,360 | DEBUG    | httpcore.http11      | send_request_headers.complete
2026-05-25 13:04:20,360 | DEBUG    | httpcore.http11      | send_request_body.started request=<Request [b'HEAD']>
2026-05-25 13:04:20,360 | DEBUG    | httpcore.http11      | send_request_body.complete
2026-05-25 13:04:20,360 | DEBUG    | httpcore.http11      | receive_response_headers.started request=<Request [b'HEAD']>
2026-05-25 13:04:20,516 | DEBUG    | httpcore.http11      | receive_response_headers.complete return_value=(b'HTTP/1.1', 307, b'Temporary Redirect', [(b'Content-Type', b'text/plain; charset=utf-8'), (b'Content-Length', b'346'), (b'Connection', b'keep-alive'), (b'Date', b'Mon, 25 May 2026 10:04:20 GMT'), (b'Location', b'/api/resolve-cache/models/sentence-transformers/paraphrase-multilingual-MiniLM-L12-v2/e8f8c211226b894fcb81acc59f3b34ba3efd5f42/1_Pooling%2Fconfig.json?%2Fsentence-transformers%2Fparaphrase-multilingual-MiniLM-L12-v2%2Fresolve%2Fmain%2F1_Pooling%2Fconfig.json=&etag=%22d1514c3162bbe87b343f565fadc62e6c06f04f03%22'), (b'X-Powered-By', b'huggingface-moon'), (b'X-Request-Id', b'Root=1-6a141ea4-7a70b66a51ba19922f94c40a;e4d75deb-d816-40b2-9719-09d76a1756a8'), (b'RateLimit', b'"resolvers";r=4979;t=95'), (b'RateLimit-Policy', b'"fixed window";"resolvers";q=5000;w=300'), (b'cross-origin-opener-policy', b'same-origin'), (b'Referrer-Policy', b'strict-origin-when-cross-origin'), (b'Access-Control-Max-Age', b'86400'), (b'Access-Control-Allow-Origin', b'https://huggingface.co'), (b'Vary', b'Origin, Accept'), (b'Access-Control-Expose-Headers', b'X-Repo-Commit,X-Request-Id,X-Error-Code,X-Error-Message,X-Total-Count,ETag,Link,Accept-Ranges,Content-Range,X-Linked-Size,X-Linked-ETag,X-Xet-Hash'), (b'X-Repo-Commit', b'e8f8c211226b894fcb81acc59f3b34ba3efd5f42'), (b'Accept-Ranges', b'bytes'), (b'X-Hub-Cache', b'HIT'), (b'Content-Disposition', b'inline; filename*=UTF-8\'\'config.json; filename="config.json";'), (b'Content-Security-Policy', b"default-src 'none'; sandbox"), (b'X-Linked-ETag', b'"d1514c3162bbe87b343f565fadc62e6c06f04f03"'), (b'X-Cache', b'Miss from cloudfront'), (b'Via', b'1.1 ab6a84dec80a9cf174a125243a0b7be2.cloudfront.net (CloudFront)'), (b'X-Amz-Cf-Pop', b'HEL51-P2'), (b'X-Amz-Cf-Id', b'zCy-YS3tsiqMY8EB5oY4p1U4j5YDFRwVz5D6pG0xbUQQqmu477VOaQ==')])
2026-05-25 13:04:20,517 | INFO     | httpx                | HTTP Request: HEAD https://huggingface.co/sentence-transformers/paraphrase-multilingual-MiniLM-L12-v2/resolve/main/1_Pooling/config.json "HTTP/1.1 307 Temporary Redirect"
2026-05-25 13:04:20,517 | DEBUG    | httpcore.http11      | receive_response_body.started request=<Request [b'HEAD']>
2026-05-25 13:04:20,517 | DEBUG    | httpcore.http11      | receive_response_body.complete
2026-05-25 13:04:20,518 | DEBUG    | httpcore.http11      | response_closed.started
2026-05-25 13:04:20,518 | DEBUG    | httpcore.http11      | response_closed.complete
2026-05-25 13:04:20,518 | DEBUG    | httpcore.http11      | send_request_headers.started request=<Request [b'HEAD']>
2026-05-25 13:04:20,518 | DEBUG    | httpcore.http11      | send_request_headers.complete
2026-05-25 13:04:20,519 | DEBUG    | httpcore.http11      | send_request_body.started request=<Request [b'HEAD']>
2026-05-25 13:04:20,519 | DEBUG    | httpcore.http11      | send_request_body.complete
2026-05-25 13:04:20,519 | DEBUG    | httpcore.http11      | receive_response_headers.started request=<Request [b'HEAD']>
2026-05-25 13:04:20,541 | DEBUG    | httpcore.http11      | receive_response_headers.complete return_value=(b'HTTP/1.1', 200, b'OK', [(b'Content-Type', b'text/plain; charset=utf-8'), (b'Content-Length', b'190'), (b'Connection', b'keep-alive'), (b'Date', b'Sat, 23 May 2026 16:53:20 GMT'), (b'ETag', b'"d1514c3162bbe87b343f565fadc62e6c06f04f03"'), (b'X-Powered-By', b'huggingface-moon'), (b'X-Request-Id', b'Root=1-6a11db80-47101ded522f1e9f41804de6;bb4c22d3-d12e-4dff-9a48-b8da9b2cd5e7'), (b'RateLimit', b'"resolvers";r=4961;t=155'), (b'RateLimit-Policy', b'"fixed window";"resolvers";q=5000;w=300'), (b'cross-origin-opener-policy', b'same-origin'), (b'Referrer-Policy', b'strict-origin-when-cross-origin'), (b'Access-Control-Max-Age', b'86400'), (b'Access-Control-Allow-Origin', b'https://huggingface.co'), (b'Access-Control-Expose-Headers', b'X-Repo-Commit,X-Request-Id,X-Error-Code,X-Error-Message,X-Total-Count,ETag,Link,Accept-Ranges,Content-Range,X-Linked-Size,X-Linked-ETag,X-Xet-Hash'), (b'X-Repo-Commit', b'e8f8c211226b894fcb81acc59f3b34ba3efd5f42'), (b'Accept-Ranges', b'bytes'), (b'X-Hub-Cache', b'MISS'), (b'Content-Disposition', b'inline; filename*=UTF-8\'\'config.json; filename="config.json";'), (b'Content-Security-Policy', b"default-src 'none'; sandbox"), (b'Vary', b'Origin'), (b'X-Cache', b'Hit from cloudfront'), (b'Via', b'1.1 ab6a84dec80a9cf174a125243a0b7be2.cloudfront.net (CloudFront)'), (b'X-Amz-Cf-Pop', b'HEL51-P2'), (b'X-Amz-Cf-Id', b'c_xRh3wN5jghVtS75fyGR2c1uUIw1H2Ryb6woASW-WdD9jdqCiFkqQ=='), (b'Age', b'148260')])
2026-05-25 13:04:20,542 | INFO     | httpx                | HTTP Request: HEAD https://huggingface.co/api/resolve-cache/models/sentence-transformers/paraphrase-multilingual-MiniLM-L12-v2/e8f8c211226b894fcb81acc59f3b34ba3efd5f42/1_Pooling%2Fconfig.json "HTTP/1.1 200 OK"
2026-05-25 13:04:20,542 | DEBUG    | httpcore.http11      | receive_response_body.started request=<Request [b'HEAD']>
2026-05-25 13:04:20,542 | DEBUG    | httpcore.http11      | receive_response_body.complete
2026-05-25 13:04:20,542 | DEBUG    | httpcore.http11      | response_closed.started
2026-05-25 13:04:20,542 | DEBUG    | httpcore.http11      | response_closed.complete
2026-05-25 13:04:20,550 | DEBUG    | httpcore.http11      | send_request_headers.started request=<Request [b'GET']>
2026-05-25 13:04:20,550 | DEBUG    | httpcore.http11      | send_request_headers.complete
2026-05-25 13:04:20,550 | DEBUG    | httpcore.http11      | send_request_body.started request=<Request [b'GET']>
2026-05-25 13:04:20,551 | DEBUG    | httpcore.http11      | send_request_body.complete
2026-05-25 13:04:20,551 | DEBUG    | httpcore.http11      | receive_response_headers.started request=<Request [b'GET']>
2026-05-25 13:04:20,741 | DEBUG    | httpcore.http11      | receive_response_headers.complete return_value=(b'HTTP/1.1', 200, b'OK', [(b'Content-Type', b'application/json; charset=utf-8'), (b'Transfer-Encoding', b'chunked'), (b'Connection', b'keep-alive'), (b'Date', b'Mon, 25 May 2026 10:04:20 GMT'), (b'content-encoding', b'gzip'), (b'ETag', b'W/"1820-g/rJpFe9OBkr6O7Kx71G367UNGE"'), (b'X-Powered-By', b'huggingface-moon'), (b'X-Request-Id', b'Root=1-6a141ea4-70000dad4a40933717078cdc;39de3307-9589-4617-bfe4-0862326f25f3'), (b'RateLimit', b'"api";r=994;t=95'), (b'RateLimit-Policy', b'"fixed window";"api";q=1000;w=300'), (b'cross-origin-opener-policy', b'same-origin'), (b'Referrer-Policy', b'strict-origin-when-cross-origin'), (b'Access-Control-Max-Age', b'86400'), (b'Access-Control-Allow-Origin', b'https://huggingface.co'), (b'Vary', b'Origin'), (b'vary', b'Accept-Encoding'), (b'Access-Control-Expose-Headers', b'X-Repo-Commit,X-Request-Id,X-Error-Code,X-Error-Message,X-Total-Count,ETag,Link,Accept-Ranges,Content-Range,X-Linked-Size,X-Linked-ETag,X-Xet-Hash'), (b'X-Cache', b'Miss from cloudfront'), (b'Via', b'1.1 ab6a84dec80a9cf174a125243a0b7be2.cloudfront.net (CloudFront)'), (b'X-Amz-Cf-Pop', b'HEL51-P2'), (b'X-Amz-Cf-Id', b'EIQ6yvjZI0ZFKxz3yaoingrntSAX6DAmthDiffmDNszTaL_hBEvsWA==')])
2026-05-25 13:04:20,742 | INFO     | httpx                | HTTP Request: GET https://huggingface.co/api/models/sentence-transformers/paraphrase-multilingual-MiniLM-L12-v2 "HTTP/1.1 200 OK"
2026-05-25 13:04:20,742 | DEBUG    | httpcore.http11      | receive_response_body.started request=<Request [b'GET']>
2026-05-25 13:04:20,743 | DEBUG    | httpcore.http11      | receive_response_body.complete
2026-05-25 13:04:20,743 | DEBUG    | httpcore.http11      | response_closed.started
2026-05-25 13:04:20,744 | DEBUG    | httpcore.http11      | response_closed.complete
2026-05-25 13:04:20,752 | INFO     | modules.filter.stt_filter.should_shut_up.should_shut_up_model | ✓ ShouldShutUpModel initialized successfully
2026-05-25 13:04:20,752 | DEBUG    | modules.filter.stt_filter.stt_filter | ✓ Models loaded
2026-05-25 13:04:20,752 | INFO     | modules.filter.stt_filter.stt_filter | ✓ SttFilter initialized successfully
2026-05-25 13:04:20,753 | DEBUG    | modules.filter.filter | ✓ STT filter loaded
2026-05-25 13:04:20,753 | DEBUG    | modules.filter.filter | CV filter: Not yet implemented
2026-05-25 13:04:20,753 | DEBUG    | modules.filter.filter | System filter: Not yet implemented
2026-05-25 13:04:20,753 | INFO     | modules.filter.filter | ✓ Filter module initialized successfully
2026-05-25 13:04:20,754 | DEBUG    | modules.filter.filter | Dialogue continuation mode: False
2026-05-25 13:04:20,754 | DEBUG    | main_module          | ✓ Filter module loaded
2026-05-25 13:04:20,754 | DEBUG    | main_module          | Initializing Dispatcher module...
2026-05-25 13:04:20,754 | INFO     | modules.dispatcher.dispatcher | Initializing Dispatcher module...
2026-05-25 13:04:20,754 | DEBUG    | modules.dispatcher.dispatcher | Loading NeedMath model...
2026-05-25 13:04:20,755 | INFO     | modules.dispatcher.need_math | NeedMath classifier initialized
2026-05-25 13:04:20,755 | DEBUG    | modules.dispatcher.need_math | NeedMath is ready to filter mathematical expressions
2026-05-25 13:04:20,755 | DEBUG    | modules.dispatcher.dispatcher | ✓ NeedMath model loaded
2026-05-25 13:04:20,755 | DEBUG    | modules.dispatcher.dispatcher | Loading NeedConsole model...
2026-05-25 13:04:20,755 | INFO     | modules.dispatcher.need_console | NeedConsole classifier initialized
2026-05-25 13:04:20,755 | DEBUG    | modules.dispatcher.need_console | NeedConsole is ready to filter console commands
2026-05-25 13:04:20,755 | DEBUG    | modules.dispatcher.dispatcher | ✓ NeedConsole model loaded
2026-05-25 13:04:20,756 | INFO     | modules.dispatcher.dispatcher | ✓ Dispatcher initialized successfully
2026-05-25 13:04:20,756 | DEBUG    | main_module          | ✓ Dispatcher module loaded
2026-05-25 13:04:20,756 | DEBUG    | main_module          | Initializing PreProcess module...
2026-05-25 13:04:20,756 | INFO     | modules.pre_process.pre_process | PreProcess module initialized
2026-05-25 13:04:20,756 | DEBUG    | modules.pre_process.pre_process | PreProcess is ready to process input data
2026-05-25 13:04:20,756 | DEBUG    | main_module          | ✓ PreProcess module loaded
2026-05-25 13:04:20,756 | INFO     | main_module          | ✓ Core modules initialized successfully
2026-05-25 13:04:20,757 | INFO     | main_module          | Core data structure initialized | context_size=0 | modules_online={'stt': False, 'cv': False, 'sys': False}
2026-05-25 13:04:20,757 | INFO     | main_module          | ==================================================
2026-05-25 13:04:20,757 | INFO     | server               | ✓ Core service initialized successfully
2026-05-25 13:04:20,757 | INFO     | server               | Server ready to accept requests on port 8000
2026-05-25 13:04:20,758 | INFO     | server               | ============================================================
2026-05-25 13:04:20,829 | INFO     | uvicorn.error        | Started server process [8523]
2026-05-25 13:04:20,829 | INFO     | uvicorn.error        | Waiting for application startup.
2026-05-25 13:04:20,831 | INFO     | server               | ============================================================
2026-05-25 13:04:20,831 | INFO     | server               | CORE SERVICE STARTUP COMPLETED
2026-05-25 13:04:20,831 | INFO     | server               | ============================================================
2026-05-25 13:04:20,831 | INFO     | uvicorn.error        | Application startup complete.
2026-05-25 13:04:20,832 | INFO     | uvicorn.error        | Uvicorn running on http://127.0.0.1:8000 (Press CTRL+C to quit)
2026-05-25 13:04:36,735 | INFO     | server               | 📥 STT POST request received | lang=ru | text_len=18
2026-05-25 13:04:36,735 | DEBUG    | server               | STT request details | speaker=Владелец | text='Помолчи пожалуйста...' if len(speach_info.text) > 100 else 'Помолчи пожалуйста'
2026-05-25 13:04:36,736 | DEBUG    | server               | ✓ STT background task added to queue
2026-05-25 13:04:36,736 | INFO     | uvicorn.access       | 127.0.0.1:40510 - "POST /core/stt HTTP/1.1" 200
2026-05-25 13:04:36,737 | INFO     | main_module          | STT input received | speaker=Владелец | language=ru | text_len=18
2026-05-25 13:04:36,737 | DEBUG    | main_module          | STT input text: 'Помолчи пожалуйста'
2026-05-25 13:04:36,738 | DEBUG    | main_module          | STT data updated | timestamp=1779703476.73816 | context_size=0
2026-05-25 13:04:36,738 | DEBUG    | main_module          | === Starting input filtering pipeline ===
2026-05-25 13:04:36,738 | DEBUG    | main_module          | Current context size: 0 elements
2026-05-25 13:04:36,738 | DEBUG    | main_module          | STT text: 'Помолчи пожалуйста'
2026-05-25 13:04:36,738 | INFO     | main_module          | 🔍 Filtering input - Checking if answer is needed
2026-05-25 13:04:36,739 | DEBUG    | main_module          | Input STT text: 'Помолчи пожалуйста'
2026-05-25 13:04:36,739 | DEBUG    | modules.filter.stt_filter.stt_filter | Checking if should shut up | input_text='N/A...'
2026-05-25 13:04:36,739 | DEBUG    | modules.filter.stt_filter.stt_filter | Checking if should shut up...
2026-05-25 13:04:36,739 | DEBUG    | modules.filter.stt_filter.should_shut_up.should_shut_up_model | ShouldShutUpModel call | input_text='N/A...'
2026-05-25 13:04:36,740 | DEBUG    | modules.filter.stt_filter.should_shut_up.should_shut_up_model | Pre-processing input...
2026-05-25 13:04:36,740 | DEBUG    | modules.filter.stt_filter.should_shut_up.should_shut_up_model | Pre-processing input...
2026-05-25 13:04:36,740 | DEBUG    | modules.filter.stt_filter.should_shut_up.should_shut_up_model | Pre-processing complete | output_len=0
2026-05-25 13:04:36,740 | DEBUG    | modules.filter.stt_filter.should_shut_up.should_shut_up_model | Pre-processing complete | processed_len=0
2026-05-25 13:04:36,740 | DEBUG    | modules.filter.stt_filter.should_shut_up.should_shut_up_model | Running model inference...
2026-05-25 13:04:36,774 | INFO     | modules.filter.stt_filter.should_shut_up.should_shut_up_model | ✓ Importance score calculated | score=0.000
2026-05-25 13:04:36,774 | DEBUG    | modules.filter.stt_filter.should_shut_up.should_shut_up_model | Processed input: 
2026-05-25 13:04:36,774 | DEBUG    | modules.filter.stt_filter.stt_filter | Should shut up result: 0.0
2026-05-25 13:04:36,774 | INFO     | main_module          | Filter decision | need_answer=False
2026-05-25 13:04:36,774 | DEBUG    | main_module          | ✗ Input rejected by filter
2026-05-25 13:04:36,774 | DEBUG    | main_module          | Filter importance: stt=False | cv=False | sys=False
2026-05-25 13:06:09,344 | INFO     | uvicorn.error        | Shutting down
2026-05-25 13:06:09,445 | INFO     | uvicorn.error        | Waiting for application shutdown.
2026-05-25 13:06:09,446 | INFO     | server               | ============================================================
2026-05-25 13:06:09,446 | INFO     | server               | CORE SERVICE SHUTTING DOWN
2026-05-25 13:06:09,446 | INFO     | server               | ============================================================
2026-05-25 13:06:09,446 | INFO     | uvicorn.error        | Application shutdown complete.
2026-05-25 13:06:09,447 | INFO     | uvicorn.error        | Finished server process [8523]
2026-05-25 13:06:09,449 | DEBUG    | httpcore.connection  | close.started
2026-05-25 13:06:09,449 | DEBUG    | httpcore.connection  | close.complete
