2026-05-25 13:13:29,019 | INFO     | server               | ============================================================
2026-05-25 13:13:29,019 | INFO     | server               | CORE SERVICE INITIALIZATION
2026-05-25 13:13:29,019 | INFO     | server               | ============================================================
2026-05-25 13:13:29,020 | INFO     | server               | Creating Core instance...
2026-05-25 13:13:29,020 | INFO     | main_module          | ==================================================
2026-05-25 13:13:29,020 | INFO     | main_module          | Core module initialization started
2026-05-25 13:13:29,020 | DEBUG    | main_module          | Initializing Filter module...
2026-05-25 13:13:29,020 | INFO     | modules.filter.filter | Initializing Filter module...
2026-05-25 13:13:29,020 | DEBUG    | modules.filter.filter | Loading STT filter model...
2026-05-25 13:13:29,020 | INFO     | modules.filter.stt_filter.stt_filter | Initializing SttFilter...
2026-05-25 13:13:29,021 | DEBUG    | modules.filter.stt_filter.stt_filter | Loading SttImpModel...
2026-05-25 13:13:29,021 | INFO     | modules.filter.stt_filter.imp_model.imp_model | Initializing SttImpModel...
2026-05-25 13:13:29,021 | DEBUG    | modules.filter.stt_filter.imp_model.imp_model | Loading Model...
2026-05-25 13:13:29,048 | INFO     | modules.filter.stt_filter.imp_model.models.own_model.transformer.pytorch_attention.init | MultiHeadAttention initialized
2026-05-25 13:13:29,048 | INFO     | modules.filter.stt_filter.imp_model.models.own_model.transformer.pytorch_attention.init | MultiHeadAttentionlConfig: d_model=256, heads=8
2026-05-25 13:13:29,052 | INFO     | modules.filter.stt_filter.imp_model.models.own_model.transformer.feedforward.init | Feedforward initialized
2026-05-25 13:13:29,052 | INFO     | modules.filter.stt_filter.imp_model.models.own_model.transformer.feedforward.init | FeedforwardlConfig: d_model=256, d_ff=1024
2026-05-25 13:13:29,053 | INFO     | modules.filter.stt_filter.imp_model.models.own_model.transformer.encoder.init | Encoder initialized
2026-05-25 13:13:29,053 | INFO     | modules.filter.stt_filter.imp_model.models.own_model.transformer.encoder.init | EncoderlConfig: d_model=256, heads=8, d_ff=1024, dropout=0.31622776601683794
2026-05-25 13:13:29,081 | DEBUG    | httpcore.connection  | connect_tcp.started host='huggingface.co' port=443 local_address=None timeout=10 socket_options=None
2026-05-25 13:13:29,106 | DEBUG    | httpcore.connection  | connect_tcp.complete return_value=<httpcore._backends.sync.SyncStream object at 0x73667458a7d0>
2026-05-25 13:13:29,106 | DEBUG    | httpcore.connection  | start_tls.started ssl_context=<ssl.SSLContext object at 0x736674596940> server_hostname='huggingface.co' timeout=10
2026-05-25 13:13:29,129 | DEBUG    | httpcore.connection  | start_tls.complete return_value=<httpcore._backends.sync.SyncStream object at 0x73667458a560>
2026-05-25 13:13:29,129 | DEBUG    | httpcore.http11      | send_request_headers.started request=<Request [b'HEAD']>
2026-05-25 13:13:29,129 | DEBUG    | httpcore.http11      | send_request_headers.complete
2026-05-25 13:13:29,130 | DEBUG    | httpcore.http11      | send_request_body.started request=<Request [b'HEAD']>
2026-05-25 13:13:29,130 | DEBUG    | httpcore.http11      | send_request_body.complete
2026-05-25 13:13:29,130 | DEBUG    | httpcore.http11      | receive_response_headers.started request=<Request [b'HEAD']>
2026-05-25 13:13:29,290 | DEBUG    | httpcore.http11      | receive_response_headers.complete return_value=(b'HTTP/1.1', 307, b'Temporary Redirect', [(b'Content-Type', b'text/plain; charset=utf-8'), (b'Content-Length', b'238'), (b'Connection', b'keep-alive'), (b'Date', b'Mon, 25 May 2026 10:13:29 GMT'), (b'Location', b'/api/resolve-cache/models/boltuix/bert-lite/bc0e85c1c303ee38a6b4a7276ce7cf6d0581cce5/config.json?%2Fboltuix%2Fbert-lite%2Fresolve%2Fmain%2Fconfig.json=&etag=%2281ba83673fa0d07fc98d4ba418715df42ab28a6f%22'), (b'X-Powered-By', b'huggingface-moon'), (b'X-Request-Id', b'Root=1-6a1420c9-710867537ff3b060453223e6;2d606681-ef0c-4f79-b24b-77a1641fbb3e'), (b'RateLimit', b'"resolvers";r=4999;t=146'), (b'RateLimit-Policy', b'"fixed window";"resolvers";q=5000;w=300'), (b'cross-origin-opener-policy', b'same-origin'), (b'Referrer-Policy', b'strict-origin-when-cross-origin'), (b'Access-Control-Max-Age', b'86400'), (b'Access-Control-Allow-Origin', b'https://huggingface.co'), (b'Vary', b'Origin, Accept'), (b'Access-Control-Expose-Headers', b'X-Repo-Commit,X-Request-Id,X-Error-Code,X-Error-Message,X-Total-Count,ETag,Link,Accept-Ranges,Content-Range,X-Linked-Size,X-Linked-ETag,X-Xet-Hash'), (b'X-Repo-Commit', b'bc0e85c1c303ee38a6b4a7276ce7cf6d0581cce5'), (b'Accept-Ranges', b'bytes'), (b'X-Hub-Cache', b'MISS'), (b'Content-Disposition', b'inline; filename*=UTF-8\'\'config.json; filename="config.json";'), (b'Content-Security-Policy', b"default-src 'none'; sandbox"), (b'X-Linked-ETag', b'"81ba83673fa0d07fc98d4ba418715df42ab28a6f"'), (b'X-Cache', b'Miss from cloudfront'), (b'Via', b'1.1 300b37db84213522f613ff36077caa62.cloudfront.net (CloudFront)'), (b'X-Amz-Cf-Pop', b'HEL51-P2'), (b'X-Amz-Cf-Id', b'uWpu4Tf9UCZX8s2Mr93FqcFC8xi0mcCZNmxpBSCG39LAQDI8gAe2vQ==')])
2026-05-25 13:13:29,291 | INFO     | httpx                | HTTP Request: HEAD https://huggingface.co/boltuix/bert-lite/resolve/main/config.json "HTTP/1.1 307 Temporary Redirect"
2026-05-25 13:13:29,292 | DEBUG    | httpcore.http11      | receive_response_body.started request=<Request [b'HEAD']>
2026-05-25 13:13:29,292 | DEBUG    | httpcore.http11      | receive_response_body.complete
2026-05-25 13:13:29,292 | DEBUG    | httpcore.http11      | response_closed.started
2026-05-25 13:13:29,293 | DEBUG    | httpcore.http11      | response_closed.complete
2026-05-25 13:13:29,293 | DEBUG    | httpcore.http11      | send_request_headers.started request=<Request [b'HEAD']>
2026-05-25 13:13:29,294 | DEBUG    | httpcore.http11      | send_request_headers.complete
2026-05-25 13:13:29,294 | DEBUG    | httpcore.http11      | send_request_body.started request=<Request [b'HEAD']>
2026-05-25 13:13:29,294 | DEBUG    | httpcore.http11      | send_request_body.complete
2026-05-25 13:13:29,294 | DEBUG    | httpcore.http11      | receive_response_headers.started request=<Request [b'HEAD']>
2026-05-25 13:13:29,316 | DEBUG    | httpcore.http11      | receive_response_headers.complete return_value=(b'HTTP/1.1', 200, b'OK', [(b'Content-Type', b'text/plain; charset=utf-8'), (b'Content-Length', b'587'), (b'Connection', b'keep-alive'), (b'Date', b'Wed, 13 May 2026 12:33:48 GMT'), (b'ETag', b'"81ba83673fa0d07fc98d4ba418715df42ab28a6f"'), (b'X-Powered-By', b'huggingface-moon'), (b'X-Request-Id', b'Root=1-6a046fac-1335b433506b8b384391f3c6;adbfdde3-1218-4a8d-ac5d-f6fb77b28728'), (b'RateLimit', b'"resolvers";r=4998;t=127'), (b'RateLimit-Policy', b'"fixed window";"resolvers";q=5000;w=300'), (b'cross-origin-opener-policy', b'same-origin'), (b'Referrer-Policy', b'strict-origin-when-cross-origin'), (b'Access-Control-Max-Age', b'86400'), (b'Access-Control-Allow-Origin', b'https://huggingface.co'), (b'Access-Control-Expose-Headers', b'X-Repo-Commit,X-Request-Id,X-Error-Code,X-Error-Message,X-Total-Count,ETag,Link,Accept-Ranges,Content-Range,X-Linked-Size,X-Linked-ETag,X-Xet-Hash'), (b'X-Repo-Commit', b'bc0e85c1c303ee38a6b4a7276ce7cf6d0581cce5'), (b'Accept-Ranges', b'bytes'), (b'X-Hub-Cache', b'MISS'), (b'Content-Disposition', b'inline; filename*=UTF-8\'\'config.json; filename="config.json";'), (b'Content-Security-Policy', b"default-src 'none'; sandbox"), (b'Vary', b'Origin'), (b'X-Cache', b'Hit from cloudfront'), (b'Via', b'1.1 300b37db84213522f613ff36077caa62.cloudfront.net (CloudFront)'), (b'X-Amz-Cf-Pop', b'HEL51-P2'), (b'X-Amz-Cf-Id', b'I4qT1rlxSe0bV4_xn_XMVwMLOdffeyfSuyAtcZ6hd1HPOLUmDNnjgw=='), (b'Age', b'1028381')])
2026-05-25 13:13:29,317 | INFO     | httpx                | HTTP Request: HEAD https://huggingface.co/api/resolve-cache/models/boltuix/bert-lite/bc0e85c1c303ee38a6b4a7276ce7cf6d0581cce5/config.json "HTTP/1.1 200 OK"
2026-05-25 13:13:29,317 | DEBUG    | httpcore.http11      | receive_response_body.started request=<Request [b'HEAD']>
2026-05-25 13:13:29,318 | DEBUG    | httpcore.http11      | receive_response_body.complete
2026-05-25 13:13:29,318 | DEBUG    | httpcore.http11      | response_closed.started
2026-05-25 13:13:29,318 | DEBUG    | httpcore.http11      | response_closed.complete
2026-05-25 13:13:29,337 | DEBUG    | httpcore.http11      | send_request_headers.started request=<Request [b'HEAD']>
2026-05-25 13:13:29,338 | DEBUG    | httpcore.http11      | send_request_headers.complete
2026-05-25 13:13:29,338 | DEBUG    | httpcore.http11      | send_request_body.started request=<Request [b'HEAD']>
2026-05-25 13:13:29,338 | DEBUG    | httpcore.http11      | send_request_body.complete
2026-05-25 13:13:29,338 | DEBUG    | httpcore.http11      | receive_response_headers.started request=<Request [b'HEAD']>
2026-05-25 13:13:29,490 | DEBUG    | httpcore.http11      | receive_response_headers.complete return_value=(b'HTTP/1.1', 307, b'Temporary Redirect', [(b'Content-Type', b'text/plain; charset=utf-8'), (b'Content-Length', b'258'), (b'Connection', b'keep-alive'), (b'Date', b'Mon, 25 May 2026 10:13:29 GMT'), (b'Location', b'/api/resolve-cache/models/boltuix/bert-lite/bc0e85c1c303ee38a6b4a7276ce7cf6d0581cce5/tokenizer_config.json?%2Fboltuix%2Fbert-lite%2Fresolve%2Fmain%2Ftokenizer_config.json=&etag=%22d5c1bb83f067f79da262aed09cbefafcbe8b4805%22'), (b'X-Powered-By', b'huggingface-moon'), (b'X-Request-Id', b'Root=1-6a1420c9-25698ca30a0312836b91cf77;8979c0a7-c294-4515-82b1-683fbc776238'), (b'RateLimit', b'"resolvers";r=4998;t=146'), (b'RateLimit-Policy', b'"fixed window";"resolvers";q=5000;w=300'), (b'cross-origin-opener-policy', b'same-origin'), (b'Referrer-Policy', b'strict-origin-when-cross-origin'), (b'Access-Control-Max-Age', b'86400'), (b'Access-Control-Allow-Origin', b'https://huggingface.co'), (b'Vary', b'Origin, Accept'), (b'Access-Control-Expose-Headers', b'X-Repo-Commit,X-Request-Id,X-Error-Code,X-Error-Message,X-Total-Count,ETag,Link,Accept-Ranges,Content-Range,X-Linked-Size,X-Linked-ETag,X-Xet-Hash'), (b'X-Repo-Commit', b'bc0e85c1c303ee38a6b4a7276ce7cf6d0581cce5'), (b'Accept-Ranges', b'bytes'), (b'X-Hub-Cache', b'MISS'), (b'Content-Disposition', b'inline; filename*=UTF-8\'\'tokenizer_config.json; filename="tokenizer_config.json";'), (b'Content-Security-Policy', b"default-src 'none'; sandbox"), (b'X-Linked-ETag', b'"d5c1bb83f067f79da262aed09cbefafcbe8b4805"'), (b'X-Cache', b'Miss from cloudfront'), (b'Via', b'1.1 300b37db84213522f613ff36077caa62.cloudfront.net (CloudFront)'), (b'X-Amz-Cf-Pop', b'HEL51-P2'), (b'X-Amz-Cf-Id', b'bFC2wz9z-Hzl9UnOnUZRKQH-ybaI39Vs_q76W1QEhanKwsxqfHWQ8A==')])
2026-05-25 13:13:29,491 | INFO     | httpx                | HTTP Request: HEAD https://huggingface.co/boltuix/bert-lite/resolve/main/tokenizer_config.json "HTTP/1.1 307 Temporary Redirect"
2026-05-25 13:13:29,491 | DEBUG    | httpcore.http11      | receive_response_body.started request=<Request [b'HEAD']>
2026-05-25 13:13:29,492 | DEBUG    | httpcore.http11      | receive_response_body.complete
2026-05-25 13:13:29,492 | DEBUG    | httpcore.http11      | response_closed.started
2026-05-25 13:13:29,492 | DEBUG    | httpcore.http11      | response_closed.complete
2026-05-25 13:13:29,492 | DEBUG    | httpcore.http11      | send_request_headers.started request=<Request [b'HEAD']>
2026-05-25 13:13:29,492 | DEBUG    | httpcore.http11      | send_request_headers.complete
2026-05-25 13:13:29,493 | DEBUG    | httpcore.http11      | send_request_body.started request=<Request [b'HEAD']>
2026-05-25 13:13:29,493 | DEBUG    | httpcore.http11      | send_request_body.complete
2026-05-25 13:13:29,493 | DEBUG    | httpcore.http11      | receive_response_headers.started request=<Request [b'HEAD']>
2026-05-25 13:13:29,525 | DEBUG    | httpcore.http11      | receive_response_headers.complete return_value=(b'HTTP/1.1', 200, b'OK', [(b'Content-Type', b'text/plain; charset=utf-8'), (b'Content-Length', b'1300'), (b'Connection', b'keep-alive'), (b'Date', b'Wed, 13 May 2026 12:33:49 GMT'), (b'ETag', b'"d5c1bb83f067f79da262aed09cbefafcbe8b4805"'), (b'X-Powered-By', b'huggingface-moon'), (b'X-Request-Id', b'Root=1-6a046fad-0b06b5443de61d2216ce7b5e;c30943df-c246-4194-9edb-c69729443dee'), (b'RateLimit', b'"resolvers";r=4995;t=126'), (b'RateLimit-Policy', b'"fixed window";"resolvers";q=5000;w=300'), (b'cross-origin-opener-policy', b'same-origin'), (b'Referrer-Policy', b'strict-origin-when-cross-origin'), (b'Access-Control-Max-Age', b'86400'), (b'Access-Control-Allow-Origin', b'https://huggingface.co'), (b'Access-Control-Expose-Headers', b'X-Repo-Commit,X-Request-Id,X-Error-Code,X-Error-Message,X-Total-Count,ETag,Link,Accept-Ranges,Content-Range,X-Linked-Size,X-Linked-ETag,X-Xet-Hash'), (b'X-Repo-Commit', b'bc0e85c1c303ee38a6b4a7276ce7cf6d0581cce5'), (b'Accept-Ranges', b'bytes'), (b'X-Hub-Cache', b'MISS'), (b'Content-Disposition', b'inline; filename*=UTF-8\'\'tokenizer_config.json; filename="tokenizer_config.json";'), (b'Content-Security-Policy', b"default-src 'none'; sandbox"), (b'Vary', b'Origin'), (b'X-Cache', b'Hit from cloudfront'), (b'Via', b'1.1 300b37db84213522f613ff36077caa62.cloudfront.net (CloudFront)'), (b'X-Amz-Cf-Pop', b'HEL51-P2'), (b'X-Amz-Cf-Id', b'8M7olcpHx2dFUY7mOkusodYolVdzNHsi3wo39_cZ5B3s4FtW4ltvIQ=='), (b'Age', b'1028380')])
2026-05-25 13:13:29,525 | INFO     | httpx                | HTTP Request: HEAD https://huggingface.co/api/resolve-cache/models/boltuix/bert-lite/bc0e85c1c303ee38a6b4a7276ce7cf6d0581cce5/tokenizer_config.json "HTTP/1.1 200 OK"
2026-05-25 13:13:29,525 | DEBUG    | httpcore.http11      | receive_response_body.started request=<Request [b'HEAD']>
2026-05-25 13:13:29,525 | DEBUG    | httpcore.http11      | receive_response_body.complete
2026-05-25 13:13:29,525 | DEBUG    | httpcore.http11      | response_closed.started
2026-05-25 13:13:29,525 | DEBUG    | httpcore.http11      | response_closed.complete
2026-05-25 13:13:29,543 | DEBUG    | httpcore.http11      | send_request_headers.started request=<Request [b'GET']>
2026-05-25 13:13:29,543 | DEBUG    | httpcore.http11      | send_request_headers.complete
2026-05-25 13:13:29,543 | DEBUG    | httpcore.http11      | send_request_body.started request=<Request [b'GET']>
2026-05-25 13:13:29,543 | DEBUG    | httpcore.http11      | send_request_body.complete
2026-05-25 13:13:29,544 | DEBUG    | httpcore.http11      | receive_response_headers.started request=<Request [b'GET']>
2026-05-25 13:13:29,703 | DEBUG    | httpcore.http11      | receive_response_headers.complete return_value=(b'HTTP/1.1', 404, b'Not Found', [(b'Content-Type', b'application/json; charset=utf-8'), (b'Content-Length', b'64'), (b'Connection', b'keep-alive'), (b'Date', b'Mon, 25 May 2026 10:13:29 GMT'), (b'ETag', b'W/"40-09f9IAqP13xarAhQxFS2W8rvRkM"'), (b'X-Powered-By', b'huggingface-moon'), (b'X-Request-Id', b'Root=1-6a1420c9-6a7a96066150f3641c775b76;42426ce7-90b7-49a9-a538-f57650d3991b'), (b'RateLimit', b'"api";r=999;t=146'), (b'RateLimit-Policy', b'"fixed window";"api";q=1000;w=300'), (b'cross-origin-opener-policy', b'same-origin'), (b'Referrer-Policy', b'strict-origin-when-cross-origin'), (b'Access-Control-Max-Age', b'86400'), (b'Access-Control-Allow-Origin', b'https://huggingface.co'), (b'Vary', b'Origin'), (b'Access-Control-Expose-Headers', b'X-Repo-Commit,X-Request-Id,X-Error-Code,X-Error-Message,X-Total-Count,ETag,Link,Accept-Ranges,Content-Range,X-Linked-Size,X-Linked-ETag,X-Xet-Hash'), (b'X-Error-Code', b'EntryNotFound'), (b'X-Error-Message', b'additional_chat_templates does not exist on "main"'), (b'X-Cache', b'Error from cloudfront'), (b'Via', b'1.1 300b37db84213522f613ff36077caa62.cloudfront.net (CloudFront)'), (b'X-Amz-Cf-Pop', b'HEL51-P2'), (b'X-Amz-Cf-Id', b'uUHPNBTUXvR3xUy-dSQMf7jXU4YG0ekmTe9h4uVkVqMn4yiSZobAWA==')])
2026-05-25 13:13:29,703 | INFO     | httpx                | HTTP Request: GET https://huggingface.co/api/models/boltuix/bert-lite/tree/main/additional_chat_templates?recursive=false&expand=false "HTTP/1.1 404 Not Found"
2026-05-25 13:13:29,704 | DEBUG    | httpcore.http11      | receive_response_body.started request=<Request [b'GET']>
2026-05-25 13:13:29,704 | DEBUG    | httpcore.http11      | receive_response_body.complete
2026-05-25 13:13:29,704 | DEBUG    | httpcore.http11      | response_closed.started
2026-05-25 13:13:29,704 | DEBUG    | httpcore.http11      | response_closed.complete
2026-05-25 13:13:29,707 | DEBUG    | httpcore.http11      | send_request_headers.started request=<Request [b'GET']>
2026-05-25 13:13:29,708 | DEBUG    | httpcore.http11      | send_request_headers.complete
2026-05-25 13:13:29,708 | DEBUG    | httpcore.http11      | send_request_body.started request=<Request [b'GET']>
2026-05-25 13:13:29,708 | DEBUG    | httpcore.http11      | send_request_body.complete
2026-05-25 13:13:29,708 | DEBUG    | httpcore.http11      | receive_response_headers.started request=<Request [b'GET']>
2026-05-25 13:13:29,866 | DEBUG    | httpcore.http11      | receive_response_headers.complete return_value=(b'HTTP/1.1', 200, b'OK', [(b'Content-Type', b'application/json; charset=utf-8'), (b'Transfer-Encoding', b'chunked'), (b'Connection', b'keep-alive'), (b'Date', b'Mon, 25 May 2026 10:13:29 GMT'), (b'content-encoding', b'gzip'), (b'ETag', b'W/"3f4-p6e3v60yrWQMyQA/1oVBgtFThWc"'), (b'X-Powered-By', b'huggingface-moon'), (b'X-Request-Id', b'Root=1-6a1420c9-37ce20b26ab9e8382251a02e;5573dc80-e20f-4ca8-8939-d6c9584b680a'), (b'RateLimit', b'"api";r=998;t=146'), (b'RateLimit-Policy', b'"fixed window";"api";q=1000;w=300'), (b'cross-origin-opener-policy', b'same-origin'), (b'Referrer-Policy', b'strict-origin-when-cross-origin'), (b'Access-Control-Max-Age', b'86400'), (b'Access-Control-Allow-Origin', b'https://huggingface.co'), (b'Vary', b'Origin'), (b'vary', b'Accept-Encoding'), (b'Access-Control-Expose-Headers', b'X-Repo-Commit,X-Request-Id,X-Error-Code,X-Error-Message,X-Total-Count,ETag,Link,Accept-Ranges,Content-Range,X-Linked-Size,X-Linked-ETag,X-Xet-Hash'), (b'X-Cache', b'Miss from cloudfront'), (b'Via', b'1.1 300b37db84213522f613ff36077caa62.cloudfront.net (CloudFront)'), (b'X-Amz-Cf-Pop', b'HEL51-P2'), (b'X-Amz-Cf-Id', b'jhERfUv5S83PiRpJ1mbKxLEF2CMb5v5mq0V1bIkSpWJnddsHdV1qkQ==')])
2026-05-25 13:13:29,867 | INFO     | httpx                | HTTP Request: GET https://huggingface.co/api/models/boltuix/bert-lite/tree/main?recursive=true&expand=false "HTTP/1.1 200 OK"
2026-05-25 13:13:29,868 | DEBUG    | httpcore.http11      | receive_response_body.started request=<Request [b'GET']>
2026-05-25 13:13:29,869 | DEBUG    | httpcore.http11      | receive_response_body.complete
2026-05-25 13:13:29,869 | DEBUG    | httpcore.http11      | response_closed.started
2026-05-25 13:13:29,869 | DEBUG    | httpcore.http11      | response_closed.complete
2026-05-25 13:13:29,932 | DEBUG    | httpcore.http11      | send_request_headers.started request=<Request [b'HEAD']>
2026-05-25 13:13:29,932 | DEBUG    | httpcore.http11      | send_request_headers.complete
2026-05-25 13:13:29,932 | DEBUG    | httpcore.http11      | send_request_body.started request=<Request [b'HEAD']>
2026-05-25 13:13:29,933 | DEBUG    | httpcore.http11      | send_request_body.complete
2026-05-25 13:13:29,933 | DEBUG    | httpcore.http11      | receive_response_headers.started request=<Request [b'HEAD']>
2026-05-25 13:13:30,088 | DEBUG    | httpcore.http11      | receive_response_headers.complete return_value=(b'HTTP/1.1', 307, b'Temporary Redirect', [(b'Content-Type', b'text/plain; charset=utf-8'), (b'Content-Length', b'238'), (b'Connection', b'keep-alive'), (b'Date', b'Mon, 25 May 2026 10:13:30 GMT'), (b'Location', b'/api/resolve-cache/models/boltuix/bert-lite/bc0e85c1c303ee38a6b4a7276ce7cf6d0581cce5/config.json?%2Fboltuix%2Fbert-lite%2Fresolve%2Fmain%2Fconfig.json=&etag=%2281ba83673fa0d07fc98d4ba418715df42ab28a6f%22'), (b'X-Powered-By', b'huggingface-moon'), (b'X-Request-Id', b'Root=1-6a1420ca-637980913ee61ef1133e9401;ab209051-0d83-41e1-ad94-b1005afbbed2'), (b'RateLimit', b'"resolvers";r=4997;t=145'), (b'RateLimit-Policy', b'"fixed window";"resolvers";q=5000;w=300'), (b'cross-origin-opener-policy', b'same-origin'), (b'Referrer-Policy', b'strict-origin-when-cross-origin'), (b'Access-Control-Max-Age', b'86400'), (b'Access-Control-Allow-Origin', b'https://huggingface.co'), (b'Vary', b'Origin, Accept'), (b'Access-Control-Expose-Headers', b'X-Repo-Commit,X-Request-Id,X-Error-Code,X-Error-Message,X-Total-Count,ETag,Link,Accept-Ranges,Content-Range,X-Linked-Size,X-Linked-ETag,X-Xet-Hash'), (b'X-Repo-Commit', b'bc0e85c1c303ee38a6b4a7276ce7cf6d0581cce5'), (b'Accept-Ranges', b'bytes'), (b'X-Hub-Cache', b'MISS'), (b'Content-Disposition', b'inline; filename*=UTF-8\'\'config.json; filename="config.json";'), (b'Content-Security-Policy', b"default-src 'none'; sandbox"), (b'X-Linked-ETag', b'"81ba83673fa0d07fc98d4ba418715df42ab28a6f"'), (b'X-Cache', b'Miss from cloudfront'), (b'Via', b'1.1 300b37db84213522f613ff36077caa62.cloudfront.net (CloudFront)'), (b'X-Amz-Cf-Pop', b'HEL51-P2'), (b'X-Amz-Cf-Id', b'v0DxypPqMmUW1qzw1vLWj0z2pjKenddhYqsYzYh42C8LzG0Bq680WQ==')])
2026-05-25 13:13:30,089 | INFO     | httpx                | HTTP Request: HEAD https://huggingface.co/boltuix/bert-lite/resolve/main/config.json "HTTP/1.1 307 Temporary Redirect"
2026-05-25 13:13:30,089 | DEBUG    | httpcore.http11      | receive_response_body.started request=<Request [b'HEAD']>
2026-05-25 13:13:30,089 | DEBUG    | httpcore.http11      | receive_response_body.complete
2026-05-25 13:13:30,089 | DEBUG    | httpcore.http11      | response_closed.started
2026-05-25 13:13:30,090 | DEBUG    | httpcore.http11      | response_closed.complete
2026-05-25 13:13:30,090 | DEBUG    | httpcore.http11      | send_request_headers.started request=<Request [b'HEAD']>
2026-05-25 13:13:30,091 | DEBUG    | httpcore.http11      | send_request_headers.complete
2026-05-25 13:13:30,091 | DEBUG    | httpcore.http11      | send_request_body.started request=<Request [b'HEAD']>
2026-05-25 13:13:30,091 | DEBUG    | httpcore.http11      | send_request_body.complete
2026-05-25 13:13:30,092 | DEBUG    | httpcore.http11      | receive_response_headers.started request=<Request [b'HEAD']>
2026-05-25 13:13:30,115 | DEBUG    | httpcore.http11      | receive_response_headers.complete return_value=(b'HTTP/1.1', 200, b'OK', [(b'Content-Type', b'text/plain; charset=utf-8'), (b'Content-Length', b'587'), (b'Connection', b'keep-alive'), (b'Date', b'Wed, 13 May 2026 12:33:48 GMT'), (b'ETag', b'"81ba83673fa0d07fc98d4ba418715df42ab28a6f"'), (b'X-Powered-By', b'huggingface-moon'), (b'X-Request-Id', b'Root=1-6a046fac-1335b433506b8b384391f3c6;adbfdde3-1218-4a8d-ac5d-f6fb77b28728'), (b'RateLimit', b'"resolvers";r=4998;t=127'), (b'RateLimit-Policy', b'"fixed window";"resolvers";q=5000;w=300'), (b'cross-origin-opener-policy', b'same-origin'), (b'Referrer-Policy', b'strict-origin-when-cross-origin'), (b'Access-Control-Max-Age', b'86400'), (b'Access-Control-Allow-Origin', b'https://huggingface.co'), (b'Access-Control-Expose-Headers', b'X-Repo-Commit,X-Request-Id,X-Error-Code,X-Error-Message,X-Total-Count,ETag,Link,Accept-Ranges,Content-Range,X-Linked-Size,X-Linked-ETag,X-Xet-Hash'), (b'X-Repo-Commit', b'bc0e85c1c303ee38a6b4a7276ce7cf6d0581cce5'), (b'Accept-Ranges', b'bytes'), (b'X-Hub-Cache', b'MISS'), (b'Content-Disposition', b'inline; filename*=UTF-8\'\'config.json; filename="config.json";'), (b'Content-Security-Policy', b"default-src 'none'; sandbox"), (b'Vary', b'Origin'), (b'X-Cache', b'Hit from cloudfront'), (b'Via', b'1.1 300b37db84213522f613ff36077caa62.cloudfront.net (CloudFront)'), (b'X-Amz-Cf-Pop', b'HEL51-P2'), (b'X-Amz-Cf-Id', b'tg0gVcTuKlZKOg_r2Wp3Ev7RPUP7hgNtdPiO6AeeAOXBFfA0BWWPxQ=='), (b'Age', b'1028382')])
2026-05-25 13:13:30,116 | INFO     | httpx                | HTTP Request: HEAD https://huggingface.co/api/resolve-cache/models/boltuix/bert-lite/bc0e85c1c303ee38a6b4a7276ce7cf6d0581cce5/config.json "HTTP/1.1 200 OK"
2026-05-25 13:13:30,116 | DEBUG    | httpcore.http11      | receive_response_body.started request=<Request [b'HEAD']>
2026-05-25 13:13:30,117 | DEBUG    | httpcore.http11      | receive_response_body.complete
2026-05-25 13:13:30,117 | DEBUG    | httpcore.http11      | response_closed.started
2026-05-25 13:13:30,117 | DEBUG    | httpcore.http11      | response_closed.complete
2026-05-25 13:13:30,287 | INFO     | modules.filter.stt_filter.imp_model.imp_model | ✓ SttImpModel initialized successfully
2026-05-25 13:13:30,287 | DEBUG    | modules.filter.stt_filter.stt_filter | Loading ShouldShutUpModel...
2026-05-25 13:13:30,287 | INFO     | modules.filter.stt_filter.should_shut_up.should_shut_up_model | Initializing ShouldShutUpModel...
2026-05-25 13:13:30,287 | DEBUG    | modules.filter.stt_filter.should_shut_up.should_shut_up_model | Loading Model...
2026-05-25 13:13:30,304 | INFO     | sentence_transformers.base.model | No device provided, using cpu
2026-05-25 13:13:30,305 | DEBUG    | httpcore.http11      | send_request_headers.started request=<Request [b'HEAD']>
2026-05-25 13:13:30,305 | DEBUG    | httpcore.http11      | send_request_headers.complete
2026-05-25 13:13:30,305 | DEBUG    | httpcore.http11      | send_request_body.started request=<Request [b'HEAD']>
2026-05-25 13:13:30,305 | DEBUG    | httpcore.http11      | send_request_body.complete
2026-05-25 13:13:30,305 | DEBUG    | httpcore.http11      | receive_response_headers.started request=<Request [b'HEAD']>
2026-05-25 13:13:30,463 | DEBUG    | httpcore.http11      | receive_response_headers.complete return_value=(b'HTTP/1.1', 307, b'Temporary Redirect', [(b'Content-Type', b'text/plain; charset=utf-8'), (b'Content-Length', b'324'), (b'Connection', b'keep-alive'), (b'Date', b'Mon, 25 May 2026 10:13:30 GMT'), (b'Location', b'/api/resolve-cache/models/sentence-transformers/paraphrase-multilingual-MiniLM-L12-v2/e8f8c211226b894fcb81acc59f3b34ba3efd5f42/modules.json?%2Fsentence-transformers%2Fparaphrase-multilingual-MiniLM-L12-v2%2Fresolve%2Fmain%2Fmodules.json=&etag=%22f7640f94e81bb7f4f04daf1668850b38763a13d9%22'), (b'X-Powered-By', b'huggingface-moon'), (b'X-Request-Id', b'Root=1-6a1420ca-5848d1ea37bf13635117d35a;200f8b10-93c7-4bfc-8c6f-4ca1710e6a53'), (b'RateLimit', b'"resolvers";r=4996;t=145'), (b'RateLimit-Policy', b'"fixed window";"resolvers";q=5000;w=300'), (b'cross-origin-opener-policy', b'same-origin'), (b'Referrer-Policy', b'strict-origin-when-cross-origin'), (b'Access-Control-Max-Age', b'86400'), (b'Access-Control-Allow-Origin', b'https://huggingface.co'), (b'Vary', b'Origin, Accept'), (b'Access-Control-Expose-Headers', b'X-Repo-Commit,X-Request-Id,X-Error-Code,X-Error-Message,X-Total-Count,ETag,Link,Accept-Ranges,Content-Range,X-Linked-Size,X-Linked-ETag,X-Xet-Hash'), (b'X-Repo-Commit', b'e8f8c211226b894fcb81acc59f3b34ba3efd5f42'), (b'Accept-Ranges', b'bytes'), (b'X-Hub-Cache', b'HIT'), (b'Content-Disposition', b'inline; filename*=UTF-8\'\'modules.json; filename="modules.json";'), (b'Content-Security-Policy', b"default-src 'none'; sandbox"), (b'X-Linked-ETag', b'"f7640f94e81bb7f4f04daf1668850b38763a13d9"'), (b'X-Cache', b'Miss from cloudfront'), (b'Via', b'1.1 300b37db84213522f613ff36077caa62.cloudfront.net (CloudFront)'), (b'X-Amz-Cf-Pop', b'HEL51-P2'), (b'X-Amz-Cf-Id', b'xxpg-86WdtssMW1YS88Z-ieg5Q-SL-o87IIIRUjAf0SlrXDk4edloQ==')])
2026-05-25 13:13:30,464 | INFO     | httpx                | HTTP Request: HEAD https://huggingface.co/sentence-transformers/paraphrase-multilingual-MiniLM-L12-v2/resolve/main/modules.json "HTTP/1.1 307 Temporary Redirect"
2026-05-25 13:13:30,465 | DEBUG    | httpcore.http11      | receive_response_body.started request=<Request [b'HEAD']>
2026-05-25 13:13:30,465 | DEBUG    | httpcore.http11      | receive_response_body.complete
2026-05-25 13:13:30,465 | DEBUG    | httpcore.http11      | response_closed.started
2026-05-25 13:13:30,465 | DEBUG    | httpcore.http11      | response_closed.complete
2026-05-25 13:13:30,466 | DEBUG    | httpcore.http11      | send_request_headers.started request=<Request [b'HEAD']>
2026-05-25 13:13:30,466 | DEBUG    | httpcore.http11      | send_request_headers.complete
2026-05-25 13:13:30,466 | DEBUG    | httpcore.http11      | send_request_body.started request=<Request [b'HEAD']>
2026-05-25 13:13:30,466 | DEBUG    | httpcore.http11      | send_request_body.complete
2026-05-25 13:13:30,466 | DEBUG    | httpcore.http11      | receive_response_headers.started request=<Request [b'HEAD']>
2026-05-25 13:13:30,489 | DEBUG    | httpcore.http11      | receive_response_headers.complete return_value=(b'HTTP/1.1', 200, b'OK', [(b'Content-Type', b'text/plain; charset=utf-8'), (b'Content-Length', b'229'), (b'Connection', b'keep-alive'), (b'Date', b'Sat, 23 May 2026 16:52:52 GMT'), (b'ETag', b'"f7640f94e81bb7f4f04daf1668850b38763a13d9"'), (b'X-Powered-By', b'huggingface-moon'), (b'X-Request-Id', b'Root=1-6a11db64-353ecde50d764e0126445d81;a473582b-af0f-4ac3-9ef1-267fcb60c843'), (b'RateLimit', b'"resolvers";r=4998;t=183'), (b'RateLimit-Policy', b'"fixed window";"resolvers";q=5000;w=300'), (b'cross-origin-opener-policy', b'same-origin'), (b'Referrer-Policy', b'strict-origin-when-cross-origin'), (b'Access-Control-Max-Age', b'86400'), (b'Access-Control-Allow-Origin', b'https://huggingface.co'), (b'Access-Control-Expose-Headers', b'X-Repo-Commit,X-Request-Id,X-Error-Code,X-Error-Message,X-Total-Count,ETag,Link,Accept-Ranges,Content-Range,X-Linked-Size,X-Linked-ETag,X-Xet-Hash'), (b'X-Repo-Commit', b'e8f8c211226b894fcb81acc59f3b34ba3efd5f42'), (b'Accept-Ranges', b'bytes'), (b'X-Hub-Cache', b'MISS'), (b'Content-Disposition', b'inline; filename*=UTF-8\'\'modules.json; filename="modules.json";'), (b'Content-Security-Policy', b"default-src 'none'; sandbox"), (b'Vary', b'Origin'), (b'X-Cache', b'Hit from cloudfront'), (b'Via', b'1.1 300b37db84213522f613ff36077caa62.cloudfront.net (CloudFront)'), (b'X-Amz-Cf-Pop', b'HEL51-P2'), (b'X-Amz-Cf-Id', b'iDpbotizzDRHwYvGwnvnuPpcOaG1tvXoZqKzkavkc2ZZ6ySsLN8wpA=='), (b'Age', b'148838')])
2026-05-25 13:13:30,489 | INFO     | httpx                | HTTP Request: HEAD https://huggingface.co/api/resolve-cache/models/sentence-transformers/paraphrase-multilingual-MiniLM-L12-v2/e8f8c211226b894fcb81acc59f3b34ba3efd5f42/modules.json "HTTP/1.1 200 OK"
2026-05-25 13:13:30,489 | DEBUG    | httpcore.http11      | receive_response_body.started request=<Request [b'HEAD']>
2026-05-25 13:13:30,489 | DEBUG    | httpcore.http11      | receive_response_body.complete
2026-05-25 13:13:30,490 | DEBUG    | httpcore.http11      | response_closed.started
2026-05-25 13:13:30,490 | DEBUG    | httpcore.http11      | response_closed.complete
2026-05-25 13:13:30,499 | DEBUG    | httpcore.http11      | send_request_headers.started request=<Request [b'HEAD']>
2026-05-25 13:13:30,500 | DEBUG    | httpcore.http11      | send_request_headers.complete
2026-05-25 13:13:30,500 | DEBUG    | httpcore.http11      | send_request_body.started request=<Request [b'HEAD']>
2026-05-25 13:13:30,500 | DEBUG    | httpcore.http11      | send_request_body.complete
2026-05-25 13:13:30,501 | DEBUG    | httpcore.http11      | receive_response_headers.started request=<Request [b'HEAD']>
2026-05-25 13:13:30,658 | DEBUG    | httpcore.http11      | receive_response_headers.complete return_value=(b'HTTP/1.1', 307, b'Temporary Redirect', [(b'Content-Type', b'text/plain; charset=utf-8'), (b'Content-Length', b'366'), (b'Connection', b'keep-alive'), (b'Date', b'Mon, 25 May 2026 10:13:30 GMT'), (b'Location', b'/api/resolve-cache/models/sentence-transformers/paraphrase-multilingual-MiniLM-L12-v2/e8f8c211226b894fcb81acc59f3b34ba3efd5f42/config_sentence_transformers.json?%2Fsentence-transformers%2Fparaphrase-multilingual-MiniLM-L12-v2%2Fresolve%2Fmain%2Fconfig_sentence_transformers.json=&etag=%22b974b349cb2d419ada11181750a733ff82f291ad%22'), (b'X-Powered-By', b'huggingface-moon'), (b'X-Request-Id', b'Root=1-6a1420ca-7e9c99511773cb6d11434ca5;12257a61-65b3-44a6-ac8c-081feec84646'), (b'RateLimit', b'"resolvers";r=4995;t=145'), (b'RateLimit-Policy', b'"fixed window";"resolvers";q=5000;w=300'), (b'cross-origin-opener-policy', b'same-origin'), (b'Referrer-Policy', b'strict-origin-when-cross-origin'), (b'Access-Control-Max-Age', b'86400'), (b'Access-Control-Allow-Origin', b'https://huggingface.co'), (b'Vary', b'Origin, Accept'), (b'Access-Control-Expose-Headers', b'X-Repo-Commit,X-Request-Id,X-Error-Code,X-Error-Message,X-Total-Count,ETag,Link,Accept-Ranges,Content-Range,X-Linked-Size,X-Linked-ETag,X-Xet-Hash'), (b'X-Repo-Commit', b'e8f8c211226b894fcb81acc59f3b34ba3efd5f42'), (b'Accept-Ranges', b'bytes'), (b'X-Hub-Cache', b'HIT'), (b'Content-Disposition', b'inline; filename*=UTF-8\'\'config_sentence_transformers.json; filename="config_sentence_transformers.json";'), (b'Content-Security-Policy', b"default-src 'none'; sandbox"), (b'X-Linked-ETag', b'"b974b349cb2d419ada11181750a733ff82f291ad"'), (b'X-Cache', b'Miss from cloudfront'), (b'Via', b'1.1 300b37db84213522f613ff36077caa62.cloudfront.net (CloudFront)'), (b'X-Amz-Cf-Pop', b'HEL51-P2'), (b'X-Amz-Cf-Id', b'4nLiw9cc2MSoeX9oEAPEKWOWTNTTVxo7bm4L4jd9D5gy0uhGgeYEZA==')])
2026-05-25 13:13:30,659 | INFO     | httpx                | HTTP Request: HEAD https://huggingface.co/sentence-transformers/paraphrase-multilingual-MiniLM-L12-v2/resolve/main/config_sentence_transformers.json "HTTP/1.1 307 Temporary Redirect"
2026-05-25 13:13:30,659 | DEBUG    | httpcore.http11      | receive_response_body.started request=<Request [b'HEAD']>
2026-05-25 13:13:30,659 | DEBUG    | httpcore.http11      | receive_response_body.complete
2026-05-25 13:13:30,659 | DEBUG    | httpcore.http11      | response_closed.started
2026-05-25 13:13:30,659 | DEBUG    | httpcore.http11      | response_closed.complete
2026-05-25 13:13:30,660 | DEBUG    | httpcore.http11      | send_request_headers.started request=<Request [b'HEAD']>
2026-05-25 13:13:30,661 | DEBUG    | httpcore.http11      | send_request_headers.complete
2026-05-25 13:13:30,661 | DEBUG    | httpcore.http11      | send_request_body.started request=<Request [b'HEAD']>
2026-05-25 13:13:30,661 | DEBUG    | httpcore.http11      | send_request_body.complete
2026-05-25 13:13:30,661 | DEBUG    | httpcore.http11      | receive_response_headers.started request=<Request [b'HEAD']>
2026-05-25 13:13:30,683 | DEBUG    | httpcore.http11      | receive_response_headers.complete return_value=(b'HTTP/1.1', 200, b'OK', [(b'Content-Type', b'text/plain; charset=utf-8'), (b'Content-Length', b'122'), (b'Connection', b'keep-alive'), (b'Date', b'Sat, 23 May 2026 16:52:53 GMT'), (b'ETag', b'"b974b349cb2d419ada11181750a733ff82f291ad"'), (b'X-Powered-By', b'huggingface-moon'), (b'X-Request-Id', b'Root=1-6a11db65-79a2106567c39bc842553923;49233703-5220-402a-b592-23ef7e30c670'), (b'RateLimit', b'"resolvers";r=4995;t=182'), (b'RateLimit-Policy', b'"fixed window";"resolvers";q=5000;w=300'), (b'cross-origin-opener-policy', b'same-origin'), (b'Referrer-Policy', b'strict-origin-when-cross-origin'), (b'Access-Control-Max-Age', b'86400'), (b'Access-Control-Allow-Origin', b'https://huggingface.co'), (b'Access-Control-Expose-Headers', b'X-Repo-Commit,X-Request-Id,X-Error-Code,X-Error-Message,X-Total-Count,ETag,Link,Accept-Ranges,Content-Range,X-Linked-Size,X-Linked-ETag,X-Xet-Hash'), (b'X-Repo-Commit', b'e8f8c211226b894fcb81acc59f3b34ba3efd5f42'), (b'Accept-Ranges', b'bytes'), (b'X-Hub-Cache', b'MISS'), (b'Content-Disposition', b'inline; filename*=UTF-8\'\'config_sentence_transformers.json; filename="config_sentence_transformers.json";'), (b'Content-Security-Policy', b"default-src 'none'; sandbox"), (b'Vary', b'Origin'), (b'X-Cache', b'Hit from cloudfront'), (b'Via', b'1.1 300b37db84213522f613ff36077caa62.cloudfront.net (CloudFront)'), (b'X-Amz-Cf-Pop', b'HEL51-P2'), (b'X-Amz-Cf-Id', b'5GpeR6FJPTlU3g2EaYUuebSuRuPW6qdP5BI2DffB4WEfON8CP-NMGA=='), (b'Age', b'148837')])
2026-05-25 13:13:30,684 | INFO     | httpx                | HTTP Request: HEAD https://huggingface.co/api/resolve-cache/models/sentence-transformers/paraphrase-multilingual-MiniLM-L12-v2/e8f8c211226b894fcb81acc59f3b34ba3efd5f42/config_sentence_transformers.json "HTTP/1.1 200 OK"
2026-05-25 13:13:30,684 | DEBUG    | httpcore.http11      | receive_response_body.started request=<Request [b'HEAD']>
2026-05-25 13:13:30,684 | DEBUG    | httpcore.http11      | receive_response_body.complete
2026-05-25 13:13:30,685 | DEBUG    | httpcore.http11      | response_closed.started
2026-05-25 13:13:30,685 | DEBUG    | httpcore.http11      | response_closed.complete
2026-05-25 13:13:30,695 | INFO     | sentence_transformers.base.model | Loading SentenceTransformer model from sentence-transformers/paraphrase-multilingual-MiniLM-L12-v2.
2026-05-25 13:13:30,697 | DEBUG    | httpcore.http11      | send_request_headers.started request=<Request [b'HEAD']>
2026-05-25 13:13:30,698 | DEBUG    | httpcore.http11      | send_request_headers.complete
2026-05-25 13:13:30,698 | DEBUG    | httpcore.http11      | send_request_body.started request=<Request [b'HEAD']>
2026-05-25 13:13:30,698 | DEBUG    | httpcore.http11      | send_request_body.complete
2026-05-25 13:13:30,698 | DEBUG    | httpcore.http11      | receive_response_headers.started request=<Request [b'HEAD']>
2026-05-25 13:13:30,856 | DEBUG    | httpcore.http11      | receive_response_headers.complete return_value=(b'HTTP/1.1', 307, b'Temporary Redirect', [(b'Content-Type', b'text/plain; charset=utf-8'), (b'Content-Length', b'366'), (b'Connection', b'keep-alive'), (b'Date', b'Mon, 25 May 2026 10:13:30 GMT'), (b'Location', b'/api/resolve-cache/models/sentence-transformers/paraphrase-multilingual-MiniLM-L12-v2/e8f8c211226b894fcb81acc59f3b34ba3efd5f42/config_sentence_transformers.json?%2Fsentence-transformers%2Fparaphrase-multilingual-MiniLM-L12-v2%2Fresolve%2Fmain%2Fconfig_sentence_transformers.json=&etag=%22b974b349cb2d419ada11181750a733ff82f291ad%22'), (b'X-Powered-By', b'huggingface-moon'), (b'X-Request-Id', b'Root=1-6a1420ca-1e87976f22878857352c81d4;8a460da8-8806-4bbe-bd51-b30ac3673e91'), (b'RateLimit', b'"resolvers";r=4994;t=145'), (b'RateLimit-Policy', b'"fixed window";"resolvers";q=5000;w=300'), (b'cross-origin-opener-policy', b'same-origin'), (b'Referrer-Policy', b'strict-origin-when-cross-origin'), (b'Access-Control-Max-Age', b'86400'), (b'Access-Control-Allow-Origin', b'https://huggingface.co'), (b'Vary', b'Origin, Accept'), (b'Access-Control-Expose-Headers', b'X-Repo-Commit,X-Request-Id,X-Error-Code,X-Error-Message,X-Total-Count,ETag,Link,Accept-Ranges,Content-Range,X-Linked-Size,X-Linked-ETag,X-Xet-Hash'), (b'X-Repo-Commit', b'e8f8c211226b894fcb81acc59f3b34ba3efd5f42'), (b'Accept-Ranges', b'bytes'), (b'X-Hub-Cache', b'HIT'), (b'Content-Disposition', b'inline; filename*=UTF-8\'\'config_sentence_transformers.json; filename="config_sentence_transformers.json";'), (b'Content-Security-Policy', b"default-src 'none'; sandbox"), (b'X-Linked-ETag', b'"b974b349cb2d419ada11181750a733ff82f291ad"'), (b'X-Cache', b'Miss from cloudfront'), (b'Via', b'1.1 300b37db84213522f613ff36077caa62.cloudfront.net (CloudFront)'), (b'X-Amz-Cf-Pop', b'HEL51-P2'), (b'X-Amz-Cf-Id', b'ONq1M3zKbE2EAI7FR-B5t7-9cuL7AFDhiJMIFZi7lcVsNBinpVKiMg==')])
2026-05-25 13:13:30,857 | INFO     | httpx                | HTTP Request: HEAD https://huggingface.co/sentence-transformers/paraphrase-multilingual-MiniLM-L12-v2/resolve/main/config_sentence_transformers.json "HTTP/1.1 307 Temporary Redirect"
2026-05-25 13:13:30,858 | DEBUG    | httpcore.http11      | receive_response_body.started request=<Request [b'HEAD']>
2026-05-25 13:13:30,858 | DEBUG    | httpcore.http11      | receive_response_body.complete
2026-05-25 13:13:30,858 | DEBUG    | httpcore.http11      | response_closed.started
2026-05-25 13:13:30,859 | DEBUG    | httpcore.http11      | response_closed.complete
2026-05-25 13:13:30,860 | DEBUG    | httpcore.http11      | send_request_headers.started request=<Request [b'HEAD']>
2026-05-25 13:13:30,860 | DEBUG    | httpcore.http11      | send_request_headers.complete
2026-05-25 13:13:30,860 | DEBUG    | httpcore.http11      | send_request_body.started request=<Request [b'HEAD']>
2026-05-25 13:13:30,861 | DEBUG    | httpcore.http11      | send_request_body.complete
2026-05-25 13:13:30,861 | DEBUG    | httpcore.http11      | receive_response_headers.started request=<Request [b'HEAD']>
2026-05-25 13:13:30,883 | DEBUG    | httpcore.http11      | receive_response_headers.complete return_value=(b'HTTP/1.1', 200, b'OK', [(b'Content-Type', b'text/plain; charset=utf-8'), (b'Content-Length', b'122'), (b'Connection', b'keep-alive'), (b'Date', b'Sat, 23 May 2026 16:52:53 GMT'), (b'ETag', b'"b974b349cb2d419ada11181750a733ff82f291ad"'), (b'X-Powered-By', b'huggingface-moon'), (b'X-Request-Id', b'Root=1-6a11db65-79a2106567c39bc842553923;49233703-5220-402a-b592-23ef7e30c670'), (b'RateLimit', b'"resolvers";r=4995;t=182'), (b'RateLimit-Policy', b'"fixed window";"resolvers";q=5000;w=300'), (b'cross-origin-opener-policy', b'same-origin'), (b'Referrer-Policy', b'strict-origin-when-cross-origin'), (b'Access-Control-Max-Age', b'86400'), (b'Access-Control-Allow-Origin', b'https://huggingface.co'), (b'Access-Control-Expose-Headers', b'X-Repo-Commit,X-Request-Id,X-Error-Code,X-Error-Message,X-Total-Count,ETag,Link,Accept-Ranges,Content-Range,X-Linked-Size,X-Linked-ETag,X-Xet-Hash'), (b'X-Repo-Commit', b'e8f8c211226b894fcb81acc59f3b34ba3efd5f42'), (b'Accept-Ranges', b'bytes'), (b'X-Hub-Cache', b'MISS'), (b'Content-Disposition', b'inline; filename*=UTF-8\'\'config_sentence_transformers.json; filename="config_sentence_transformers.json";'), (b'Content-Security-Policy', b"default-src 'none'; sandbox"), (b'Vary', b'Origin'), (b'X-Cache', b'Hit from cloudfront'), (b'Via', b'1.1 300b37db84213522f613ff36077caa62.cloudfront.net (CloudFront)'), (b'X-Amz-Cf-Pop', b'HEL51-P2'), (b'X-Amz-Cf-Id', b'R6ruelySuVD7UDBR58t2-iFUtFomG_e_7rfe72CvhkOrJn0JcKITpg=='), (b'Age', b'148837')])
2026-05-25 13:13:30,884 | INFO     | httpx                | HTTP Request: HEAD https://huggingface.co/api/resolve-cache/models/sentence-transformers/paraphrase-multilingual-MiniLM-L12-v2/e8f8c211226b894fcb81acc59f3b34ba3efd5f42/config_sentence_transformers.json "HTTP/1.1 200 OK"
2026-05-25 13:13:30,884 | DEBUG    | httpcore.http11      | receive_response_body.started request=<Request [b'HEAD']>
2026-05-25 13:13:30,884 | DEBUG    | httpcore.http11      | receive_response_body.complete
2026-05-25 13:13:30,885 | DEBUG    | httpcore.http11      | response_closed.started
2026-05-25 13:13:30,885 | DEBUG    | httpcore.http11      | response_closed.complete
2026-05-25 13:13:30,895 | DEBUG    | httpcore.http11      | send_request_headers.started request=<Request [b'HEAD']>
2026-05-25 13:13:30,895 | DEBUG    | httpcore.http11      | send_request_headers.complete
2026-05-25 13:13:30,896 | DEBUG    | httpcore.http11      | send_request_body.started request=<Request [b'HEAD']>
2026-05-25 13:13:30,896 | DEBUG    | httpcore.http11      | send_request_body.complete
2026-05-25 13:13:30,896 | DEBUG    | httpcore.http11      | receive_response_headers.started request=<Request [b'HEAD']>
2026-05-25 13:13:31,051 | DEBUG    | httpcore.http11      | receive_response_headers.complete return_value=(b'HTTP/1.1', 307, b'Temporary Redirect', [(b'Content-Type', b'text/plain; charset=utf-8'), (b'Content-Length', b'318'), (b'Connection', b'keep-alive'), (b'Date', b'Mon, 25 May 2026 10:13:30 GMT'), (b'Location', b'/api/resolve-cache/models/sentence-transformers/paraphrase-multilingual-MiniLM-L12-v2/e8f8c211226b894fcb81acc59f3b34ba3efd5f42/README.md?%2Fsentence-transformers%2Fparaphrase-multilingual-MiniLM-L12-v2%2Fresolve%2Fmain%2FREADME.md=&etag=%226bedb7f3622d56b7020f33ab93f6996d33242043%22'), (b'X-Powered-By', b'huggingface-moon'), (b'X-Request-Id', b'Root=1-6a1420ca-0090db2a232090222b42ada6;fb8f90ca-4bb1-41c5-a37f-a3f770885462'), (b'RateLimit', b'"resolvers";r=4993;t=145'), (b'RateLimit-Policy', b'"fixed window";"resolvers";q=5000;w=300'), (b'cross-origin-opener-policy', b'same-origin'), (b'Referrer-Policy', b'strict-origin-when-cross-origin'), (b'Access-Control-Max-Age', b'86400'), (b'Access-Control-Allow-Origin', b'https://huggingface.co'), (b'Vary', b'Origin, Accept'), (b'Access-Control-Expose-Headers', b'X-Repo-Commit,X-Request-Id,X-Error-Code,X-Error-Message,X-Total-Count,ETag,Link,Accept-Ranges,Content-Range,X-Linked-Size,X-Linked-ETag,X-Xet-Hash'), (b'X-Repo-Commit', b'e8f8c211226b894fcb81acc59f3b34ba3efd5f42'), (b'Accept-Ranges', b'bytes'), (b'X-Hub-Cache', b'HIT'), (b'Content-Disposition', b'inline; filename*=UTF-8\'\'README.md; filename="README.md";'), (b'Content-Security-Policy', b"default-src 'none'; sandbox"), (b'X-Linked-ETag', b'"6bedb7f3622d56b7020f33ab93f6996d33242043"'), (b'X-Cache', b'Miss from cloudfront'), (b'Via', b'1.1 300b37db84213522f613ff36077caa62.cloudfront.net (CloudFront)'), (b'X-Amz-Cf-Pop', b'HEL51-P2'), (b'X-Amz-Cf-Id', b'jY-FLSrso7dbFYspKUkdy4arDzrHBkpYt7x3EXPDtlN0yjN2Dtx2WQ==')])
2026-05-25 13:13:31,051 | INFO     | httpx                | HTTP Request: HEAD https://huggingface.co/sentence-transformers/paraphrase-multilingual-MiniLM-L12-v2/resolve/main/README.md "HTTP/1.1 307 Temporary Redirect"
2026-05-25 13:13:31,052 | DEBUG    | httpcore.http11      | receive_response_body.started request=<Request [b'HEAD']>
2026-05-25 13:13:31,052 | DEBUG    | httpcore.http11      | receive_response_body.complete
2026-05-25 13:13:31,052 | DEBUG    | httpcore.http11      | response_closed.started
2026-05-25 13:13:31,052 | DEBUG    | httpcore.http11      | response_closed.complete
2026-05-25 13:13:31,052 | DEBUG    | httpcore.http11      | send_request_headers.started request=<Request [b'HEAD']>
2026-05-25 13:13:31,053 | DEBUG    | httpcore.http11      | send_request_headers.complete
2026-05-25 13:13:31,053 | DEBUG    | httpcore.http11      | send_request_body.started request=<Request [b'HEAD']>
2026-05-25 13:13:31,053 | DEBUG    | httpcore.http11      | send_request_body.complete
2026-05-25 13:13:31,053 | DEBUG    | httpcore.http11      | receive_response_headers.started request=<Request [b'HEAD']>
2026-05-25 13:13:31,075 | DEBUG    | httpcore.http11      | receive_response_headers.complete return_value=(b'HTTP/1.1', 200, b'OK', [(b'Content-Type', b'text/plain; charset=utf-8'), (b'Content-Length', b'3888'), (b'Connection', b'keep-alive'), (b'Date', b'Sat, 23 May 2026 16:52:53 GMT'), (b'ETag', b'"6bedb7f3622d56b7020f33ab93f6996d33242043"'), (b'X-Powered-By', b'huggingface-moon'), (b'X-Request-Id', b'Root=1-6a11db65-4cfbf9561b7961124d4e39b4;be8d98f2-79ce-44e0-a4df-99f4e638250c'), (b'RateLimit', b'"resolvers";r=4991;t=182'), (b'RateLimit-Policy', b'"fixed window";"resolvers";q=5000;w=300'), (b'cross-origin-opener-policy', b'same-origin'), (b'Referrer-Policy', b'strict-origin-when-cross-origin'), (b'Access-Control-Max-Age', b'86400'), (b'Access-Control-Allow-Origin', b'https://huggingface.co'), (b'Access-Control-Expose-Headers', b'X-Repo-Commit,X-Request-Id,X-Error-Code,X-Error-Message,X-Total-Count,ETag,Link,Accept-Ranges,Content-Range,X-Linked-Size,X-Linked-ETag,X-Xet-Hash'), (b'X-Repo-Commit', b'e8f8c211226b894fcb81acc59f3b34ba3efd5f42'), (b'Accept-Ranges', b'bytes'), (b'X-Hub-Cache', b'HIT'), (b'Content-Disposition', b'inline; filename*=UTF-8\'\'README.md; filename="README.md";'), (b'Content-Security-Policy', b"default-src 'none'; sandbox"), (b'Vary', b'Origin'), (b'X-Cache', b'Hit from cloudfront'), (b'Via', b'1.1 300b37db84213522f613ff36077caa62.cloudfront.net (CloudFront)'), (b'X-Amz-Cf-Pop', b'HEL51-P2'), (b'X-Amz-Cf-Id', b'adagvGhDkWBjvbwgmZlukhOncCnaSw4s1zNjh8JOUAG40OfNzWt03A=='), (b'Age', b'148838')])
2026-05-25 13:13:31,076 | INFO     | httpx                | HTTP Request: HEAD https://huggingface.co/api/resolve-cache/models/sentence-transformers/paraphrase-multilingual-MiniLM-L12-v2/e8f8c211226b894fcb81acc59f3b34ba3efd5f42/README.md "HTTP/1.1 200 OK"
2026-05-25 13:13:31,076 | DEBUG    | httpcore.http11      | receive_response_body.started request=<Request [b'HEAD']>
2026-05-25 13:13:31,076 | DEBUG    | httpcore.http11      | receive_response_body.complete
2026-05-25 13:13:31,076 | DEBUG    | httpcore.http11      | response_closed.started
2026-05-25 13:13:31,076 | DEBUG    | httpcore.http11      | response_closed.complete
2026-05-25 13:13:31,085 | DEBUG    | httpcore.http11      | send_request_headers.started request=<Request [b'HEAD']>
2026-05-25 13:13:31,085 | DEBUG    | httpcore.http11      | send_request_headers.complete
2026-05-25 13:13:31,086 | DEBUG    | httpcore.http11      | send_request_body.started request=<Request [b'HEAD']>
2026-05-25 13:13:31,086 | DEBUG    | httpcore.http11      | send_request_body.complete
2026-05-25 13:13:31,086 | DEBUG    | httpcore.http11      | receive_response_headers.started request=<Request [b'HEAD']>
2026-05-25 13:13:31,242 | DEBUG    | httpcore.http11      | receive_response_headers.complete return_value=(b'HTTP/1.1', 307, b'Temporary Redirect', [(b'Content-Type', b'text/plain; charset=utf-8'), (b'Content-Length', b'324'), (b'Connection', b'keep-alive'), (b'Date', b'Mon, 25 May 2026 10:13:31 GMT'), (b'Location', b'/api/resolve-cache/models/sentence-transformers/paraphrase-multilingual-MiniLM-L12-v2/e8f8c211226b894fcb81acc59f3b34ba3efd5f42/modules.json?%2Fsentence-transformers%2Fparaphrase-multilingual-MiniLM-L12-v2%2Fresolve%2Fmain%2Fmodules.json=&etag=%22f7640f94e81bb7f4f04daf1668850b38763a13d9%22'), (b'X-Powered-By', b'huggingface-moon'), (b'X-Request-Id', b'Root=1-6a1420cb-3fbb0ccb44828dc02d04bd16;4bab6407-84d4-4bc5-912b-62cf3e244668'), (b'RateLimit', b'"resolvers";r=4992;t=144'), (b'RateLimit-Policy', b'"fixed window";"resolvers";q=5000;w=300'), (b'cross-origin-opener-policy', b'same-origin'), (b'Referrer-Policy', b'strict-origin-when-cross-origin'), (b'Access-Control-Max-Age', b'86400'), (b'Access-Control-Allow-Origin', b'https://huggingface.co'), (b'Vary', b'Origin, Accept'), (b'Access-Control-Expose-Headers', b'X-Repo-Commit,X-Request-Id,X-Error-Code,X-Error-Message,X-Total-Count,ETag,Link,Accept-Ranges,Content-Range,X-Linked-Size,X-Linked-ETag,X-Xet-Hash'), (b'X-Repo-Commit', b'e8f8c211226b894fcb81acc59f3b34ba3efd5f42'), (b'Accept-Ranges', b'bytes'), (b'X-Hub-Cache', b'HIT'), (b'Content-Disposition', b'inline; filename*=UTF-8\'\'modules.json; filename="modules.json";'), (b'Content-Security-Policy', b"default-src 'none'; sandbox"), (b'X-Linked-ETag', b'"f7640f94e81bb7f4f04daf1668850b38763a13d9"'), (b'X-Cache', b'Miss from cloudfront'), (b'Via', b'1.1 300b37db84213522f613ff36077caa62.cloudfront.net (CloudFront)'), (b'X-Amz-Cf-Pop', b'HEL51-P2'), (b'X-Amz-Cf-Id', b'MhUFLW0vu0KmLG173SUrkYfEdlJRfzuuD_iOJh92l6cDUZHkElmqdg==')])
2026-05-25 13:13:31,243 | INFO     | httpx                | HTTP Request: HEAD https://huggingface.co/sentence-transformers/paraphrase-multilingual-MiniLM-L12-v2/resolve/main/modules.json "HTTP/1.1 307 Temporary Redirect"
2026-05-25 13:13:31,244 | DEBUG    | httpcore.http11      | receive_response_body.started request=<Request [b'HEAD']>
2026-05-25 13:13:31,244 | DEBUG    | httpcore.http11      | receive_response_body.complete
2026-05-25 13:13:31,244 | DEBUG    | httpcore.http11      | response_closed.started
2026-05-25 13:13:31,244 | DEBUG    | httpcore.http11      | response_closed.complete
2026-05-25 13:13:31,245 | DEBUG    | httpcore.http11      | send_request_headers.started request=<Request [b'HEAD']>
2026-05-25 13:13:31,245 | DEBUG    | httpcore.http11      | send_request_headers.complete
2026-05-25 13:13:31,245 | DEBUG    | httpcore.http11      | send_request_body.started request=<Request [b'HEAD']>
2026-05-25 13:13:31,245 | DEBUG    | httpcore.http11      | send_request_body.complete
2026-05-25 13:13:31,245 | DEBUG    | httpcore.http11      | receive_response_headers.started request=<Request [b'HEAD']>
2026-05-25 13:13:31,269 | DEBUG    | httpcore.http11      | receive_response_headers.complete return_value=(b'HTTP/1.1', 200, b'OK', [(b'Content-Type', b'text/plain; charset=utf-8'), (b'Content-Length', b'229'), (b'Connection', b'keep-alive'), (b'Date', b'Sat, 23 May 2026 16:52:52 GMT'), (b'ETag', b'"f7640f94e81bb7f4f04daf1668850b38763a13d9"'), (b'X-Powered-By', b'huggingface-moon'), (b'X-Request-Id', b'Root=1-6a11db64-353ecde50d764e0126445d81;a473582b-af0f-4ac3-9ef1-267fcb60c843'), (b'RateLimit', b'"resolvers";r=4998;t=183'), (b'RateLimit-Policy', b'"fixed window";"resolvers";q=5000;w=300'), (b'cross-origin-opener-policy', b'same-origin'), (b'Referrer-Policy', b'strict-origin-when-cross-origin'), (b'Access-Control-Max-Age', b'86400'), (b'Access-Control-Allow-Origin', b'https://huggingface.co'), (b'Access-Control-Expose-Headers', b'X-Repo-Commit,X-Request-Id,X-Error-Code,X-Error-Message,X-Total-Count,ETag,Link,Accept-Ranges,Content-Range,X-Linked-Size,X-Linked-ETag,X-Xet-Hash'), (b'X-Repo-Commit', b'e8f8c211226b894fcb81acc59f3b34ba3efd5f42'), (b'Accept-Ranges', b'bytes'), (b'X-Hub-Cache', b'MISS'), (b'Content-Disposition', b'inline; filename*=UTF-8\'\'modules.json; filename="modules.json";'), (b'Content-Security-Policy', b"default-src 'none'; sandbox"), (b'Vary', b'Origin'), (b'X-Cache', b'Hit from cloudfront'), (b'Via', b'1.1 300b37db84213522f613ff36077caa62.cloudfront.net (CloudFront)'), (b'X-Amz-Cf-Pop', b'HEL51-P2'), (b'X-Amz-Cf-Id', b'HDPPPHn2hHMjYjEFG6GC8xuQlMIfu0iTc35uCBYp-7C_1OitE-8vVQ=='), (b'Age', b'148839')])
2026-05-25 13:13:31,270 | INFO     | httpx                | HTTP Request: HEAD https://huggingface.co/api/resolve-cache/models/sentence-transformers/paraphrase-multilingual-MiniLM-L12-v2/e8f8c211226b894fcb81acc59f3b34ba3efd5f42/modules.json "HTTP/1.1 200 OK"
2026-05-25 13:13:31,270 | DEBUG    | httpcore.http11      | receive_response_body.started request=<Request [b'HEAD']>
2026-05-25 13:13:31,270 | DEBUG    | httpcore.http11      | receive_response_body.complete
2026-05-25 13:13:31,270 | DEBUG    | httpcore.http11      | response_closed.started
2026-05-25 13:13:31,270 | DEBUG    | httpcore.http11      | response_closed.complete
2026-05-25 13:13:31,279 | DEBUG    | httpcore.http11      | send_request_headers.started request=<Request [b'HEAD']>
2026-05-25 13:13:31,279 | DEBUG    | httpcore.http11      | send_request_headers.complete
2026-05-25 13:13:31,279 | DEBUG    | httpcore.http11      | send_request_body.started request=<Request [b'HEAD']>
2026-05-25 13:13:31,280 | DEBUG    | httpcore.http11      | send_request_body.complete
2026-05-25 13:13:31,280 | DEBUG    | httpcore.http11      | receive_response_headers.started request=<Request [b'HEAD']>
2026-05-25 13:13:31,430 | DEBUG    | httpcore.http11      | receive_response_headers.complete return_value=(b'HTTP/1.1', 307, b'Temporary Redirect', [(b'Content-Type', b'text/plain; charset=utf-8'), (b'Content-Length', b'350'), (b'Connection', b'keep-alive'), (b'Date', b'Mon, 25 May 2026 10:13:31 GMT'), (b'Location', b'/api/resolve-cache/models/sentence-transformers/paraphrase-multilingual-MiniLM-L12-v2/e8f8c211226b894fcb81acc59f3b34ba3efd5f42/sentence_bert_config.json?%2Fsentence-transformers%2Fparaphrase-multilingual-MiniLM-L12-v2%2Fresolve%2Fmain%2Fsentence_bert_config.json=&etag=%225fd10429389515d3e5cccdeda08cae5fea1ae82e%22'), (b'X-Powered-By', b'huggingface-moon'), (b'X-Request-Id', b'Root=1-6a1420cb-2629b0725d76deec01849e00;8ae2fa9f-f91b-4f8b-a2df-002855d2ff4e'), (b'RateLimit', b'"resolvers";r=4991;t=144'), (b'RateLimit-Policy', b'"fixed window";"resolvers";q=5000;w=300'), (b'cross-origin-opener-policy', b'same-origin'), (b'Referrer-Policy', b'strict-origin-when-cross-origin'), (b'Access-Control-Max-Age', b'86400'), (b'Access-Control-Allow-Origin', b'https://huggingface.co'), (b'Vary', b'Origin, Accept'), (b'Access-Control-Expose-Headers', b'X-Repo-Commit,X-Request-Id,X-Error-Code,X-Error-Message,X-Total-Count,ETag,Link,Accept-Ranges,Content-Range,X-Linked-Size,X-Linked-ETag,X-Xet-Hash'), (b'X-Repo-Commit', b'e8f8c211226b894fcb81acc59f3b34ba3efd5f42'), (b'Accept-Ranges', b'bytes'), (b'X-Hub-Cache', b'HIT'), (b'Content-Disposition', b'inline; filename*=UTF-8\'\'sentence_bert_config.json; filename="sentence_bert_config.json";'), (b'Content-Security-Policy', b"default-src 'none'; sandbox"), (b'X-Linked-ETag', b'"5fd10429389515d3e5cccdeda08cae5fea1ae82e"'), (b'X-Cache', b'Miss from cloudfront'), (b'Via', b'1.1 300b37db84213522f613ff36077caa62.cloudfront.net (CloudFront)'), (b'X-Amz-Cf-Pop', b'HEL51-P2'), (b'X-Amz-Cf-Id', b'LwKkakyKepZTlPEhB5MPCrOKFsnwMfrvUrgRK0KjfpsJp2pJ4ctBdA==')])
2026-05-25 13:13:31,430 | INFO     | httpx                | HTTP Request: HEAD https://huggingface.co/sentence-transformers/paraphrase-multilingual-MiniLM-L12-v2/resolve/main/sentence_bert_config.json "HTTP/1.1 307 Temporary Redirect"
2026-05-25 13:13:31,431 | DEBUG    | httpcore.http11      | receive_response_body.started request=<Request [b'HEAD']>
2026-05-25 13:13:31,432 | DEBUG    | httpcore.http11      | receive_response_body.complete
2026-05-25 13:13:31,432 | DEBUG    | httpcore.http11      | response_closed.started
2026-05-25 13:13:31,432 | DEBUG    | httpcore.http11      | response_closed.complete
2026-05-25 13:13:31,433 | DEBUG    | httpcore.http11      | send_request_headers.started request=<Request [b'HEAD']>
2026-05-25 13:13:31,434 | DEBUG    | httpcore.http11      | send_request_headers.complete
2026-05-25 13:13:31,434 | DEBUG    | httpcore.http11      | send_request_body.started request=<Request [b'HEAD']>
2026-05-25 13:13:31,434 | DEBUG    | httpcore.http11      | send_request_body.complete
2026-05-25 13:13:31,435 | DEBUG    | httpcore.http11      | receive_response_headers.started request=<Request [b'HEAD']>
2026-05-25 13:13:31,456 | DEBUG    | httpcore.http11      | receive_response_headers.complete return_value=(b'HTTP/1.1', 200, b'OK', [(b'Content-Type', b'text/plain; charset=utf-8'), (b'Content-Length', b'53'), (b'Connection', b'keep-alive'), (b'Date', b'Sat, 23 May 2026 16:52:54 GMT'), (b'ETag', b'"5fd10429389515d3e5cccdeda08cae5fea1ae82e"'), (b'X-Powered-By', b'huggingface-moon'), (b'X-Request-Id', b'Root=1-6a11db66-63b5b0922ea7996a0f310dbf;a57418a0-b144-4cf6-a664-968ad2d7a2d6'), (b'RateLimit', b'"resolvers";r=4987;t=181'), (b'RateLimit-Policy', b'"fixed window";"resolvers";q=5000;w=300'), (b'cross-origin-opener-policy', b'same-origin'), (b'Referrer-Policy', b'strict-origin-when-cross-origin'), (b'Access-Control-Max-Age', b'86400'), (b'Access-Control-Allow-Origin', b'https://huggingface.co'), (b'Access-Control-Expose-Headers', b'X-Repo-Commit,X-Request-Id,X-Error-Code,X-Error-Message,X-Total-Count,ETag,Link,Accept-Ranges,Content-Range,X-Linked-Size,X-Linked-ETag,X-Xet-Hash'), (b'X-Repo-Commit', b'e8f8c211226b894fcb81acc59f3b34ba3efd5f42'), (b'Accept-Ranges', b'bytes'), (b'X-Hub-Cache', b'MISS'), (b'Content-Disposition', b'inline; filename*=UTF-8\'\'sentence_bert_config.json; filename="sentence_bert_config.json";'), (b'Content-Security-Policy', b"default-src 'none'; sandbox"), (b'Vary', b'Origin'), (b'X-Cache', b'Hit from cloudfront'), (b'Via', b'1.1 300b37db84213522f613ff36077caa62.cloudfront.net (CloudFront)'), (b'X-Amz-Cf-Pop', b'HEL51-P2'), (b'X-Amz-Cf-Id', b'nZ-Bcs2wiyhUtzE7PjpnBKrCaBckxdVgdRxCHNGxU2BMt1XpiqUOow=='), (b'Age', b'148837')])
2026-05-25 13:13:31,457 | INFO     | httpx                | HTTP Request: HEAD https://huggingface.co/api/resolve-cache/models/sentence-transformers/paraphrase-multilingual-MiniLM-L12-v2/e8f8c211226b894fcb81acc59f3b34ba3efd5f42/sentence_bert_config.json "HTTP/1.1 200 OK"
2026-05-25 13:13:31,457 | DEBUG    | httpcore.http11      | receive_response_body.started request=<Request [b'HEAD']>
2026-05-25 13:13:31,457 | DEBUG    | httpcore.http11      | receive_response_body.complete
2026-05-25 13:13:31,457 | DEBUG    | httpcore.http11      | response_closed.started
2026-05-25 13:13:31,457 | DEBUG    | httpcore.http11      | response_closed.complete
2026-05-25 13:13:31,462 | DEBUG    | httpcore.http11      | send_request_headers.started request=<Request [b'HEAD']>
2026-05-25 13:13:31,463 | DEBUG    | httpcore.http11      | send_request_headers.complete
2026-05-25 13:13:31,463 | DEBUG    | httpcore.http11      | send_request_body.started request=<Request [b'HEAD']>
2026-05-25 13:13:31,463 | DEBUG    | httpcore.http11      | send_request_body.complete
2026-05-25 13:13:31,463 | DEBUG    | httpcore.http11      | receive_response_headers.started request=<Request [b'HEAD']>
2026-05-25 13:13:31,614 | DEBUG    | httpcore.http11      | receive_response_headers.complete return_value=(b'HTTP/1.1', 404, b'Not Found', [(b'Content-Type', b'text/plain; charset=utf-8'), (b'Content-Length', b'15'), (b'Connection', b'keep-alive'), (b'Date', b'Mon, 25 May 2026 10:13:31 GMT'), (b'ETag', b'W/"f-mY2VvLxuxB7KhsoOdQTlMTccuAQ"'), (b'X-Powered-By', b'huggingface-moon'), (b'X-Request-Id', b'Root=1-6a1420cb-6db944b4015fa008332bcd5a;04bd61a2-0165-45b8-9b35-eebb45f8c14b'), (b'RateLimit', b'"resolvers";r=4990;t=144'), (b'RateLimit-Policy', b'"fixed window";"resolvers";q=5000;w=300'), (b'cross-origin-opener-policy', b'same-origin'), (b'Referrer-Policy', b'strict-origin-when-cross-origin'), (b'Access-Control-Max-Age', b'86400'), (b'Access-Control-Allow-Origin', b'https://huggingface.co'), (b'Vary', b'Origin'), (b'Access-Control-Expose-Headers', b'X-Repo-Commit,X-Request-Id,X-Error-Code,X-Error-Message,X-Total-Count,ETag,Link,Accept-Ranges,Content-Range,X-Linked-Size,X-Linked-ETag,X-Xet-Hash'), (b'X-Repo-Commit', b'e8f8c211226b894fcb81acc59f3b34ba3efd5f42'), (b'Accept-Ranges', b'bytes'), (b'X-Hub-Cache', b'MISS'), (b'X-Error-Code', b'EntryNotFound'), (b'X-Error-Message', b'Entry not found'), (b'X-Cache', b'Error from cloudfront'), (b'Via', b'1.1 300b37db84213522f613ff36077caa62.cloudfront.net (CloudFront)'), (b'X-Amz-Cf-Pop', b'HEL51-P2'), (b'X-Amz-Cf-Id', b'Cgm88yZwC_PPi2vnKzbvGtFmESU6hhgok1jdxXsBXkPpcNW7YK_jIg==')])
2026-05-25 13:13:31,615 | INFO     | httpx                | HTTP Request: HEAD https://huggingface.co/sentence-transformers/paraphrase-multilingual-MiniLM-L12-v2/resolve/main/adapter_config.json "HTTP/1.1 404 Not Found"
2026-05-25 13:13:31,615 | DEBUG    | httpcore.http11      | receive_response_body.started request=<Request [b'HEAD']>
2026-05-25 13:13:31,615 | DEBUG    | httpcore.http11      | receive_response_body.complete
2026-05-25 13:13:31,615 | DEBUG    | httpcore.http11      | response_closed.started
2026-05-25 13:13:31,615 | DEBUG    | httpcore.http11      | response_closed.complete
2026-05-25 13:13:31,629 | DEBUG    | httpcore.http11      | send_request_headers.started request=<Request [b'HEAD']>
2026-05-25 13:13:31,629 | DEBUG    | httpcore.http11      | send_request_headers.complete
2026-05-25 13:13:31,630 | DEBUG    | httpcore.http11      | send_request_body.started request=<Request [b'HEAD']>
2026-05-25 13:13:31,630 | DEBUG    | httpcore.http11      | send_request_body.complete
2026-05-25 13:13:31,630 | DEBUG    | httpcore.http11      | receive_response_headers.started request=<Request [b'HEAD']>
2026-05-25 13:13:31,779 | DEBUG    | httpcore.http11      | receive_response_headers.complete return_value=(b'HTTP/1.1', 307, b'Temporary Redirect', [(b'Content-Type', b'text/plain; charset=utf-8'), (b'Content-Length', b'322'), (b'Connection', b'keep-alive'), (b'Date', b'Mon, 25 May 2026 10:13:31 GMT'), (b'Location', b'/api/resolve-cache/models/sentence-transformers/paraphrase-multilingual-MiniLM-L12-v2/e8f8c211226b894fcb81acc59f3b34ba3efd5f42/config.json?%2Fsentence-transformers%2Fparaphrase-multilingual-MiniLM-L12-v2%2Fresolve%2Fmain%2Fconfig.json=&etag=%22c06d5b49495f044e6380e68a60538be17a6bd5d1%22'), (b'X-Powered-By', b'huggingface-moon'), (b'X-Request-Id', b'Root=1-6a1420cb-6023549f20fe74d0423b3679;d8a96cba-b820-405a-99fe-1c16c4dcda2c'), (b'RateLimit', b'"resolvers";r=4989;t=144'), (b'RateLimit-Policy', b'"fixed window";"resolvers";q=5000;w=300'), (b'cross-origin-opener-policy', b'same-origin'), (b'Referrer-Policy', b'strict-origin-when-cross-origin'), (b'Access-Control-Max-Age', b'86400'), (b'Access-Control-Allow-Origin', b'https://huggingface.co'), (b'Vary', b'Origin, Accept'), (b'Access-Control-Expose-Headers', b'X-Repo-Commit,X-Request-Id,X-Error-Code,X-Error-Message,X-Total-Count,ETag,Link,Accept-Ranges,Content-Range,X-Linked-Size,X-Linked-ETag,X-Xet-Hash'), (b'X-Repo-Commit', b'e8f8c211226b894fcb81acc59f3b34ba3efd5f42'), (b'Accept-Ranges', b'bytes'), (b'X-Hub-Cache', b'HIT'), (b'Content-Disposition', b'inline; filename*=UTF-8\'\'config.json; filename="config.json";'), (b'Content-Security-Policy', b"default-src 'none'; sandbox"), (b'X-Linked-ETag', b'"c06d5b49495f044e6380e68a60538be17a6bd5d1"'), (b'X-Cache', b'Miss from cloudfront'), (b'Via', b'1.1 300b37db84213522f613ff36077caa62.cloudfront.net (CloudFront)'), (b'X-Amz-Cf-Pop', b'HEL51-P2'), (b'X-Amz-Cf-Id', b'Fd3mtwZwxRBOZtravy326HH-4AcPyWyw1oJuVHJW06GaYbqvJ54IgA==')])
2026-05-25 13:13:31,780 | INFO     | httpx                | HTTP Request: HEAD https://huggingface.co/sentence-transformers/paraphrase-multilingual-MiniLM-L12-v2/resolve/main/config.json "HTTP/1.1 307 Temporary Redirect"
2026-05-25 13:13:31,780 | DEBUG    | httpcore.http11      | receive_response_body.started request=<Request [b'HEAD']>
2026-05-25 13:13:31,781 | DEBUG    | httpcore.http11      | receive_response_body.complete
2026-05-25 13:13:31,781 | DEBUG    | httpcore.http11      | response_closed.started
2026-05-25 13:13:31,781 | DEBUG    | httpcore.http11      | response_closed.complete
2026-05-25 13:13:31,781 | DEBUG    | httpcore.http11      | send_request_headers.started request=<Request [b'HEAD']>
2026-05-25 13:13:31,782 | DEBUG    | httpcore.http11      | send_request_headers.complete
2026-05-25 13:13:31,782 | DEBUG    | httpcore.http11      | send_request_body.started request=<Request [b'HEAD']>
2026-05-25 13:13:31,782 | DEBUG    | httpcore.http11      | send_request_body.complete
2026-05-25 13:13:31,782 | DEBUG    | httpcore.http11      | receive_response_headers.started request=<Request [b'HEAD']>
2026-05-25 13:13:31,805 | DEBUG    | httpcore.http11      | receive_response_headers.complete return_value=(b'HTTP/1.1', 200, b'OK', [(b'Content-Type', b'text/plain; charset=utf-8'), (b'Content-Length', b'645'), (b'Connection', b'keep-alive'), (b'Date', b'Sat, 23 May 2026 16:52:55 GMT'), (b'ETag', b'"c06d5b49495f044e6380e68a60538be17a6bd5d1"'), (b'X-Powered-By', b'huggingface-moon'), (b'X-Request-Id', b'Root=1-6a11db67-2ad77e595d0c35132f3135d5;4da4a2fd-bd36-4550-ac7d-380303f2f2bc'), (b'RateLimit', b'"resolvers";r=4983;t=180'), (b'RateLimit-Policy', b'"fixed window";"resolvers";q=5000;w=300'), (b'cross-origin-opener-policy', b'same-origin'), (b'Referrer-Policy', b'strict-origin-when-cross-origin'), (b'Access-Control-Max-Age', b'86400'), (b'Access-Control-Allow-Origin', b'https://huggingface.co'), (b'Access-Control-Expose-Headers', b'X-Repo-Commit,X-Request-Id,X-Error-Code,X-Error-Message,X-Total-Count,ETag,Link,Accept-Ranges,Content-Range,X-Linked-Size,X-Linked-ETag,X-Xet-Hash'), (b'X-Repo-Commit', b'e8f8c211226b894fcb81acc59f3b34ba3efd5f42'), (b'Accept-Ranges', b'bytes'), (b'X-Hub-Cache', b'MISS'), (b'Content-Disposition', b'inline; filename*=UTF-8\'\'config.json; filename="config.json";'), (b'Content-Security-Policy', b"default-src 'none'; sandbox"), (b'Vary', b'Origin'), (b'X-Cache', b'Hit from cloudfront'), (b'Via', b'1.1 300b37db84213522f613ff36077caa62.cloudfront.net (CloudFront)'), (b'X-Amz-Cf-Pop', b'HEL51-P2'), (b'X-Amz-Cf-Id', b'JXwfF8lTe2OblgqcQ3OAAMbbVRm9uuVztd0LnU96426nbpj6xe44Xg=='), (b'Age', b'148836')])
2026-05-25 13:13:31,806 | INFO     | httpx                | HTTP Request: HEAD https://huggingface.co/api/resolve-cache/models/sentence-transformers/paraphrase-multilingual-MiniLM-L12-v2/e8f8c211226b894fcb81acc59f3b34ba3efd5f42/config.json "HTTP/1.1 200 OK"
2026-05-25 13:13:31,806 | DEBUG    | httpcore.http11      | receive_response_body.started request=<Request [b'HEAD']>
2026-05-25 13:13:31,806 | DEBUG    | httpcore.http11      | receive_response_body.complete
2026-05-25 13:13:31,807 | DEBUG    | httpcore.http11      | response_closed.started
2026-05-25 13:13:31,807 | DEBUG    | httpcore.http11      | response_closed.complete
2026-05-25 13:13:31,976 | DEBUG    | httpcore.http11      | send_request_headers.started request=<Request [b'HEAD']>
2026-05-25 13:13:31,977 | DEBUG    | httpcore.http11      | send_request_headers.complete
2026-05-25 13:13:31,977 | DEBUG    | httpcore.http11      | send_request_body.started request=<Request [b'HEAD']>
2026-05-25 13:13:31,977 | DEBUG    | httpcore.http11      | send_request_body.complete
2026-05-25 13:13:31,977 | DEBUG    | httpcore.http11      | receive_response_headers.started request=<Request [b'HEAD']>
2026-05-25 13:13:32,131 | DEBUG    | httpcore.http11      | receive_response_headers.complete return_value=(b'HTTP/1.1', 404, b'Not Found', [(b'Content-Type', b'text/plain; charset=utf-8'), (b'Content-Length', b'15'), (b'Connection', b'keep-alive'), (b'Date', b'Mon, 25 May 2026 10:13:32 GMT'), (b'ETag', b'W/"f-mY2VvLxuxB7KhsoOdQTlMTccuAQ"'), (b'X-Powered-By', b'huggingface-moon'), (b'X-Request-Id', b'Root=1-6a1420cc-2370947a3542ba461fe2fe8f;cac4a85e-31fa-4995-ad84-644b8bc442da'), (b'RateLimit', b'"resolvers";r=4988;t=143'), (b'RateLimit-Policy', b'"fixed window";"resolvers";q=5000;w=300'), (b'cross-origin-opener-policy', b'same-origin'), (b'Referrer-Policy', b'strict-origin-when-cross-origin'), (b'Access-Control-Max-Age', b'86400'), (b'Access-Control-Allow-Origin', b'https://huggingface.co'), (b'Vary', b'Origin'), (b'Access-Control-Expose-Headers', b'X-Repo-Commit,X-Request-Id,X-Error-Code,X-Error-Message,X-Total-Count,ETag,Link,Accept-Ranges,Content-Range,X-Linked-Size,X-Linked-ETag,X-Xet-Hash'), (b'X-Repo-Commit', b'e8f8c211226b894fcb81acc59f3b34ba3efd5f42'), (b'Accept-Ranges', b'bytes'), (b'X-Hub-Cache', b'MISS'), (b'X-Error-Code', b'EntryNotFound'), (b'X-Error-Message', b'Entry not found'), (b'X-Cache', b'Error from cloudfront'), (b'Via', b'1.1 300b37db84213522f613ff36077caa62.cloudfront.net (CloudFront)'), (b'X-Amz-Cf-Pop', b'HEL51-P2'), (b'X-Amz-Cf-Id', b'j8WRcBWqv9Fk0N3EtMIju0rYQLhrOLR23HCJyOnxq2xok5F5i5iHyQ==')])
2026-05-25 13:13:32,132 | INFO     | httpx                | HTTP Request: HEAD https://huggingface.co/sentence-transformers/paraphrase-multilingual-MiniLM-L12-v2/resolve/main/processor_config.json "HTTP/1.1 404 Not Found"
2026-05-25 13:13:32,132 | DEBUG    | httpcore.http11      | receive_response_body.started request=<Request [b'HEAD']>
2026-05-25 13:13:32,132 | DEBUG    | httpcore.http11      | receive_response_body.complete
2026-05-25 13:13:32,132 | DEBUG    | httpcore.http11      | response_closed.started
2026-05-25 13:13:32,132 | DEBUG    | httpcore.http11      | response_closed.complete
2026-05-25 13:13:32,144 | DEBUG    | httpcore.http11      | send_request_headers.started request=<Request [b'HEAD']>
2026-05-25 13:13:32,144 | DEBUG    | httpcore.http11      | send_request_headers.complete
2026-05-25 13:13:32,145 | DEBUG    | httpcore.http11      | send_request_body.started request=<Request [b'HEAD']>
2026-05-25 13:13:32,145 | DEBUG    | httpcore.http11      | send_request_body.complete
2026-05-25 13:13:32,145 | DEBUG    | httpcore.http11      | receive_response_headers.started request=<Request [b'HEAD']>
2026-05-25 13:13:32,296 | DEBUG    | httpcore.http11      | receive_response_headers.complete return_value=(b'HTTP/1.1', 404, b'Not Found', [(b'Content-Type', b'text/plain; charset=utf-8'), (b'Content-Length', b'15'), (b'Connection', b'keep-alive'), (b'Date', b'Mon, 25 May 2026 10:13:32 GMT'), (b'ETag', b'W/"f-mY2VvLxuxB7KhsoOdQTlMTccuAQ"'), (b'X-Powered-By', b'huggingface-moon'), (b'X-Request-Id', b'Root=1-6a1420cc-627e85731fed407d4c7c5fe9;b7488430-67b0-484b-a3b5-c0fa47847d8a'), (b'RateLimit', b'"resolvers";r=4987;t=143'), (b'RateLimit-Policy', b'"fixed window";"resolvers";q=5000;w=300'), (b'cross-origin-opener-policy', b'same-origin'), (b'Referrer-Policy', b'strict-origin-when-cross-origin'), (b'Access-Control-Max-Age', b'86400'), (b'Access-Control-Allow-Origin', b'https://huggingface.co'), (b'Vary', b'Origin'), (b'Access-Control-Expose-Headers', b'X-Repo-Commit,X-Request-Id,X-Error-Code,X-Error-Message,X-Total-Count,ETag,Link,Accept-Ranges,Content-Range,X-Linked-Size,X-Linked-ETag,X-Xet-Hash'), (b'X-Repo-Commit', b'e8f8c211226b894fcb81acc59f3b34ba3efd5f42'), (b'Accept-Ranges', b'bytes'), (b'X-Hub-Cache', b'MISS'), (b'X-Error-Code', b'EntryNotFound'), (b'X-Error-Message', b'Entry not found'), (b'X-Cache', b'Error from cloudfront'), (b'Via', b'1.1 300b37db84213522f613ff36077caa62.cloudfront.net (CloudFront)'), (b'X-Amz-Cf-Pop', b'HEL51-P2'), (b'X-Amz-Cf-Id', b'KwJsTgTfXkNp2lrd9-c1Ih02dRS8X0akJPCpwQFLSbIinspG5m6hzQ==')])
2026-05-25 13:13:32,297 | INFO     | httpx                | HTTP Request: HEAD https://huggingface.co/sentence-transformers/paraphrase-multilingual-MiniLM-L12-v2/resolve/main/preprocessor_config.json "HTTP/1.1 404 Not Found"
2026-05-25 13:13:32,297 | DEBUG    | httpcore.http11      | receive_response_body.started request=<Request [b'HEAD']>
2026-05-25 13:13:32,297 | DEBUG    | httpcore.http11      | receive_response_body.complete
2026-05-25 13:13:32,297 | DEBUG    | httpcore.http11      | response_closed.started
2026-05-25 13:13:32,298 | DEBUG    | httpcore.http11      | response_closed.complete
2026-05-25 13:13:32,310 | DEBUG    | httpcore.http11      | send_request_headers.started request=<Request [b'HEAD']>
2026-05-25 13:13:32,310 | DEBUG    | httpcore.http11      | send_request_headers.complete
2026-05-25 13:13:32,310 | DEBUG    | httpcore.http11      | send_request_body.started request=<Request [b'HEAD']>
2026-05-25 13:13:32,311 | DEBUG    | httpcore.http11      | send_request_body.complete
2026-05-25 13:13:32,311 | DEBUG    | httpcore.http11      | receive_response_headers.started request=<Request [b'HEAD']>
2026-05-25 13:13:32,462 | DEBUG    | httpcore.http11      | receive_response_headers.complete return_value=(b'HTTP/1.1', 404, b'Not Found', [(b'Content-Type', b'text/plain; charset=utf-8'), (b'Content-Length', b'15'), (b'Connection', b'keep-alive'), (b'Date', b'Mon, 25 May 2026 10:13:32 GMT'), (b'ETag', b'W/"f-mY2VvLxuxB7KhsoOdQTlMTccuAQ"'), (b'X-Powered-By', b'huggingface-moon'), (b'X-Request-Id', b'Root=1-6a1420cc-4aea098a1158b9d761f9bb2a;5d9719b0-19a2-470b-852b-fbf53f2d9384'), (b'RateLimit', b'"resolvers";r=4986;t=143'), (b'RateLimit-Policy', b'"fixed window";"resolvers";q=5000;w=300'), (b'cross-origin-opener-policy', b'same-origin'), (b'Referrer-Policy', b'strict-origin-when-cross-origin'), (b'Access-Control-Max-Age', b'86400'), (b'Access-Control-Allow-Origin', b'https://huggingface.co'), (b'Vary', b'Origin'), (b'Access-Control-Expose-Headers', b'X-Repo-Commit,X-Request-Id,X-Error-Code,X-Error-Message,X-Total-Count,ETag,Link,Accept-Ranges,Content-Range,X-Linked-Size,X-Linked-ETag,X-Xet-Hash'), (b'X-Repo-Commit', b'e8f8c211226b894fcb81acc59f3b34ba3efd5f42'), (b'Accept-Ranges', b'bytes'), (b'X-Hub-Cache', b'MISS'), (b'X-Error-Code', b'EntryNotFound'), (b'X-Error-Message', b'Entry not found'), (b'X-Cache', b'Error from cloudfront'), (b'Via', b'1.1 300b37db84213522f613ff36077caa62.cloudfront.net (CloudFront)'), (b'X-Amz-Cf-Pop', b'HEL51-P2'), (b'X-Amz-Cf-Id', b'81sV7wKse5AfFtM-JZsa11pULwYkyMbVaflJL5JQdd-EOk4Wee9PXg==')])
2026-05-25 13:13:32,462 | INFO     | httpx                | HTTP Request: HEAD https://huggingface.co/sentence-transformers/paraphrase-multilingual-MiniLM-L12-v2/resolve/main/video_preprocessor_config.json "HTTP/1.1 404 Not Found"
2026-05-25 13:13:32,462 | DEBUG    | httpcore.http11      | receive_response_body.started request=<Request [b'HEAD']>
2026-05-25 13:13:32,462 | DEBUG    | httpcore.http11      | receive_response_body.complete
2026-05-25 13:13:32,463 | DEBUG    | httpcore.http11      | response_closed.started
2026-05-25 13:13:32,463 | DEBUG    | httpcore.http11      | response_closed.complete
2026-05-25 13:13:32,470 | DEBUG    | httpcore.http11      | send_request_headers.started request=<Request [b'HEAD']>
2026-05-25 13:13:32,470 | DEBUG    | httpcore.http11      | send_request_headers.complete
2026-05-25 13:13:32,470 | DEBUG    | httpcore.http11      | send_request_body.started request=<Request [b'HEAD']>
2026-05-25 13:13:32,470 | DEBUG    | httpcore.http11      | send_request_body.complete
2026-05-25 13:13:32,471 | DEBUG    | httpcore.http11      | receive_response_headers.started request=<Request [b'HEAD']>
2026-05-25 13:13:32,625 | DEBUG    | httpcore.http11      | receive_response_headers.complete return_value=(b'HTTP/1.1', 404, b'Not Found', [(b'Content-Type', b'text/plain; charset=utf-8'), (b'Content-Length', b'15'), (b'Connection', b'keep-alive'), (b'Date', b'Mon, 25 May 2026 10:13:32 GMT'), (b'ETag', b'W/"f-mY2VvLxuxB7KhsoOdQTlMTccuAQ"'), (b'X-Powered-By', b'huggingface-moon'), (b'X-Request-Id', b'Root=1-6a1420cc-024d98737001e26f5033d0b4;fdb14ced-bb6d-4527-9e06-4ffa49d0b97e'), (b'RateLimit', b'"resolvers";r=4985;t=143'), (b'RateLimit-Policy', b'"fixed window";"resolvers";q=5000;w=300'), (b'cross-origin-opener-policy', b'same-origin'), (b'Referrer-Policy', b'strict-origin-when-cross-origin'), (b'Access-Control-Max-Age', b'86400'), (b'Access-Control-Allow-Origin', b'https://huggingface.co'), (b'Vary', b'Origin'), (b'Access-Control-Expose-Headers', b'X-Repo-Commit,X-Request-Id,X-Error-Code,X-Error-Message,X-Total-Count,ETag,Link,Accept-Ranges,Content-Range,X-Linked-Size,X-Linked-ETag,X-Xet-Hash'), (b'X-Repo-Commit', b'e8f8c211226b894fcb81acc59f3b34ba3efd5f42'), (b'Accept-Ranges', b'bytes'), (b'X-Hub-Cache', b'MISS'), (b'X-Error-Code', b'EntryNotFound'), (b'X-Error-Message', b'Entry not found'), (b'X-Cache', b'Error from cloudfront'), (b'Via', b'1.1 300b37db84213522f613ff36077caa62.cloudfront.net (CloudFront)'), (b'X-Amz-Cf-Pop', b'HEL51-P2'), (b'X-Amz-Cf-Id', b'yrzSsrF1ccjedXgok3fAQ-hNL6pjKVjiw43kldWA-qCmde5lknwQyw==')])
2026-05-25 13:13:32,626 | INFO     | httpx                | HTTP Request: HEAD https://huggingface.co/sentence-transformers/paraphrase-multilingual-MiniLM-L12-v2/resolve/main/preprocessor_config.json "HTTP/1.1 404 Not Found"
2026-05-25 13:13:32,626 | DEBUG    | httpcore.http11      | receive_response_body.started request=<Request [b'HEAD']>
2026-05-25 13:13:32,626 | DEBUG    | httpcore.http11      | receive_response_body.complete
2026-05-25 13:13:32,626 | DEBUG    | httpcore.http11      | response_closed.started
2026-05-25 13:13:32,627 | DEBUG    | httpcore.http11      | response_closed.complete
2026-05-25 13:13:32,638 | DEBUG    | httpcore.http11      | send_request_headers.started request=<Request [b'HEAD']>
2026-05-25 13:13:32,638 | DEBUG    | httpcore.http11      | send_request_headers.complete
2026-05-25 13:13:32,639 | DEBUG    | httpcore.http11      | send_request_body.started request=<Request [b'HEAD']>
2026-05-25 13:13:32,639 | DEBUG    | httpcore.http11      | send_request_body.complete
2026-05-25 13:13:32,639 | DEBUG    | httpcore.http11      | receive_response_headers.started request=<Request [b'HEAD']>
2026-05-25 13:13:32,793 | DEBUG    | httpcore.http11      | receive_response_headers.complete return_value=(b'HTTP/1.1', 307, b'Temporary Redirect', [(b'Content-Type', b'text/plain; charset=utf-8'), (b'Content-Length', b'342'), (b'Connection', b'keep-alive'), (b'Date', b'Mon, 25 May 2026 10:13:32 GMT'), (b'Location', b'/api/resolve-cache/models/sentence-transformers/paraphrase-multilingual-MiniLM-L12-v2/e8f8c211226b894fcb81acc59f3b34ba3efd5f42/tokenizer_config.json?%2Fsentence-transformers%2Fparaphrase-multilingual-MiniLM-L12-v2%2Fresolve%2Fmain%2Ftokenizer_config.json=&etag=%223c1b565ae10a15a1d0c31096f834af2fd9359e91%22'), (b'X-Powered-By', b'huggingface-moon'), (b'X-Request-Id', b'Root=1-6a1420cc-32d3748f36312c4206abde09;eea5b8ff-6f89-4f50-933b-e635f2f8fd65'), (b'RateLimit', b'"resolvers";r=4984;t=143'), (b'RateLimit-Policy', b'"fixed window";"resolvers";q=5000;w=300'), (b'cross-origin-opener-policy', b'same-origin'), (b'Referrer-Policy', b'strict-origin-when-cross-origin'), (b'Access-Control-Max-Age', b'86400'), (b'Access-Control-Allow-Origin', b'https://huggingface.co'), (b'Vary', b'Origin, Accept'), (b'Access-Control-Expose-Headers', b'X-Repo-Commit,X-Request-Id,X-Error-Code,X-Error-Message,X-Total-Count,ETag,Link,Accept-Ranges,Content-Range,X-Linked-Size,X-Linked-ETag,X-Xet-Hash'), (b'X-Repo-Commit', b'e8f8c211226b894fcb81acc59f3b34ba3efd5f42'), (b'Accept-Ranges', b'bytes'), (b'X-Hub-Cache', b'HIT'), (b'Content-Disposition', b'inline; filename*=UTF-8\'\'tokenizer_config.json; filename="tokenizer_config.json";'), (b'Content-Security-Policy', b"default-src 'none'; sandbox"), (b'X-Linked-ETag', b'"3c1b565ae10a15a1d0c31096f834af2fd9359e91"'), (b'X-Cache', b'Miss from cloudfront'), (b'Via', b'1.1 300b37db84213522f613ff36077caa62.cloudfront.net (CloudFront)'), (b'X-Amz-Cf-Pop', b'HEL51-P2'), (b'X-Amz-Cf-Id', b'xyc0poSm8xObX-T-t4Kpd65S2it7GfuUyBeKeg1fh60M9ggeb3LxiA==')])
2026-05-25 13:13:32,794 | INFO     | httpx                | HTTP Request: HEAD https://huggingface.co/sentence-transformers/paraphrase-multilingual-MiniLM-L12-v2/resolve/main/tokenizer_config.json "HTTP/1.1 307 Temporary Redirect"
2026-05-25 13:13:32,795 | DEBUG    | httpcore.http11      | receive_response_body.started request=<Request [b'HEAD']>
2026-05-25 13:13:32,795 | DEBUG    | httpcore.http11      | receive_response_body.complete
2026-05-25 13:13:32,795 | DEBUG    | httpcore.http11      | response_closed.started
2026-05-25 13:13:32,795 | DEBUG    | httpcore.http11      | response_closed.complete
2026-05-25 13:13:32,797 | DEBUG    | httpcore.http11      | send_request_headers.started request=<Request [b'HEAD']>
2026-05-25 13:13:32,797 | DEBUG    | httpcore.http11      | send_request_headers.complete
2026-05-25 13:13:32,797 | DEBUG    | httpcore.http11      | send_request_body.started request=<Request [b'HEAD']>
2026-05-25 13:13:32,798 | DEBUG    | httpcore.http11      | send_request_body.complete
2026-05-25 13:13:32,798 | DEBUG    | httpcore.http11      | receive_response_headers.started request=<Request [b'HEAD']>
2026-05-25 13:13:32,821 | DEBUG    | httpcore.http11      | receive_response_headers.complete return_value=(b'HTTP/1.1', 200, b'OK', [(b'Content-Type', b'text/plain; charset=utf-8'), (b'Content-Length', b'526'), (b'Connection', b'keep-alive'), (b'Date', b'Sat, 23 May 2026 16:53:14 GMT'), (b'ETag', b'"3c1b565ae10a15a1d0c31096f834af2fd9359e91"'), (b'X-Powered-By', b'huggingface-moon'), (b'X-Request-Id', b'Root=1-6a11db7a-70d238d00dffb7f31218b60e;ddd9f2d2-5b8d-43bc-91fe-8e21de0f4647'), (b'RateLimit', b'"resolvers";r=4975;t=161'), (b'RateLimit-Policy', b'"fixed window";"resolvers";q=5000;w=300'), (b'cross-origin-opener-policy', b'same-origin'), (b'Referrer-Policy', b'strict-origin-when-cross-origin'), (b'Access-Control-Max-Age', b'86400'), (b'Access-Control-Allow-Origin', b'https://huggingface.co'), (b'Access-Control-Expose-Headers', b'X-Repo-Commit,X-Request-Id,X-Error-Code,X-Error-Message,X-Total-Count,ETag,Link,Accept-Ranges,Content-Range,X-Linked-Size,X-Linked-ETag,X-Xet-Hash'), (b'X-Repo-Commit', b'e8f8c211226b894fcb81acc59f3b34ba3efd5f42'), (b'Accept-Ranges', b'bytes'), (b'X-Hub-Cache', b'MISS'), (b'Content-Disposition', b'inline; filename*=UTF-8\'\'tokenizer_config.json; filename="tokenizer_config.json";'), (b'Content-Security-Policy', b"default-src 'none'; sandbox"), (b'Vary', b'Origin'), (b'X-Cache', b'Hit from cloudfront'), (b'Via', b'1.1 300b37db84213522f613ff36077caa62.cloudfront.net (CloudFront)'), (b'X-Amz-Cf-Pop', b'HEL51-P2'), (b'X-Amz-Cf-Id', b'kW-GWQWaLU2BaSMVgsqLDb9DukXEUgo_txMw_gOKpDoonIhmh8FAXQ=='), (b'Age', b'148818')])
2026-05-25 13:13:32,821 | INFO     | httpx                | HTTP Request: HEAD https://huggingface.co/api/resolve-cache/models/sentence-transformers/paraphrase-multilingual-MiniLM-L12-v2/e8f8c211226b894fcb81acc59f3b34ba3efd5f42/tokenizer_config.json "HTTP/1.1 200 OK"
2026-05-25 13:13:32,822 | DEBUG    | httpcore.http11      | receive_response_body.started request=<Request [b'HEAD']>
2026-05-25 13:13:32,822 | DEBUG    | httpcore.http11      | receive_response_body.complete
2026-05-25 13:13:32,822 | DEBUG    | httpcore.http11      | response_closed.started
2026-05-25 13:13:32,822 | DEBUG    | httpcore.http11      | response_closed.complete
2026-05-25 13:13:32,838 | DEBUG    | httpcore.http11      | send_request_headers.started request=<Request [b'HEAD']>
2026-05-25 13:13:32,838 | DEBUG    | httpcore.http11      | send_request_headers.complete
2026-05-25 13:13:32,839 | DEBUG    | httpcore.http11      | send_request_body.started request=<Request [b'HEAD']>
2026-05-25 13:13:32,839 | DEBUG    | httpcore.http11      | send_request_body.complete
2026-05-25 13:13:32,839 | DEBUG    | httpcore.http11      | receive_response_headers.started request=<Request [b'HEAD']>
2026-05-25 13:13:32,989 | DEBUG    | httpcore.http11      | receive_response_headers.complete return_value=(b'HTTP/1.1', 307, b'Temporary Redirect', [(b'Content-Type', b'text/plain; charset=utf-8'), (b'Content-Length', b'322'), (b'Connection', b'keep-alive'), (b'Date', b'Mon, 25 May 2026 10:13:32 GMT'), (b'Location', b'/api/resolve-cache/models/sentence-transformers/paraphrase-multilingual-MiniLM-L12-v2/e8f8c211226b894fcb81acc59f3b34ba3efd5f42/config.json?%2Fsentence-transformers%2Fparaphrase-multilingual-MiniLM-L12-v2%2Fresolve%2Fmain%2Fconfig.json=&etag=%22c06d5b49495f044e6380e68a60538be17a6bd5d1%22'), (b'X-Powered-By', b'huggingface-moon'), (b'X-Request-Id', b'Root=1-6a1420cc-115c63a43487b0941f12a0d3;8f6c56b3-b4de-4b92-b763-a35caa258881'), (b'RateLimit', b'"resolvers";r=4983;t=143'), (b'RateLimit-Policy', b'"fixed window";"resolvers";q=5000;w=300'), (b'cross-origin-opener-policy', b'same-origin'), (b'Referrer-Policy', b'strict-origin-when-cross-origin'), (b'Access-Control-Max-Age', b'86400'), (b'Access-Control-Allow-Origin', b'https://huggingface.co'), (b'Vary', b'Origin, Accept'), (b'Access-Control-Expose-Headers', b'X-Repo-Commit,X-Request-Id,X-Error-Code,X-Error-Message,X-Total-Count,ETag,Link,Accept-Ranges,Content-Range,X-Linked-Size,X-Linked-ETag,X-Xet-Hash'), (b'X-Repo-Commit', b'e8f8c211226b894fcb81acc59f3b34ba3efd5f42'), (b'Accept-Ranges', b'bytes'), (b'X-Hub-Cache', b'HIT'), (b'Content-Disposition', b'inline; filename*=UTF-8\'\'config.json; filename="config.json";'), (b'Content-Security-Policy', b"default-src 'none'; sandbox"), (b'X-Linked-ETag', b'"c06d5b49495f044e6380e68a60538be17a6bd5d1"'), (b'X-Cache', b'Miss from cloudfront'), (b'Via', b'1.1 300b37db84213522f613ff36077caa62.cloudfront.net (CloudFront)'), (b'X-Amz-Cf-Pop', b'HEL51-P2'), (b'X-Amz-Cf-Id', b'kUKN-yzLwGA-wuXH86iaf6K4f-rvpdcJCq75TKPqD8IWhJPpU78_tQ==')])
2026-05-25 13:13:32,989 | INFO     | httpx                | HTTP Request: HEAD https://huggingface.co/sentence-transformers/paraphrase-multilingual-MiniLM-L12-v2/resolve/main/config.json "HTTP/1.1 307 Temporary Redirect"
2026-05-25 13:13:32,989 | DEBUG    | httpcore.http11      | receive_response_body.started request=<Request [b'HEAD']>
2026-05-25 13:13:32,990 | DEBUG    | httpcore.http11      | receive_response_body.complete
2026-05-25 13:13:32,990 | DEBUG    | httpcore.http11      | response_closed.started
2026-05-25 13:13:32,990 | DEBUG    | httpcore.http11      | response_closed.complete
2026-05-25 13:13:32,990 | DEBUG    | httpcore.http11      | send_request_headers.started request=<Request [b'HEAD']>
2026-05-25 13:13:32,991 | DEBUG    | httpcore.http11      | send_request_headers.complete
2026-05-25 13:13:32,991 | DEBUG    | httpcore.http11      | send_request_body.started request=<Request [b'HEAD']>
2026-05-25 13:13:32,991 | DEBUG    | httpcore.http11      | send_request_body.complete
2026-05-25 13:13:32,991 | DEBUG    | httpcore.http11      | receive_response_headers.started request=<Request [b'HEAD']>
2026-05-25 13:13:33,014 | DEBUG    | httpcore.http11      | receive_response_headers.complete return_value=(b'HTTP/1.1', 200, b'OK', [(b'Content-Type', b'text/plain; charset=utf-8'), (b'Content-Length', b'645'), (b'Connection', b'keep-alive'), (b'Date', b'Sat, 23 May 2026 16:52:55 GMT'), (b'ETag', b'"c06d5b49495f044e6380e68a60538be17a6bd5d1"'), (b'X-Powered-By', b'huggingface-moon'), (b'X-Request-Id', b'Root=1-6a11db67-2ad77e595d0c35132f3135d5;4da4a2fd-bd36-4550-ac7d-380303f2f2bc'), (b'RateLimit', b'"resolvers";r=4983;t=180'), (b'RateLimit-Policy', b'"fixed window";"resolvers";q=5000;w=300'), (b'cross-origin-opener-policy', b'same-origin'), (b'Referrer-Policy', b'strict-origin-when-cross-origin'), (b'Access-Control-Max-Age', b'86400'), (b'Access-Control-Allow-Origin', b'https://huggingface.co'), (b'Access-Control-Expose-Headers', b'X-Repo-Commit,X-Request-Id,X-Error-Code,X-Error-Message,X-Total-Count,ETag,Link,Accept-Ranges,Content-Range,X-Linked-Size,X-Linked-ETag,X-Xet-Hash'), (b'X-Repo-Commit', b'e8f8c211226b894fcb81acc59f3b34ba3efd5f42'), (b'Accept-Ranges', b'bytes'), (b'X-Hub-Cache', b'MISS'), (b'Content-Disposition', b'inline; filename*=UTF-8\'\'config.json; filename="config.json";'), (b'Content-Security-Policy', b"default-src 'none'; sandbox"), (b'Vary', b'Origin'), (b'X-Cache', b'Hit from cloudfront'), (b'Via', b'1.1 300b37db84213522f613ff36077caa62.cloudfront.net (CloudFront)'), (b'X-Amz-Cf-Pop', b'HEL51-P2'), (b'X-Amz-Cf-Id', b'WPbTT9cI7gOekPpfBv38BFv93ImsbYJF6QrGUhkLFU4aD77_Za3fZA=='), (b'Age', b'148838')])
2026-05-25 13:13:33,015 | INFO     | httpx                | HTTP Request: HEAD https://huggingface.co/api/resolve-cache/models/sentence-transformers/paraphrase-multilingual-MiniLM-L12-v2/e8f8c211226b894fcb81acc59f3b34ba3efd5f42/config.json "HTTP/1.1 200 OK"
2026-05-25 13:13:33,015 | DEBUG    | httpcore.http11      | receive_response_body.started request=<Request [b'HEAD']>
2026-05-25 13:13:33,015 | DEBUG    | httpcore.http11      | receive_response_body.complete
2026-05-25 13:13:33,015 | DEBUG    | httpcore.http11      | response_closed.started
2026-05-25 13:13:33,015 | DEBUG    | httpcore.http11      | response_closed.complete
2026-05-25 13:13:33,027 | DEBUG    | httpcore.http11      | send_request_headers.started request=<Request [b'HEAD']>
2026-05-25 13:13:33,028 | DEBUG    | httpcore.http11      | send_request_headers.complete
2026-05-25 13:13:33,030 | DEBUG    | httpcore.http11      | send_request_body.started request=<Request [b'HEAD']>
2026-05-25 13:13:33,031 | DEBUG    | httpcore.http11      | send_request_body.complete
2026-05-25 13:13:33,031 | DEBUG    | httpcore.http11      | receive_response_headers.started request=<Request [b'HEAD']>
2026-05-25 13:13:33,174 | DEBUG    | httpcore.http11      | receive_response_headers.complete return_value=(b'HTTP/1.1', 307, b'Temporary Redirect', [(b'Content-Type', b'text/plain; charset=utf-8'), (b'Content-Length', b'322'), (b'Connection', b'keep-alive'), (b'Date', b'Mon, 25 May 2026 10:13:33 GMT'), (b'Location', b'/api/resolve-cache/models/sentence-transformers/paraphrase-multilingual-MiniLM-L12-v2/e8f8c211226b894fcb81acc59f3b34ba3efd5f42/config.json?%2Fsentence-transformers%2Fparaphrase-multilingual-MiniLM-L12-v2%2Fresolve%2Fmain%2Fconfig.json=&etag=%22c06d5b49495f044e6380e68a60538be17a6bd5d1%22'), (b'X-Powered-By', b'huggingface-moon'), (b'X-Request-Id', b'Root=1-6a1420cd-790bbe943a122fd57b331f2c;b979194f-e3da-40c9-ad23-ea43ce42cc9c'), (b'RateLimit', b'"resolvers";r=4982;t=142'), (b'RateLimit-Policy', b'"fixed window";"resolvers";q=5000;w=300'), (b'cross-origin-opener-policy', b'same-origin'), (b'Referrer-Policy', b'strict-origin-when-cross-origin'), (b'Access-Control-Max-Age', b'86400'), (b'Access-Control-Allow-Origin', b'https://huggingface.co'), (b'Vary', b'Origin, Accept'), (b'Access-Control-Expose-Headers', b'X-Repo-Commit,X-Request-Id,X-Error-Code,X-Error-Message,X-Total-Count,ETag,Link,Accept-Ranges,Content-Range,X-Linked-Size,X-Linked-ETag,X-Xet-Hash'), (b'X-Repo-Commit', b'e8f8c211226b894fcb81acc59f3b34ba3efd5f42'), (b'Accept-Ranges', b'bytes'), (b'X-Hub-Cache', b'HIT'), (b'Content-Disposition', b'inline; filename*=UTF-8\'\'config.json; filename="config.json";'), (b'Content-Security-Policy', b"default-src 'none'; sandbox"), (b'X-Linked-ETag', b'"c06d5b49495f044e6380e68a60538be17a6bd5d1"'), (b'X-Cache', b'Miss from cloudfront'), (b'Via', b'1.1 300b37db84213522f613ff36077caa62.cloudfront.net (CloudFront)'), (b'X-Amz-Cf-Pop', b'HEL51-P2'), (b'X-Amz-Cf-Id', b'YxEGgvEyrSifod1pp_-iaJPVcmO62aKi9IpM9bfrrYP58Uurjuu2sQ==')])
2026-05-25 13:13:33,174 | INFO     | httpx                | HTTP Request: HEAD https://huggingface.co/sentence-transformers/paraphrase-multilingual-MiniLM-L12-v2/resolve/main/config.json "HTTP/1.1 307 Temporary Redirect"
2026-05-25 13:13:33,175 | DEBUG    | httpcore.http11      | receive_response_body.started request=<Request [b'HEAD']>
2026-05-25 13:13:33,176 | DEBUG    | httpcore.http11      | receive_response_body.complete
2026-05-25 13:13:33,176 | DEBUG    | httpcore.http11      | response_closed.started
2026-05-25 13:13:33,176 | DEBUG    | httpcore.http11      | response_closed.complete
2026-05-25 13:13:33,177 | DEBUG    | httpcore.http11      | send_request_headers.started request=<Request [b'HEAD']>
2026-05-25 13:13:33,178 | DEBUG    | httpcore.http11      | send_request_headers.complete
2026-05-25 13:13:33,178 | DEBUG    | httpcore.http11      | send_request_body.started request=<Request [b'HEAD']>
2026-05-25 13:13:33,178 | DEBUG    | httpcore.http11      | send_request_body.complete
2026-05-25 13:13:33,179 | DEBUG    | httpcore.http11      | receive_response_headers.started request=<Request [b'HEAD']>
2026-05-25 13:13:33,201 | DEBUG    | httpcore.http11      | receive_response_headers.complete return_value=(b'HTTP/1.1', 200, b'OK', [(b'Content-Type', b'text/plain; charset=utf-8'), (b'Content-Length', b'645'), (b'Connection', b'keep-alive'), (b'Date', b'Sat, 23 May 2026 16:52:55 GMT'), (b'ETag', b'"c06d5b49495f044e6380e68a60538be17a6bd5d1"'), (b'X-Powered-By', b'huggingface-moon'), (b'X-Request-Id', b'Root=1-6a11db67-2ad77e595d0c35132f3135d5;4da4a2fd-bd36-4550-ac7d-380303f2f2bc'), (b'RateLimit', b'"resolvers";r=4983;t=180'), (b'RateLimit-Policy', b'"fixed window";"resolvers";q=5000;w=300'), (b'cross-origin-opener-policy', b'same-origin'), (b'Referrer-Policy', b'strict-origin-when-cross-origin'), (b'Access-Control-Max-Age', b'86400'), (b'Access-Control-Allow-Origin', b'https://huggingface.co'), (b'Access-Control-Expose-Headers', b'X-Repo-Commit,X-Request-Id,X-Error-Code,X-Error-Message,X-Total-Count,ETag,Link,Accept-Ranges,Content-Range,X-Linked-Size,X-Linked-ETag,X-Xet-Hash'), (b'X-Repo-Commit', b'e8f8c211226b894fcb81acc59f3b34ba3efd5f42'), (b'Accept-Ranges', b'bytes'), (b'X-Hub-Cache', b'MISS'), (b'Content-Disposition', b'inline; filename*=UTF-8\'\'config.json; filename="config.json";'), (b'Content-Security-Policy', b"default-src 'none'; sandbox"), (b'Vary', b'Origin'), (b'X-Cache', b'Hit from cloudfront'), (b'Via', b'1.1 300b37db84213522f613ff36077caa62.cloudfront.net (CloudFront)'), (b'X-Amz-Cf-Pop', b'HEL51-P2'), (b'X-Amz-Cf-Id', b'27woHP85waTz1_TA0_wJ6xnQV8lQVyuW2wZ6Gh7lgTgoCKSzWh_QEA=='), (b'Age', b'148838')])
2026-05-25 13:13:33,202 | INFO     | httpx                | HTTP Request: HEAD https://huggingface.co/api/resolve-cache/models/sentence-transformers/paraphrase-multilingual-MiniLM-L12-v2/e8f8c211226b894fcb81acc59f3b34ba3efd5f42/config.json "HTTP/1.1 200 OK"
2026-05-25 13:13:33,202 | DEBUG    | httpcore.http11      | receive_response_body.started request=<Request [b'HEAD']>
2026-05-25 13:13:33,203 | DEBUG    | httpcore.http11      | receive_response_body.complete
2026-05-25 13:13:33,203 | DEBUG    | httpcore.http11      | response_closed.started
2026-05-25 13:13:33,203 | DEBUG    | httpcore.http11      | response_closed.complete
2026-05-25 13:13:33,221 | DEBUG    | httpcore.http11      | send_request_headers.started request=<Request [b'HEAD']>
2026-05-25 13:13:33,221 | DEBUG    | httpcore.http11      | send_request_headers.complete
2026-05-25 13:13:33,221 | DEBUG    | httpcore.http11      | send_request_body.started request=<Request [b'HEAD']>
2026-05-25 13:13:33,221 | DEBUG    | httpcore.http11      | send_request_body.complete
2026-05-25 13:13:33,221 | DEBUG    | httpcore.http11      | receive_response_headers.started request=<Request [b'HEAD']>
2026-05-25 13:13:33,372 | DEBUG    | httpcore.http11      | receive_response_headers.complete return_value=(b'HTTP/1.1', 307, b'Temporary Redirect', [(b'Content-Type', b'text/plain; charset=utf-8'), (b'Content-Length', b'342'), (b'Connection', b'keep-alive'), (b'Date', b'Mon, 25 May 2026 10:13:33 GMT'), (b'Location', b'/api/resolve-cache/models/sentence-transformers/paraphrase-multilingual-MiniLM-L12-v2/e8f8c211226b894fcb81acc59f3b34ba3efd5f42/tokenizer_config.json?%2Fsentence-transformers%2Fparaphrase-multilingual-MiniLM-L12-v2%2Fresolve%2Fmain%2Ftokenizer_config.json=&etag=%223c1b565ae10a15a1d0c31096f834af2fd9359e91%22'), (b'X-Powered-By', b'huggingface-moon'), (b'X-Request-Id', b'Root=1-6a1420cd-3f07771f703194c90aa34235;10cc211a-9c11-4fec-be01-bc25fd2d5cae'), (b'RateLimit', b'"resolvers";r=4981;t=142'), (b'RateLimit-Policy', b'"fixed window";"resolvers";q=5000;w=300'), (b'cross-origin-opener-policy', b'same-origin'), (b'Referrer-Policy', b'strict-origin-when-cross-origin'), (b'Access-Control-Max-Age', b'86400'), (b'Access-Control-Allow-Origin', b'https://huggingface.co'), (b'Vary', b'Origin, Accept'), (b'Access-Control-Expose-Headers', b'X-Repo-Commit,X-Request-Id,X-Error-Code,X-Error-Message,X-Total-Count,ETag,Link,Accept-Ranges,Content-Range,X-Linked-Size,X-Linked-ETag,X-Xet-Hash'), (b'X-Repo-Commit', b'e8f8c211226b894fcb81acc59f3b34ba3efd5f42'), (b'Accept-Ranges', b'bytes'), (b'X-Hub-Cache', b'HIT'), (b'Content-Disposition', b'inline; filename*=UTF-8\'\'tokenizer_config.json; filename="tokenizer_config.json";'), (b'Content-Security-Policy', b"default-src 'none'; sandbox"), (b'X-Linked-ETag', b'"3c1b565ae10a15a1d0c31096f834af2fd9359e91"'), (b'X-Cache', b'Miss from cloudfront'), (b'Via', b'1.1 300b37db84213522f613ff36077caa62.cloudfront.net (CloudFront)'), (b'X-Amz-Cf-Pop', b'HEL51-P2'), (b'X-Amz-Cf-Id', b'9GA08G6BUEQ8JjK8PgeEMmpOayJjaE9zk6VrGTuo8LOLp-33tJcS8g==')])
2026-05-25 13:13:33,372 | INFO     | httpx                | HTTP Request: HEAD https://huggingface.co/sentence-transformers/paraphrase-multilingual-MiniLM-L12-v2/resolve/main/tokenizer_config.json "HTTP/1.1 307 Temporary Redirect"
2026-05-25 13:13:33,373 | DEBUG    | httpcore.http11      | receive_response_body.started request=<Request [b'HEAD']>
2026-05-25 13:13:33,374 | DEBUG    | httpcore.http11      | receive_response_body.complete
2026-05-25 13:13:33,374 | DEBUG    | httpcore.http11      | response_closed.started
2026-05-25 13:13:33,374 | DEBUG    | httpcore.http11      | response_closed.complete
2026-05-25 13:13:33,375 | DEBUG    | httpcore.http11      | send_request_headers.started request=<Request [b'HEAD']>
2026-05-25 13:13:33,376 | DEBUG    | httpcore.http11      | send_request_headers.complete
2026-05-25 13:13:33,376 | DEBUG    | httpcore.http11      | send_request_body.started request=<Request [b'HEAD']>
2026-05-25 13:13:33,376 | DEBUG    | httpcore.http11      | send_request_body.complete
2026-05-25 13:13:33,376 | DEBUG    | httpcore.http11      | receive_response_headers.started request=<Request [b'HEAD']>
2026-05-25 13:13:33,400 | DEBUG    | httpcore.http11      | receive_response_headers.complete return_value=(b'HTTP/1.1', 200, b'OK', [(b'Content-Type', b'text/plain; charset=utf-8'), (b'Content-Length', b'526'), (b'Connection', b'keep-alive'), (b'Date', b'Sat, 23 May 2026 16:53:14 GMT'), (b'ETag', b'"3c1b565ae10a15a1d0c31096f834af2fd9359e91"'), (b'X-Powered-By', b'huggingface-moon'), (b'X-Request-Id', b'Root=1-6a11db7a-70d238d00dffb7f31218b60e;ddd9f2d2-5b8d-43bc-91fe-8e21de0f4647'), (b'RateLimit', b'"resolvers";r=4975;t=161'), (b'RateLimit-Policy', b'"fixed window";"resolvers";q=5000;w=300'), (b'cross-origin-opener-policy', b'same-origin'), (b'Referrer-Policy', b'strict-origin-when-cross-origin'), (b'Access-Control-Max-Age', b'86400'), (b'Access-Control-Allow-Origin', b'https://huggingface.co'), (b'Access-Control-Expose-Headers', b'X-Repo-Commit,X-Request-Id,X-Error-Code,X-Error-Message,X-Total-Count,ETag,Link,Accept-Ranges,Content-Range,X-Linked-Size,X-Linked-ETag,X-Xet-Hash'), (b'X-Repo-Commit', b'e8f8c211226b894fcb81acc59f3b34ba3efd5f42'), (b'Accept-Ranges', b'bytes'), (b'X-Hub-Cache', b'MISS'), (b'Content-Disposition', b'inline; filename*=UTF-8\'\'tokenizer_config.json; filename="tokenizer_config.json";'), (b'Content-Security-Policy', b"default-src 'none'; sandbox"), (b'Vary', b'Origin'), (b'X-Cache', b'Hit from cloudfront'), (b'Via', b'1.1 300b37db84213522f613ff36077caa62.cloudfront.net (CloudFront)'), (b'X-Amz-Cf-Pop', b'HEL51-P2'), (b'X-Amz-Cf-Id', b'T3inFAaeVhdfCsidP59nvw60_FXQ1pnyXmUAyWOVpp_I3AXPrC6q1w=='), (b'Age', b'148819')])
2026-05-25 13:13:33,400 | INFO     | httpx                | HTTP Request: HEAD https://huggingface.co/api/resolve-cache/models/sentence-transformers/paraphrase-multilingual-MiniLM-L12-v2/e8f8c211226b894fcb81acc59f3b34ba3efd5f42/tokenizer_config.json "HTTP/1.1 200 OK"
2026-05-25 13:13:33,401 | DEBUG    | httpcore.http11      | receive_response_body.started request=<Request [b'HEAD']>
2026-05-25 13:13:33,401 | DEBUG    | httpcore.http11      | receive_response_body.complete
2026-05-25 13:13:33,401 | DEBUG    | httpcore.http11      | response_closed.started
2026-05-25 13:13:33,401 | DEBUG    | httpcore.http11      | response_closed.complete
2026-05-25 13:13:33,419 | DEBUG    | httpcore.http11      | send_request_headers.started request=<Request [b'HEAD']>
2026-05-25 13:13:33,420 | DEBUG    | httpcore.http11      | send_request_headers.complete
2026-05-25 13:13:33,420 | DEBUG    | httpcore.http11      | send_request_body.started request=<Request [b'HEAD']>
2026-05-25 13:13:33,420 | DEBUG    | httpcore.http11      | send_request_body.complete
2026-05-25 13:13:33,420 | DEBUG    | httpcore.http11      | receive_response_headers.started request=<Request [b'HEAD']>
2026-05-25 13:13:33,573 | DEBUG    | httpcore.http11      | receive_response_headers.complete return_value=(b'HTTP/1.1', 307, b'Temporary Redirect', [(b'Content-Type', b'text/plain; charset=utf-8'), (b'Content-Length', b'342'), (b'Connection', b'keep-alive'), (b'Date', b'Mon, 25 May 2026 10:13:33 GMT'), (b'Location', b'/api/resolve-cache/models/sentence-transformers/paraphrase-multilingual-MiniLM-L12-v2/e8f8c211226b894fcb81acc59f3b34ba3efd5f42/tokenizer_config.json?%2Fsentence-transformers%2Fparaphrase-multilingual-MiniLM-L12-v2%2Fresolve%2Fmain%2Ftokenizer_config.json=&etag=%223c1b565ae10a15a1d0c31096f834af2fd9359e91%22'), (b'X-Powered-By', b'huggingface-moon'), (b'X-Request-Id', b'Root=1-6a1420cd-544e2e9d44f06ace7fd51417;90812727-9f32-4932-bf60-3aa77417c874'), (b'RateLimit', b'"resolvers";r=4980;t=142'), (b'RateLimit-Policy', b'"fixed window";"resolvers";q=5000;w=300'), (b'cross-origin-opener-policy', b'same-origin'), (b'Referrer-Policy', b'strict-origin-when-cross-origin'), (b'Access-Control-Max-Age', b'86400'), (b'Access-Control-Allow-Origin', b'https://huggingface.co'), (b'Vary', b'Origin, Accept'), (b'Access-Control-Expose-Headers', b'X-Repo-Commit,X-Request-Id,X-Error-Code,X-Error-Message,X-Total-Count,ETag,Link,Accept-Ranges,Content-Range,X-Linked-Size,X-Linked-ETag,X-Xet-Hash'), (b'X-Repo-Commit', b'e8f8c211226b894fcb81acc59f3b34ba3efd5f42'), (b'Accept-Ranges', b'bytes'), (b'X-Hub-Cache', b'HIT'), (b'Content-Disposition', b'inline; filename*=UTF-8\'\'tokenizer_config.json; filename="tokenizer_config.json";'), (b'Content-Security-Policy', b"default-src 'none'; sandbox"), (b'X-Linked-ETag', b'"3c1b565ae10a15a1d0c31096f834af2fd9359e91"'), (b'X-Cache', b'Miss from cloudfront'), (b'Via', b'1.1 300b37db84213522f613ff36077caa62.cloudfront.net (CloudFront)'), (b'X-Amz-Cf-Pop', b'HEL51-P2'), (b'X-Amz-Cf-Id', b'A45HR7-yLXfz7XZpDuX9r6NgDlczG7btIV6h_DPeJbAlmiAOTQzqOA==')])
2026-05-25 13:13:33,573 | INFO     | httpx                | HTTP Request: HEAD https://huggingface.co/sentence-transformers/paraphrase-multilingual-MiniLM-L12-v2/resolve/main/tokenizer_config.json "HTTP/1.1 307 Temporary Redirect"
2026-05-25 13:13:33,574 | DEBUG    | httpcore.http11      | receive_response_body.started request=<Request [b'HEAD']>
2026-05-25 13:13:33,575 | DEBUG    | httpcore.http11      | receive_response_body.complete
2026-05-25 13:13:33,575 | DEBUG    | httpcore.http11      | response_closed.started
2026-05-25 13:13:33,575 | DEBUG    | httpcore.http11      | response_closed.complete
2026-05-25 13:13:33,576 | DEBUG    | httpcore.http11      | send_request_headers.started request=<Request [b'HEAD']>
2026-05-25 13:13:33,576 | DEBUG    | httpcore.http11      | send_request_headers.complete
2026-05-25 13:13:33,577 | DEBUG    | httpcore.http11      | send_request_body.started request=<Request [b'HEAD']>
2026-05-25 13:13:33,577 | DEBUG    | httpcore.http11      | send_request_body.complete
2026-05-25 13:13:33,577 | DEBUG    | httpcore.http11      | receive_response_headers.started request=<Request [b'HEAD']>
2026-05-25 13:13:33,599 | DEBUG    | httpcore.http11      | receive_response_headers.complete return_value=(b'HTTP/1.1', 200, b'OK', [(b'Content-Type', b'text/plain; charset=utf-8'), (b'Content-Length', b'526'), (b'Connection', b'keep-alive'), (b'Date', b'Sat, 23 May 2026 16:53:14 GMT'), (b'ETag', b'"3c1b565ae10a15a1d0c31096f834af2fd9359e91"'), (b'X-Powered-By', b'huggingface-moon'), (b'X-Request-Id', b'Root=1-6a11db7a-70d238d00dffb7f31218b60e;ddd9f2d2-5b8d-43bc-91fe-8e21de0f4647'), (b'RateLimit', b'"resolvers";r=4975;t=161'), (b'RateLimit-Policy', b'"fixed window";"resolvers";q=5000;w=300'), (b'cross-origin-opener-policy', b'same-origin'), (b'Referrer-Policy', b'strict-origin-when-cross-origin'), (b'Access-Control-Max-Age', b'86400'), (b'Access-Control-Allow-Origin', b'https://huggingface.co'), (b'Access-Control-Expose-Headers', b'X-Repo-Commit,X-Request-Id,X-Error-Code,X-Error-Message,X-Total-Count,ETag,Link,Accept-Ranges,Content-Range,X-Linked-Size,X-Linked-ETag,X-Xet-Hash'), (b'X-Repo-Commit', b'e8f8c211226b894fcb81acc59f3b34ba3efd5f42'), (b'Accept-Ranges', b'bytes'), (b'X-Hub-Cache', b'MISS'), (b'Content-Disposition', b'inline; filename*=UTF-8\'\'tokenizer_config.json; filename="tokenizer_config.json";'), (b'Content-Security-Policy', b"default-src 'none'; sandbox"), (b'Vary', b'Origin'), (b'X-Cache', b'Hit from cloudfront'), (b'Via', b'1.1 300b37db84213522f613ff36077caa62.cloudfront.net (CloudFront)'), (b'X-Amz-Cf-Pop', b'HEL51-P2'), (b'X-Amz-Cf-Id', b'DQO_F1w4dLu5y83DXzYUI0cKA9VIiSaagJ6ufw9EEmVY0S4wToMO_w=='), (b'Age', b'148819')])
2026-05-25 13:13:33,600 | INFO     | httpx                | HTTP Request: HEAD https://huggingface.co/api/resolve-cache/models/sentence-transformers/paraphrase-multilingual-MiniLM-L12-v2/e8f8c211226b894fcb81acc59f3b34ba3efd5f42/tokenizer_config.json "HTTP/1.1 200 OK"
2026-05-25 13:13:33,600 | DEBUG    | httpcore.http11      | receive_response_body.started request=<Request [b'HEAD']>
2026-05-25 13:13:33,601 | DEBUG    | httpcore.http11      | receive_response_body.complete
2026-05-25 13:13:33,601 | DEBUG    | httpcore.http11      | response_closed.started
2026-05-25 13:13:33,601 | DEBUG    | httpcore.http11      | response_closed.complete
2026-05-25 13:13:33,613 | DEBUG    | httpcore.http11      | send_request_headers.started request=<Request [b'GET']>
2026-05-25 13:13:33,613 | DEBUG    | httpcore.http11      | send_request_headers.complete
2026-05-25 13:13:33,613 | DEBUG    | httpcore.http11      | send_request_body.started request=<Request [b'GET']>
2026-05-25 13:13:33,613 | DEBUG    | httpcore.http11      | send_request_body.complete
2026-05-25 13:13:33,613 | DEBUG    | httpcore.http11      | receive_response_headers.started request=<Request [b'GET']>
2026-05-25 13:13:33,771 | DEBUG    | httpcore.http11      | receive_response_headers.complete return_value=(b'HTTP/1.1', 404, b'Not Found', [(b'Content-Type', b'application/json; charset=utf-8'), (b'Content-Length', b'64'), (b'Connection', b'keep-alive'), (b'Date', b'Mon, 25 May 2026 10:13:33 GMT'), (b'ETag', b'W/"40-09f9IAqP13xarAhQxFS2W8rvRkM"'), (b'X-Powered-By', b'huggingface-moon'), (b'X-Request-Id', b'Root=1-6a1420cd-70c24b2557a1a6226428670e;adffc25a-0b93-4b36-b2b7-031b8422c0ba'), (b'RateLimit', b'"api";r=997;t=142'), (b'RateLimit-Policy', b'"fixed window";"api";q=1000;w=300'), (b'cross-origin-opener-policy', b'same-origin'), (b'Referrer-Policy', b'strict-origin-when-cross-origin'), (b'Access-Control-Max-Age', b'86400'), (b'Access-Control-Allow-Origin', b'https://huggingface.co'), (b'Vary', b'Origin'), (b'Access-Control-Expose-Headers', b'X-Repo-Commit,X-Request-Id,X-Error-Code,X-Error-Message,X-Total-Count,ETag,Link,Accept-Ranges,Content-Range,X-Linked-Size,X-Linked-ETag,X-Xet-Hash'), (b'X-Error-Code', b'EntryNotFound'), (b'X-Error-Message', b'additional_chat_templates does not exist on "main"'), (b'X-Cache', b'Error from cloudfront'), (b'Via', b'1.1 300b37db84213522f613ff36077caa62.cloudfront.net (CloudFront)'), (b'X-Amz-Cf-Pop', b'HEL51-P2'), (b'X-Amz-Cf-Id', b'2MiwoIJ-1PyJR-uf7-BybplgK8NZpGf9igMYdYm4ZG-IpU2rI0pHfQ==')])
2026-05-25 13:13:33,772 | INFO     | httpx                | HTTP Request: GET https://huggingface.co/api/models/sentence-transformers/paraphrase-multilingual-MiniLM-L12-v2/tree/main/additional_chat_templates?recursive=false&expand=false "HTTP/1.1 404 Not Found"
2026-05-25 13:13:33,772 | DEBUG    | httpcore.http11      | receive_response_body.started request=<Request [b'GET']>
2026-05-25 13:13:33,772 | DEBUG    | httpcore.http11      | receive_response_body.complete
2026-05-25 13:13:33,772 | DEBUG    | httpcore.http11      | response_closed.started
2026-05-25 13:13:33,772 | DEBUG    | httpcore.http11      | response_closed.complete
2026-05-25 13:13:33,775 | DEBUG    | httpcore.http11      | send_request_headers.started request=<Request [b'GET']>
2026-05-25 13:13:33,775 | DEBUG    | httpcore.http11      | send_request_headers.complete
2026-05-25 13:13:33,775 | DEBUG    | httpcore.http11      | send_request_body.started request=<Request [b'GET']>
2026-05-25 13:13:33,775 | DEBUG    | httpcore.http11      | send_request_body.complete
2026-05-25 13:13:33,775 | DEBUG    | httpcore.http11      | receive_response_headers.started request=<Request [b'GET']>
2026-05-25 13:13:33,929 | DEBUG    | httpcore.http11      | receive_response_headers.complete return_value=(b'HTTP/1.1', 200, b'OK', [(b'Content-Type', b'application/json; charset=utf-8'), (b'Transfer-Encoding', b'chunked'), (b'Connection', b'keep-alive'), (b'Date', b'Mon, 25 May 2026 10:13:33 GMT'), (b'content-encoding', b'gzip'), (b'ETag', b'W/"1a1a-eIPFSpQ81fGmZGh9OTetGAVBiHY"'), (b'X-Powered-By', b'huggingface-moon'), (b'X-Request-Id', b'Root=1-6a1420cd-2e0108386ca9c07c5e26cd1f;9f40049c-6e4a-4590-9683-b44391c4762d'), (b'RateLimit', b'"api";r=996;t=142'), (b'RateLimit-Policy', b'"fixed window";"api";q=1000;w=300'), (b'cross-origin-opener-policy', b'same-origin'), (b'Referrer-Policy', b'strict-origin-when-cross-origin'), (b'Access-Control-Max-Age', b'86400'), (b'Access-Control-Allow-Origin', b'https://huggingface.co'), (b'Vary', b'Origin'), (b'vary', b'Accept-Encoding'), (b'Access-Control-Expose-Headers', b'X-Repo-Commit,X-Request-Id,X-Error-Code,X-Error-Message,X-Total-Count,ETag,Link,Accept-Ranges,Content-Range,X-Linked-Size,X-Linked-ETag,X-Xet-Hash'), (b'X-Cache', b'Miss from cloudfront'), (b'Via', b'1.1 300b37db84213522f613ff36077caa62.cloudfront.net (CloudFront)'), (b'X-Amz-Cf-Pop', b'HEL51-P2'), (b'X-Amz-Cf-Id', b'XG8T8GvU_Jm_-jr0rMZHU3zjwNJx6StdGbzT74qgjoGx5JVacn4gpw==')])
2026-05-25 13:13:33,930 | INFO     | httpx                | HTTP Request: GET https://huggingface.co/api/models/sentence-transformers/paraphrase-multilingual-MiniLM-L12-v2/tree/main?recursive=true&expand=false "HTTP/1.1 200 OK"
2026-05-25 13:13:33,930 | DEBUG    | httpcore.http11      | receive_response_body.started request=<Request [b'GET']>
2026-05-25 13:13:33,930 | DEBUG    | httpcore.http11      | receive_response_body.complete
2026-05-25 13:13:33,931 | DEBUG    | httpcore.http11      | response_closed.started
2026-05-25 13:13:33,931 | DEBUG    | httpcore.http11      | response_closed.complete
2026-05-25 13:13:35,622 | DEBUG    | httpcore.http11      | send_request_headers.started request=<Request [b'GET']>
2026-05-25 13:13:35,622 | DEBUG    | httpcore.http11      | send_request_headers.complete
2026-05-25 13:13:35,622 | DEBUG    | httpcore.http11      | send_request_body.started request=<Request [b'GET']>
2026-05-25 13:13:35,622 | DEBUG    | httpcore.http11      | send_request_body.complete
2026-05-25 13:13:35,622 | DEBUG    | httpcore.http11      | receive_response_headers.started request=<Request [b'GET']>
2026-05-25 13:13:35,779 | DEBUG    | httpcore.http11      | receive_response_headers.complete return_value=(b'HTTP/1.1', 200, b'OK', [(b'Content-Type', b'application/json; charset=utf-8'), (b'Transfer-Encoding', b'chunked'), (b'Connection', b'keep-alive'), (b'Date', b'Mon, 25 May 2026 10:13:35 GMT'), (b'content-encoding', b'gzip'), (b'ETag', b'W/"1820-g/rJpFe9OBkr6O7Kx71G367UNGE"'), (b'X-Powered-By', b'huggingface-moon'), (b'X-Request-Id', b'Root=1-6a1420cf-7dce9a9e699b28df7a40b134;de6cf52b-d1cd-4c82-af22-1667da397c6e'), (b'RateLimit', b'"api";r=995;t=140'), (b'RateLimit-Policy', b'"fixed window";"api";q=1000;w=300'), (b'cross-origin-opener-policy', b'same-origin'), (b'Referrer-Policy', b'strict-origin-when-cross-origin'), (b'Access-Control-Max-Age', b'86400'), (b'Access-Control-Allow-Origin', b'https://huggingface.co'), (b'Vary', b'Origin'), (b'vary', b'Accept-Encoding'), (b'Access-Control-Expose-Headers', b'X-Repo-Commit,X-Request-Id,X-Error-Code,X-Error-Message,X-Total-Count,ETag,Link,Accept-Ranges,Content-Range,X-Linked-Size,X-Linked-ETag,X-Xet-Hash'), (b'X-Cache', b'Miss from cloudfront'), (b'Via', b'1.1 300b37db84213522f613ff36077caa62.cloudfront.net (CloudFront)'), (b'X-Amz-Cf-Pop', b'HEL51-P2'), (b'X-Amz-Cf-Id', b'6V4ufGtu6wfpZy1GyJ3knW6E1ubIpd9QLt0mgMg0zctCORjI7tM6Dw==')])
2026-05-25 13:13:35,779 | INFO     | httpx                | HTTP Request: GET https://huggingface.co/api/models/sentence-transformers/paraphrase-multilingual-MiniLM-L12-v2 "HTTP/1.1 200 OK"
2026-05-25 13:13:35,779 | DEBUG    | httpcore.http11      | receive_response_body.started request=<Request [b'GET']>
2026-05-25 13:13:35,779 | DEBUG    | httpcore.http11      | receive_response_body.complete
2026-05-25 13:13:35,780 | DEBUG    | httpcore.http11      | response_closed.started
2026-05-25 13:13:35,780 | DEBUG    | httpcore.http11      | response_closed.complete
2026-05-25 13:13:35,953 | DEBUG    | sentence_transformers.base.modules.transformer | Active modality config: {'text': {'method': 'forward', 'method_output_name': 'last_hidden_state'}}
2026-05-25 13:13:35,955 | DEBUG    | httpcore.http11      | send_request_headers.started request=<Request [b'HEAD']>
2026-05-25 13:13:35,955 | DEBUG    | httpcore.http11      | send_request_headers.complete
2026-05-25 13:13:35,955 | DEBUG    | httpcore.http11      | send_request_body.started request=<Request [b'HEAD']>
2026-05-25 13:13:35,955 | DEBUG    | httpcore.http11      | send_request_body.complete
2026-05-25 13:13:35,956 | DEBUG    | httpcore.http11      | receive_response_headers.started request=<Request [b'HEAD']>
2026-05-25 13:13:36,113 | DEBUG    | httpcore.http11      | receive_response_headers.complete return_value=(b'HTTP/1.1', 307, b'Temporary Redirect', [(b'Content-Type', b'text/plain; charset=utf-8'), (b'Content-Length', b'346'), (b'Connection', b'keep-alive'), (b'Date', b'Mon, 25 May 2026 10:13:36 GMT'), (b'Location', b'/api/resolve-cache/models/sentence-transformers/paraphrase-multilingual-MiniLM-L12-v2/e8f8c211226b894fcb81acc59f3b34ba3efd5f42/1_Pooling%2Fconfig.json?%2Fsentence-transformers%2Fparaphrase-multilingual-MiniLM-L12-v2%2Fresolve%2Fmain%2F1_Pooling%2Fconfig.json=&etag=%22d1514c3162bbe87b343f565fadc62e6c06f04f03%22'), (b'X-Powered-By', b'huggingface-moon'), (b'X-Request-Id', b'Root=1-6a1420d0-6f75234a27855c9d0fc9b462;45e267d0-4670-47b2-9263-498bf673a9d6'), (b'RateLimit', b'"resolvers";r=4979;t=139'), (b'RateLimit-Policy', b'"fixed window";"resolvers";q=5000;w=300'), (b'cross-origin-opener-policy', b'same-origin'), (b'Referrer-Policy', b'strict-origin-when-cross-origin'), (b'Access-Control-Max-Age', b'86400'), (b'Access-Control-Allow-Origin', b'https://huggingface.co'), (b'Vary', b'Origin, Accept'), (b'Access-Control-Expose-Headers', b'X-Repo-Commit,X-Request-Id,X-Error-Code,X-Error-Message,X-Total-Count,ETag,Link,Accept-Ranges,Content-Range,X-Linked-Size,X-Linked-ETag,X-Xet-Hash'), (b'X-Repo-Commit', b'e8f8c211226b894fcb81acc59f3b34ba3efd5f42'), (b'Accept-Ranges', b'bytes'), (b'X-Hub-Cache', b'HIT'), (b'Content-Disposition', b'inline; filename*=UTF-8\'\'config.json; filename="config.json";'), (b'Content-Security-Policy', b"default-src 'none'; sandbox"), (b'X-Linked-ETag', b'"d1514c3162bbe87b343f565fadc62e6c06f04f03"'), (b'X-Cache', b'Miss from cloudfront'), (b'Via', b'1.1 300b37db84213522f613ff36077caa62.cloudfront.net (CloudFront)'), (b'X-Amz-Cf-Pop', b'HEL51-P2'), (b'X-Amz-Cf-Id', b'rRoQzZoxnLNl9NuaPrDKpOXc4RaMJ-y4N-GK9pnLhpCwhkNvpXQQjw==')])
2026-05-25 13:13:36,114 | INFO     | httpx                | HTTP Request: HEAD https://huggingface.co/sentence-transformers/paraphrase-multilingual-MiniLM-L12-v2/resolve/main/1_Pooling/config.json "HTTP/1.1 307 Temporary Redirect"
2026-05-25 13:13:36,114 | DEBUG    | httpcore.http11      | receive_response_body.started request=<Request [b'HEAD']>
2026-05-25 13:13:36,114 | DEBUG    | httpcore.http11      | receive_response_body.complete
2026-05-25 13:13:36,115 | DEBUG    | httpcore.http11      | response_closed.started
2026-05-25 13:13:36,115 | DEBUG    | httpcore.http11      | response_closed.complete
2026-05-25 13:13:36,115 | DEBUG    | httpcore.http11      | send_request_headers.started request=<Request [b'HEAD']>
2026-05-25 13:13:36,115 | DEBUG    | httpcore.http11      | send_request_headers.complete
2026-05-25 13:13:36,115 | DEBUG    | httpcore.http11      | send_request_body.started request=<Request [b'HEAD']>
2026-05-25 13:13:36,116 | DEBUG    | httpcore.http11      | send_request_body.complete
2026-05-25 13:13:36,116 | DEBUG    | httpcore.http11      | receive_response_headers.started request=<Request [b'HEAD']>
2026-05-25 13:13:36,138 | DEBUG    | httpcore.http11      | receive_response_headers.complete return_value=(b'HTTP/1.1', 200, b'OK', [(b'Content-Type', b'text/plain; charset=utf-8'), (b'Content-Length', b'190'), (b'Connection', b'keep-alive'), (b'Date', b'Sat, 23 May 2026 16:53:20 GMT'), (b'ETag', b'"d1514c3162bbe87b343f565fadc62e6c06f04f03"'), (b'X-Powered-By', b'huggingface-moon'), (b'X-Request-Id', b'Root=1-6a11db80-47101ded522f1e9f41804de6;bb4c22d3-d12e-4dff-9a48-b8da9b2cd5e7'), (b'RateLimit', b'"resolvers";r=4961;t=155'), (b'RateLimit-Policy', b'"fixed window";"resolvers";q=5000;w=300'), (b'cross-origin-opener-policy', b'same-origin'), (b'Referrer-Policy', b'strict-origin-when-cross-origin'), (b'Access-Control-Max-Age', b'86400'), (b'Access-Control-Allow-Origin', b'https://huggingface.co'), (b'Access-Control-Expose-Headers', b'X-Repo-Commit,X-Request-Id,X-Error-Code,X-Error-Message,X-Total-Count,ETag,Link,Accept-Ranges,Content-Range,X-Linked-Size,X-Linked-ETag,X-Xet-Hash'), (b'X-Repo-Commit', b'e8f8c211226b894fcb81acc59f3b34ba3efd5f42'), (b'Accept-Ranges', b'bytes'), (b'X-Hub-Cache', b'MISS'), (b'Content-Disposition', b'inline; filename*=UTF-8\'\'config.json; filename="config.json";'), (b'Content-Security-Policy', b"default-src 'none'; sandbox"), (b'Vary', b'Origin'), (b'X-Cache', b'Hit from cloudfront'), (b'Via', b'1.1 300b37db84213522f613ff36077caa62.cloudfront.net (CloudFront)'), (b'X-Amz-Cf-Pop', b'HEL51-P2'), (b'X-Amz-Cf-Id', b'sxRieTZ0pSDdEKEH_16EEgGX9ZR2IdAmpNogs5ZYcerckifoIVB3Tg=='), (b'Age', b'148816')])
2026-05-25 13:13:36,138 | INFO     | httpx                | HTTP Request: HEAD https://huggingface.co/api/resolve-cache/models/sentence-transformers/paraphrase-multilingual-MiniLM-L12-v2/e8f8c211226b894fcb81acc59f3b34ba3efd5f42/1_Pooling%2Fconfig.json "HTTP/1.1 200 OK"
2026-05-25 13:13:36,139 | DEBUG    | httpcore.http11      | receive_response_body.started request=<Request [b'HEAD']>
2026-05-25 13:13:36,139 | DEBUG    | httpcore.http11      | receive_response_body.complete
2026-05-25 13:13:36,139 | DEBUG    | httpcore.http11      | response_closed.started
2026-05-25 13:13:36,139 | DEBUG    | httpcore.http11      | response_closed.complete
2026-05-25 13:13:36,144 | DEBUG    | httpcore.http11      | send_request_headers.started request=<Request [b'GET']>
2026-05-25 13:13:36,144 | DEBUG    | httpcore.http11      | send_request_headers.complete
2026-05-25 13:13:36,144 | DEBUG    | httpcore.http11      | send_request_body.started request=<Request [b'GET']>
2026-05-25 13:13:36,144 | DEBUG    | httpcore.http11      | send_request_body.complete
2026-05-25 13:13:36,144 | DEBUG    | httpcore.http11      | receive_response_headers.started request=<Request [b'GET']>
2026-05-25 13:13:36,297 | DEBUG    | httpcore.http11      | receive_response_headers.complete return_value=(b'HTTP/1.1', 200, b'OK', [(b'Content-Type', b'application/json; charset=utf-8'), (b'Transfer-Encoding', b'chunked'), (b'Connection', b'keep-alive'), (b'Date', b'Mon, 25 May 2026 10:13:36 GMT'), (b'content-encoding', b'gzip'), (b'ETag', b'W/"1820-g/rJpFe9OBkr6O7Kx71G367UNGE"'), (b'X-Powered-By', b'huggingface-moon'), (b'X-Request-Id', b'Root=1-6a1420d0-66fee7704a73eeb4662ecf58;581e416d-a1d4-4826-b319-d5444f3781ff'), (b'RateLimit', b'"api";r=994;t=139'), (b'RateLimit-Policy', b'"fixed window";"api";q=1000;w=300'), (b'cross-origin-opener-policy', b'same-origin'), (b'Referrer-Policy', b'strict-origin-when-cross-origin'), (b'Access-Control-Max-Age', b'86400'), (b'Access-Control-Allow-Origin', b'https://huggingface.co'), (b'Vary', b'Origin'), (b'vary', b'Accept-Encoding'), (b'Access-Control-Expose-Headers', b'X-Repo-Commit,X-Request-Id,X-Error-Code,X-Error-Message,X-Total-Count,ETag,Link,Accept-Ranges,Content-Range,X-Linked-Size,X-Linked-ETag,X-Xet-Hash'), (b'X-Cache', b'Miss from cloudfront'), (b'Via', b'1.1 300b37db84213522f613ff36077caa62.cloudfront.net (CloudFront)'), (b'X-Amz-Cf-Pop', b'HEL51-P2'), (b'X-Amz-Cf-Id', b'QsIxRaRcQkeivERdd4bYKoN6a7BSkkiFkyfXCA6InZkpKaEPC6U9Tg==')])
2026-05-25 13:13:36,297 | INFO     | httpx                | HTTP Request: GET https://huggingface.co/api/models/sentence-transformers/paraphrase-multilingual-MiniLM-L12-v2 "HTTP/1.1 200 OK"
2026-05-25 13:13:36,297 | DEBUG    | httpcore.http11      | receive_response_body.started request=<Request [b'GET']>
2026-05-25 13:13:36,299 | DEBUG    | httpcore.http11      | receive_response_body.complete
2026-05-25 13:13:36,299 | DEBUG    | httpcore.http11      | response_closed.started
2026-05-25 13:13:36,299 | DEBUG    | httpcore.http11      | response_closed.complete
2026-05-25 13:13:36,309 | INFO     | modules.filter.stt_filter.should_shut_up.should_shut_up_model | ✓ ShouldShutUpModel initialized successfully
2026-05-25 13:13:36,310 | DEBUG    | modules.filter.stt_filter.stt_filter | ✓ Models loaded
2026-05-25 13:13:36,310 | INFO     | modules.filter.stt_filter.stt_filter | ✓ SttFilter initialized successfully
2026-05-25 13:13:36,310 | DEBUG    | modules.filter.filter | ✓ STT filter loaded
2026-05-25 13:13:36,310 | DEBUG    | modules.filter.filter | CV filter: Not yet implemented
2026-05-25 13:13:36,310 | DEBUG    | modules.filter.filter | System filter: Not yet implemented
2026-05-25 13:13:36,311 | INFO     | modules.filter.filter | ✓ Filter module initialized successfully
2026-05-25 13:13:36,311 | DEBUG    | modules.filter.filter | Dialogue continuation mode: False
2026-05-25 13:13:36,311 | DEBUG    | main_module          | ✓ Filter module loaded
2026-05-25 13:13:36,311 | DEBUG    | main_module          | Initializing Dispatcher module...
2026-05-25 13:13:36,311 | INFO     | modules.dispatcher.dispatcher | Initializing Dispatcher module...
2026-05-25 13:13:36,311 | DEBUG    | modules.dispatcher.dispatcher | Loading NeedMath model...
2026-05-25 13:13:36,311 | INFO     | modules.dispatcher.need_math | NeedMath classifier initialized
2026-05-25 13:13:36,312 | DEBUG    | modules.dispatcher.need_math | NeedMath is ready to filter mathematical expressions
2026-05-25 13:13:36,312 | DEBUG    | modules.dispatcher.dispatcher | ✓ NeedMath model loaded
2026-05-25 13:13:36,312 | DEBUG    | modules.dispatcher.dispatcher | Loading NeedConsole model...
2026-05-25 13:13:36,312 | INFO     | modules.dispatcher.need_console | NeedConsole classifier initialized
2026-05-25 13:13:36,312 | DEBUG    | modules.dispatcher.need_console | NeedConsole is ready to filter console commands
2026-05-25 13:13:36,312 | DEBUG    | modules.dispatcher.dispatcher | ✓ NeedConsole model loaded
2026-05-25 13:13:36,312 | INFO     | modules.dispatcher.dispatcher | ✓ Dispatcher initialized successfully
2026-05-25 13:13:36,313 | DEBUG    | main_module          | ✓ Dispatcher module loaded
2026-05-25 13:13:36,313 | DEBUG    | main_module          | Initializing PreProcess module...
2026-05-25 13:13:36,313 | INFO     | modules.pre_process.pre_process | PreProcess module initialized
2026-05-25 13:13:36,313 | DEBUG    | modules.pre_process.pre_process | PreProcess is ready to process input data
2026-05-25 13:13:36,313 | DEBUG    | main_module          | ✓ PreProcess module loaded
2026-05-25 13:13:36,313 | INFO     | main_module          | ✓ Core modules initialized successfully
2026-05-25 13:13:36,313 | INFO     | main_module          | Core data structure initialized | context_size=0 | modules_online={'stt': False, 'cv': False, 'sys': False}
2026-05-25 13:13:36,313 | INFO     | main_module          | ==================================================
2026-05-25 13:13:36,313 | INFO     | server               | ✓ Core service initialized successfully
2026-05-25 13:13:36,314 | INFO     | server               | Server ready to accept requests on port 8000
2026-05-25 13:13:36,314 | INFO     | server               | ============================================================
2026-05-25 13:13:36,376 | INFO     | uvicorn.error        | Started server process [8765]
2026-05-25 13:13:36,377 | INFO     | uvicorn.error        | Waiting for application startup.
2026-05-25 13:13:36,378 | INFO     | server               | ============================================================
2026-05-25 13:13:36,378 | INFO     | server               | CORE SERVICE STARTUP COMPLETED
2026-05-25 13:13:36,378 | INFO     | server               | ============================================================
2026-05-25 13:13:36,378 | INFO     | uvicorn.error        | Application startup complete.
2026-05-25 13:13:36,379 | INFO     | uvicorn.error        | Uvicorn running on http://127.0.0.1:8000 (Press CTRL+C to quit)
2026-05-25 13:13:56,634 | INFO     | server               | 📥 STT POST request received | lang=ru | text_len=18
2026-05-25 13:13:56,635 | DEBUG    | server               | STT request details | speaker=Владелец | text='Помолчи пожалуйста...' if len(speach_info.text) > 100 else 'Помолчи пожалуйста'
2026-05-25 13:13:56,635 | DEBUG    | server               | ✓ STT background task added to queue
2026-05-25 13:13:56,635 | INFO     | uvicorn.access       | 127.0.0.1:50496 - "POST /core/stt HTTP/1.1" 200
2026-05-25 13:13:56,636 | INFO     | main_module          | STT input received | speaker=Владелец | language=ru | text_len=18
2026-05-25 13:13:56,636 | DEBUG    | main_module          | STT input text: 'Помолчи пожалуйста'
2026-05-25 13:13:56,637 | DEBUG    | main_module          | STT data updated | timestamp=1779704036.637113 | context_size=0
2026-05-25 13:13:56,637 | DEBUG    | main_module          | === Starting input filtering pipeline ===
2026-05-25 13:13:56,637 | DEBUG    | main_module          | Current context size: 0 elements
2026-05-25 13:13:56,637 | DEBUG    | main_module          | STT text: 'Помолчи пожалуйста'
2026-05-25 13:13:56,637 | INFO     | main_module          | 🔍 Filtering input - Checking if answer is needed
2026-05-25 13:13:56,637 | DEBUG    | main_module          | Input STT text: 'Помолчи пожалуйста'
2026-05-25 13:13:56,637 | DEBUG    | modules.filter.stt_filter.stt_filter | Checking if should shut up | input_text='Помолчи пожалуйста...'
2026-05-25 13:13:56,638 | DEBUG    | modules.filter.stt_filter.stt_filter | Checking if should shut up...
2026-05-25 13:13:56,638 | DEBUG    | modules.filter.stt_filter.should_shut_up.should_shut_up_model | ShouldShutUpModel call | input_text='Помолчи пожалуйста...'
2026-05-25 13:13:56,638 | DEBUG    | modules.filter.stt_filter.should_shut_up.should_shut_up_model | Pre-processing input...
2026-05-25 13:13:56,638 | DEBUG    | modules.filter.stt_filter.should_shut_up.should_shut_up_model | Pre-processing input...
2026-05-25 13:13:56,638 | DEBUG    | modules.filter.stt_filter.should_shut_up.should_shut_up_model | Pre-processing complete | output_len=18
2026-05-25 13:13:56,638 | DEBUG    | modules.filter.stt_filter.should_shut_up.should_shut_up_model | Pre-processing complete | processed_len=18
2026-05-25 13:13:56,638 | DEBUG    | modules.filter.stt_filter.should_shut_up.should_shut_up_model | Running model inference...
2026-05-25 13:13:56,743 | INFO     | modules.filter.stt_filter.should_shut_up.should_shut_up_model | ✓ Importance score calculated | score=1.000
2026-05-25 13:13:56,743 | DEBUG    | modules.filter.stt_filter.should_shut_up.should_shut_up_model | Processed input: Помолчи пожалуйста
2026-05-25 13:13:56,743 | DEBUG    | modules.filter.stt_filter.stt_filter | Should shut up result: 1.0
2026-05-25 13:13:56,744 | INFO     | modules.filter.stt_filter.stt_filter | 🔇 Should shut up condition detected
2026-05-25 13:13:56,744 | DEBUG    | modules.filter.stt_filter.stt_filter | Dialogue state unchanged: False
2026-05-25 13:13:56,744 | DEBUG    | modules.filter.filter | === Starting parallel filtering ===
2026-05-25 13:13:56,744 | DEBUG    | modules.filter.filter | Creating STT filter thread...
2026-05-25 13:13:56,744 | DEBUG    | modules.filter.filter | Creating CV filter thread...
2026-05-25 13:13:56,744 | DEBUG    | modules.filter.filter | Creating System filter thread...
2026-05-25 13:13:56,745 | DEBUG    | modules.filter.filter | Starting all filter threads...
2026-05-25 13:13:56,745 | DEBUG    | modules.filter.filter | STT filter: Analyzing speech input...
2026-05-25 13:13:56,745 | DEBUG    | modules.filter.filter | Thread started: STT-Filter-Thread
2026-05-25 13:13:56,746 | DEBUG    | modules.filter.filter | CV filter: Not yet implemented - marking as unimportant
2026-05-25 13:13:56,746 | DEBUG    | modules.filter.filter | Thread started: CV-Filter-Thread
2026-05-25 13:13:56,747 | DEBUG    | modules.filter.filter | System filter: Not yet implemented - marking as unimportant
2026-05-25 13:13:56,747 | DEBUG    | modules.filter.filter | Thread started: Sys-Filter-Thread
2026-05-25 13:13:56,745 | ERROR    | modules.filter.filter | ✗ STT filter error: TypeError: SttFilter.is_important() missing 1 required positional argument: 'threshold'
Traceback (most recent call last):
  File "/mnt/windows/Programs/ProgramingProjects/Python/projects/AGAT_System/core/modules/filter/filter.py", line 74, in _filter_stt
    is_important: bool = self.stt_filter.is_important(input, context)
TypeError: SttFilter.is_important() missing 1 required positional argument: 'threshold'
2026-05-25 13:13:56,747 | DEBUG    | modules.filter.filter | Waiting for all filter threads to complete...
2026-05-25 13:13:56,747 | DEBUG    | modules.filter.filter | Thread completed: STT-Filter-Thread
2026-05-25 13:13:56,748 | DEBUG    | modules.filter.filter | Thread completed: CV-Filter-Thread
2026-05-25 13:13:56,748 | DEBUG    | modules.filter.filter | Thread completed: Sys-Filter-Thread
2026-05-25 13:13:56,748 | DEBUG    | modules.filter.filter | === Filtering complete | Results: {'cv': False, 'sys': False, 'stt': False} ===
2026-05-25 13:13:56,748 | DEBUG    | main_module          | Filter importance results: {'cv': False, 'sys': False, 'stt': False}
2026-05-25 13:13:56,748 | DEBUG    | main_module          | Updating input importance flags
2026-05-25 13:13:56,748 | DEBUG    | main_module          | Input importance updated | stt=False | cv=False | sys=False
2026-05-25 13:13:56,748 | DEBUG    | main_module          | ✗ No important input detected
2026-05-25 13:13:56,749 | INFO     | main_module          | Filter decision | need_answer=False
2026-05-25 13:13:56,749 | DEBUG    | main_module          | ✗ Input rejected by filter
2026-05-25 13:13:56,749 | DEBUG    | main_module          | Filter importance: stt=False | cv=False | sys=False
2026-05-25 13:16:27,884 | INFO     | uvicorn.error        | Shutting down
2026-05-25 13:16:27,985 | INFO     | uvicorn.error        | Waiting for application shutdown.
2026-05-25 13:16:27,985 | INFO     | server               | ============================================================
2026-05-25 13:16:27,985 | INFO     | server               | CORE SERVICE SHUTTING DOWN
2026-05-25 13:16:27,985 | INFO     | server               | ============================================================
2026-05-25 13:16:27,986 | INFO     | uvicorn.error        | Application shutdown complete.
2026-05-25 13:16:27,986 | INFO     | uvicorn.error        | Finished server process [8765]
2026-05-25 13:16:27,988 | DEBUG    | httpcore.connection  | close.started
2026-05-25 13:16:27,988 | DEBUG    | httpcore.connection  | close.complete
