2026-05-25 13:00:22,487 | INFO     | server               | ============================================================
2026-05-25 13:00:22,487 | INFO     | server               | CORE SERVICE INITIALIZATION
2026-05-25 13:00:22,487 | INFO     | server               | ============================================================
2026-05-25 13:00:22,487 | INFO     | server               | Creating Core instance...
2026-05-25 13:00:22,487 | INFO     | main_module          | ==================================================
2026-05-25 13:00:22,488 | INFO     | main_module          | Core module initialization started
2026-05-25 13:00:22,488 | DEBUG    | main_module          | Initializing Filter module...
2026-05-25 13:00:22,488 | INFO     | modules.filter.filter | Initializing Filter module...
2026-05-25 13:00:22,488 | DEBUG    | modules.filter.filter | Loading STT filter model...
2026-05-25 13:00:22,488 | INFO     | modules.filter.stt_filter.stt_filter | Initializing SttFilter...
2026-05-25 13:00:22,488 | DEBUG    | modules.filter.stt_filter.stt_filter | Loading SttImpModel...
2026-05-25 13:00:22,488 | INFO     | modules.filter.stt_filter.imp_model.imp_model | Initializing SttImpModel...
2026-05-25 13:00:22,488 | DEBUG    | modules.filter.stt_filter.imp_model.imp_model | Loading Model...
2026-05-25 13:00:22,514 | INFO     | modules.filter.stt_filter.imp_model.models.own_model.transformer.pytorch_attention.init | MultiHeadAttention initialized
2026-05-25 13:00:22,515 | INFO     | modules.filter.stt_filter.imp_model.models.own_model.transformer.pytorch_attention.init | MultiHeadAttentionlConfig: d_model=256, heads=8
2026-05-25 13:00:22,518 | INFO     | modules.filter.stt_filter.imp_model.models.own_model.transformer.feedforward.init | Feedforward initialized
2026-05-25 13:00:22,518 | INFO     | modules.filter.stt_filter.imp_model.models.own_model.transformer.feedforward.init | FeedforwardlConfig: d_model=256, d_ff=1024
2026-05-25 13:00:22,519 | INFO     | modules.filter.stt_filter.imp_model.models.own_model.transformer.encoder.init | Encoder initialized
2026-05-25 13:00:22,519 | INFO     | modules.filter.stt_filter.imp_model.models.own_model.transformer.encoder.init | EncoderlConfig: d_model=256, heads=8, d_ff=1024, dropout=0.31622776601683794
2026-05-25 13:00:22,548 | DEBUG    | httpcore.connection  | connect_tcp.started host='huggingface.co' port=443 local_address=None timeout=10 socket_options=None
2026-05-25 13:00:22,572 | DEBUG    | httpcore.connection  | connect_tcp.complete return_value=<httpcore._backends.sync.SyncStream object at 0x7e408633a1d0>
2026-05-25 13:00:22,572 | DEBUG    | httpcore.connection  | start_tls.started ssl_context=<ssl.SSLContext object at 0x7e4086346d40> server_hostname='huggingface.co' timeout=10
2026-05-25 13:00:22,595 | DEBUG    | httpcore.connection  | start_tls.complete return_value=<httpcore._backends.sync.SyncStream object at 0x7e408633a140>
2026-05-25 13:00:22,595 | DEBUG    | httpcore.http11      | send_request_headers.started request=<Request [b'HEAD']>
2026-05-25 13:00:22,596 | DEBUG    | httpcore.http11      | send_request_headers.complete
2026-05-25 13:00:22,596 | DEBUG    | httpcore.http11      | send_request_body.started request=<Request [b'HEAD']>
2026-05-25 13:00:22,596 | DEBUG    | httpcore.http11      | send_request_body.complete
2026-05-25 13:00:22,596 | DEBUG    | httpcore.http11      | receive_response_headers.started request=<Request [b'HEAD']>
2026-05-25 13:00:22,746 | DEBUG    | httpcore.http11      | receive_response_headers.complete return_value=(b'HTTP/1.1', 307, b'Temporary Redirect', [(b'Content-Type', b'text/plain; charset=utf-8'), (b'Content-Length', b'238'), (b'Connection', b'keep-alive'), (b'Date', b'Mon, 25 May 2026 10:00:22 GMT'), (b'Location', b'/api/resolve-cache/models/boltuix/bert-lite/bc0e85c1c303ee38a6b4a7276ce7cf6d0581cce5/config.json?%2Fboltuix%2Fbert-lite%2Fresolve%2Fmain%2Fconfig.json=&etag=%2281ba83673fa0d07fc98d4ba418715df42ab28a6f%22'), (b'X-Powered-By', b'huggingface-moon'), (b'X-Request-Id', b'Root=1-6a141db6-3ae8d9e72f24d27f1337f58e;9888b233-7d93-48de-a9cf-f7bd4884efbc'), (b'RateLimit', b'"resolvers";r=4999;t=33'), (b'RateLimit-Policy', b'"fixed window";"resolvers";q=5000;w=300'), (b'cross-origin-opener-policy', b'same-origin'), (b'Referrer-Policy', b'strict-origin-when-cross-origin'), (b'Access-Control-Max-Age', b'86400'), (b'Access-Control-Allow-Origin', b'https://huggingface.co'), (b'Vary', b'Origin, Accept'), (b'Access-Control-Expose-Headers', b'X-Repo-Commit,X-Request-Id,X-Error-Code,X-Error-Message,X-Total-Count,ETag,Link,Accept-Ranges,Content-Range,X-Linked-Size,X-Linked-ETag,X-Xet-Hash'), (b'X-Repo-Commit', b'bc0e85c1c303ee38a6b4a7276ce7cf6d0581cce5'), (b'Accept-Ranges', b'bytes'), (b'X-Hub-Cache', b'MISS'), (b'Content-Disposition', b'inline; filename*=UTF-8\'\'config.json; filename="config.json";'), (b'Content-Security-Policy', b"default-src 'none'; sandbox"), (b'X-Linked-ETag', b'"81ba83673fa0d07fc98d4ba418715df42ab28a6f"'), (b'X-Cache', b'Miss from cloudfront'), (b'Via', b'1.1 837bfbe95037e42cdc86bcbd263354ea.cloudfront.net (CloudFront)'), (b'X-Amz-Cf-Pop', b'HEL51-P2'), (b'X-Amz-Cf-Id', b'KCNKMOOuFyP6R_a5kxRV-v7ZY_jaYRgotkrRS7YYX5GL-NzJ-1HvqA==')])
2026-05-25 13:00:22,748 | INFO     | httpx                | HTTP Request: HEAD https://huggingface.co/boltuix/bert-lite/resolve/main/config.json "HTTP/1.1 307 Temporary Redirect"
2026-05-25 13:00:22,749 | DEBUG    | httpcore.http11      | receive_response_body.started request=<Request [b'HEAD']>
2026-05-25 13:00:22,750 | DEBUG    | httpcore.http11      | receive_response_body.complete
2026-05-25 13:00:22,750 | DEBUG    | httpcore.http11      | response_closed.started
2026-05-25 13:00:22,750 | DEBUG    | httpcore.http11      | response_closed.complete
2026-05-25 13:00:22,751 | DEBUG    | httpcore.http11      | send_request_headers.started request=<Request [b'HEAD']>
2026-05-25 13:00:22,752 | DEBUG    | httpcore.http11      | send_request_headers.complete
2026-05-25 13:00:22,752 | DEBUG    | httpcore.http11      | send_request_body.started request=<Request [b'HEAD']>
2026-05-25 13:00:22,753 | DEBUG    | httpcore.http11      | send_request_body.complete
2026-05-25 13:00:22,753 | DEBUG    | httpcore.http11      | receive_response_headers.started request=<Request [b'HEAD']>
2026-05-25 13:00:22,774 | DEBUG    | httpcore.http11      | receive_response_headers.complete return_value=(b'HTTP/1.1', 200, b'OK', [(b'Content-Type', b'text/plain; charset=utf-8'), (b'Content-Length', b'587'), (b'Connection', b'keep-alive'), (b'Date', b'Wed, 13 May 2026 12:33:48 GMT'), (b'ETag', b'"81ba83673fa0d07fc98d4ba418715df42ab28a6f"'), (b'X-Powered-By', b'huggingface-moon'), (b'X-Request-Id', b'Root=1-6a046fac-1335b433506b8b384391f3c6;adbfdde3-1218-4a8d-ac5d-f6fb77b28728'), (b'RateLimit', b'"resolvers";r=4998;t=127'), (b'RateLimit-Policy', b'"fixed window";"resolvers";q=5000;w=300'), (b'cross-origin-opener-policy', b'same-origin'), (b'Referrer-Policy', b'strict-origin-when-cross-origin'), (b'Access-Control-Max-Age', b'86400'), (b'Access-Control-Allow-Origin', b'https://huggingface.co'), (b'Access-Control-Expose-Headers', b'X-Repo-Commit,X-Request-Id,X-Error-Code,X-Error-Message,X-Total-Count,ETag,Link,Accept-Ranges,Content-Range,X-Linked-Size,X-Linked-ETag,X-Xet-Hash'), (b'X-Repo-Commit', b'bc0e85c1c303ee38a6b4a7276ce7cf6d0581cce5'), (b'Accept-Ranges', b'bytes'), (b'X-Hub-Cache', b'MISS'), (b'Content-Disposition', b'inline; filename*=UTF-8\'\'config.json; filename="config.json";'), (b'Content-Security-Policy', b"default-src 'none'; sandbox"), (b'Vary', b'Origin'), (b'X-Cache', b'Hit from cloudfront'), (b'Via', b'1.1 837bfbe95037e42cdc86bcbd263354ea.cloudfront.net (CloudFront)'), (b'X-Amz-Cf-Pop', b'HEL51-P2'), (b'X-Amz-Cf-Id', b'NP0jpb6yfmbA2yU8sgJF7uHHo8N5uNw_-KYr17AszxUh87X2w5lkJw=='), (b'Age', b'1027594')])
2026-05-25 13:00:22,775 | INFO     | httpx                | HTTP Request: HEAD https://huggingface.co/api/resolve-cache/models/boltuix/bert-lite/bc0e85c1c303ee38a6b4a7276ce7cf6d0581cce5/config.json "HTTP/1.1 200 OK"
2026-05-25 13:00:22,775 | DEBUG    | httpcore.http11      | receive_response_body.started request=<Request [b'HEAD']>
2026-05-25 13:00:22,776 | DEBUG    | httpcore.http11      | receive_response_body.complete
2026-05-25 13:00:22,776 | DEBUG    | httpcore.http11      | response_closed.started
2026-05-25 13:00:22,776 | DEBUG    | httpcore.http11      | response_closed.complete
2026-05-25 13:00:22,803 | DEBUG    | httpcore.http11      | send_request_headers.started request=<Request [b'HEAD']>
2026-05-25 13:00:22,803 | DEBUG    | httpcore.http11      | send_request_headers.complete
2026-05-25 13:00:22,804 | DEBUG    | httpcore.http11      | send_request_body.started request=<Request [b'HEAD']>
2026-05-25 13:00:22,804 | DEBUG    | httpcore.http11      | send_request_body.complete
2026-05-25 13:00:22,804 | DEBUG    | httpcore.http11      | receive_response_headers.started request=<Request [b'HEAD']>
2026-05-25 13:00:22,956 | DEBUG    | httpcore.http11      | receive_response_headers.complete return_value=(b'HTTP/1.1', 307, b'Temporary Redirect', [(b'Content-Type', b'text/plain; charset=utf-8'), (b'Content-Length', b'258'), (b'Connection', b'keep-alive'), (b'Date', b'Mon, 25 May 2026 10:00:22 GMT'), (b'Location', b'/api/resolve-cache/models/boltuix/bert-lite/bc0e85c1c303ee38a6b4a7276ce7cf6d0581cce5/tokenizer_config.json?%2Fboltuix%2Fbert-lite%2Fresolve%2Fmain%2Ftokenizer_config.json=&etag=%22d5c1bb83f067f79da262aed09cbefafcbe8b4805%22'), (b'X-Powered-By', b'huggingface-moon'), (b'X-Request-Id', b'Root=1-6a141db6-2fbb08520c8afb1520565231;2959c859-ab54-48b7-9e52-5553a1f98c18'), (b'RateLimit', b'"resolvers";r=4998;t=33'), (b'RateLimit-Policy', b'"fixed window";"resolvers";q=5000;w=300'), (b'cross-origin-opener-policy', b'same-origin'), (b'Referrer-Policy', b'strict-origin-when-cross-origin'), (b'Access-Control-Max-Age', b'86400'), (b'Access-Control-Allow-Origin', b'https://huggingface.co'), (b'Vary', b'Origin, Accept'), (b'Access-Control-Expose-Headers', b'X-Repo-Commit,X-Request-Id,X-Error-Code,X-Error-Message,X-Total-Count,ETag,Link,Accept-Ranges,Content-Range,X-Linked-Size,X-Linked-ETag,X-Xet-Hash'), (b'X-Repo-Commit', b'bc0e85c1c303ee38a6b4a7276ce7cf6d0581cce5'), (b'Accept-Ranges', b'bytes'), (b'X-Hub-Cache', b'MISS'), (b'Content-Disposition', b'inline; filename*=UTF-8\'\'tokenizer_config.json; filename="tokenizer_config.json";'), (b'Content-Security-Policy', b"default-src 'none'; sandbox"), (b'X-Linked-ETag', b'"d5c1bb83f067f79da262aed09cbefafcbe8b4805"'), (b'X-Cache', b'Miss from cloudfront'), (b'Via', b'1.1 837bfbe95037e42cdc86bcbd263354ea.cloudfront.net (CloudFront)'), (b'X-Amz-Cf-Pop', b'HEL51-P2'), (b'X-Amz-Cf-Id', b'myZMl16gKywlGWkF2L8bwQaxy37cZ_spoM9EdSfPLQxp9B1P_TPu0g==')])
2026-05-25 13:00:22,957 | INFO     | httpx                | HTTP Request: HEAD https://huggingface.co/boltuix/bert-lite/resolve/main/tokenizer_config.json "HTTP/1.1 307 Temporary Redirect"
2026-05-25 13:00:22,958 | DEBUG    | httpcore.http11      | receive_response_body.started request=<Request [b'HEAD']>
2026-05-25 13:00:22,958 | DEBUG    | httpcore.http11      | receive_response_body.complete
2026-05-25 13:00:22,958 | DEBUG    | httpcore.http11      | response_closed.started
2026-05-25 13:00:22,959 | DEBUG    | httpcore.http11      | response_closed.complete
2026-05-25 13:00:22,960 | DEBUG    | httpcore.http11      | send_request_headers.started request=<Request [b'HEAD']>
2026-05-25 13:00:22,960 | DEBUG    | httpcore.http11      | send_request_headers.complete
2026-05-25 13:00:22,960 | DEBUG    | httpcore.http11      | send_request_body.started request=<Request [b'HEAD']>
2026-05-25 13:00:22,961 | DEBUG    | httpcore.http11      | send_request_body.complete
2026-05-25 13:00:22,961 | DEBUG    | httpcore.http11      | receive_response_headers.started request=<Request [b'HEAD']>
2026-05-25 13:00:22,982 | DEBUG    | httpcore.http11      | receive_response_headers.complete return_value=(b'HTTP/1.1', 200, b'OK', [(b'Content-Type', b'text/plain; charset=utf-8'), (b'Content-Length', b'1300'), (b'Connection', b'keep-alive'), (b'Date', b'Wed, 13 May 2026 12:33:49 GMT'), (b'ETag', b'"d5c1bb83f067f79da262aed09cbefafcbe8b4805"'), (b'X-Powered-By', b'huggingface-moon'), (b'X-Request-Id', b'Root=1-6a046fad-0b06b5443de61d2216ce7b5e;c30943df-c246-4194-9edb-c69729443dee'), (b'RateLimit', b'"resolvers";r=4995;t=126'), (b'RateLimit-Policy', b'"fixed window";"resolvers";q=5000;w=300'), (b'cross-origin-opener-policy', b'same-origin'), (b'Referrer-Policy', b'strict-origin-when-cross-origin'), (b'Access-Control-Max-Age', b'86400'), (b'Access-Control-Allow-Origin', b'https://huggingface.co'), (b'Access-Control-Expose-Headers', b'X-Repo-Commit,X-Request-Id,X-Error-Code,X-Error-Message,X-Total-Count,ETag,Link,Accept-Ranges,Content-Range,X-Linked-Size,X-Linked-ETag,X-Xet-Hash'), (b'X-Repo-Commit', b'bc0e85c1c303ee38a6b4a7276ce7cf6d0581cce5'), (b'Accept-Ranges', b'bytes'), (b'X-Hub-Cache', b'MISS'), (b'Content-Disposition', b'inline; filename*=UTF-8\'\'tokenizer_config.json; filename="tokenizer_config.json";'), (b'Content-Security-Policy', b"default-src 'none'; sandbox"), (b'Vary', b'Origin'), (b'X-Cache', b'Hit from cloudfront'), (b'Via', b'1.1 837bfbe95037e42cdc86bcbd263354ea.cloudfront.net (CloudFront)'), (b'X-Amz-Cf-Pop', b'HEL51-P2'), (b'X-Amz-Cf-Id', b'1GXpxBJf38nPVK7H3YGq5UuRX2FGs-jKAA7P_8bFFMwwdqpQkEsxYw=='), (b'Age', b'1027593')])
2026-05-25 13:00:22,983 | INFO     | httpx                | HTTP Request: HEAD https://huggingface.co/api/resolve-cache/models/boltuix/bert-lite/bc0e85c1c303ee38a6b4a7276ce7cf6d0581cce5/tokenizer_config.json "HTTP/1.1 200 OK"
2026-05-25 13:00:22,984 | DEBUG    | httpcore.http11      | receive_response_body.started request=<Request [b'HEAD']>
2026-05-25 13:00:22,984 | DEBUG    | httpcore.http11      | receive_response_body.complete
2026-05-25 13:00:22,984 | DEBUG    | httpcore.http11      | response_closed.started
2026-05-25 13:00:22,984 | DEBUG    | httpcore.http11      | response_closed.complete
2026-05-25 13:00:23,014 | DEBUG    | httpcore.http11      | send_request_headers.started request=<Request [b'GET']>
2026-05-25 13:00:23,015 | DEBUG    | httpcore.http11      | send_request_headers.complete
2026-05-25 13:00:23,015 | DEBUG    | httpcore.http11      | send_request_body.started request=<Request [b'GET']>
2026-05-25 13:00:23,015 | DEBUG    | httpcore.http11      | send_request_body.complete
2026-05-25 13:00:23,016 | DEBUG    | httpcore.http11      | receive_response_headers.started request=<Request [b'GET']>
2026-05-25 13:00:23,170 | DEBUG    | httpcore.http11      | receive_response_headers.complete return_value=(b'HTTP/1.1', 404, b'Not Found', [(b'Content-Type', b'application/json; charset=utf-8'), (b'Content-Length', b'64'), (b'Connection', b'keep-alive'), (b'Date', b'Mon, 25 May 2026 10:00:23 GMT'), (b'ETag', b'W/"40-09f9IAqP13xarAhQxFS2W8rvRkM"'), (b'X-Powered-By', b'huggingface-moon'), (b'X-Request-Id', b'Root=1-6a141db7-5957cfb05abf187610f1ae36;fc394ee8-a38e-46b5-9848-8d4e819a9f63'), (b'RateLimit', b'"api";r=999;t=32'), (b'RateLimit-Policy', b'"fixed window";"api";q=1000;w=300'), (b'cross-origin-opener-policy', b'same-origin'), (b'Referrer-Policy', b'strict-origin-when-cross-origin'), (b'Access-Control-Max-Age', b'86400'), (b'Access-Control-Allow-Origin', b'https://huggingface.co'), (b'Vary', b'Origin'), (b'Access-Control-Expose-Headers', b'X-Repo-Commit,X-Request-Id,X-Error-Code,X-Error-Message,X-Total-Count,ETag,Link,Accept-Ranges,Content-Range,X-Linked-Size,X-Linked-ETag,X-Xet-Hash'), (b'X-Error-Code', b'EntryNotFound'), (b'X-Error-Message', b'additional_chat_templates does not exist on "main"'), (b'X-Cache', b'Error from cloudfront'), (b'Via', b'1.1 837bfbe95037e42cdc86bcbd263354ea.cloudfront.net (CloudFront)'), (b'X-Amz-Cf-Pop', b'HEL51-P2'), (b'X-Amz-Cf-Id', b'15XBPJfnieVH0MecDBXek4rrJYzatkk93IGLJdxGV1nvwWy80YITtg==')])
2026-05-25 13:00:23,170 | INFO     | httpx                | HTTP Request: GET https://huggingface.co/api/models/boltuix/bert-lite/tree/main/additional_chat_templates?recursive=false&expand=false "HTTP/1.1 404 Not Found"
2026-05-25 13:00:23,170 | DEBUG    | httpcore.http11      | receive_response_body.started request=<Request [b'GET']>
2026-05-25 13:00:23,171 | DEBUG    | httpcore.http11      | receive_response_body.complete
2026-05-25 13:00:23,171 | DEBUG    | httpcore.http11      | response_closed.started
2026-05-25 13:00:23,171 | DEBUG    | httpcore.http11      | response_closed.complete
2026-05-25 13:00:23,173 | DEBUG    | httpcore.http11      | send_request_headers.started request=<Request [b'GET']>
2026-05-25 13:00:23,174 | DEBUG    | httpcore.http11      | send_request_headers.complete
2026-05-25 13:00:23,174 | DEBUG    | httpcore.http11      | send_request_body.started request=<Request [b'GET']>
2026-05-25 13:00:23,174 | DEBUG    | httpcore.http11      | send_request_body.complete
2026-05-25 13:00:23,174 | DEBUG    | httpcore.http11      | receive_response_headers.started request=<Request [b'GET']>
2026-05-25 13:00:23,341 | DEBUG    | httpcore.http11      | receive_response_headers.complete return_value=(b'HTTP/1.1', 200, b'OK', [(b'Content-Type', b'application/json; charset=utf-8'), (b'Transfer-Encoding', b'chunked'), (b'Connection', b'keep-alive'), (b'Date', b'Mon, 25 May 2026 10:00:23 GMT'), (b'content-encoding', b'gzip'), (b'ETag', b'W/"3f4-p6e3v60yrWQMyQA/1oVBgtFThWc"'), (b'X-Powered-By', b'huggingface-moon'), (b'X-Request-Id', b'Root=1-6a141db7-6f0596ad213adbc2177100e4;a62b8d43-5e44-4ba0-9e79-efe1b3673860'), (b'RateLimit', b'"api";r=998;t=32'), (b'RateLimit-Policy', b'"fixed window";"api";q=1000;w=300'), (b'cross-origin-opener-policy', b'same-origin'), (b'Referrer-Policy', b'strict-origin-when-cross-origin'), (b'Access-Control-Max-Age', b'86400'), (b'Access-Control-Allow-Origin', b'https://huggingface.co'), (b'Vary', b'Origin'), (b'vary', b'Accept-Encoding'), (b'Access-Control-Expose-Headers', b'X-Repo-Commit,X-Request-Id,X-Error-Code,X-Error-Message,X-Total-Count,ETag,Link,Accept-Ranges,Content-Range,X-Linked-Size,X-Linked-ETag,X-Xet-Hash'), (b'X-Cache', b'Miss from cloudfront'), (b'Via', b'1.1 837bfbe95037e42cdc86bcbd263354ea.cloudfront.net (CloudFront)'), (b'X-Amz-Cf-Pop', b'HEL51-P2'), (b'X-Amz-Cf-Id', b'4G7fgzCFX2ZQcNmlj-6BSg69vW8d1tEhLlI7wyz4VhL8xUFUUza6HA==')])
2026-05-25 13:00:23,342 | INFO     | httpx                | HTTP Request: GET https://huggingface.co/api/models/boltuix/bert-lite/tree/main?recursive=true&expand=false "HTTP/1.1 200 OK"
2026-05-25 13:00:23,343 | DEBUG    | httpcore.http11      | receive_response_body.started request=<Request [b'GET']>
2026-05-25 13:00:23,343 | DEBUG    | httpcore.http11      | receive_response_body.complete
2026-05-25 13:00:23,343 | DEBUG    | httpcore.http11      | response_closed.started
2026-05-25 13:00:23,344 | DEBUG    | httpcore.http11      | response_closed.complete
2026-05-25 13:00:23,423 | DEBUG    | httpcore.http11      | send_request_headers.started request=<Request [b'HEAD']>
2026-05-25 13:00:23,423 | DEBUG    | httpcore.http11      | send_request_headers.complete
2026-05-25 13:00:23,423 | DEBUG    | httpcore.http11      | send_request_body.started request=<Request [b'HEAD']>
2026-05-25 13:00:23,423 | DEBUG    | httpcore.http11      | send_request_body.complete
2026-05-25 13:00:23,423 | DEBUG    | httpcore.http11      | receive_response_headers.started request=<Request [b'HEAD']>
2026-05-25 13:00:23,572 | DEBUG    | httpcore.http11      | receive_response_headers.complete return_value=(b'HTTP/1.1', 307, b'Temporary Redirect', [(b'Content-Type', b'text/plain; charset=utf-8'), (b'Content-Length', b'238'), (b'Connection', b'keep-alive'), (b'Date', b'Mon, 25 May 2026 10:00:23 GMT'), (b'Location', b'/api/resolve-cache/models/boltuix/bert-lite/bc0e85c1c303ee38a6b4a7276ce7cf6d0581cce5/config.json?%2Fboltuix%2Fbert-lite%2Fresolve%2Fmain%2Fconfig.json=&etag=%2281ba83673fa0d07fc98d4ba418715df42ab28a6f%22'), (b'X-Powered-By', b'huggingface-moon'), (b'X-Request-Id', b'Root=1-6a141db7-2325860b3d25633d2acfb069;4c60e86c-dedd-4422-848a-787bd180d3aa'), (b'RateLimit', b'"resolvers";r=4997;t=32'), (b'RateLimit-Policy', b'"fixed window";"resolvers";q=5000;w=300'), (b'cross-origin-opener-policy', b'same-origin'), (b'Referrer-Policy', b'strict-origin-when-cross-origin'), (b'Access-Control-Max-Age', b'86400'), (b'Access-Control-Allow-Origin', b'https://huggingface.co'), (b'Vary', b'Origin, Accept'), (b'Access-Control-Expose-Headers', b'X-Repo-Commit,X-Request-Id,X-Error-Code,X-Error-Message,X-Total-Count,ETag,Link,Accept-Ranges,Content-Range,X-Linked-Size,X-Linked-ETag,X-Xet-Hash'), (b'X-Repo-Commit', b'bc0e85c1c303ee38a6b4a7276ce7cf6d0581cce5'), (b'Accept-Ranges', b'bytes'), (b'X-Hub-Cache', b'MISS'), (b'Content-Disposition', b'inline; filename*=UTF-8\'\'config.json; filename="config.json";'), (b'Content-Security-Policy', b"default-src 'none'; sandbox"), (b'X-Linked-ETag', b'"81ba83673fa0d07fc98d4ba418715df42ab28a6f"'), (b'X-Cache', b'Miss from cloudfront'), (b'Via', b'1.1 837bfbe95037e42cdc86bcbd263354ea.cloudfront.net (CloudFront)'), (b'X-Amz-Cf-Pop', b'HEL51-P2'), (b'X-Amz-Cf-Id', b'GiTMuNHLtBh1saJNwY3BddISTx_u8_78BqaGzfT4Ey9T6qUTTML17A==')])
2026-05-25 13:00:23,573 | INFO     | httpx                | HTTP Request: HEAD https://huggingface.co/boltuix/bert-lite/resolve/main/config.json "HTTP/1.1 307 Temporary Redirect"
2026-05-25 13:00:23,574 | DEBUG    | httpcore.http11      | receive_response_body.started request=<Request [b'HEAD']>
2026-05-25 13:00:23,574 | DEBUG    | httpcore.http11      | receive_response_body.complete
2026-05-25 13:00:23,574 | DEBUG    | httpcore.http11      | response_closed.started
2026-05-25 13:00:23,575 | DEBUG    | httpcore.http11      | response_closed.complete
2026-05-25 13:00:23,576 | DEBUG    | httpcore.http11      | send_request_headers.started request=<Request [b'HEAD']>
2026-05-25 13:00:23,577 | DEBUG    | httpcore.http11      | send_request_headers.complete
2026-05-25 13:00:23,577 | DEBUG    | httpcore.http11      | send_request_body.started request=<Request [b'HEAD']>
2026-05-25 13:00:23,577 | DEBUG    | httpcore.http11      | send_request_body.complete
2026-05-25 13:00:23,577 | DEBUG    | httpcore.http11      | receive_response_headers.started request=<Request [b'HEAD']>
2026-05-25 13:00:23,599 | DEBUG    | httpcore.http11      | receive_response_headers.complete return_value=(b'HTTP/1.1', 200, b'OK', [(b'Content-Type', b'text/plain; charset=utf-8'), (b'Content-Length', b'587'), (b'Connection', b'keep-alive'), (b'Date', b'Wed, 13 May 2026 12:33:48 GMT'), (b'ETag', b'"81ba83673fa0d07fc98d4ba418715df42ab28a6f"'), (b'X-Powered-By', b'huggingface-moon'), (b'X-Request-Id', b'Root=1-6a046fac-1335b433506b8b384391f3c6;adbfdde3-1218-4a8d-ac5d-f6fb77b28728'), (b'RateLimit', b'"resolvers";r=4998;t=127'), (b'RateLimit-Policy', b'"fixed window";"resolvers";q=5000;w=300'), (b'cross-origin-opener-policy', b'same-origin'), (b'Referrer-Policy', b'strict-origin-when-cross-origin'), (b'Access-Control-Max-Age', b'86400'), (b'Access-Control-Allow-Origin', b'https://huggingface.co'), (b'Access-Control-Expose-Headers', b'X-Repo-Commit,X-Request-Id,X-Error-Code,X-Error-Message,X-Total-Count,ETag,Link,Accept-Ranges,Content-Range,X-Linked-Size,X-Linked-ETag,X-Xet-Hash'), (b'X-Repo-Commit', b'bc0e85c1c303ee38a6b4a7276ce7cf6d0581cce5'), (b'Accept-Ranges', b'bytes'), (b'X-Hub-Cache', b'MISS'), (b'Content-Disposition', b'inline; filename*=UTF-8\'\'config.json; filename="config.json";'), (b'Content-Security-Policy', b"default-src 'none'; sandbox"), (b'Vary', b'Origin'), (b'X-Cache', b'Hit from cloudfront'), (b'Via', b'1.1 837bfbe95037e42cdc86bcbd263354ea.cloudfront.net (CloudFront)'), (b'X-Amz-Cf-Pop', b'HEL51-P2'), (b'X-Amz-Cf-Id', b'bznDYfHxC32gBfBFG3QV8c0em5RtXZ1Q_Rd5FCLmYKxnMfaMwnPwIA=='), (b'Age', b'1027595')])
2026-05-25 13:00:23,600 | INFO     | httpx                | HTTP Request: HEAD https://huggingface.co/api/resolve-cache/models/boltuix/bert-lite/bc0e85c1c303ee38a6b4a7276ce7cf6d0581cce5/config.json "HTTP/1.1 200 OK"
2026-05-25 13:00:23,600 | DEBUG    | httpcore.http11      | receive_response_body.started request=<Request [b'HEAD']>
2026-05-25 13:00:23,601 | DEBUG    | httpcore.http11      | receive_response_body.complete
2026-05-25 13:00:23,601 | DEBUG    | httpcore.http11      | response_closed.started
2026-05-25 13:00:23,601 | DEBUG    | httpcore.http11      | response_closed.complete
2026-05-25 13:00:23,765 | INFO     | modules.filter.stt_filter.imp_model.imp_model | ✓ SttImpModel initialized successfully
2026-05-25 13:00:23,765 | DEBUG    | modules.filter.stt_filter.stt_filter | Loading ShouldShutUpModel...
2026-05-25 13:00:23,765 | INFO     | modules.filter.stt_filter.should_shut_up.should_shut_up_model | Initializing ShouldShutUpModel...
2026-05-25 13:00:23,765 | DEBUG    | modules.filter.stt_filter.should_shut_up.should_shut_up_model | Loading Model...
2026-05-25 13:00:23,781 | INFO     | sentence_transformers.base.model | No device provided, using cpu
2026-05-25 13:00:23,783 | DEBUG    | httpcore.http11      | send_request_headers.started request=<Request [b'HEAD']>
2026-05-25 13:00:23,783 | DEBUG    | httpcore.http11      | send_request_headers.complete
2026-05-25 13:00:23,783 | DEBUG    | httpcore.http11      | send_request_body.started request=<Request [b'HEAD']>
2026-05-25 13:00:23,783 | DEBUG    | httpcore.http11      | send_request_body.complete
2026-05-25 13:00:23,783 | DEBUG    | httpcore.http11      | receive_response_headers.started request=<Request [b'HEAD']>
2026-05-25 13:00:23,934 | DEBUG    | httpcore.http11      | receive_response_headers.complete return_value=(b'HTTP/1.1', 307, b'Temporary Redirect', [(b'Content-Type', b'text/plain; charset=utf-8'), (b'Content-Length', b'324'), (b'Connection', b'keep-alive'), (b'Date', b'Mon, 25 May 2026 10:00:23 GMT'), (b'Location', b'/api/resolve-cache/models/sentence-transformers/paraphrase-multilingual-MiniLM-L12-v2/e8f8c211226b894fcb81acc59f3b34ba3efd5f42/modules.json?%2Fsentence-transformers%2Fparaphrase-multilingual-MiniLM-L12-v2%2Fresolve%2Fmain%2Fmodules.json=&etag=%22f7640f94e81bb7f4f04daf1668850b38763a13d9%22'), (b'X-Powered-By', b'huggingface-moon'), (b'X-Request-Id', b'Root=1-6a141db7-54b163fb113207d27a123b5a;4d697a73-1bb7-4480-9bca-13d16461a1cc'), (b'RateLimit', b'"resolvers";r=4996;t=32'), (b'RateLimit-Policy', b'"fixed window";"resolvers";q=5000;w=300'), (b'cross-origin-opener-policy', b'same-origin'), (b'Referrer-Policy', b'strict-origin-when-cross-origin'), (b'Access-Control-Max-Age', b'86400'), (b'Access-Control-Allow-Origin', b'https://huggingface.co'), (b'Vary', b'Origin, Accept'), (b'Access-Control-Expose-Headers', b'X-Repo-Commit,X-Request-Id,X-Error-Code,X-Error-Message,X-Total-Count,ETag,Link,Accept-Ranges,Content-Range,X-Linked-Size,X-Linked-ETag,X-Xet-Hash'), (b'X-Repo-Commit', b'e8f8c211226b894fcb81acc59f3b34ba3efd5f42'), (b'Accept-Ranges', b'bytes'), (b'X-Hub-Cache', b'HIT'), (b'Content-Disposition', b'inline; filename*=UTF-8\'\'modules.json; filename="modules.json";'), (b'Content-Security-Policy', b"default-src 'none'; sandbox"), (b'X-Linked-ETag', b'"f7640f94e81bb7f4f04daf1668850b38763a13d9"'), (b'X-Cache', b'Miss from cloudfront'), (b'Via', b'1.1 837bfbe95037e42cdc86bcbd263354ea.cloudfront.net (CloudFront)'), (b'X-Amz-Cf-Pop', b'HEL51-P2'), (b'X-Amz-Cf-Id', b'gfCkhtrkKR7pjdZCGBvmJEomzubSmN-7FtGtZtaCsZpO-IeDQrlILQ==')])
2026-05-25 13:00:23,935 | INFO     | httpx                | HTTP Request: HEAD https://huggingface.co/sentence-transformers/paraphrase-multilingual-MiniLM-L12-v2/resolve/main/modules.json "HTTP/1.1 307 Temporary Redirect"
2026-05-25 13:00:23,935 | DEBUG    | httpcore.http11      | receive_response_body.started request=<Request [b'HEAD']>
2026-05-25 13:00:23,935 | DEBUG    | httpcore.http11      | receive_response_body.complete
2026-05-25 13:00:23,935 | DEBUG    | httpcore.http11      | response_closed.started
2026-05-25 13:00:23,935 | DEBUG    | httpcore.http11      | response_closed.complete
2026-05-25 13:00:23,936 | DEBUG    | httpcore.http11      | send_request_headers.started request=<Request [b'HEAD']>
2026-05-25 13:00:23,936 | DEBUG    | httpcore.http11      | send_request_headers.complete
2026-05-25 13:00:23,936 | DEBUG    | httpcore.http11      | send_request_body.started request=<Request [b'HEAD']>
2026-05-25 13:00:23,936 | DEBUG    | httpcore.http11      | send_request_body.complete
2026-05-25 13:00:23,937 | DEBUG    | httpcore.http11      | receive_response_headers.started request=<Request [b'HEAD']>
2026-05-25 13:00:23,959 | DEBUG    | httpcore.http11      | receive_response_headers.complete return_value=(b'HTTP/1.1', 200, b'OK', [(b'Content-Type', b'text/plain; charset=utf-8'), (b'Content-Length', b'229'), (b'Connection', b'keep-alive'), (b'Date', b'Sat, 23 May 2026 16:52:52 GMT'), (b'ETag', b'"f7640f94e81bb7f4f04daf1668850b38763a13d9"'), (b'X-Powered-By', b'huggingface-moon'), (b'X-Request-Id', b'Root=1-6a11db64-353ecde50d764e0126445d81;a473582b-af0f-4ac3-9ef1-267fcb60c843'), (b'RateLimit', b'"resolvers";r=4998;t=183'), (b'RateLimit-Policy', b'"fixed window";"resolvers";q=5000;w=300'), (b'cross-origin-opener-policy', b'same-origin'), (b'Referrer-Policy', b'strict-origin-when-cross-origin'), (b'Access-Control-Max-Age', b'86400'), (b'Access-Control-Allow-Origin', b'https://huggingface.co'), (b'Access-Control-Expose-Headers', b'X-Repo-Commit,X-Request-Id,X-Error-Code,X-Error-Message,X-Total-Count,ETag,Link,Accept-Ranges,Content-Range,X-Linked-Size,X-Linked-ETag,X-Xet-Hash'), (b'X-Repo-Commit', b'e8f8c211226b894fcb81acc59f3b34ba3efd5f42'), (b'Accept-Ranges', b'bytes'), (b'X-Hub-Cache', b'MISS'), (b'Content-Disposition', b'inline; filename*=UTF-8\'\'modules.json; filename="modules.json";'), (b'Content-Security-Policy', b"default-src 'none'; sandbox"), (b'Vary', b'Origin'), (b'X-Cache', b'Hit from cloudfront'), (b'Via', b'1.1 837bfbe95037e42cdc86bcbd263354ea.cloudfront.net (CloudFront)'), (b'X-Amz-Cf-Pop', b'HEL51-P2'), (b'X-Amz-Cf-Id', b'yRoR57ARhA80LEHT8gtiaaVg0vYyx6eQbG9MynLs0tEYN0wryUUf4g=='), (b'Age', b'148051')])
2026-05-25 13:00:23,959 | INFO     | httpx                | HTTP Request: HEAD https://huggingface.co/api/resolve-cache/models/sentence-transformers/paraphrase-multilingual-MiniLM-L12-v2/e8f8c211226b894fcb81acc59f3b34ba3efd5f42/modules.json "HTTP/1.1 200 OK"
2026-05-25 13:00:23,959 | DEBUG    | httpcore.http11      | receive_response_body.started request=<Request [b'HEAD']>
2026-05-25 13:00:23,960 | DEBUG    | httpcore.http11      | receive_response_body.complete
2026-05-25 13:00:23,960 | DEBUG    | httpcore.http11      | response_closed.started
2026-05-25 13:00:23,960 | DEBUG    | httpcore.http11      | response_closed.complete
2026-05-25 13:00:23,966 | DEBUG    | httpcore.http11      | send_request_headers.started request=<Request [b'HEAD']>
2026-05-25 13:00:23,966 | DEBUG    | httpcore.http11      | send_request_headers.complete
2026-05-25 13:00:23,966 | DEBUG    | httpcore.http11      | send_request_body.started request=<Request [b'HEAD']>
2026-05-25 13:00:23,966 | DEBUG    | httpcore.http11      | send_request_body.complete
2026-05-25 13:00:23,966 | DEBUG    | httpcore.http11      | receive_response_headers.started request=<Request [b'HEAD']>
2026-05-25 13:00:24,119 | DEBUG    | httpcore.http11      | receive_response_headers.complete return_value=(b'HTTP/1.1', 307, b'Temporary Redirect', [(b'Content-Type', b'text/plain; charset=utf-8'), (b'Content-Length', b'366'), (b'Connection', b'keep-alive'), (b'Date', b'Mon, 25 May 2026 10:00:24 GMT'), (b'Location', b'/api/resolve-cache/models/sentence-transformers/paraphrase-multilingual-MiniLM-L12-v2/e8f8c211226b894fcb81acc59f3b34ba3efd5f42/config_sentence_transformers.json?%2Fsentence-transformers%2Fparaphrase-multilingual-MiniLM-L12-v2%2Fresolve%2Fmain%2Fconfig_sentence_transformers.json=&etag=%22b974b349cb2d419ada11181750a733ff82f291ad%22'), (b'X-Powered-By', b'huggingface-moon'), (b'X-Request-Id', b'Root=1-6a141db8-1936ec0e71981f4c5cf2ec22;989f476c-ee10-4a90-a878-30cad4e1815c'), (b'RateLimit', b'"resolvers";r=4995;t=31'), (b'RateLimit-Policy', b'"fixed window";"resolvers";q=5000;w=300'), (b'cross-origin-opener-policy', b'same-origin'), (b'Referrer-Policy', b'strict-origin-when-cross-origin'), (b'Access-Control-Max-Age', b'86400'), (b'Access-Control-Allow-Origin', b'https://huggingface.co'), (b'Vary', b'Origin, Accept'), (b'Access-Control-Expose-Headers', b'X-Repo-Commit,X-Request-Id,X-Error-Code,X-Error-Message,X-Total-Count,ETag,Link,Accept-Ranges,Content-Range,X-Linked-Size,X-Linked-ETag,X-Xet-Hash'), (b'X-Repo-Commit', b'e8f8c211226b894fcb81acc59f3b34ba3efd5f42'), (b'Accept-Ranges', b'bytes'), (b'X-Hub-Cache', b'HIT'), (b'Content-Disposition', b'inline; filename*=UTF-8\'\'config_sentence_transformers.json; filename="config_sentence_transformers.json";'), (b'Content-Security-Policy', b"default-src 'none'; sandbox"), (b'X-Linked-ETag', b'"b974b349cb2d419ada11181750a733ff82f291ad"'), (b'X-Cache', b'Miss from cloudfront'), (b'Via', b'1.1 837bfbe95037e42cdc86bcbd263354ea.cloudfront.net (CloudFront)'), (b'X-Amz-Cf-Pop', b'HEL51-P2'), (b'X-Amz-Cf-Id', b'0gcXH98PC819l-OtIao3MfLYBt2Q0XbkOM85NUSRLITFxvgevxOZ-g==')])
2026-05-25 13:00:24,119 | INFO     | httpx                | HTTP Request: HEAD https://huggingface.co/sentence-transformers/paraphrase-multilingual-MiniLM-L12-v2/resolve/main/config_sentence_transformers.json "HTTP/1.1 307 Temporary Redirect"
2026-05-25 13:00:24,119 | DEBUG    | httpcore.http11      | receive_response_body.started request=<Request [b'HEAD']>
2026-05-25 13:00:24,120 | DEBUG    | httpcore.http11      | receive_response_body.complete
2026-05-25 13:00:24,120 | DEBUG    | httpcore.http11      | response_closed.started
2026-05-25 13:00:24,120 | DEBUG    | httpcore.http11      | response_closed.complete
2026-05-25 13:00:24,120 | DEBUG    | httpcore.http11      | send_request_headers.started request=<Request [b'HEAD']>
2026-05-25 13:00:24,121 | DEBUG    | httpcore.http11      | send_request_headers.complete
2026-05-25 13:00:24,121 | DEBUG    | httpcore.http11      | send_request_body.started request=<Request [b'HEAD']>
2026-05-25 13:00:24,121 | DEBUG    | httpcore.http11      | send_request_body.complete
2026-05-25 13:00:24,121 | DEBUG    | httpcore.http11      | receive_response_headers.started request=<Request [b'HEAD']>
2026-05-25 13:00:24,142 | DEBUG    | httpcore.http11      | receive_response_headers.complete return_value=(b'HTTP/1.1', 200, b'OK', [(b'Content-Type', b'text/plain; charset=utf-8'), (b'Content-Length', b'122'), (b'Connection', b'keep-alive'), (b'Date', b'Sat, 23 May 2026 16:52:53 GMT'), (b'ETag', b'"b974b349cb2d419ada11181750a733ff82f291ad"'), (b'X-Powered-By', b'huggingface-moon'), (b'X-Request-Id', b'Root=1-6a11db65-79a2106567c39bc842553923;49233703-5220-402a-b592-23ef7e30c670'), (b'RateLimit', b'"resolvers";r=4995;t=182'), (b'RateLimit-Policy', b'"fixed window";"resolvers";q=5000;w=300'), (b'cross-origin-opener-policy', b'same-origin'), (b'Referrer-Policy', b'strict-origin-when-cross-origin'), (b'Access-Control-Max-Age', b'86400'), (b'Access-Control-Allow-Origin', b'https://huggingface.co'), (b'Access-Control-Expose-Headers', b'X-Repo-Commit,X-Request-Id,X-Error-Code,X-Error-Message,X-Total-Count,ETag,Link,Accept-Ranges,Content-Range,X-Linked-Size,X-Linked-ETag,X-Xet-Hash'), (b'X-Repo-Commit', b'e8f8c211226b894fcb81acc59f3b34ba3efd5f42'), (b'Accept-Ranges', b'bytes'), (b'X-Hub-Cache', b'MISS'), (b'Content-Disposition', b'inline; filename*=UTF-8\'\'config_sentence_transformers.json; filename="config_sentence_transformers.json";'), (b'Content-Security-Policy', b"default-src 'none'; sandbox"), (b'Vary', b'Origin'), (b'X-Cache', b'Hit from cloudfront'), (b'Via', b'1.1 837bfbe95037e42cdc86bcbd263354ea.cloudfront.net (CloudFront)'), (b'X-Amz-Cf-Pop', b'HEL51-P2'), (b'X-Amz-Cf-Id', b'S6qUFlWqBZq5PhNPdbgTq85SkFJGWHo-zRhRMyUSYwK-M7t5cf6Q2A=='), (b'Age', b'148051')])
2026-05-25 13:00:24,143 | INFO     | httpx                | HTTP Request: HEAD https://huggingface.co/api/resolve-cache/models/sentence-transformers/paraphrase-multilingual-MiniLM-L12-v2/e8f8c211226b894fcb81acc59f3b34ba3efd5f42/config_sentence_transformers.json "HTTP/1.1 200 OK"
2026-05-25 13:00:24,143 | DEBUG    | httpcore.http11      | receive_response_body.started request=<Request [b'HEAD']>
2026-05-25 13:00:24,143 | DEBUG    | httpcore.http11      | receive_response_body.complete
2026-05-25 13:00:24,143 | DEBUG    | httpcore.http11      | response_closed.started
2026-05-25 13:00:24,143 | DEBUG    | httpcore.http11      | response_closed.complete
2026-05-25 13:00:24,155 | INFO     | sentence_transformers.base.model | Loading SentenceTransformer model from sentence-transformers/paraphrase-multilingual-MiniLM-L12-v2.
2026-05-25 13:00:24,157 | DEBUG    | httpcore.http11      | send_request_headers.started request=<Request [b'HEAD']>
2026-05-25 13:00:24,158 | DEBUG    | httpcore.http11      | send_request_headers.complete
2026-05-25 13:00:24,158 | DEBUG    | httpcore.http11      | send_request_body.started request=<Request [b'HEAD']>
2026-05-25 13:00:24,158 | DEBUG    | httpcore.http11      | send_request_body.complete
2026-05-25 13:00:24,159 | DEBUG    | httpcore.http11      | receive_response_headers.started request=<Request [b'HEAD']>
2026-05-25 13:00:24,310 | DEBUG    | httpcore.http11      | receive_response_headers.complete return_value=(b'HTTP/1.1', 307, b'Temporary Redirect', [(b'Content-Type', b'text/plain; charset=utf-8'), (b'Content-Length', b'366'), (b'Connection', b'keep-alive'), (b'Date', b'Mon, 25 May 2026 10:00:24 GMT'), (b'Location', b'/api/resolve-cache/models/sentence-transformers/paraphrase-multilingual-MiniLM-L12-v2/e8f8c211226b894fcb81acc59f3b34ba3efd5f42/config_sentence_transformers.json?%2Fsentence-transformers%2Fparaphrase-multilingual-MiniLM-L12-v2%2Fresolve%2Fmain%2Fconfig_sentence_transformers.json=&etag=%22b974b349cb2d419ada11181750a733ff82f291ad%22'), (b'X-Powered-By', b'huggingface-moon'), (b'X-Request-Id', b'Root=1-6a141db8-1234f1761b7ec2c06d6fb98f;4934ab92-e4c8-403e-8459-661b020408d7'), (b'RateLimit', b'"resolvers";r=4994;t=31'), (b'RateLimit-Policy', b'"fixed window";"resolvers";q=5000;w=300'), (b'cross-origin-opener-policy', b'same-origin'), (b'Referrer-Policy', b'strict-origin-when-cross-origin'), (b'Access-Control-Max-Age', b'86400'), (b'Access-Control-Allow-Origin', b'https://huggingface.co'), (b'Vary', b'Origin, Accept'), (b'Access-Control-Expose-Headers', b'X-Repo-Commit,X-Request-Id,X-Error-Code,X-Error-Message,X-Total-Count,ETag,Link,Accept-Ranges,Content-Range,X-Linked-Size,X-Linked-ETag,X-Xet-Hash'), (b'X-Repo-Commit', b'e8f8c211226b894fcb81acc59f3b34ba3efd5f42'), (b'Accept-Ranges', b'bytes'), (b'X-Hub-Cache', b'HIT'), (b'Content-Disposition', b'inline; filename*=UTF-8\'\'config_sentence_transformers.json; filename="config_sentence_transformers.json";'), (b'Content-Security-Policy', b"default-src 'none'; sandbox"), (b'X-Linked-ETag', b'"b974b349cb2d419ada11181750a733ff82f291ad"'), (b'X-Cache', b'Miss from cloudfront'), (b'Via', b'1.1 837bfbe95037e42cdc86bcbd263354ea.cloudfront.net (CloudFront)'), (b'X-Amz-Cf-Pop', b'HEL51-P2'), (b'X-Amz-Cf-Id', b'LmdbSLbydiObt1TsNMsm-yogrkRloKS_GY3WfzKvudtempg_UXtuIA==')])
2026-05-25 13:00:24,311 | INFO     | httpx                | HTTP Request: HEAD https://huggingface.co/sentence-transformers/paraphrase-multilingual-MiniLM-L12-v2/resolve/main/config_sentence_transformers.json "HTTP/1.1 307 Temporary Redirect"
2026-05-25 13:00:24,312 | DEBUG    | httpcore.http11      | receive_response_body.started request=<Request [b'HEAD']>
2026-05-25 13:00:24,312 | DEBUG    | httpcore.http11      | receive_response_body.complete
2026-05-25 13:00:24,313 | DEBUG    | httpcore.http11      | response_closed.started
2026-05-25 13:00:24,313 | DEBUG    | httpcore.http11      | response_closed.complete
2026-05-25 13:00:24,314 | DEBUG    | httpcore.http11      | send_request_headers.started request=<Request [b'HEAD']>
2026-05-25 13:00:24,315 | DEBUG    | httpcore.http11      | send_request_headers.complete
2026-05-25 13:00:24,315 | DEBUG    | httpcore.http11      | send_request_body.started request=<Request [b'HEAD']>
2026-05-25 13:00:24,315 | DEBUG    | httpcore.http11      | send_request_body.complete
2026-05-25 13:00:24,316 | DEBUG    | httpcore.http11      | receive_response_headers.started request=<Request [b'HEAD']>
2026-05-25 13:00:24,338 | DEBUG    | httpcore.http11      | receive_response_headers.complete return_value=(b'HTTP/1.1', 200, b'OK', [(b'Content-Type', b'text/plain; charset=utf-8'), (b'Content-Length', b'122'), (b'Connection', b'keep-alive'), (b'Date', b'Sat, 23 May 2026 16:52:53 GMT'), (b'ETag', b'"b974b349cb2d419ada11181750a733ff82f291ad"'), (b'X-Powered-By', b'huggingface-moon'), (b'X-Request-Id', b'Root=1-6a11db65-79a2106567c39bc842553923;49233703-5220-402a-b592-23ef7e30c670'), (b'RateLimit', b'"resolvers";r=4995;t=182'), (b'RateLimit-Policy', b'"fixed window";"resolvers";q=5000;w=300'), (b'cross-origin-opener-policy', b'same-origin'), (b'Referrer-Policy', b'strict-origin-when-cross-origin'), (b'Access-Control-Max-Age', b'86400'), (b'Access-Control-Allow-Origin', b'https://huggingface.co'), (b'Access-Control-Expose-Headers', b'X-Repo-Commit,X-Request-Id,X-Error-Code,X-Error-Message,X-Total-Count,ETag,Link,Accept-Ranges,Content-Range,X-Linked-Size,X-Linked-ETag,X-Xet-Hash'), (b'X-Repo-Commit', b'e8f8c211226b894fcb81acc59f3b34ba3efd5f42'), (b'Accept-Ranges', b'bytes'), (b'X-Hub-Cache', b'MISS'), (b'Content-Disposition', b'inline; filename*=UTF-8\'\'config_sentence_transformers.json; filename="config_sentence_transformers.json";'), (b'Content-Security-Policy', b"default-src 'none'; sandbox"), (b'Vary', b'Origin'), (b'X-Cache', b'Hit from cloudfront'), (b'Via', b'1.1 837bfbe95037e42cdc86bcbd263354ea.cloudfront.net (CloudFront)'), (b'X-Amz-Cf-Pop', b'HEL51-P2'), (b'X-Amz-Cf-Id', b'Li0twIv2DOc3kWIOj0Ts_AVN9Mv2jDeW5g0RgW5fyJmYvTdB3dBI1w=='), (b'Age', b'148051')])
2026-05-25 13:00:24,339 | INFO     | httpx                | HTTP Request: HEAD https://huggingface.co/api/resolve-cache/models/sentence-transformers/paraphrase-multilingual-MiniLM-L12-v2/e8f8c211226b894fcb81acc59f3b34ba3efd5f42/config_sentence_transformers.json "HTTP/1.1 200 OK"
2026-05-25 13:00:24,339 | DEBUG    | httpcore.http11      | receive_response_body.started request=<Request [b'HEAD']>
2026-05-25 13:00:24,340 | DEBUG    | httpcore.http11      | receive_response_body.complete
2026-05-25 13:00:24,340 | DEBUG    | httpcore.http11      | response_closed.started
2026-05-25 13:00:24,340 | DEBUG    | httpcore.http11      | response_closed.complete
2026-05-25 13:00:24,355 | DEBUG    | httpcore.http11      | send_request_headers.started request=<Request [b'HEAD']>
2026-05-25 13:00:24,356 | DEBUG    | httpcore.http11      | send_request_headers.complete
2026-05-25 13:00:24,356 | DEBUG    | httpcore.http11      | send_request_body.started request=<Request [b'HEAD']>
2026-05-25 13:00:24,356 | DEBUG    | httpcore.http11      | send_request_body.complete
2026-05-25 13:00:24,356 | DEBUG    | httpcore.http11      | receive_response_headers.started request=<Request [b'HEAD']>
2026-05-25 13:00:24,509 | DEBUG    | httpcore.http11      | receive_response_headers.complete return_value=(b'HTTP/1.1', 307, b'Temporary Redirect', [(b'Content-Type', b'text/plain; charset=utf-8'), (b'Content-Length', b'318'), (b'Connection', b'keep-alive'), (b'Date', b'Mon, 25 May 2026 10:00:24 GMT'), (b'Location', b'/api/resolve-cache/models/sentence-transformers/paraphrase-multilingual-MiniLM-L12-v2/e8f8c211226b894fcb81acc59f3b34ba3efd5f42/README.md?%2Fsentence-transformers%2Fparaphrase-multilingual-MiniLM-L12-v2%2Fresolve%2Fmain%2FREADME.md=&etag=%226bedb7f3622d56b7020f33ab93f6996d33242043%22'), (b'X-Powered-By', b'huggingface-moon'), (b'X-Request-Id', b'Root=1-6a141db8-149de1020e853d1c519a3d14;f92b769f-6385-41ab-b0a1-c200cc1366c6'), (b'RateLimit', b'"resolvers";r=4993;t=31'), (b'RateLimit-Policy', b'"fixed window";"resolvers";q=5000;w=300'), (b'cross-origin-opener-policy', b'same-origin'), (b'Referrer-Policy', b'strict-origin-when-cross-origin'), (b'Access-Control-Max-Age', b'86400'), (b'Access-Control-Allow-Origin', b'https://huggingface.co'), (b'Vary', b'Origin, Accept'), (b'Access-Control-Expose-Headers', b'X-Repo-Commit,X-Request-Id,X-Error-Code,X-Error-Message,X-Total-Count,ETag,Link,Accept-Ranges,Content-Range,X-Linked-Size,X-Linked-ETag,X-Xet-Hash'), (b'X-Repo-Commit', b'e8f8c211226b894fcb81acc59f3b34ba3efd5f42'), (b'Accept-Ranges', b'bytes'), (b'X-Hub-Cache', b'HIT'), (b'Content-Disposition', b'inline; filename*=UTF-8\'\'README.md; filename="README.md";'), (b'Content-Security-Policy', b"default-src 'none'; sandbox"), (b'X-Linked-ETag', b'"6bedb7f3622d56b7020f33ab93f6996d33242043"'), (b'X-Cache', b'Miss from cloudfront'), (b'Via', b'1.1 837bfbe95037e42cdc86bcbd263354ea.cloudfront.net (CloudFront)'), (b'X-Amz-Cf-Pop', b'HEL51-P2'), (b'X-Amz-Cf-Id', b'VaNuKh_fMHBO-OBJPr0nniM9fDBjPsWAIyQ5cJ7ZT0UiL4r13zAPeA==')])
2026-05-25 13:00:24,509 | INFO     | httpx                | HTTP Request: HEAD https://huggingface.co/sentence-transformers/paraphrase-multilingual-MiniLM-L12-v2/resolve/main/README.md "HTTP/1.1 307 Temporary Redirect"
2026-05-25 13:00:24,510 | DEBUG    | httpcore.http11      | receive_response_body.started request=<Request [b'HEAD']>
2026-05-25 13:00:24,510 | DEBUG    | httpcore.http11      | receive_response_body.complete
2026-05-25 13:00:24,510 | DEBUG    | httpcore.http11      | response_closed.started
2026-05-25 13:00:24,510 | DEBUG    | httpcore.http11      | response_closed.complete
2026-05-25 13:00:24,511 | DEBUG    | httpcore.http11      | send_request_headers.started request=<Request [b'HEAD']>
2026-05-25 13:00:24,512 | DEBUG    | httpcore.http11      | send_request_headers.complete
2026-05-25 13:00:24,512 | DEBUG    | httpcore.http11      | send_request_body.started request=<Request [b'HEAD']>
2026-05-25 13:00:24,512 | DEBUG    | httpcore.http11      | send_request_body.complete
2026-05-25 13:00:24,513 | DEBUG    | httpcore.http11      | receive_response_headers.started request=<Request [b'HEAD']>
2026-05-25 13:00:24,534 | DEBUG    | httpcore.http11      | receive_response_headers.complete return_value=(b'HTTP/1.1', 200, b'OK', [(b'Content-Type', b'text/plain; charset=utf-8'), (b'Content-Length', b'3888'), (b'Connection', b'keep-alive'), (b'Date', b'Sat, 23 May 2026 16:52:53 GMT'), (b'ETag', b'"6bedb7f3622d56b7020f33ab93f6996d33242043"'), (b'X-Powered-By', b'huggingface-moon'), (b'X-Request-Id', b'Root=1-6a11db65-4cfbf9561b7961124d4e39b4;be8d98f2-79ce-44e0-a4df-99f4e638250c'), (b'RateLimit', b'"resolvers";r=4991;t=182'), (b'RateLimit-Policy', b'"fixed window";"resolvers";q=5000;w=300'), (b'cross-origin-opener-policy', b'same-origin'), (b'Referrer-Policy', b'strict-origin-when-cross-origin'), (b'Access-Control-Max-Age', b'86400'), (b'Access-Control-Allow-Origin', b'https://huggingface.co'), (b'Access-Control-Expose-Headers', b'X-Repo-Commit,X-Request-Id,X-Error-Code,X-Error-Message,X-Total-Count,ETag,Link,Accept-Ranges,Content-Range,X-Linked-Size,X-Linked-ETag,X-Xet-Hash'), (b'X-Repo-Commit', b'e8f8c211226b894fcb81acc59f3b34ba3efd5f42'), (b'Accept-Ranges', b'bytes'), (b'X-Hub-Cache', b'HIT'), (b'Content-Disposition', b'inline; filename*=UTF-8\'\'README.md; filename="README.md";'), (b'Content-Security-Policy', b"default-src 'none'; sandbox"), (b'Vary', b'Origin'), (b'X-Cache', b'Hit from cloudfront'), (b'Via', b'1.1 837bfbe95037e42cdc86bcbd263354ea.cloudfront.net (CloudFront)'), (b'X-Amz-Cf-Pop', b'HEL51-P2'), (b'X-Amz-Cf-Id', b'hbf02zMXotLc_4nJoVfUIS7igATu-slILr9CkOk92h8vRsGoHw5W8g=='), (b'Age', b'148051')])
2026-05-25 13:00:24,535 | INFO     | httpx                | HTTP Request: HEAD https://huggingface.co/api/resolve-cache/models/sentence-transformers/paraphrase-multilingual-MiniLM-L12-v2/e8f8c211226b894fcb81acc59f3b34ba3efd5f42/README.md "HTTP/1.1 200 OK"
2026-05-25 13:00:24,535 | DEBUG    | httpcore.http11      | receive_response_body.started request=<Request [b'HEAD']>
2026-05-25 13:00:24,535 | DEBUG    | httpcore.http11      | receive_response_body.complete
2026-05-25 13:00:24,535 | DEBUG    | httpcore.http11      | response_closed.started
2026-05-25 13:00:24,536 | DEBUG    | httpcore.http11      | response_closed.complete
2026-05-25 13:00:24,546 | DEBUG    | httpcore.http11      | send_request_headers.started request=<Request [b'HEAD']>
2026-05-25 13:00:24,547 | DEBUG    | httpcore.http11      | send_request_headers.complete
2026-05-25 13:00:24,547 | DEBUG    | httpcore.http11      | send_request_body.started request=<Request [b'HEAD']>
2026-05-25 13:00:24,547 | DEBUG    | httpcore.http11      | send_request_body.complete
2026-05-25 13:00:24,547 | DEBUG    | httpcore.http11      | receive_response_headers.started request=<Request [b'HEAD']>
2026-05-25 13:00:24,696 | DEBUG    | httpcore.http11      | receive_response_headers.complete return_value=(b'HTTP/1.1', 307, b'Temporary Redirect', [(b'Content-Type', b'text/plain; charset=utf-8'), (b'Content-Length', b'324'), (b'Connection', b'keep-alive'), (b'Date', b'Mon, 25 May 2026 10:00:24 GMT'), (b'Location', b'/api/resolve-cache/models/sentence-transformers/paraphrase-multilingual-MiniLM-L12-v2/e8f8c211226b894fcb81acc59f3b34ba3efd5f42/modules.json?%2Fsentence-transformers%2Fparaphrase-multilingual-MiniLM-L12-v2%2Fresolve%2Fmain%2Fmodules.json=&etag=%22f7640f94e81bb7f4f04daf1668850b38763a13d9%22'), (b'X-Powered-By', b'huggingface-moon'), (b'X-Request-Id', b'Root=1-6a141db8-3af1c40f0060ed4722bab954;57499abe-fc74-4800-a029-76835010fe72'), (b'RateLimit', b'"resolvers";r=4992;t=31'), (b'RateLimit-Policy', b'"fixed window";"resolvers";q=5000;w=300'), (b'cross-origin-opener-policy', b'same-origin'), (b'Referrer-Policy', b'strict-origin-when-cross-origin'), (b'Access-Control-Max-Age', b'86400'), (b'Access-Control-Allow-Origin', b'https://huggingface.co'), (b'Vary', b'Origin, Accept'), (b'Access-Control-Expose-Headers', b'X-Repo-Commit,X-Request-Id,X-Error-Code,X-Error-Message,X-Total-Count,ETag,Link,Accept-Ranges,Content-Range,X-Linked-Size,X-Linked-ETag,X-Xet-Hash'), (b'X-Repo-Commit', b'e8f8c211226b894fcb81acc59f3b34ba3efd5f42'), (b'Accept-Ranges', b'bytes'), (b'X-Hub-Cache', b'HIT'), (b'Content-Disposition', b'inline; filename*=UTF-8\'\'modules.json; filename="modules.json";'), (b'Content-Security-Policy', b"default-src 'none'; sandbox"), (b'X-Linked-ETag', b'"f7640f94e81bb7f4f04daf1668850b38763a13d9"'), (b'X-Cache', b'Miss from cloudfront'), (b'Via', b'1.1 837bfbe95037e42cdc86bcbd263354ea.cloudfront.net (CloudFront)'), (b'X-Amz-Cf-Pop', b'HEL51-P2'), (b'X-Amz-Cf-Id', b'ikgoI_hzmnFKKSv2XpX9ZXaOfyG_qR2AtOWOpUeGGMYqcGQ2dujV3w==')])
2026-05-25 13:00:24,697 | INFO     | httpx                | HTTP Request: HEAD https://huggingface.co/sentence-transformers/paraphrase-multilingual-MiniLM-L12-v2/resolve/main/modules.json "HTTP/1.1 307 Temporary Redirect"
2026-05-25 13:00:24,698 | DEBUG    | httpcore.http11      | receive_response_body.started request=<Request [b'HEAD']>
2026-05-25 13:00:24,699 | DEBUG    | httpcore.http11      | receive_response_body.complete
2026-05-25 13:00:24,699 | DEBUG    | httpcore.http11      | response_closed.started
2026-05-25 13:00:24,699 | DEBUG    | httpcore.http11      | response_closed.complete
2026-05-25 13:00:24,701 | DEBUG    | httpcore.http11      | send_request_headers.started request=<Request [b'HEAD']>
2026-05-25 13:00:24,701 | DEBUG    | httpcore.http11      | send_request_headers.complete
2026-05-25 13:00:24,702 | DEBUG    | httpcore.http11      | send_request_body.started request=<Request [b'HEAD']>
2026-05-25 13:00:24,702 | DEBUG    | httpcore.http11      | send_request_body.complete
2026-05-25 13:00:24,702 | DEBUG    | httpcore.http11      | receive_response_headers.started request=<Request [b'HEAD']>
2026-05-25 13:00:24,725 | DEBUG    | httpcore.http11      | receive_response_headers.complete return_value=(b'HTTP/1.1', 200, b'OK', [(b'Content-Type', b'text/plain; charset=utf-8'), (b'Content-Length', b'229'), (b'Connection', b'keep-alive'), (b'Date', b'Sat, 23 May 2026 16:52:52 GMT'), (b'ETag', b'"f7640f94e81bb7f4f04daf1668850b38763a13d9"'), (b'X-Powered-By', b'huggingface-moon'), (b'X-Request-Id', b'Root=1-6a11db64-353ecde50d764e0126445d81;a473582b-af0f-4ac3-9ef1-267fcb60c843'), (b'RateLimit', b'"resolvers";r=4998;t=183'), (b'RateLimit-Policy', b'"fixed window";"resolvers";q=5000;w=300'), (b'cross-origin-opener-policy', b'same-origin'), (b'Referrer-Policy', b'strict-origin-when-cross-origin'), (b'Access-Control-Max-Age', b'86400'), (b'Access-Control-Allow-Origin', b'https://huggingface.co'), (b'Access-Control-Expose-Headers', b'X-Repo-Commit,X-Request-Id,X-Error-Code,X-Error-Message,X-Total-Count,ETag,Link,Accept-Ranges,Content-Range,X-Linked-Size,X-Linked-ETag,X-Xet-Hash'), (b'X-Repo-Commit', b'e8f8c211226b894fcb81acc59f3b34ba3efd5f42'), (b'Accept-Ranges', b'bytes'), (b'X-Hub-Cache', b'MISS'), (b'Content-Disposition', b'inline; filename*=UTF-8\'\'modules.json; filename="modules.json";'), (b'Content-Security-Policy', b"default-src 'none'; sandbox"), (b'Vary', b'Origin'), (b'X-Cache', b'Hit from cloudfront'), (b'Via', b'1.1 837bfbe95037e42cdc86bcbd263354ea.cloudfront.net (CloudFront)'), (b'X-Amz-Cf-Pop', b'HEL51-P2'), (b'X-Amz-Cf-Id', b'5KLHxjjlU5SMT-pSR3LocoL9fswgip-76GGjgcm25ICl3wa6qVA7GQ=='), (b'Age', b'148052')])
2026-05-25 13:00:24,726 | INFO     | httpx                | HTTP Request: HEAD https://huggingface.co/api/resolve-cache/models/sentence-transformers/paraphrase-multilingual-MiniLM-L12-v2/e8f8c211226b894fcb81acc59f3b34ba3efd5f42/modules.json "HTTP/1.1 200 OK"
2026-05-25 13:00:24,726 | DEBUG    | httpcore.http11      | receive_response_body.started request=<Request [b'HEAD']>
2026-05-25 13:00:24,726 | DEBUG    | httpcore.http11      | receive_response_body.complete
2026-05-25 13:00:24,727 | DEBUG    | httpcore.http11      | response_closed.started
2026-05-25 13:00:24,727 | DEBUG    | httpcore.http11      | response_closed.complete
2026-05-25 13:00:24,737 | DEBUG    | httpcore.http11      | send_request_headers.started request=<Request [b'HEAD']>
2026-05-25 13:00:24,738 | DEBUG    | httpcore.http11      | send_request_headers.complete
2026-05-25 13:00:24,738 | DEBUG    | httpcore.http11      | send_request_body.started request=<Request [b'HEAD']>
2026-05-25 13:00:24,739 | DEBUG    | httpcore.http11      | send_request_body.complete
2026-05-25 13:00:24,739 | DEBUG    | httpcore.http11      | receive_response_headers.started request=<Request [b'HEAD']>
2026-05-25 13:00:24,886 | DEBUG    | httpcore.http11      | receive_response_headers.complete return_value=(b'HTTP/1.1', 307, b'Temporary Redirect', [(b'Content-Type', b'text/plain; charset=utf-8'), (b'Content-Length', b'350'), (b'Connection', b'keep-alive'), (b'Date', b'Mon, 25 May 2026 10:00:24 GMT'), (b'Location', b'/api/resolve-cache/models/sentence-transformers/paraphrase-multilingual-MiniLM-L12-v2/e8f8c211226b894fcb81acc59f3b34ba3efd5f42/sentence_bert_config.json?%2Fsentence-transformers%2Fparaphrase-multilingual-MiniLM-L12-v2%2Fresolve%2Fmain%2Fsentence_bert_config.json=&etag=%225fd10429389515d3e5cccdeda08cae5fea1ae82e%22'), (b'X-Powered-By', b'huggingface-moon'), (b'X-Request-Id', b'Root=1-6a141db8-61ff06eb76e2c470363d74ca;550772b5-a07d-4165-b31c-489eb6ca3b16'), (b'RateLimit', b'"resolvers";r=4991;t=31'), (b'RateLimit-Policy', b'"fixed window";"resolvers";q=5000;w=300'), (b'cross-origin-opener-policy', b'same-origin'), (b'Referrer-Policy', b'strict-origin-when-cross-origin'), (b'Access-Control-Max-Age', b'86400'), (b'Access-Control-Allow-Origin', b'https://huggingface.co'), (b'Vary', b'Origin, Accept'), (b'Access-Control-Expose-Headers', b'X-Repo-Commit,X-Request-Id,X-Error-Code,X-Error-Message,X-Total-Count,ETag,Link,Accept-Ranges,Content-Range,X-Linked-Size,X-Linked-ETag,X-Xet-Hash'), (b'X-Repo-Commit', b'e8f8c211226b894fcb81acc59f3b34ba3efd5f42'), (b'Accept-Ranges', b'bytes'), (b'X-Hub-Cache', b'HIT'), (b'Content-Disposition', b'inline; filename*=UTF-8\'\'sentence_bert_config.json; filename="sentence_bert_config.json";'), (b'Content-Security-Policy', b"default-src 'none'; sandbox"), (b'X-Linked-ETag', b'"5fd10429389515d3e5cccdeda08cae5fea1ae82e"'), (b'X-Cache', b'Miss from cloudfront'), (b'Via', b'1.1 837bfbe95037e42cdc86bcbd263354ea.cloudfront.net (CloudFront)'), (b'X-Amz-Cf-Pop', b'HEL51-P2'), (b'X-Amz-Cf-Id', b'n2n3tYdC1iiAAK4eoclh7SJTcbh0iV8p0uAPmzelrieb1IVhFXfm4w==')])
2026-05-25 13:00:24,886 | INFO     | httpx                | HTTP Request: HEAD https://huggingface.co/sentence-transformers/paraphrase-multilingual-MiniLM-L12-v2/resolve/main/sentence_bert_config.json "HTTP/1.1 307 Temporary Redirect"
2026-05-25 13:00:24,888 | DEBUG    | httpcore.http11      | receive_response_body.started request=<Request [b'HEAD']>
2026-05-25 13:00:24,888 | DEBUG    | httpcore.http11      | receive_response_body.complete
2026-05-25 13:00:24,888 | DEBUG    | httpcore.http11      | response_closed.started
2026-05-25 13:00:24,888 | DEBUG    | httpcore.http11      | response_closed.complete
2026-05-25 13:00:24,890 | DEBUG    | httpcore.http11      | send_request_headers.started request=<Request [b'HEAD']>
2026-05-25 13:00:24,891 | DEBUG    | httpcore.http11      | send_request_headers.complete
2026-05-25 13:00:24,891 | DEBUG    | httpcore.http11      | send_request_body.started request=<Request [b'HEAD']>
2026-05-25 13:00:24,891 | DEBUG    | httpcore.http11      | send_request_body.complete
2026-05-25 13:00:24,891 | DEBUG    | httpcore.http11      | receive_response_headers.started request=<Request [b'HEAD']>
2026-05-25 13:00:24,913 | DEBUG    | httpcore.http11      | receive_response_headers.complete return_value=(b'HTTP/1.1', 200, b'OK', [(b'Content-Type', b'text/plain; charset=utf-8'), (b'Content-Length', b'53'), (b'Connection', b'keep-alive'), (b'Date', b'Sat, 23 May 2026 16:52:54 GMT'), (b'ETag', b'"5fd10429389515d3e5cccdeda08cae5fea1ae82e"'), (b'X-Powered-By', b'huggingface-moon'), (b'X-Request-Id', b'Root=1-6a11db66-63b5b0922ea7996a0f310dbf;a57418a0-b144-4cf6-a664-968ad2d7a2d6'), (b'RateLimit', b'"resolvers";r=4987;t=181'), (b'RateLimit-Policy', b'"fixed window";"resolvers";q=5000;w=300'), (b'cross-origin-opener-policy', b'same-origin'), (b'Referrer-Policy', b'strict-origin-when-cross-origin'), (b'Access-Control-Max-Age', b'86400'), (b'Access-Control-Allow-Origin', b'https://huggingface.co'), (b'Access-Control-Expose-Headers', b'X-Repo-Commit,X-Request-Id,X-Error-Code,X-Error-Message,X-Total-Count,ETag,Link,Accept-Ranges,Content-Range,X-Linked-Size,X-Linked-ETag,X-Xet-Hash'), (b'X-Repo-Commit', b'e8f8c211226b894fcb81acc59f3b34ba3efd5f42'), (b'Accept-Ranges', b'bytes'), (b'X-Hub-Cache', b'MISS'), (b'Content-Disposition', b'inline; filename*=UTF-8\'\'sentence_bert_config.json; filename="sentence_bert_config.json";'), (b'Content-Security-Policy', b"default-src 'none'; sandbox"), (b'Vary', b'Origin'), (b'X-Cache', b'Hit from cloudfront'), (b'Via', b'1.1 837bfbe95037e42cdc86bcbd263354ea.cloudfront.net (CloudFront)'), (b'X-Amz-Cf-Pop', b'HEL51-P2'), (b'X-Amz-Cf-Id', b'8POaguC8qbO_nmWLj7pqsIRYm0zDdd_paZU21czOoNbgPA_WbG1BMQ=='), (b'Age', b'148050')])
2026-05-25 13:00:24,914 | INFO     | httpx                | HTTP Request: HEAD https://huggingface.co/api/resolve-cache/models/sentence-transformers/paraphrase-multilingual-MiniLM-L12-v2/e8f8c211226b894fcb81acc59f3b34ba3efd5f42/sentence_bert_config.json "HTTP/1.1 200 OK"
2026-05-25 13:00:24,914 | DEBUG    | httpcore.http11      | receive_response_body.started request=<Request [b'HEAD']>
2026-05-25 13:00:24,914 | DEBUG    | httpcore.http11      | receive_response_body.complete
2026-05-25 13:00:24,915 | DEBUG    | httpcore.http11      | response_closed.started
2026-05-25 13:00:24,915 | DEBUG    | httpcore.http11      | response_closed.complete
2026-05-25 13:00:24,926 | DEBUG    | httpcore.http11      | send_request_headers.started request=<Request [b'HEAD']>
2026-05-25 13:00:24,927 | DEBUG    | httpcore.http11      | send_request_headers.complete
2026-05-25 13:00:24,927 | DEBUG    | httpcore.http11      | send_request_body.started request=<Request [b'HEAD']>
2026-05-25 13:00:24,928 | DEBUG    | httpcore.http11      | send_request_body.complete
2026-05-25 13:00:24,928 | DEBUG    | httpcore.http11      | receive_response_headers.started request=<Request [b'HEAD']>
2026-05-25 13:00:25,081 | DEBUG    | httpcore.http11      | receive_response_headers.complete return_value=(b'HTTP/1.1', 404, b'Not Found', [(b'Content-Type', b'text/plain; charset=utf-8'), (b'Content-Length', b'15'), (b'Connection', b'keep-alive'), (b'Date', b'Mon, 25 May 2026 10:00:25 GMT'), (b'ETag', b'W/"f-mY2VvLxuxB7KhsoOdQTlMTccuAQ"'), (b'X-Powered-By', b'huggingface-moon'), (b'X-Request-Id', b'Root=1-6a141db9-150caf344e2861a22bc28894;72a27b05-3495-4ed3-bc2d-f21220834f16'), (b'RateLimit', b'"resolvers";r=4990;t=30'), (b'RateLimit-Policy', b'"fixed window";"resolvers";q=5000;w=300'), (b'cross-origin-opener-policy', b'same-origin'), (b'Referrer-Policy', b'strict-origin-when-cross-origin'), (b'Access-Control-Max-Age', b'86400'), (b'Access-Control-Allow-Origin', b'https://huggingface.co'), (b'Vary', b'Origin'), (b'Access-Control-Expose-Headers', b'X-Repo-Commit,X-Request-Id,X-Error-Code,X-Error-Message,X-Total-Count,ETag,Link,Accept-Ranges,Content-Range,X-Linked-Size,X-Linked-ETag,X-Xet-Hash'), (b'X-Repo-Commit', b'e8f8c211226b894fcb81acc59f3b34ba3efd5f42'), (b'Accept-Ranges', b'bytes'), (b'X-Hub-Cache', b'MISS'), (b'X-Error-Code', b'EntryNotFound'), (b'X-Error-Message', b'Entry not found'), (b'X-Cache', b'Error from cloudfront'), (b'Via', b'1.1 837bfbe95037e42cdc86bcbd263354ea.cloudfront.net (CloudFront)'), (b'X-Amz-Cf-Pop', b'HEL51-P2'), (b'X-Amz-Cf-Id', b'Y-DMEnQlAfxMOB1XeqQqPZazEZnJXjntzxER4Lr-soJzTvGY2K7O9w==')])
2026-05-25 13:00:25,082 | INFO     | httpx                | HTTP Request: HEAD https://huggingface.co/sentence-transformers/paraphrase-multilingual-MiniLM-L12-v2/resolve/main/adapter_config.json "HTTP/1.1 404 Not Found"
2026-05-25 13:00:25,083 | DEBUG    | httpcore.http11      | receive_response_body.started request=<Request [b'HEAD']>
2026-05-25 13:00:25,083 | DEBUG    | httpcore.http11      | receive_response_body.complete
2026-05-25 13:00:25,083 | DEBUG    | httpcore.http11      | response_closed.started
2026-05-25 13:00:25,083 | DEBUG    | httpcore.http11      | response_closed.complete
2026-05-25 13:00:25,096 | DEBUG    | httpcore.http11      | send_request_headers.started request=<Request [b'HEAD']>
2026-05-25 13:00:25,096 | DEBUG    | httpcore.http11      | send_request_headers.complete
2026-05-25 13:00:25,097 | DEBUG    | httpcore.http11      | send_request_body.started request=<Request [b'HEAD']>
2026-05-25 13:00:25,097 | DEBUG    | httpcore.http11      | send_request_body.complete
2026-05-25 13:00:25,097 | DEBUG    | httpcore.http11      | receive_response_headers.started request=<Request [b'HEAD']>
2026-05-25 13:00:25,247 | DEBUG    | httpcore.http11      | receive_response_headers.complete return_value=(b'HTTP/1.1', 307, b'Temporary Redirect', [(b'Content-Type', b'text/plain; charset=utf-8'), (b'Content-Length', b'322'), (b'Connection', b'keep-alive'), (b'Date', b'Mon, 25 May 2026 10:00:25 GMT'), (b'Location', b'/api/resolve-cache/models/sentence-transformers/paraphrase-multilingual-MiniLM-L12-v2/e8f8c211226b894fcb81acc59f3b34ba3efd5f42/config.json?%2Fsentence-transformers%2Fparaphrase-multilingual-MiniLM-L12-v2%2Fresolve%2Fmain%2Fconfig.json=&etag=%22c06d5b49495f044e6380e68a60538be17a6bd5d1%22'), (b'X-Powered-By', b'huggingface-moon'), (b'X-Request-Id', b'Root=1-6a141db9-69e07c556910b21431a8db5f;a7ee8dea-bcdd-43ed-89f9-8912dd9d729b'), (b'RateLimit', b'"resolvers";r=4989;t=30'), (b'RateLimit-Policy', b'"fixed window";"resolvers";q=5000;w=300'), (b'cross-origin-opener-policy', b'same-origin'), (b'Referrer-Policy', b'strict-origin-when-cross-origin'), (b'Access-Control-Max-Age', b'86400'), (b'Access-Control-Allow-Origin', b'https://huggingface.co'), (b'Vary', b'Origin, Accept'), (b'Access-Control-Expose-Headers', b'X-Repo-Commit,X-Request-Id,X-Error-Code,X-Error-Message,X-Total-Count,ETag,Link,Accept-Ranges,Content-Range,X-Linked-Size,X-Linked-ETag,X-Xet-Hash'), (b'X-Repo-Commit', b'e8f8c211226b894fcb81acc59f3b34ba3efd5f42'), (b'Accept-Ranges', b'bytes'), (b'X-Hub-Cache', b'HIT'), (b'Content-Disposition', b'inline; filename*=UTF-8\'\'config.json; filename="config.json";'), (b'Content-Security-Policy', b"default-src 'none'; sandbox"), (b'X-Linked-ETag', b'"c06d5b49495f044e6380e68a60538be17a6bd5d1"'), (b'X-Cache', b'Miss from cloudfront'), (b'Via', b'1.1 837bfbe95037e42cdc86bcbd263354ea.cloudfront.net (CloudFront)'), (b'X-Amz-Cf-Pop', b'HEL51-P2'), (b'X-Amz-Cf-Id', b'wQ9IaOSelkCt9oNru2T9t81QwOJ9rgqg-hN2FyWLdabftK76NGm3lA==')])
2026-05-25 13:00:25,248 | INFO     | httpx                | HTTP Request: HEAD https://huggingface.co/sentence-transformers/paraphrase-multilingual-MiniLM-L12-v2/resolve/main/config.json "HTTP/1.1 307 Temporary Redirect"
2026-05-25 13:00:25,249 | DEBUG    | httpcore.http11      | receive_response_body.started request=<Request [b'HEAD']>
2026-05-25 13:00:25,249 | DEBUG    | httpcore.http11      | receive_response_body.complete
2026-05-25 13:00:25,249 | DEBUG    | httpcore.http11      | response_closed.started
2026-05-25 13:00:25,249 | DEBUG    | httpcore.http11      | response_closed.complete
2026-05-25 13:00:25,250 | DEBUG    | httpcore.http11      | send_request_headers.started request=<Request [b'HEAD']>
2026-05-25 13:00:25,251 | DEBUG    | httpcore.http11      | send_request_headers.complete
2026-05-25 13:00:25,251 | DEBUG    | httpcore.http11      | send_request_body.started request=<Request [b'HEAD']>
2026-05-25 13:00:25,251 | DEBUG    | httpcore.http11      | send_request_body.complete
2026-05-25 13:00:25,251 | DEBUG    | httpcore.http11      | receive_response_headers.started request=<Request [b'HEAD']>
2026-05-25 13:00:25,273 | DEBUG    | httpcore.http11      | receive_response_headers.complete return_value=(b'HTTP/1.1', 200, b'OK', [(b'Content-Type', b'text/plain; charset=utf-8'), (b'Content-Length', b'645'), (b'Connection', b'keep-alive'), (b'Date', b'Sat, 23 May 2026 16:52:55 GMT'), (b'ETag', b'"c06d5b49495f044e6380e68a60538be17a6bd5d1"'), (b'X-Powered-By', b'huggingface-moon'), (b'X-Request-Id', b'Root=1-6a11db67-2ad77e595d0c35132f3135d5;4da4a2fd-bd36-4550-ac7d-380303f2f2bc'), (b'RateLimit', b'"resolvers";r=4983;t=180'), (b'RateLimit-Policy', b'"fixed window";"resolvers";q=5000;w=300'), (b'cross-origin-opener-policy', b'same-origin'), (b'Referrer-Policy', b'strict-origin-when-cross-origin'), (b'Access-Control-Max-Age', b'86400'), (b'Access-Control-Allow-Origin', b'https://huggingface.co'), (b'Access-Control-Expose-Headers', b'X-Repo-Commit,X-Request-Id,X-Error-Code,X-Error-Message,X-Total-Count,ETag,Link,Accept-Ranges,Content-Range,X-Linked-Size,X-Linked-ETag,X-Xet-Hash'), (b'X-Repo-Commit', b'e8f8c211226b894fcb81acc59f3b34ba3efd5f42'), (b'Accept-Ranges', b'bytes'), (b'X-Hub-Cache', b'MISS'), (b'Content-Disposition', b'inline; filename*=UTF-8\'\'config.json; filename="config.json";'), (b'Content-Security-Policy', b"default-src 'none'; sandbox"), (b'Vary', b'Origin'), (b'X-Cache', b'Hit from cloudfront'), (b'Via', b'1.1 837bfbe95037e42cdc86bcbd263354ea.cloudfront.net (CloudFront)'), (b'X-Amz-Cf-Pop', b'HEL51-P2'), (b'X-Amz-Cf-Id', b'squIK8ks5xtB9-I2vf1nhnIk14GrFQ07toII0eTah8TYvN6NX5xBcg=='), (b'Age', b'148050')])
2026-05-25 13:00:25,273 | INFO     | httpx                | HTTP Request: HEAD https://huggingface.co/api/resolve-cache/models/sentence-transformers/paraphrase-multilingual-MiniLM-L12-v2/e8f8c211226b894fcb81acc59f3b34ba3efd5f42/config.json "HTTP/1.1 200 OK"
2026-05-25 13:00:25,273 | DEBUG    | httpcore.http11      | receive_response_body.started request=<Request [b'HEAD']>
2026-05-25 13:00:25,273 | DEBUG    | httpcore.http11      | receive_response_body.complete
2026-05-25 13:00:25,273 | DEBUG    | httpcore.http11      | response_closed.started
2026-05-25 13:00:25,273 | DEBUG    | httpcore.http11      | response_closed.complete
2026-05-25 13:00:25,436 | DEBUG    | httpcore.http11      | send_request_headers.started request=<Request [b'HEAD']>
2026-05-25 13:00:25,437 | DEBUG    | httpcore.http11      | send_request_headers.complete
2026-05-25 13:00:25,437 | DEBUG    | httpcore.http11      | send_request_body.started request=<Request [b'HEAD']>
2026-05-25 13:00:25,437 | DEBUG    | httpcore.http11      | send_request_body.complete
2026-05-25 13:00:25,437 | DEBUG    | httpcore.http11      | receive_response_headers.started request=<Request [b'HEAD']>
2026-05-25 13:00:25,587 | DEBUG    | httpcore.http11      | receive_response_headers.complete return_value=(b'HTTP/1.1', 404, b'Not Found', [(b'Content-Type', b'text/plain; charset=utf-8'), (b'Content-Length', b'15'), (b'Connection', b'keep-alive'), (b'Date', b'Mon, 25 May 2026 10:00:25 GMT'), (b'ETag', b'W/"f-mY2VvLxuxB7KhsoOdQTlMTccuAQ"'), (b'X-Powered-By', b'huggingface-moon'), (b'X-Request-Id', b'Root=1-6a141db9-2e8a42454d5897b912d0abf4;b970de4a-4b37-4a0f-8ee2-493088865c2a'), (b'RateLimit', b'"resolvers";r=4988;t=30'), (b'RateLimit-Policy', b'"fixed window";"resolvers";q=5000;w=300'), (b'cross-origin-opener-policy', b'same-origin'), (b'Referrer-Policy', b'strict-origin-when-cross-origin'), (b'Access-Control-Max-Age', b'86400'), (b'Access-Control-Allow-Origin', b'https://huggingface.co'), (b'Vary', b'Origin'), (b'Access-Control-Expose-Headers', b'X-Repo-Commit,X-Request-Id,X-Error-Code,X-Error-Message,X-Total-Count,ETag,Link,Accept-Ranges,Content-Range,X-Linked-Size,X-Linked-ETag,X-Xet-Hash'), (b'X-Repo-Commit', b'e8f8c211226b894fcb81acc59f3b34ba3efd5f42'), (b'Accept-Ranges', b'bytes'), (b'X-Hub-Cache', b'MISS'), (b'X-Error-Code', b'EntryNotFound'), (b'X-Error-Message', b'Entry not found'), (b'X-Cache', b'Error from cloudfront'), (b'Via', b'1.1 837bfbe95037e42cdc86bcbd263354ea.cloudfront.net (CloudFront)'), (b'X-Amz-Cf-Pop', b'HEL51-P2'), (b'X-Amz-Cf-Id', b'_iJlyAoCBlgWW3DaZ45my9NGK4WewS9Yc2sejGvhebBasHI-PCAM2g==')])
2026-05-25 13:00:25,588 | INFO     | httpx                | HTTP Request: HEAD https://huggingface.co/sentence-transformers/paraphrase-multilingual-MiniLM-L12-v2/resolve/main/processor_config.json "HTTP/1.1 404 Not Found"
2026-05-25 13:00:25,588 | DEBUG    | httpcore.http11      | receive_response_body.started request=<Request [b'HEAD']>
2026-05-25 13:00:25,589 | DEBUG    | httpcore.http11      | receive_response_body.complete
2026-05-25 13:00:25,589 | DEBUG    | httpcore.http11      | response_closed.started
2026-05-25 13:00:25,589 | DEBUG    | httpcore.http11      | response_closed.complete
2026-05-25 13:00:25,601 | DEBUG    | httpcore.http11      | send_request_headers.started request=<Request [b'HEAD']>
2026-05-25 13:00:25,602 | DEBUG    | httpcore.http11      | send_request_headers.complete
2026-05-25 13:00:25,602 | DEBUG    | httpcore.http11      | send_request_body.started request=<Request [b'HEAD']>
2026-05-25 13:00:25,602 | DEBUG    | httpcore.http11      | send_request_body.complete
2026-05-25 13:00:25,602 | DEBUG    | httpcore.http11      | receive_response_headers.started request=<Request [b'HEAD']>
2026-05-25 13:00:25,756 | DEBUG    | httpcore.http11      | receive_response_headers.complete return_value=(b'HTTP/1.1', 404, b'Not Found', [(b'Content-Type', b'text/plain; charset=utf-8'), (b'Content-Length', b'15'), (b'Connection', b'keep-alive'), (b'Date', b'Mon, 25 May 2026 10:00:25 GMT'), (b'ETag', b'W/"f-mY2VvLxuxB7KhsoOdQTlMTccuAQ"'), (b'X-Powered-By', b'huggingface-moon'), (b'X-Request-Id', b'Root=1-6a141db9-76d80a4a0b19d3e552870aaf;8a7fb1b8-12a6-4a7d-bfbe-aabc8bca1818'), (b'RateLimit', b'"resolvers";r=4987;t=30'), (b'RateLimit-Policy', b'"fixed window";"resolvers";q=5000;w=300'), (b'cross-origin-opener-policy', b'same-origin'), (b'Referrer-Policy', b'strict-origin-when-cross-origin'), (b'Access-Control-Max-Age', b'86400'), (b'Access-Control-Allow-Origin', b'https://huggingface.co'), (b'Vary', b'Origin'), (b'Access-Control-Expose-Headers', b'X-Repo-Commit,X-Request-Id,X-Error-Code,X-Error-Message,X-Total-Count,ETag,Link,Accept-Ranges,Content-Range,X-Linked-Size,X-Linked-ETag,X-Xet-Hash'), (b'X-Repo-Commit', b'e8f8c211226b894fcb81acc59f3b34ba3efd5f42'), (b'Accept-Ranges', b'bytes'), (b'X-Hub-Cache', b'MISS'), (b'X-Error-Code', b'EntryNotFound'), (b'X-Error-Message', b'Entry not found'), (b'X-Cache', b'Error from cloudfront'), (b'Via', b'1.1 837bfbe95037e42cdc86bcbd263354ea.cloudfront.net (CloudFront)'), (b'X-Amz-Cf-Pop', b'HEL51-P2'), (b'X-Amz-Cf-Id', b'rfhjiNRGA8zeywXc2l-PR9RxNDqbl0Qb4gvz_SzCWj9sZ302nvt_2A==')])
2026-05-25 13:00:25,757 | INFO     | httpx                | HTTP Request: HEAD https://huggingface.co/sentence-transformers/paraphrase-multilingual-MiniLM-L12-v2/resolve/main/preprocessor_config.json "HTTP/1.1 404 Not Found"
2026-05-25 13:00:25,757 | DEBUG    | httpcore.http11      | receive_response_body.started request=<Request [b'HEAD']>
2026-05-25 13:00:25,758 | DEBUG    | httpcore.http11      | receive_response_body.complete
2026-05-25 13:00:25,758 | DEBUG    | httpcore.http11      | response_closed.started
2026-05-25 13:00:25,758 | DEBUG    | httpcore.http11      | response_closed.complete
2026-05-25 13:00:25,773 | DEBUG    | httpcore.http11      | send_request_headers.started request=<Request [b'HEAD']>
2026-05-25 13:00:25,773 | DEBUG    | httpcore.http11      | send_request_headers.complete
2026-05-25 13:00:25,774 | DEBUG    | httpcore.http11      | send_request_body.started request=<Request [b'HEAD']>
2026-05-25 13:00:25,774 | DEBUG    | httpcore.http11      | send_request_body.complete
2026-05-25 13:00:25,774 | DEBUG    | httpcore.http11      | receive_response_headers.started request=<Request [b'HEAD']>
2026-05-25 13:00:25,926 | DEBUG    | httpcore.http11      | receive_response_headers.complete return_value=(b'HTTP/1.1', 404, b'Not Found', [(b'Content-Type', b'text/plain; charset=utf-8'), (b'Content-Length', b'15'), (b'Connection', b'keep-alive'), (b'Date', b'Mon, 25 May 2026 10:00:25 GMT'), (b'ETag', b'W/"f-mY2VvLxuxB7KhsoOdQTlMTccuAQ"'), (b'X-Powered-By', b'huggingface-moon'), (b'X-Request-Id', b'Root=1-6a141db9-295a1a1c527720224741a8d8;199cdba3-b1a8-43fa-8f36-1dada7647b91'), (b'RateLimit', b'"resolvers";r=4986;t=30'), (b'RateLimit-Policy', b'"fixed window";"resolvers";q=5000;w=300'), (b'cross-origin-opener-policy', b'same-origin'), (b'Referrer-Policy', b'strict-origin-when-cross-origin'), (b'Access-Control-Max-Age', b'86400'), (b'Access-Control-Allow-Origin', b'https://huggingface.co'), (b'Vary', b'Origin'), (b'Access-Control-Expose-Headers', b'X-Repo-Commit,X-Request-Id,X-Error-Code,X-Error-Message,X-Total-Count,ETag,Link,Accept-Ranges,Content-Range,X-Linked-Size,X-Linked-ETag,X-Xet-Hash'), (b'X-Repo-Commit', b'e8f8c211226b894fcb81acc59f3b34ba3efd5f42'), (b'Accept-Ranges', b'bytes'), (b'X-Hub-Cache', b'MISS'), (b'X-Error-Code', b'EntryNotFound'), (b'X-Error-Message', b'Entry not found'), (b'X-Cache', b'Error from cloudfront'), (b'Via', b'1.1 837bfbe95037e42cdc86bcbd263354ea.cloudfront.net (CloudFront)'), (b'X-Amz-Cf-Pop', b'HEL51-P2'), (b'X-Amz-Cf-Id', b'p1bF2AFa0shNzBvXLE-FUsOWJw_T6jKqk9lGDbysuvuVuLsysYwU0w==')])
2026-05-25 13:00:25,926 | INFO     | httpx                | HTTP Request: HEAD https://huggingface.co/sentence-transformers/paraphrase-multilingual-MiniLM-L12-v2/resolve/main/video_preprocessor_config.json "HTTP/1.1 404 Not Found"
2026-05-25 13:00:25,927 | DEBUG    | httpcore.http11      | receive_response_body.started request=<Request [b'HEAD']>
2026-05-25 13:00:25,927 | DEBUG    | httpcore.http11      | receive_response_body.complete
2026-05-25 13:00:25,928 | DEBUG    | httpcore.http11      | response_closed.started
2026-05-25 13:00:25,928 | DEBUG    | httpcore.http11      | response_closed.complete
2026-05-25 13:00:25,941 | DEBUG    | httpcore.http11      | send_request_headers.started request=<Request [b'HEAD']>
2026-05-25 13:00:25,941 | DEBUG    | httpcore.http11      | send_request_headers.complete
2026-05-25 13:00:25,942 | DEBUG    | httpcore.http11      | send_request_body.started request=<Request [b'HEAD']>
2026-05-25 13:00:25,942 | DEBUG    | httpcore.http11      | send_request_body.complete
2026-05-25 13:00:25,942 | DEBUG    | httpcore.http11      | receive_response_headers.started request=<Request [b'HEAD']>
2026-05-25 13:00:26,091 | DEBUG    | httpcore.http11      | receive_response_headers.complete return_value=(b'HTTP/1.1', 404, b'Not Found', [(b'Content-Type', b'text/plain; charset=utf-8'), (b'Content-Length', b'15'), (b'Connection', b'keep-alive'), (b'Date', b'Mon, 25 May 2026 10:00:26 GMT'), (b'ETag', b'W/"f-mY2VvLxuxB7KhsoOdQTlMTccuAQ"'), (b'X-Powered-By', b'huggingface-moon'), (b'X-Request-Id', b'Root=1-6a141dba-0a5a040b102e85c4138dbcc3;1bb74858-f020-44a4-8b94-1107df9a8b59'), (b'RateLimit', b'"resolvers";r=4985;t=29'), (b'RateLimit-Policy', b'"fixed window";"resolvers";q=5000;w=300'), (b'cross-origin-opener-policy', b'same-origin'), (b'Referrer-Policy', b'strict-origin-when-cross-origin'), (b'Access-Control-Max-Age', b'86400'), (b'Access-Control-Allow-Origin', b'https://huggingface.co'), (b'Vary', b'Origin'), (b'Access-Control-Expose-Headers', b'X-Repo-Commit,X-Request-Id,X-Error-Code,X-Error-Message,X-Total-Count,ETag,Link,Accept-Ranges,Content-Range,X-Linked-Size,X-Linked-ETag,X-Xet-Hash'), (b'X-Repo-Commit', b'e8f8c211226b894fcb81acc59f3b34ba3efd5f42'), (b'Accept-Ranges', b'bytes'), (b'X-Hub-Cache', b'MISS'), (b'X-Error-Code', b'EntryNotFound'), (b'X-Error-Message', b'Entry not found'), (b'X-Cache', b'Error from cloudfront'), (b'Via', b'1.1 837bfbe95037e42cdc86bcbd263354ea.cloudfront.net (CloudFront)'), (b'X-Amz-Cf-Pop', b'HEL51-P2'), (b'X-Amz-Cf-Id', b'UnVsboHgAV9QvXOomo_TvVXhjau5R6OmurXVRA0ceOpjpJ3PXrD4ZQ==')])
2026-05-25 13:00:26,092 | INFO     | httpx                | HTTP Request: HEAD https://huggingface.co/sentence-transformers/paraphrase-multilingual-MiniLM-L12-v2/resolve/main/preprocessor_config.json "HTTP/1.1 404 Not Found"
2026-05-25 13:00:26,093 | DEBUG    | httpcore.http11      | receive_response_body.started request=<Request [b'HEAD']>
2026-05-25 13:00:26,093 | DEBUG    | httpcore.http11      | receive_response_body.complete
2026-05-25 13:00:26,093 | DEBUG    | httpcore.http11      | response_closed.started
2026-05-25 13:00:26,094 | DEBUG    | httpcore.http11      | response_closed.complete
2026-05-25 13:00:26,107 | DEBUG    | httpcore.http11      | send_request_headers.started request=<Request [b'HEAD']>
2026-05-25 13:00:26,108 | DEBUG    | httpcore.http11      | send_request_headers.complete
2026-05-25 13:00:26,108 | DEBUG    | httpcore.http11      | send_request_body.started request=<Request [b'HEAD']>
2026-05-25 13:00:26,109 | DEBUG    | httpcore.http11      | send_request_body.complete
2026-05-25 13:00:26,109 | DEBUG    | httpcore.http11      | receive_response_headers.started request=<Request [b'HEAD']>
2026-05-25 13:00:26,258 | DEBUG    | httpcore.http11      | receive_response_headers.complete return_value=(b'HTTP/1.1', 307, b'Temporary Redirect', [(b'Content-Type', b'text/plain; charset=utf-8'), (b'Content-Length', b'342'), (b'Connection', b'keep-alive'), (b'Date', b'Mon, 25 May 2026 10:00:26 GMT'), (b'Location', b'/api/resolve-cache/models/sentence-transformers/paraphrase-multilingual-MiniLM-L12-v2/e8f8c211226b894fcb81acc59f3b34ba3efd5f42/tokenizer_config.json?%2Fsentence-transformers%2Fparaphrase-multilingual-MiniLM-L12-v2%2Fresolve%2Fmain%2Ftokenizer_config.json=&etag=%223c1b565ae10a15a1d0c31096f834af2fd9359e91%22'), (b'X-Powered-By', b'huggingface-moon'), (b'X-Request-Id', b'Root=1-6a141dba-0cd971a030f8d0460abf271b;9e641169-2a9c-4017-bfc2-1520799b226e'), (b'RateLimit', b'"resolvers";r=4984;t=29'), (b'RateLimit-Policy', b'"fixed window";"resolvers";q=5000;w=300'), (b'cross-origin-opener-policy', b'same-origin'), (b'Referrer-Policy', b'strict-origin-when-cross-origin'), (b'Access-Control-Max-Age', b'86400'), (b'Access-Control-Allow-Origin', b'https://huggingface.co'), (b'Vary', b'Origin, Accept'), (b'Access-Control-Expose-Headers', b'X-Repo-Commit,X-Request-Id,X-Error-Code,X-Error-Message,X-Total-Count,ETag,Link,Accept-Ranges,Content-Range,X-Linked-Size,X-Linked-ETag,X-Xet-Hash'), (b'X-Repo-Commit', b'e8f8c211226b894fcb81acc59f3b34ba3efd5f42'), (b'Accept-Ranges', b'bytes'), (b'X-Hub-Cache', b'HIT'), (b'Content-Disposition', b'inline; filename*=UTF-8\'\'tokenizer_config.json; filename="tokenizer_config.json";'), (b'Content-Security-Policy', b"default-src 'none'; sandbox"), (b'X-Linked-ETag', b'"3c1b565ae10a15a1d0c31096f834af2fd9359e91"'), (b'X-Cache', b'Miss from cloudfront'), (b'Via', b'1.1 837bfbe95037e42cdc86bcbd263354ea.cloudfront.net (CloudFront)'), (b'X-Amz-Cf-Pop', b'HEL51-P2'), (b'X-Amz-Cf-Id', b'14bAVYnpZiS9V1fuNmaEPg-0_cEf5w-nMtJslQ4LyCyBOZIekdSUpA==')])
2026-05-25 13:00:26,258 | INFO     | httpx                | HTTP Request: HEAD https://huggingface.co/sentence-transformers/paraphrase-multilingual-MiniLM-L12-v2/resolve/main/tokenizer_config.json "HTTP/1.1 307 Temporary Redirect"
2026-05-25 13:00:26,259 | DEBUG    | httpcore.http11      | receive_response_body.started request=<Request [b'HEAD']>
2026-05-25 13:00:26,259 | DEBUG    | httpcore.http11      | receive_response_body.complete
2026-05-25 13:00:26,260 | DEBUG    | httpcore.http11      | response_closed.started
2026-05-25 13:00:26,260 | DEBUG    | httpcore.http11      | response_closed.complete
2026-05-25 13:00:26,261 | DEBUG    | httpcore.http11      | send_request_headers.started request=<Request [b'HEAD']>
2026-05-25 13:00:26,261 | DEBUG    | httpcore.http11      | send_request_headers.complete
2026-05-25 13:00:26,262 | DEBUG    | httpcore.http11      | send_request_body.started request=<Request [b'HEAD']>
2026-05-25 13:00:26,262 | DEBUG    | httpcore.http11      | send_request_body.complete
2026-05-25 13:00:26,262 | DEBUG    | httpcore.http11      | receive_response_headers.started request=<Request [b'HEAD']>
2026-05-25 13:00:26,284 | DEBUG    | httpcore.http11      | receive_response_headers.complete return_value=(b'HTTP/1.1', 200, b'OK', [(b'Content-Type', b'text/plain; charset=utf-8'), (b'Content-Length', b'526'), (b'Connection', b'keep-alive'), (b'Date', b'Sat, 23 May 2026 16:53:14 GMT'), (b'ETag', b'"3c1b565ae10a15a1d0c31096f834af2fd9359e91"'), (b'X-Powered-By', b'huggingface-moon'), (b'X-Request-Id', b'Root=1-6a11db7a-70d238d00dffb7f31218b60e;ddd9f2d2-5b8d-43bc-91fe-8e21de0f4647'), (b'RateLimit', b'"resolvers";r=4975;t=161'), (b'RateLimit-Policy', b'"fixed window";"resolvers";q=5000;w=300'), (b'cross-origin-opener-policy', b'same-origin'), (b'Referrer-Policy', b'strict-origin-when-cross-origin'), (b'Access-Control-Max-Age', b'86400'), (b'Access-Control-Allow-Origin', b'https://huggingface.co'), (b'Access-Control-Expose-Headers', b'X-Repo-Commit,X-Request-Id,X-Error-Code,X-Error-Message,X-Total-Count,ETag,Link,Accept-Ranges,Content-Range,X-Linked-Size,X-Linked-ETag,X-Xet-Hash'), (b'X-Repo-Commit', b'e8f8c211226b894fcb81acc59f3b34ba3efd5f42'), (b'Accept-Ranges', b'bytes'), (b'X-Hub-Cache', b'MISS'), (b'Content-Disposition', b'inline; filename*=UTF-8\'\'tokenizer_config.json; filename="tokenizer_config.json";'), (b'Content-Security-Policy', b"default-src 'none'; sandbox"), (b'Vary', b'Origin'), (b'X-Cache', b'Hit from cloudfront'), (b'Via', b'1.1 837bfbe95037e42cdc86bcbd263354ea.cloudfront.net (CloudFront)'), (b'X-Amz-Cf-Pop', b'HEL51-P2'), (b'X-Amz-Cf-Id', b'eIxes_PD5BZyrohk8q-498VMsog4TviTGXUneUgRfvOtoycux1Z3dA=='), (b'Age', b'148032')])
2026-05-25 13:00:26,285 | INFO     | httpx                | HTTP Request: HEAD https://huggingface.co/api/resolve-cache/models/sentence-transformers/paraphrase-multilingual-MiniLM-L12-v2/e8f8c211226b894fcb81acc59f3b34ba3efd5f42/tokenizer_config.json "HTTP/1.1 200 OK"
2026-05-25 13:00:26,285 | DEBUG    | httpcore.http11      | receive_response_body.started request=<Request [b'HEAD']>
2026-05-25 13:00:26,285 | DEBUG    | httpcore.http11      | receive_response_body.complete
2026-05-25 13:00:26,286 | DEBUG    | httpcore.http11      | response_closed.started
2026-05-25 13:00:26,286 | DEBUG    | httpcore.http11      | response_closed.complete
2026-05-25 13:00:26,300 | DEBUG    | httpcore.http11      | send_request_headers.started request=<Request [b'HEAD']>
2026-05-25 13:00:26,300 | DEBUG    | httpcore.http11      | send_request_headers.complete
2026-05-25 13:00:26,301 | DEBUG    | httpcore.http11      | send_request_body.started request=<Request [b'HEAD']>
2026-05-25 13:00:26,301 | DEBUG    | httpcore.http11      | send_request_body.complete
2026-05-25 13:00:26,301 | DEBUG    | httpcore.http11      | receive_response_headers.started request=<Request [b'HEAD']>
2026-05-25 13:00:26,452 | DEBUG    | httpcore.http11      | receive_response_headers.complete return_value=(b'HTTP/1.1', 307, b'Temporary Redirect', [(b'Content-Type', b'text/plain; charset=utf-8'), (b'Content-Length', b'322'), (b'Connection', b'keep-alive'), (b'Date', b'Mon, 25 May 2026 10:00:26 GMT'), (b'Location', b'/api/resolve-cache/models/sentence-transformers/paraphrase-multilingual-MiniLM-L12-v2/e8f8c211226b894fcb81acc59f3b34ba3efd5f42/config.json?%2Fsentence-transformers%2Fparaphrase-multilingual-MiniLM-L12-v2%2Fresolve%2Fmain%2Fconfig.json=&etag=%22c06d5b49495f044e6380e68a60538be17a6bd5d1%22'), (b'X-Powered-By', b'huggingface-moon'), (b'X-Request-Id', b'Root=1-6a141dba-450a42ec67858af72a9731eb;3870b6f7-af72-460a-a4aa-a894528b06f1'), (b'RateLimit', b'"resolvers";r=4983;t=29'), (b'RateLimit-Policy', b'"fixed window";"resolvers";q=5000;w=300'), (b'cross-origin-opener-policy', b'same-origin'), (b'Referrer-Policy', b'strict-origin-when-cross-origin'), (b'Access-Control-Max-Age', b'86400'), (b'Access-Control-Allow-Origin', b'https://huggingface.co'), (b'Vary', b'Origin, Accept'), (b'Access-Control-Expose-Headers', b'X-Repo-Commit,X-Request-Id,X-Error-Code,X-Error-Message,X-Total-Count,ETag,Link,Accept-Ranges,Content-Range,X-Linked-Size,X-Linked-ETag,X-Xet-Hash'), (b'X-Repo-Commit', b'e8f8c211226b894fcb81acc59f3b34ba3efd5f42'), (b'Accept-Ranges', b'bytes'), (b'X-Hub-Cache', b'HIT'), (b'Content-Disposition', b'inline; filename*=UTF-8\'\'config.json; filename="config.json";'), (b'Content-Security-Policy', b"default-src 'none'; sandbox"), (b'X-Linked-ETag', b'"c06d5b49495f044e6380e68a60538be17a6bd5d1"'), (b'X-Cache', b'Miss from cloudfront'), (b'Via', b'1.1 837bfbe95037e42cdc86bcbd263354ea.cloudfront.net (CloudFront)'), (b'X-Amz-Cf-Pop', b'HEL51-P2'), (b'X-Amz-Cf-Id', b'-8BqM_xlX0cllAtkXY1Tuc5ro-BIG7MqaDAZgUy8sagSygZmLmBQRQ==')])
2026-05-25 13:00:26,453 | INFO     | httpx                | HTTP Request: HEAD https://huggingface.co/sentence-transformers/paraphrase-multilingual-MiniLM-L12-v2/resolve/main/config.json "HTTP/1.1 307 Temporary Redirect"
2026-05-25 13:00:26,454 | DEBUG    | httpcore.http11      | receive_response_body.started request=<Request [b'HEAD']>
2026-05-25 13:00:26,454 | DEBUG    | httpcore.http11      | receive_response_body.complete
2026-05-25 13:00:26,454 | DEBUG    | httpcore.http11      | response_closed.started
2026-05-25 13:00:26,454 | DEBUG    | httpcore.http11      | response_closed.complete
2026-05-25 13:00:26,455 | DEBUG    | httpcore.http11      | send_request_headers.started request=<Request [b'HEAD']>
2026-05-25 13:00:26,456 | DEBUG    | httpcore.http11      | send_request_headers.complete
2026-05-25 13:00:26,456 | DEBUG    | httpcore.http11      | send_request_body.started request=<Request [b'HEAD']>
2026-05-25 13:00:26,456 | DEBUG    | httpcore.http11      | send_request_body.complete
2026-05-25 13:00:26,457 | DEBUG    | httpcore.http11      | receive_response_headers.started request=<Request [b'HEAD']>
2026-05-25 13:00:26,479 | DEBUG    | httpcore.http11      | receive_response_headers.complete return_value=(b'HTTP/1.1', 200, b'OK', [(b'Content-Type', b'text/plain; charset=utf-8'), (b'Content-Length', b'645'), (b'Connection', b'keep-alive'), (b'Date', b'Sat, 23 May 2026 16:52:55 GMT'), (b'ETag', b'"c06d5b49495f044e6380e68a60538be17a6bd5d1"'), (b'X-Powered-By', b'huggingface-moon'), (b'X-Request-Id', b'Root=1-6a11db67-2ad77e595d0c35132f3135d5;4da4a2fd-bd36-4550-ac7d-380303f2f2bc'), (b'RateLimit', b'"resolvers";r=4983;t=180'), (b'RateLimit-Policy', b'"fixed window";"resolvers";q=5000;w=300'), (b'cross-origin-opener-policy', b'same-origin'), (b'Referrer-Policy', b'strict-origin-when-cross-origin'), (b'Access-Control-Max-Age', b'86400'), (b'Access-Control-Allow-Origin', b'https://huggingface.co'), (b'Access-Control-Expose-Headers', b'X-Repo-Commit,X-Request-Id,X-Error-Code,X-Error-Message,X-Total-Count,ETag,Link,Accept-Ranges,Content-Range,X-Linked-Size,X-Linked-ETag,X-Xet-Hash'), (b'X-Repo-Commit', b'e8f8c211226b894fcb81acc59f3b34ba3efd5f42'), (b'Accept-Ranges', b'bytes'), (b'X-Hub-Cache', b'MISS'), (b'Content-Disposition', b'inline; filename*=UTF-8\'\'config.json; filename="config.json";'), (b'Content-Security-Policy', b"default-src 'none'; sandbox"), (b'Vary', b'Origin'), (b'X-Cache', b'Hit from cloudfront'), (b'Via', b'1.1 837bfbe95037e42cdc86bcbd263354ea.cloudfront.net (CloudFront)'), (b'X-Amz-Cf-Pop', b'HEL51-P2'), (b'X-Amz-Cf-Id', b'fgXgy45LgZHwo_WZJ8V4EWo8vesa0STCysJql-7XzX-o_rRlrkWcDw=='), (b'Age', b'148051')])
2026-05-25 13:00:26,480 | INFO     | httpx                | HTTP Request: HEAD https://huggingface.co/api/resolve-cache/models/sentence-transformers/paraphrase-multilingual-MiniLM-L12-v2/e8f8c211226b894fcb81acc59f3b34ba3efd5f42/config.json "HTTP/1.1 200 OK"
2026-05-25 13:00:26,480 | DEBUG    | httpcore.http11      | receive_response_body.started request=<Request [b'HEAD']>
2026-05-25 13:00:26,480 | DEBUG    | httpcore.http11      | receive_response_body.complete
2026-05-25 13:00:26,480 | DEBUG    | httpcore.http11      | response_closed.started
2026-05-25 13:00:26,480 | DEBUG    | httpcore.http11      | response_closed.complete
2026-05-25 13:00:26,500 | DEBUG    | httpcore.http11      | send_request_headers.started request=<Request [b'HEAD']>
2026-05-25 13:00:26,500 | DEBUG    | httpcore.http11      | send_request_headers.complete
2026-05-25 13:00:26,500 | DEBUG    | httpcore.http11      | send_request_body.started request=<Request [b'HEAD']>
2026-05-25 13:00:26,501 | DEBUG    | httpcore.http11      | send_request_body.complete
2026-05-25 13:00:26,501 | DEBUG    | httpcore.http11      | receive_response_headers.started request=<Request [b'HEAD']>
2026-05-25 13:00:26,649 | DEBUG    | httpcore.http11      | receive_response_headers.complete return_value=(b'HTTP/1.1', 307, b'Temporary Redirect', [(b'Content-Type', b'text/plain; charset=utf-8'), (b'Content-Length', b'322'), (b'Connection', b'keep-alive'), (b'Date', b'Mon, 25 May 2026 10:00:26 GMT'), (b'Location', b'/api/resolve-cache/models/sentence-transformers/paraphrase-multilingual-MiniLM-L12-v2/e8f8c211226b894fcb81acc59f3b34ba3efd5f42/config.json?%2Fsentence-transformers%2Fparaphrase-multilingual-MiniLM-L12-v2%2Fresolve%2Fmain%2Fconfig.json=&etag=%22c06d5b49495f044e6380e68a60538be17a6bd5d1%22'), (b'X-Powered-By', b'huggingface-moon'), (b'X-Request-Id', b'Root=1-6a141dba-6c768d74133bc16519ffa793;8ab23a46-eff8-4baa-90f2-db0a718e5cf1'), (b'RateLimit', b'"resolvers";r=4982;t=29'), (b'RateLimit-Policy', b'"fixed window";"resolvers";q=5000;w=300'), (b'cross-origin-opener-policy', b'same-origin'), (b'Referrer-Policy', b'strict-origin-when-cross-origin'), (b'Access-Control-Max-Age', b'86400'), (b'Access-Control-Allow-Origin', b'https://huggingface.co'), (b'Vary', b'Origin, Accept'), (b'Access-Control-Expose-Headers', b'X-Repo-Commit,X-Request-Id,X-Error-Code,X-Error-Message,X-Total-Count,ETag,Link,Accept-Ranges,Content-Range,X-Linked-Size,X-Linked-ETag,X-Xet-Hash'), (b'X-Repo-Commit', b'e8f8c211226b894fcb81acc59f3b34ba3efd5f42'), (b'Accept-Ranges', b'bytes'), (b'X-Hub-Cache', b'HIT'), (b'Content-Disposition', b'inline; filename*=UTF-8\'\'config.json; filename="config.json";'), (b'Content-Security-Policy', b"default-src 'none'; sandbox"), (b'X-Linked-ETag', b'"c06d5b49495f044e6380e68a60538be17a6bd5d1"'), (b'X-Cache', b'Miss from cloudfront'), (b'Via', b'1.1 837bfbe95037e42cdc86bcbd263354ea.cloudfront.net (CloudFront)'), (b'X-Amz-Cf-Pop', b'HEL51-P2'), (b'X-Amz-Cf-Id', b'-gmn6OfOPibicRL2DqJ9jUcZYnf5eOINslrzpl3zWwRbx_bv_ZgJUQ==')])
2026-05-25 13:00:26,650 | INFO     | httpx                | HTTP Request: HEAD https://huggingface.co/sentence-transformers/paraphrase-multilingual-MiniLM-L12-v2/resolve/main/config.json "HTTP/1.1 307 Temporary Redirect"
2026-05-25 13:00:26,650 | DEBUG    | httpcore.http11      | receive_response_body.started request=<Request [b'HEAD']>
2026-05-25 13:00:26,651 | DEBUG    | httpcore.http11      | receive_response_body.complete
2026-05-25 13:00:26,651 | DEBUG    | httpcore.http11      | response_closed.started
2026-05-25 13:00:26,651 | DEBUG    | httpcore.http11      | response_closed.complete
2026-05-25 13:00:26,652 | DEBUG    | httpcore.http11      | send_request_headers.started request=<Request [b'HEAD']>
2026-05-25 13:00:26,653 | DEBUG    | httpcore.http11      | send_request_headers.complete
2026-05-25 13:00:26,653 | DEBUG    | httpcore.http11      | send_request_body.started request=<Request [b'HEAD']>
2026-05-25 13:00:26,653 | DEBUG    | httpcore.http11      | send_request_body.complete
2026-05-25 13:00:26,653 | DEBUG    | httpcore.http11      | receive_response_headers.started request=<Request [b'HEAD']>
2026-05-25 13:00:26,676 | DEBUG    | httpcore.http11      | receive_response_headers.complete return_value=(b'HTTP/1.1', 200, b'OK', [(b'Content-Type', b'text/plain; charset=utf-8'), (b'Content-Length', b'645'), (b'Connection', b'keep-alive'), (b'Date', b'Sat, 23 May 2026 16:52:55 GMT'), (b'ETag', b'"c06d5b49495f044e6380e68a60538be17a6bd5d1"'), (b'X-Powered-By', b'huggingface-moon'), (b'X-Request-Id', b'Root=1-6a11db67-2ad77e595d0c35132f3135d5;4da4a2fd-bd36-4550-ac7d-380303f2f2bc'), (b'RateLimit', b'"resolvers";r=4983;t=180'), (b'RateLimit-Policy', b'"fixed window";"resolvers";q=5000;w=300'), (b'cross-origin-opener-policy', b'same-origin'), (b'Referrer-Policy', b'strict-origin-when-cross-origin'), (b'Access-Control-Max-Age', b'86400'), (b'Access-Control-Allow-Origin', b'https://huggingface.co'), (b'Access-Control-Expose-Headers', b'X-Repo-Commit,X-Request-Id,X-Error-Code,X-Error-Message,X-Total-Count,ETag,Link,Accept-Ranges,Content-Range,X-Linked-Size,X-Linked-ETag,X-Xet-Hash'), (b'X-Repo-Commit', b'e8f8c211226b894fcb81acc59f3b34ba3efd5f42'), (b'Accept-Ranges', b'bytes'), (b'X-Hub-Cache', b'MISS'), (b'Content-Disposition', b'inline; filename*=UTF-8\'\'config.json; filename="config.json";'), (b'Content-Security-Policy', b"default-src 'none'; sandbox"), (b'Vary', b'Origin'), (b'X-Cache', b'Hit from cloudfront'), (b'Via', b'1.1 837bfbe95037e42cdc86bcbd263354ea.cloudfront.net (CloudFront)'), (b'X-Amz-Cf-Pop', b'HEL51-P2'), (b'X-Amz-Cf-Id', b'tUFCjYNyyjOARPUCJkzD5rRiJzthTQjHK8TI9b_ku_KqDqDL5VdGSA=='), (b'Age', b'148051')])
2026-05-25 13:00:26,677 | INFO     | httpx                | HTTP Request: HEAD https://huggingface.co/api/resolve-cache/models/sentence-transformers/paraphrase-multilingual-MiniLM-L12-v2/e8f8c211226b894fcb81acc59f3b34ba3efd5f42/config.json "HTTP/1.1 200 OK"
2026-05-25 13:00:26,677 | DEBUG    | httpcore.http11      | receive_response_body.started request=<Request [b'HEAD']>
2026-05-25 13:00:26,677 | DEBUG    | httpcore.http11      | receive_response_body.complete
2026-05-25 13:00:26,677 | DEBUG    | httpcore.http11      | response_closed.started
2026-05-25 13:00:26,677 | DEBUG    | httpcore.http11      | response_closed.complete
2026-05-25 13:00:26,698 | DEBUG    | httpcore.http11      | send_request_headers.started request=<Request [b'HEAD']>
2026-05-25 13:00:26,699 | DEBUG    | httpcore.http11      | send_request_headers.complete
2026-05-25 13:00:26,699 | DEBUG    | httpcore.http11      | send_request_body.started request=<Request [b'HEAD']>
2026-05-25 13:00:26,699 | DEBUG    | httpcore.http11      | send_request_body.complete
2026-05-25 13:00:26,699 | DEBUG    | httpcore.http11      | receive_response_headers.started request=<Request [b'HEAD']>
2026-05-25 13:00:26,849 | DEBUG    | httpcore.http11      | receive_response_headers.complete return_value=(b'HTTP/1.1', 307, b'Temporary Redirect', [(b'Content-Type', b'text/plain; charset=utf-8'), (b'Content-Length', b'342'), (b'Connection', b'keep-alive'), (b'Date', b'Mon, 25 May 2026 10:00:26 GMT'), (b'Location', b'/api/resolve-cache/models/sentence-transformers/paraphrase-multilingual-MiniLM-L12-v2/e8f8c211226b894fcb81acc59f3b34ba3efd5f42/tokenizer_config.json?%2Fsentence-transformers%2Fparaphrase-multilingual-MiniLM-L12-v2%2Fresolve%2Fmain%2Ftokenizer_config.json=&etag=%223c1b565ae10a15a1d0c31096f834af2fd9359e91%22'), (b'X-Powered-By', b'huggingface-moon'), (b'X-Request-Id', b'Root=1-6a141dba-6cfc13541557221802e9226c;0e57c3b8-c862-4287-b55e-bf7a9094c522'), (b'RateLimit', b'"resolvers";r=4981;t=29'), (b'RateLimit-Policy', b'"fixed window";"resolvers";q=5000;w=300'), (b'cross-origin-opener-policy', b'same-origin'), (b'Referrer-Policy', b'strict-origin-when-cross-origin'), (b'Access-Control-Max-Age', b'86400'), (b'Access-Control-Allow-Origin', b'https://huggingface.co'), (b'Vary', b'Origin, Accept'), (b'Access-Control-Expose-Headers', b'X-Repo-Commit,X-Request-Id,X-Error-Code,X-Error-Message,X-Total-Count,ETag,Link,Accept-Ranges,Content-Range,X-Linked-Size,X-Linked-ETag,X-Xet-Hash'), (b'X-Repo-Commit', b'e8f8c211226b894fcb81acc59f3b34ba3efd5f42'), (b'Accept-Ranges', b'bytes'), (b'X-Hub-Cache', b'HIT'), (b'Content-Disposition', b'inline; filename*=UTF-8\'\'tokenizer_config.json; filename="tokenizer_config.json";'), (b'Content-Security-Policy', b"default-src 'none'; sandbox"), (b'X-Linked-ETag', b'"3c1b565ae10a15a1d0c31096f834af2fd9359e91"'), (b'X-Cache', b'Miss from cloudfront'), (b'Via', b'1.1 837bfbe95037e42cdc86bcbd263354ea.cloudfront.net (CloudFront)'), (b'X-Amz-Cf-Pop', b'HEL51-P2'), (b'X-Amz-Cf-Id', b'ruyjl-XnGSPa8xRfhdgxLH0MZYJBMmxWVNJNBHRBtOJaiIH47BmMqw==')])
2026-05-25 13:00:26,849 | INFO     | httpx                | HTTP Request: HEAD https://huggingface.co/sentence-transformers/paraphrase-multilingual-MiniLM-L12-v2/resolve/main/tokenizer_config.json "HTTP/1.1 307 Temporary Redirect"
2026-05-25 13:00:26,850 | DEBUG    | httpcore.http11      | receive_response_body.started request=<Request [b'HEAD']>
2026-05-25 13:00:26,851 | DEBUG    | httpcore.http11      | receive_response_body.complete
2026-05-25 13:00:26,851 | DEBUG    | httpcore.http11      | response_closed.started
2026-05-25 13:00:26,851 | DEBUG    | httpcore.http11      | response_closed.complete
2026-05-25 13:00:26,852 | DEBUG    | httpcore.http11      | send_request_headers.started request=<Request [b'HEAD']>
2026-05-25 13:00:26,853 | DEBUG    | httpcore.http11      | send_request_headers.complete
2026-05-25 13:00:26,853 | DEBUG    | httpcore.http11      | send_request_body.started request=<Request [b'HEAD']>
2026-05-25 13:00:26,853 | DEBUG    | httpcore.http11      | send_request_body.complete
2026-05-25 13:00:26,853 | DEBUG    | httpcore.http11      | receive_response_headers.started request=<Request [b'HEAD']>
2026-05-25 13:00:26,876 | DEBUG    | httpcore.http11      | receive_response_headers.complete return_value=(b'HTTP/1.1', 200, b'OK', [(b'Content-Type', b'text/plain; charset=utf-8'), (b'Content-Length', b'526'), (b'Connection', b'keep-alive'), (b'Date', b'Sat, 23 May 2026 16:53:14 GMT'), (b'ETag', b'"3c1b565ae10a15a1d0c31096f834af2fd9359e91"'), (b'X-Powered-By', b'huggingface-moon'), (b'X-Request-Id', b'Root=1-6a11db7a-70d238d00dffb7f31218b60e;ddd9f2d2-5b8d-43bc-91fe-8e21de0f4647'), (b'RateLimit', b'"resolvers";r=4975;t=161'), (b'RateLimit-Policy', b'"fixed window";"resolvers";q=5000;w=300'), (b'cross-origin-opener-policy', b'same-origin'), (b'Referrer-Policy', b'strict-origin-when-cross-origin'), (b'Access-Control-Max-Age', b'86400'), (b'Access-Control-Allow-Origin', b'https://huggingface.co'), (b'Access-Control-Expose-Headers', b'X-Repo-Commit,X-Request-Id,X-Error-Code,X-Error-Message,X-Total-Count,ETag,Link,Accept-Ranges,Content-Range,X-Linked-Size,X-Linked-ETag,X-Xet-Hash'), (b'X-Repo-Commit', b'e8f8c211226b894fcb81acc59f3b34ba3efd5f42'), (b'Accept-Ranges', b'bytes'), (b'X-Hub-Cache', b'MISS'), (b'Content-Disposition', b'inline; filename*=UTF-8\'\'tokenizer_config.json; filename="tokenizer_config.json";'), (b'Content-Security-Policy', b"default-src 'none'; sandbox"), (b'Vary', b'Origin'), (b'X-Cache', b'Hit from cloudfront'), (b'Via', b'1.1 837bfbe95037e42cdc86bcbd263354ea.cloudfront.net (CloudFront)'), (b'X-Amz-Cf-Pop', b'HEL51-P2'), (b'X-Amz-Cf-Id', b'TL0J5VNZpyWQ9VpqLhuEzidBu6QQKtRnRafJ5GnaFdc9SIfJyNeE5A=='), (b'Age', b'148032')])
2026-05-25 13:00:26,876 | INFO     | httpx                | HTTP Request: HEAD https://huggingface.co/api/resolve-cache/models/sentence-transformers/paraphrase-multilingual-MiniLM-L12-v2/e8f8c211226b894fcb81acc59f3b34ba3efd5f42/tokenizer_config.json "HTTP/1.1 200 OK"
2026-05-25 13:00:26,877 | DEBUG    | httpcore.http11      | receive_response_body.started request=<Request [b'HEAD']>
2026-05-25 13:00:26,877 | DEBUG    | httpcore.http11      | receive_response_body.complete
2026-05-25 13:00:26,877 | DEBUG    | httpcore.http11      | response_closed.started
2026-05-25 13:00:26,877 | DEBUG    | httpcore.http11      | response_closed.complete
2026-05-25 13:00:26,897 | DEBUG    | httpcore.http11      | send_request_headers.started request=<Request [b'HEAD']>
2026-05-25 13:00:26,898 | DEBUG    | httpcore.http11      | send_request_headers.complete
2026-05-25 13:00:26,898 | DEBUG    | httpcore.http11      | send_request_body.started request=<Request [b'HEAD']>
2026-05-25 13:00:26,898 | DEBUG    | httpcore.http11      | send_request_body.complete
2026-05-25 13:00:26,898 | DEBUG    | httpcore.http11      | receive_response_headers.started request=<Request [b'HEAD']>
2026-05-25 13:00:27,049 | DEBUG    | httpcore.http11      | receive_response_headers.complete return_value=(b'HTTP/1.1', 307, b'Temporary Redirect', [(b'Content-Type', b'text/plain; charset=utf-8'), (b'Content-Length', b'342'), (b'Connection', b'keep-alive'), (b'Date', b'Mon, 25 May 2026 10:00:26 GMT'), (b'Location', b'/api/resolve-cache/models/sentence-transformers/paraphrase-multilingual-MiniLM-L12-v2/e8f8c211226b894fcb81acc59f3b34ba3efd5f42/tokenizer_config.json?%2Fsentence-transformers%2Fparaphrase-multilingual-MiniLM-L12-v2%2Fresolve%2Fmain%2Ftokenizer_config.json=&etag=%223c1b565ae10a15a1d0c31096f834af2fd9359e91%22'), (b'X-Powered-By', b'huggingface-moon'), (b'X-Request-Id', b'Root=1-6a141dba-7db70e7f6b8832ad2f5b12b5;fb465389-9c0e-49ab-9043-c035b2f7e35e'), (b'RateLimit', b'"resolvers";r=4980;t=29'), (b'RateLimit-Policy', b'"fixed window";"resolvers";q=5000;w=300'), (b'cross-origin-opener-policy', b'same-origin'), (b'Referrer-Policy', b'strict-origin-when-cross-origin'), (b'Access-Control-Max-Age', b'86400'), (b'Access-Control-Allow-Origin', b'https://huggingface.co'), (b'Vary', b'Origin, Accept'), (b'Access-Control-Expose-Headers', b'X-Repo-Commit,X-Request-Id,X-Error-Code,X-Error-Message,X-Total-Count,ETag,Link,Accept-Ranges,Content-Range,X-Linked-Size,X-Linked-ETag,X-Xet-Hash'), (b'X-Repo-Commit', b'e8f8c211226b894fcb81acc59f3b34ba3efd5f42'), (b'Accept-Ranges', b'bytes'), (b'X-Hub-Cache', b'HIT'), (b'Content-Disposition', b'inline; filename*=UTF-8\'\'tokenizer_config.json; filename="tokenizer_config.json";'), (b'Content-Security-Policy', b"default-src 'none'; sandbox"), (b'X-Linked-ETag', b'"3c1b565ae10a15a1d0c31096f834af2fd9359e91"'), (b'X-Cache', b'Miss from cloudfront'), (b'Via', b'1.1 837bfbe95037e42cdc86bcbd263354ea.cloudfront.net (CloudFront)'), (b'X-Amz-Cf-Pop', b'HEL51-P2'), (b'X-Amz-Cf-Id', b'uIQhzsmzve9iQ21iY6dlURgllwAp1Ne-CULJm2aJYTcaBL8-uHa68g==')])
2026-05-25 13:00:27,050 | INFO     | httpx                | HTTP Request: HEAD https://huggingface.co/sentence-transformers/paraphrase-multilingual-MiniLM-L12-v2/resolve/main/tokenizer_config.json "HTTP/1.1 307 Temporary Redirect"
2026-05-25 13:00:27,051 | DEBUG    | httpcore.http11      | receive_response_body.started request=<Request [b'HEAD']>
2026-05-25 13:00:27,052 | DEBUG    | httpcore.http11      | receive_response_body.complete
2026-05-25 13:00:27,052 | DEBUG    | httpcore.http11      | response_closed.started
2026-05-25 13:00:27,052 | DEBUG    | httpcore.http11      | response_closed.complete
2026-05-25 13:00:27,053 | DEBUG    | httpcore.http11      | send_request_headers.started request=<Request [b'HEAD']>
2026-05-25 13:00:27,053 | DEBUG    | httpcore.http11      | send_request_headers.complete
2026-05-25 13:00:27,053 | DEBUG    | httpcore.http11      | send_request_body.started request=<Request [b'HEAD']>
2026-05-25 13:00:27,054 | DEBUG    | httpcore.http11      | send_request_body.complete
2026-05-25 13:00:27,054 | DEBUG    | httpcore.http11      | receive_response_headers.started request=<Request [b'HEAD']>
2026-05-25 13:00:27,076 | DEBUG    | httpcore.http11      | receive_response_headers.complete return_value=(b'HTTP/1.1', 200, b'OK', [(b'Content-Type', b'text/plain; charset=utf-8'), (b'Content-Length', b'526'), (b'Connection', b'keep-alive'), (b'Date', b'Sat, 23 May 2026 16:53:14 GMT'), (b'ETag', b'"3c1b565ae10a15a1d0c31096f834af2fd9359e91"'), (b'X-Powered-By', b'huggingface-moon'), (b'X-Request-Id', b'Root=1-6a11db7a-70d238d00dffb7f31218b60e;ddd9f2d2-5b8d-43bc-91fe-8e21de0f4647'), (b'RateLimit', b'"resolvers";r=4975;t=161'), (b'RateLimit-Policy', b'"fixed window";"resolvers";q=5000;w=300'), (b'cross-origin-opener-policy', b'same-origin'), (b'Referrer-Policy', b'strict-origin-when-cross-origin'), (b'Access-Control-Max-Age', b'86400'), (b'Access-Control-Allow-Origin', b'https://huggingface.co'), (b'Access-Control-Expose-Headers', b'X-Repo-Commit,X-Request-Id,X-Error-Code,X-Error-Message,X-Total-Count,ETag,Link,Accept-Ranges,Content-Range,X-Linked-Size,X-Linked-ETag,X-Xet-Hash'), (b'X-Repo-Commit', b'e8f8c211226b894fcb81acc59f3b34ba3efd5f42'), (b'Accept-Ranges', b'bytes'), (b'X-Hub-Cache', b'MISS'), (b'Content-Disposition', b'inline; filename*=UTF-8\'\'tokenizer_config.json; filename="tokenizer_config.json";'), (b'Content-Security-Policy', b"default-src 'none'; sandbox"), (b'Vary', b'Origin'), (b'X-Cache', b'Hit from cloudfront'), (b'Via', b'1.1 837bfbe95037e42cdc86bcbd263354ea.cloudfront.net (CloudFront)'), (b'X-Amz-Cf-Pop', b'HEL51-P2'), (b'X-Amz-Cf-Id', b'pLrnJVYhsck7Bx97ZcZ2xTAU3jSN2UNn6613LKHpJ7evYQ19EM6MLA=='), (b'Age', b'148033')])
2026-05-25 13:00:27,077 | INFO     | httpx                | HTTP Request: HEAD https://huggingface.co/api/resolve-cache/models/sentence-transformers/paraphrase-multilingual-MiniLM-L12-v2/e8f8c211226b894fcb81acc59f3b34ba3efd5f42/tokenizer_config.json "HTTP/1.1 200 OK"
2026-05-25 13:00:27,077 | DEBUG    | httpcore.http11      | receive_response_body.started request=<Request [b'HEAD']>
2026-05-25 13:00:27,078 | DEBUG    | httpcore.http11      | receive_response_body.complete
2026-05-25 13:00:27,078 | DEBUG    | httpcore.http11      | response_closed.started
2026-05-25 13:00:27,078 | DEBUG    | httpcore.http11      | response_closed.complete
2026-05-25 13:00:27,092 | DEBUG    | httpcore.http11      | send_request_headers.started request=<Request [b'GET']>
2026-05-25 13:00:27,093 | DEBUG    | httpcore.http11      | send_request_headers.complete
2026-05-25 13:00:27,093 | DEBUG    | httpcore.http11      | send_request_body.started request=<Request [b'GET']>
2026-05-25 13:00:27,093 | DEBUG    | httpcore.http11      | send_request_body.complete
2026-05-25 13:00:27,094 | DEBUG    | httpcore.http11      | receive_response_headers.started request=<Request [b'GET']>
2026-05-25 13:00:27,246 | DEBUG    | httpcore.http11      | receive_response_headers.complete return_value=(b'HTTP/1.1', 404, b'Not Found', [(b'Content-Type', b'application/json; charset=utf-8'), (b'Content-Length', b'64'), (b'Connection', b'keep-alive'), (b'Date', b'Mon, 25 May 2026 10:00:27 GMT'), (b'ETag', b'W/"40-09f9IAqP13xarAhQxFS2W8rvRkM"'), (b'X-Powered-By', b'huggingface-moon'), (b'X-Request-Id', b'Root=1-6a141dbb-4c93f8af1955f4a011bcdc9b;68c5bbba-588a-4d09-b3d8-8505af43fb1a'), (b'RateLimit', b'"api";r=997;t=28'), (b'RateLimit-Policy', b'"fixed window";"api";q=1000;w=300'), (b'cross-origin-opener-policy', b'same-origin'), (b'Referrer-Policy', b'strict-origin-when-cross-origin'), (b'Access-Control-Max-Age', b'86400'), (b'Access-Control-Allow-Origin', b'https://huggingface.co'), (b'Vary', b'Origin'), (b'Access-Control-Expose-Headers', b'X-Repo-Commit,X-Request-Id,X-Error-Code,X-Error-Message,X-Total-Count,ETag,Link,Accept-Ranges,Content-Range,X-Linked-Size,X-Linked-ETag,X-Xet-Hash'), (b'X-Error-Code', b'EntryNotFound'), (b'X-Error-Message', b'additional_chat_templates does not exist on "main"'), (b'X-Cache', b'Error from cloudfront'), (b'Via', b'1.1 837bfbe95037e42cdc86bcbd263354ea.cloudfront.net (CloudFront)'), (b'X-Amz-Cf-Pop', b'HEL51-P2'), (b'X-Amz-Cf-Id', b'tQWGF0_88FMhvP1imb7A7fDDESc9L7GfHGSvbwx7g5y1Fy1gwjQkCg==')])
2026-05-25 13:00:27,246 | INFO     | httpx                | HTTP Request: GET https://huggingface.co/api/models/sentence-transformers/paraphrase-multilingual-MiniLM-L12-v2/tree/main/additional_chat_templates?recursive=false&expand=false "HTTP/1.1 404 Not Found"
2026-05-25 13:00:27,247 | DEBUG    | httpcore.http11      | receive_response_body.started request=<Request [b'GET']>
2026-05-25 13:00:27,247 | DEBUG    | httpcore.http11      | receive_response_body.complete
2026-05-25 13:00:27,247 | DEBUG    | httpcore.http11      | response_closed.started
2026-05-25 13:00:27,247 | DEBUG    | httpcore.http11      | response_closed.complete
2026-05-25 13:00:27,252 | DEBUG    | httpcore.http11      | send_request_headers.started request=<Request [b'GET']>
2026-05-25 13:00:27,252 | DEBUG    | httpcore.http11      | send_request_headers.complete
2026-05-25 13:00:27,252 | DEBUG    | httpcore.http11      | send_request_body.started request=<Request [b'GET']>
2026-05-25 13:00:27,253 | DEBUG    | httpcore.http11      | send_request_body.complete
2026-05-25 13:00:27,253 | DEBUG    | httpcore.http11      | receive_response_headers.started request=<Request [b'GET']>
2026-05-25 13:00:27,411 | DEBUG    | httpcore.http11      | receive_response_headers.complete return_value=(b'HTTP/1.1', 200, b'OK', [(b'Content-Type', b'application/json; charset=utf-8'), (b'Transfer-Encoding', b'chunked'), (b'Connection', b'keep-alive'), (b'Date', b'Mon, 25 May 2026 10:00:27 GMT'), (b'content-encoding', b'gzip'), (b'ETag', b'W/"1a1a-eIPFSpQ81fGmZGh9OTetGAVBiHY"'), (b'X-Powered-By', b'huggingface-moon'), (b'X-Request-Id', b'Root=1-6a141dbb-496fa8d13a086dbf68fb0b6a;f9926b63-e24b-48cb-b1cd-1af1c820ac9a'), (b'RateLimit', b'"api";r=996;t=28'), (b'RateLimit-Policy', b'"fixed window";"api";q=1000;w=300'), (b'cross-origin-opener-policy', b'same-origin'), (b'Referrer-Policy', b'strict-origin-when-cross-origin'), (b'Access-Control-Max-Age', b'86400'), (b'Access-Control-Allow-Origin', b'https://huggingface.co'), (b'Vary', b'Origin'), (b'vary', b'Accept-Encoding'), (b'Access-Control-Expose-Headers', b'X-Repo-Commit,X-Request-Id,X-Error-Code,X-Error-Message,X-Total-Count,ETag,Link,Accept-Ranges,Content-Range,X-Linked-Size,X-Linked-ETag,X-Xet-Hash'), (b'X-Cache', b'Miss from cloudfront'), (b'Via', b'1.1 837bfbe95037e42cdc86bcbd263354ea.cloudfront.net (CloudFront)'), (b'X-Amz-Cf-Pop', b'HEL51-P2'), (b'X-Amz-Cf-Id', b'hPNlf_cLXKytQE62ly7PtIygOfN-7n4Rqa_oV3paOAvjz6UB_sGLfg==')])
2026-05-25 13:00:27,412 | INFO     | httpx                | HTTP Request: GET https://huggingface.co/api/models/sentence-transformers/paraphrase-multilingual-MiniLM-L12-v2/tree/main?recursive=true&expand=false "HTTP/1.1 200 OK"
2026-05-25 13:00:27,412 | DEBUG    | httpcore.http11      | receive_response_body.started request=<Request [b'GET']>
2026-05-25 13:00:27,413 | DEBUG    | httpcore.http11      | receive_response_body.complete
2026-05-25 13:00:27,413 | DEBUG    | httpcore.http11      | response_closed.started
2026-05-25 13:00:27,413 | DEBUG    | httpcore.http11      | response_closed.complete
2026-05-25 13:00:29,108 | DEBUG    | httpcore.http11      | send_request_headers.started request=<Request [b'GET']>
2026-05-25 13:00:29,108 | DEBUG    | httpcore.http11      | send_request_headers.complete
2026-05-25 13:00:29,108 | DEBUG    | httpcore.http11      | send_request_body.started request=<Request [b'GET']>
2026-05-25 13:00:29,109 | DEBUG    | httpcore.http11      | send_request_body.complete
2026-05-25 13:00:29,109 | DEBUG    | httpcore.http11      | receive_response_headers.started request=<Request [b'GET']>
2026-05-25 13:00:29,274 | DEBUG    | httpcore.http11      | receive_response_headers.complete return_value=(b'HTTP/1.1', 200, b'OK', [(b'Content-Type', b'application/json; charset=utf-8'), (b'Transfer-Encoding', b'chunked'), (b'Connection', b'keep-alive'), (b'Date', b'Mon, 25 May 2026 10:00:29 GMT'), (b'content-encoding', b'gzip'), (b'ETag', b'W/"1820-g/rJpFe9OBkr6O7Kx71G367UNGE"'), (b'X-Powered-By', b'huggingface-moon'), (b'X-Request-Id', b'Root=1-6a141dbd-0dbd946141b5736a01da8856;0de04efc-179d-4be5-bf83-2d5457f8236c'), (b'RateLimit', b'"api";r=995;t=26'), (b'RateLimit-Policy', b'"fixed window";"api";q=1000;w=300'), (b'cross-origin-opener-policy', b'same-origin'), (b'Referrer-Policy', b'strict-origin-when-cross-origin'), (b'Access-Control-Max-Age', b'86400'), (b'Access-Control-Allow-Origin', b'https://huggingface.co'), (b'Vary', b'Origin'), (b'vary', b'Accept-Encoding'), (b'Access-Control-Expose-Headers', b'X-Repo-Commit,X-Request-Id,X-Error-Code,X-Error-Message,X-Total-Count,ETag,Link,Accept-Ranges,Content-Range,X-Linked-Size,X-Linked-ETag,X-Xet-Hash'), (b'X-Cache', b'Miss from cloudfront'), (b'Via', b'1.1 837bfbe95037e42cdc86bcbd263354ea.cloudfront.net (CloudFront)'), (b'X-Amz-Cf-Pop', b'HEL51-P2'), (b'X-Amz-Cf-Id', b'G1t5_VogjTmLdfRxW4dY6uVC1fKZrYJvzUQ1XbTtHYvSuxx_1z-hvw==')])
2026-05-25 13:00:29,274 | INFO     | httpx                | HTTP Request: GET https://huggingface.co/api/models/sentence-transformers/paraphrase-multilingual-MiniLM-L12-v2 "HTTP/1.1 200 OK"
2026-05-25 13:00:29,275 | DEBUG    | httpcore.http11      | receive_response_body.started request=<Request [b'GET']>
2026-05-25 13:00:29,275 | DEBUG    | httpcore.http11      | receive_response_body.complete
2026-05-25 13:00:29,276 | DEBUG    | httpcore.http11      | response_closed.started
2026-05-25 13:00:29,276 | DEBUG    | httpcore.http11      | response_closed.complete
2026-05-25 13:00:29,477 | DEBUG    | sentence_transformers.base.modules.transformer | Active modality config: {'text': {'method': 'forward', 'method_output_name': 'last_hidden_state'}}
2026-05-25 13:00:29,479 | DEBUG    | httpcore.http11      | send_request_headers.started request=<Request [b'HEAD']>
2026-05-25 13:00:29,480 | DEBUG    | httpcore.http11      | send_request_headers.complete
2026-05-25 13:00:29,480 | DEBUG    | httpcore.http11      | send_request_body.started request=<Request [b'HEAD']>
2026-05-25 13:00:29,480 | DEBUG    | httpcore.http11      | send_request_body.complete
2026-05-25 13:00:29,480 | DEBUG    | httpcore.http11      | receive_response_headers.started request=<Request [b'HEAD']>
2026-05-25 13:00:29,633 | DEBUG    | httpcore.http11      | receive_response_headers.complete return_value=(b'HTTP/1.1', 307, b'Temporary Redirect', [(b'Content-Type', b'text/plain; charset=utf-8'), (b'Content-Length', b'346'), (b'Connection', b'keep-alive'), (b'Date', b'Mon, 25 May 2026 10:00:29 GMT'), (b'Location', b'/api/resolve-cache/models/sentence-transformers/paraphrase-multilingual-MiniLM-L12-v2/e8f8c211226b894fcb81acc59f3b34ba3efd5f42/1_Pooling%2Fconfig.json?%2Fsentence-transformers%2Fparaphrase-multilingual-MiniLM-L12-v2%2Fresolve%2Fmain%2F1_Pooling%2Fconfig.json=&etag=%22d1514c3162bbe87b343f565fadc62e6c06f04f03%22'), (b'X-Powered-By', b'huggingface-moon'), (b'X-Request-Id', b'Root=1-6a141dbd-5fbec30110d4555446809acb;930a4baf-2e4e-469c-baee-e48ea408e699'), (b'RateLimit', b'"resolvers";r=4979;t=26'), (b'RateLimit-Policy', b'"fixed window";"resolvers";q=5000;w=300'), (b'cross-origin-opener-policy', b'same-origin'), (b'Referrer-Policy', b'strict-origin-when-cross-origin'), (b'Access-Control-Max-Age', b'86400'), (b'Access-Control-Allow-Origin', b'https://huggingface.co'), (b'Vary', b'Origin, Accept'), (b'Access-Control-Expose-Headers', b'X-Repo-Commit,X-Request-Id,X-Error-Code,X-Error-Message,X-Total-Count,ETag,Link,Accept-Ranges,Content-Range,X-Linked-Size,X-Linked-ETag,X-Xet-Hash'), (b'X-Repo-Commit', b'e8f8c211226b894fcb81acc59f3b34ba3efd5f42'), (b'Accept-Ranges', b'bytes'), (b'X-Hub-Cache', b'HIT'), (b'Content-Disposition', b'inline; filename*=UTF-8\'\'config.json; filename="config.json";'), (b'Content-Security-Policy', b"default-src 'none'; sandbox"), (b'X-Linked-ETag', b'"d1514c3162bbe87b343f565fadc62e6c06f04f03"'), (b'X-Cache', b'Miss from cloudfront'), (b'Via', b'1.1 837bfbe95037e42cdc86bcbd263354ea.cloudfront.net (CloudFront)'), (b'X-Amz-Cf-Pop', b'HEL51-P2'), (b'X-Amz-Cf-Id', b'7aq41nrU4pWTmxvaLe9uOpLKdVbzhN9NYDSs4PEYLNTXBwiv2CgaEg==')])
2026-05-25 13:00:29,634 | INFO     | httpx                | HTTP Request: HEAD https://huggingface.co/sentence-transformers/paraphrase-multilingual-MiniLM-L12-v2/resolve/main/1_Pooling/config.json "HTTP/1.1 307 Temporary Redirect"
2026-05-25 13:00:29,634 | DEBUG    | httpcore.http11      | receive_response_body.started request=<Request [b'HEAD']>
2026-05-25 13:00:29,635 | DEBUG    | httpcore.http11      | receive_response_body.complete
2026-05-25 13:00:29,635 | DEBUG    | httpcore.http11      | response_closed.started
2026-05-25 13:00:29,635 | DEBUG    | httpcore.http11      | response_closed.complete
2026-05-25 13:00:29,636 | DEBUG    | httpcore.http11      | send_request_headers.started request=<Request [b'HEAD']>
2026-05-25 13:00:29,636 | DEBUG    | httpcore.http11      | send_request_headers.complete
2026-05-25 13:00:29,636 | DEBUG    | httpcore.http11      | send_request_body.started request=<Request [b'HEAD']>
2026-05-25 13:00:29,637 | DEBUG    | httpcore.http11      | send_request_body.complete
2026-05-25 13:00:29,637 | DEBUG    | httpcore.http11      | receive_response_headers.started request=<Request [b'HEAD']>
2026-05-25 13:00:29,658 | DEBUG    | httpcore.http11      | receive_response_headers.complete return_value=(b'HTTP/1.1', 200, b'OK', [(b'Content-Type', b'text/plain; charset=utf-8'), (b'Content-Length', b'190'), (b'Connection', b'keep-alive'), (b'Date', b'Sat, 23 May 2026 16:53:20 GMT'), (b'ETag', b'"d1514c3162bbe87b343f565fadc62e6c06f04f03"'), (b'X-Powered-By', b'huggingface-moon'), (b'X-Request-Id', b'Root=1-6a11db80-47101ded522f1e9f41804de6;bb4c22d3-d12e-4dff-9a48-b8da9b2cd5e7'), (b'RateLimit', b'"resolvers";r=4961;t=155'), (b'RateLimit-Policy', b'"fixed window";"resolvers";q=5000;w=300'), (b'cross-origin-opener-policy', b'same-origin'), (b'Referrer-Policy', b'strict-origin-when-cross-origin'), (b'Access-Control-Max-Age', b'86400'), (b'Access-Control-Allow-Origin', b'https://huggingface.co'), (b'Access-Control-Expose-Headers', b'X-Repo-Commit,X-Request-Id,X-Error-Code,X-Error-Message,X-Total-Count,ETag,Link,Accept-Ranges,Content-Range,X-Linked-Size,X-Linked-ETag,X-Xet-Hash'), (b'X-Repo-Commit', b'e8f8c211226b894fcb81acc59f3b34ba3efd5f42'), (b'Accept-Ranges', b'bytes'), (b'X-Hub-Cache', b'MISS'), (b'Content-Disposition', b'inline; filename*=UTF-8\'\'config.json; filename="config.json";'), (b'Content-Security-Policy', b"default-src 'none'; sandbox"), (b'Vary', b'Origin'), (b'X-Cache', b'Hit from cloudfront'), (b'Via', b'1.1 837bfbe95037e42cdc86bcbd263354ea.cloudfront.net (CloudFront)'), (b'X-Amz-Cf-Pop', b'HEL51-P2'), (b'X-Amz-Cf-Id', b'C__-bsy1vU6Vk0h8SGOnRnsqXUbjeDYOn1xk9ZwNuxtFJkXpINtlJw=='), (b'Age', b'148029')])
2026-05-25 13:00:29,659 | INFO     | httpx                | HTTP Request: HEAD https://huggingface.co/api/resolve-cache/models/sentence-transformers/paraphrase-multilingual-MiniLM-L12-v2/e8f8c211226b894fcb81acc59f3b34ba3efd5f42/1_Pooling%2Fconfig.json "HTTP/1.1 200 OK"
2026-05-25 13:00:29,660 | DEBUG    | httpcore.http11      | receive_response_body.started request=<Request [b'HEAD']>
2026-05-25 13:00:29,661 | DEBUG    | httpcore.http11      | receive_response_body.complete
2026-05-25 13:00:29,661 | DEBUG    | httpcore.http11      | response_closed.started
2026-05-25 13:00:29,662 | DEBUG    | httpcore.http11      | response_closed.complete
2026-05-25 13:00:29,670 | DEBUG    | httpcore.http11      | send_request_headers.started request=<Request [b'GET']>
2026-05-25 13:00:29,670 | DEBUG    | httpcore.http11      | send_request_headers.complete
2026-05-25 13:00:29,670 | DEBUG    | httpcore.http11      | send_request_body.started request=<Request [b'GET']>
2026-05-25 13:00:29,671 | DEBUG    | httpcore.http11      | send_request_body.complete
2026-05-25 13:00:29,671 | DEBUG    | httpcore.http11      | receive_response_headers.started request=<Request [b'GET']>
2026-05-25 13:00:29,887 | DEBUG    | httpcore.http11      | receive_response_headers.complete return_value=(b'HTTP/1.1', 200, b'OK', [(b'Content-Type', b'application/json; charset=utf-8'), (b'Transfer-Encoding', b'chunked'), (b'Connection', b'keep-alive'), (b'Date', b'Mon, 25 May 2026 10:00:29 GMT'), (b'content-encoding', b'gzip'), (b'ETag', b'W/"1820-g/rJpFe9OBkr6O7Kx71G367UNGE"'), (b'X-Powered-By', b'huggingface-moon'), (b'X-Request-Id', b'Root=1-6a141dbd-0c6c79cf273e485352b75a45;a2d6758c-2f9a-4c4c-928e-0fd47b876b3b'), (b'RateLimit', b'"api";r=994;t=26'), (b'RateLimit-Policy', b'"fixed window";"api";q=1000;w=300'), (b'cross-origin-opener-policy', b'same-origin'), (b'Referrer-Policy', b'strict-origin-when-cross-origin'), (b'Access-Control-Max-Age', b'86400'), (b'Access-Control-Allow-Origin', b'https://huggingface.co'), (b'Vary', b'Origin'), (b'vary', b'Accept-Encoding'), (b'Access-Control-Expose-Headers', b'X-Repo-Commit,X-Request-Id,X-Error-Code,X-Error-Message,X-Total-Count,ETag,Link,Accept-Ranges,Content-Range,X-Linked-Size,X-Linked-ETag,X-Xet-Hash'), (b'X-Cache', b'Miss from cloudfront'), (b'Via', b'1.1 837bfbe95037e42cdc86bcbd263354ea.cloudfront.net (CloudFront)'), (b'X-Amz-Cf-Pop', b'HEL51-P2'), (b'X-Amz-Cf-Id', b'G0jPTOg1__fU-ujCf45WRkMS8QDBjxXiG7Js2Gh4chfZF_X9TmlYsA==')])
2026-05-25 13:00:29,888 | INFO     | httpx                | HTTP Request: GET https://huggingface.co/api/models/sentence-transformers/paraphrase-multilingual-MiniLM-L12-v2 "HTTP/1.1 200 OK"
2026-05-25 13:00:29,889 | DEBUG    | httpcore.http11      | receive_response_body.started request=<Request [b'GET']>
2026-05-25 13:00:29,890 | DEBUG    | httpcore.http11      | receive_response_body.complete
2026-05-25 13:00:29,890 | DEBUG    | httpcore.http11      | response_closed.started
2026-05-25 13:00:29,890 | DEBUG    | httpcore.http11      | response_closed.complete
2026-05-25 13:00:29,896 | INFO     | modules.filter.stt_filter.should_shut_up.should_shut_up_model | ✓ ShouldShutUpModel initialized successfully
2026-05-25 13:00:29,899 | DEBUG    | modules.filter.stt_filter.stt_filter | ✓ Models loaded
2026-05-25 13:00:29,899 | INFO     | modules.filter.stt_filter.stt_filter | ✓ SttFilter initialized successfully
2026-05-25 13:00:29,899 | DEBUG    | modules.filter.filter | ✓ STT filter loaded
2026-05-25 13:00:29,899 | DEBUG    | modules.filter.filter | CV filter: Not yet implemented
2026-05-25 13:00:29,899 | DEBUG    | modules.filter.filter | System filter: Not yet implemented
2026-05-25 13:00:29,901 | INFO     | modules.filter.filter | ✓ Filter module initialized successfully
2026-05-25 13:00:29,901 | DEBUG    | modules.filter.filter | Dialogue continuation mode: False
2026-05-25 13:00:29,901 | DEBUG    | main_module          | ✓ Filter module loaded
2026-05-25 13:00:29,901 | DEBUG    | main_module          | Initializing Dispatcher module...
2026-05-25 13:00:29,901 | INFO     | modules.dispatcher.dispatcher | Initializing Dispatcher module...
2026-05-25 13:00:29,901 | DEBUG    | modules.dispatcher.dispatcher | Loading NeedMath model...
2026-05-25 13:00:29,902 | INFO     | modules.dispatcher.need_math | NeedMath classifier initialized
2026-05-25 13:00:29,902 | DEBUG    | modules.dispatcher.need_math | NeedMath is ready to filter mathematical expressions
2026-05-25 13:00:29,902 | DEBUG    | modules.dispatcher.dispatcher | ✓ NeedMath model loaded
2026-05-25 13:00:29,902 | DEBUG    | modules.dispatcher.dispatcher | Loading NeedConsole model...
2026-05-25 13:00:29,902 | INFO     | modules.dispatcher.need_console | NeedConsole classifier initialized
2026-05-25 13:00:29,902 | DEBUG    | modules.dispatcher.need_console | NeedConsole is ready to filter console commands
2026-05-25 13:00:29,903 | DEBUG    | modules.dispatcher.dispatcher | ✓ NeedConsole model loaded
2026-05-25 13:00:29,903 | INFO     | modules.dispatcher.dispatcher | ✓ Dispatcher initialized successfully
2026-05-25 13:00:29,903 | DEBUG    | main_module          | ✓ Dispatcher module loaded
2026-05-25 13:00:29,903 | DEBUG    | main_module          | Initializing PreProcess module...
2026-05-25 13:00:29,903 | INFO     | modules.pre_process.pre_process | PreProcess module initialized
2026-05-25 13:00:29,903 | DEBUG    | modules.pre_process.pre_process | PreProcess is ready to process input data
2026-05-25 13:00:29,904 | DEBUG    | main_module          | ✓ PreProcess module loaded
2026-05-25 13:00:29,904 | INFO     | main_module          | ✓ Core modules initialized successfully
2026-05-25 13:00:29,904 | INFO     | main_module          | Core data structure initialized | context_size=0 | modules_online={'stt': False, 'cv': False, 'sys': False}
2026-05-25 13:00:29,904 | INFO     | main_module          | ==================================================
2026-05-25 13:00:29,904 | INFO     | server               | ✓ Core service initialized successfully
2026-05-25 13:00:29,904 | INFO     | server               | Server ready to accept requests on port 8000
2026-05-25 13:00:29,905 | INFO     | server               | ============================================================
2026-05-25 13:00:29,972 | INFO     | uvicorn.error        | Started server process [8393]
2026-05-25 13:00:29,972 | INFO     | uvicorn.error        | Waiting for application startup.
2026-05-25 13:00:29,973 | INFO     | server               | ============================================================
2026-05-25 13:00:29,973 | INFO     | server               | CORE SERVICE STARTUP COMPLETED
2026-05-25 13:00:29,974 | INFO     | server               | ============================================================
2026-05-25 13:00:29,974 | INFO     | uvicorn.error        | Application startup complete.
2026-05-25 13:00:29,974 | INFO     | uvicorn.error        | Uvicorn running on http://127.0.0.1:8000 (Press CTRL+C to quit)
2026-05-25 13:01:12,174 | INFO     | server               | 📥 STT POST request received | lang=ru | text_len=18
2026-05-25 13:01:12,174 | DEBUG    | server               | STT request details | speaker=Владелец | text='Помолчи пожалуйста...' if len(speach_info.text) > 100 else 'Помолчи пожалуйста'
2026-05-25 13:01:12,174 | DEBUG    | server               | ✓ STT background task added to queue
2026-05-25 13:01:12,175 | INFO     | uvicorn.access       | 127.0.0.1:53780 - "POST /core/stt HTTP/1.1" 200
2026-05-25 13:01:12,176 | INFO     | main_module          | STT input received | speaker=Владелец | language=ru | text_len=18
2026-05-25 13:01:12,176 | DEBUG    | main_module          | STT input text: 'Помолчи пожалуйста'
2026-05-25 13:01:12,176 | DEBUG    | main_module          | STT data updated | timestamp=1779703272.17674 | context_size=0
2026-05-25 13:01:12,176 | DEBUG    | main_module          | === Starting input filtering pipeline ===
2026-05-25 13:01:12,176 | DEBUG    | main_module          | Current context size: 0 elements
2026-05-25 13:01:12,177 | DEBUG    | main_module          | STT text: 'Помолчи пожалуйста'
2026-05-25 13:01:12,177 | INFO     | main_module          | 🔍 Filtering input - Checking if answer is needed
2026-05-25 13:01:12,177 | DEBUG    | main_module          | Input STT text: 'Помолчи пожалуйста'
2026-05-25 13:01:12,177 | DEBUG    | modules.filter.stt_filter.stt_filter | Checking if should shut up | input_text='N/A...'
2026-05-25 13:01:12,177 | DEBUG    | modules.filter.stt_filter.stt_filter | Checking if should shut up...
2026-05-25 13:01:12,177 | DEBUG    | modules.filter.stt_filter.should_shut_up.should_shut_up_model | ShouldShutUpModel call | input_text='N/A...'
2026-05-25 13:01:12,177 | DEBUG    | modules.filter.stt_filter.should_shut_up.should_shut_up_model | Pre-processing input...
2026-05-25 13:01:12,177 | DEBUG    | modules.filter.stt_filter.should_shut_up.should_shut_up_model | Pre-processing input...
2026-05-25 13:01:12,177 | DEBUG    | modules.filter.stt_filter.should_shut_up.should_shut_up_model | Pre-processing complete | output_len=0
2026-05-25 13:01:12,177 | DEBUG    | modules.filter.stt_filter.should_shut_up.should_shut_up_model | Pre-processing complete | processed_len=0
2026-05-25 13:01:12,177 | DEBUG    | modules.filter.stt_filter.should_shut_up.should_shut_up_model | Running model inference...
2026-05-25 13:01:12,264 | INFO     | modules.filter.stt_filter.should_shut_up.should_shut_up_model | ✓ Importance score calculated | score=0.000
2026-05-25 13:01:12,264 | DEBUG    | modules.filter.stt_filter.should_shut_up.should_shut_up_model | Processed input: 
2026-05-25 13:01:12,265 | DEBUG    | modules.filter.stt_filter.stt_filter | Should shut up result: 0.0
2026-05-25 13:01:12,265 | INFO     | main_module          | Filter decision | need_answer=False
2026-05-25 13:01:12,265 | DEBUG    | main_module          | ✗ Input rejected by filter
2026-05-25 13:01:12,265 | DEBUG    | main_module          | Filter importance: stt=False | cv=False | sys=False
2026-05-25 13:03:50,891 | INFO     | uvicorn.error        | Shutting down
2026-05-25 13:03:50,991 | INFO     | uvicorn.error        | Waiting for application shutdown.
2026-05-25 13:03:50,992 | INFO     | server               | ============================================================
2026-05-25 13:03:50,992 | INFO     | server               | CORE SERVICE SHUTTING DOWN
2026-05-25 13:03:50,992 | INFO     | server               | ============================================================
2026-05-25 13:03:50,992 | INFO     | uvicorn.error        | Application shutdown complete.
2026-05-25 13:03:50,992 | INFO     | uvicorn.error        | Finished server process [8393]
2026-05-25 13:03:50,995 | DEBUG    | httpcore.connection  | close.started
2026-05-25 13:03:50,995 | DEBUG    | httpcore.connection  | close.complete
