2026-05-25 23:00:39,863 | INFO     | server               | ============================================================
2026-05-25 23:00:39,864 | INFO     | server               | CORE SERVICE INITIALIZATION
2026-05-25 23:00:39,864 | INFO     | server               | ============================================================
2026-05-25 23:00:39,864 | INFO     | server               | Creating Core instance...
2026-05-25 23:00:39,865 | INFO     | main_module          | ==================================================
2026-05-25 23:00:39,865 | INFO     | main_module          | Core module initialization started
2026-05-25 23:00:39,865 | DEBUG    | main_module          | Initializing Filter module...
2026-05-25 23:00:39,865 | INFO     | modules.filter.filter | Initializing Filter module...
2026-05-25 23:00:39,865 | DEBUG    | modules.filter.filter | Loading STT filter model...
2026-05-25 23:00:39,865 | INFO     | modules.filter.stt_filter.stt_filter | Initializing SttFilter...
2026-05-25 23:00:39,865 | DEBUG    | modules.filter.stt_filter.stt_filter | Loading SttImpModel...
2026-05-25 23:00:39,865 | INFO     | modules.filter.stt_filter.imp_model.imp_model | Initializing SttImpModel...
2026-05-25 23:00:39,865 | DEBUG    | modules.filter.stt_filter.imp_model.imp_model | Loading Model...
2026-05-25 23:00:39,915 | INFO     | modules.filter.stt_filter.imp_model.models.own_model.transformer.pytorch_attention.init | MultiHeadAttention initialized
2026-05-25 23:00:39,916 | INFO     | modules.filter.stt_filter.imp_model.models.own_model.transformer.pytorch_attention.init | MultiHeadAttentionlConfig: d_model=256, heads=8
2026-05-25 23:00:39,922 | INFO     | modules.filter.stt_filter.imp_model.models.own_model.transformer.feedforward.init | Feedforward initialized
2026-05-25 23:00:39,922 | INFO     | modules.filter.stt_filter.imp_model.models.own_model.transformer.feedforward.init | FeedforwardlConfig: d_model=256, d_ff=1024
2026-05-25 23:00:39,923 | INFO     | modules.filter.stt_filter.imp_model.models.own_model.transformer.encoder.init | Encoder initialized
2026-05-25 23:00:39,923 | INFO     | modules.filter.stt_filter.imp_model.models.own_model.transformer.encoder.init | EncoderlConfig: d_model=256, heads=8, d_ff=1024, dropout=0.31622776601683794
2026-05-25 23:00:39,971 | DEBUG    | httpcore.connection  | connect_tcp.started host='huggingface.co' port=443 local_address=None timeout=10 socket_options=None
2026-05-25 23:00:40,001 | DEBUG    | httpcore.connection  | connect_tcp.complete return_value=<httpcore._backends.sync.SyncStream object at 0x78fa3aa4a140>
2026-05-25 23:00:40,001 | DEBUG    | httpcore.connection  | start_tls.started ssl_context=<ssl.SSLContext object at 0x78fa3aa5aac0> server_hostname='huggingface.co' timeout=10
2026-05-25 23:00:40,029 | DEBUG    | httpcore.connection  | start_tls.complete return_value=<httpcore._backends.sync.SyncStream object at 0x78fa3aa4a290>
2026-05-25 23:00:40,029 | DEBUG    | httpcore.http11      | send_request_headers.started request=<Request [b'HEAD']>
2026-05-25 23:00:40,029 | DEBUG    | httpcore.http11      | send_request_headers.complete
2026-05-25 23:00:40,029 | DEBUG    | httpcore.http11      | send_request_body.started request=<Request [b'HEAD']>
2026-05-25 23:00:40,029 | DEBUG    | httpcore.http11      | send_request_body.complete
2026-05-25 23:00:40,029 | DEBUG    | httpcore.http11      | receive_response_headers.started request=<Request [b'HEAD']>
2026-05-25 23:00:40,182 | DEBUG    | httpcore.http11      | receive_response_headers.complete return_value=(b'HTTP/1.1', 307, b'Temporary Redirect', [(b'Content-Type', b'text/plain; charset=utf-8'), (b'Content-Length', b'238'), (b'Connection', b'keep-alive'), (b'Date', b'Mon, 25 May 2026 20:00:40 GMT'), (b'Location', b'/api/resolve-cache/models/boltuix/bert-lite/bc0e85c1c303ee38a6b4a7276ce7cf6d0581cce5/config.json?%2Fboltuix%2Fbert-lite%2Fresolve%2Fmain%2Fconfig.json=&etag=%2281ba83673fa0d07fc98d4ba418715df42ab28a6f%22'), (b'X-Powered-By', b'huggingface-moon'), (b'X-Request-Id', b'Root=1-6a14aa68-6ab830fc6d35270e1a3f3928;d538bf91-9626-459e-8c10-a50d27f6ada2'), (b'RateLimit', b'"resolvers";r=4999;t=15'), (b'RateLimit-Policy', b'"fixed window";"resolvers";q=5000;w=300'), (b'cross-origin-opener-policy', b'same-origin'), (b'Referrer-Policy', b'strict-origin-when-cross-origin'), (b'Access-Control-Max-Age', b'86400'), (b'Access-Control-Allow-Origin', b'https://huggingface.co'), (b'Vary', b'Origin, Accept'), (b'Access-Control-Expose-Headers', b'X-Repo-Commit,X-Request-Id,X-Error-Code,X-Error-Message,X-Total-Count,ETag,Link,Accept-Ranges,Content-Range,X-Linked-Size,X-Linked-ETag,X-Xet-Hash'), (b'X-Repo-Commit', b'bc0e85c1c303ee38a6b4a7276ce7cf6d0581cce5'), (b'Accept-Ranges', b'bytes'), (b'X-Hub-Cache', b'MISS'), (b'Content-Disposition', b'inline; filename*=UTF-8\'\'config.json; filename="config.json";'), (b'Content-Security-Policy', b"default-src 'none'; sandbox"), (b'X-Linked-ETag', b'"81ba83673fa0d07fc98d4ba418715df42ab28a6f"'), (b'X-Cache', b'Miss from cloudfront'), (b'Via', b'1.1 dcfa20c2a21f99a696b77f7b84e39586.cloudfront.net (CloudFront)'), (b'X-Amz-Cf-Pop', b'ARN53-P3'), (b'X-Amz-Cf-Id', b'bkcHT2N019SW7ie9RQSYrxF19iLuaOQOw2xb8TRbmgqMrQu5VyZ4hw==')])
2026-05-25 23:00:40,183 | INFO     | httpx                | HTTP Request: HEAD https://huggingface.co/boltuix/bert-lite/resolve/main/config.json "HTTP/1.1 307 Temporary Redirect"
2026-05-25 23:00:40,184 | DEBUG    | httpcore.http11      | receive_response_body.started request=<Request [b'HEAD']>
2026-05-25 23:00:40,185 | DEBUG    | httpcore.http11      | receive_response_body.complete
2026-05-25 23:00:40,185 | DEBUG    | httpcore.http11      | response_closed.started
2026-05-25 23:00:40,185 | DEBUG    | httpcore.http11      | response_closed.complete
2026-05-25 23:00:40,186 | DEBUG    | httpcore.http11      | send_request_headers.started request=<Request [b'HEAD']>
2026-05-25 23:00:40,187 | DEBUG    | httpcore.http11      | send_request_headers.complete
2026-05-25 23:00:40,187 | DEBUG    | httpcore.http11      | send_request_body.started request=<Request [b'HEAD']>
2026-05-25 23:00:40,187 | DEBUG    | httpcore.http11      | send_request_body.complete
2026-05-25 23:00:40,187 | DEBUG    | httpcore.http11      | receive_response_headers.started request=<Request [b'HEAD']>
2026-05-25 23:00:40,218 | DEBUG    | httpcore.http11      | receive_response_headers.complete return_value=(b'HTTP/1.1', 200, b'OK', [(b'Content-Type', b'text/plain; charset=utf-8'), (b'Content-Length', b'587'), (b'Connection', b'keep-alive'), (b'Date', b'Wed, 13 May 2026 12:33:48 GMT'), (b'ETag', b'"81ba83673fa0d07fc98d4ba418715df42ab28a6f"'), (b'X-Powered-By', b'huggingface-moon'), (b'X-Request-Id', b'Root=1-6a046fac-1335b433506b8b384391f3c6;adbfdde3-1218-4a8d-ac5d-f6fb77b28728'), (b'RateLimit', b'"resolvers";r=4998;t=127'), (b'RateLimit-Policy', b'"fixed window";"resolvers";q=5000;w=300'), (b'cross-origin-opener-policy', b'same-origin'), (b'Referrer-Policy', b'strict-origin-when-cross-origin'), (b'Access-Control-Max-Age', b'86400'), (b'Access-Control-Allow-Origin', b'https://huggingface.co'), (b'Access-Control-Expose-Headers', b'X-Repo-Commit,X-Request-Id,X-Error-Code,X-Error-Message,X-Total-Count,ETag,Link,Accept-Ranges,Content-Range,X-Linked-Size,X-Linked-ETag,X-Xet-Hash'), (b'X-Repo-Commit', b'bc0e85c1c303ee38a6b4a7276ce7cf6d0581cce5'), (b'Accept-Ranges', b'bytes'), (b'X-Hub-Cache', b'MISS'), (b'Content-Disposition', b'inline; filename*=UTF-8\'\'config.json; filename="config.json";'), (b'Content-Security-Policy', b"default-src 'none'; sandbox"), (b'Vary', b'Origin'), (b'X-Cache', b'Hit from cloudfront'), (b'Via', b'1.1 dcfa20c2a21f99a696b77f7b84e39586.cloudfront.net (CloudFront)'), (b'X-Amz-Cf-Pop', b'ARN53-P3'), (b'X-Amz-Cf-Id', b'5AcbHx96_Ujd1gGUbY3M5Pv28AgbuLXUPSMIdi6cmdwXV4XPmdN1kw=='), (b'Age', b'1063612')])
2026-05-25 23:00:40,218 | INFO     | httpx                | HTTP Request: HEAD https://huggingface.co/api/resolve-cache/models/boltuix/bert-lite/bc0e85c1c303ee38a6b4a7276ce7cf6d0581cce5/config.json "HTTP/1.1 200 OK"
2026-05-25 23:00:40,219 | DEBUG    | httpcore.http11      | receive_response_body.started request=<Request [b'HEAD']>
2026-05-25 23:00:40,219 | DEBUG    | httpcore.http11      | receive_response_body.complete
2026-05-25 23:00:40,219 | DEBUG    | httpcore.http11      | response_closed.started
2026-05-25 23:00:40,219 | DEBUG    | httpcore.http11      | response_closed.complete
2026-05-25 23:00:40,237 | DEBUG    | httpcore.http11      | send_request_headers.started request=<Request [b'HEAD']>
2026-05-25 23:00:40,238 | DEBUG    | httpcore.http11      | send_request_headers.complete
2026-05-25 23:00:40,238 | DEBUG    | httpcore.http11      | send_request_body.started request=<Request [b'HEAD']>
2026-05-25 23:00:40,238 | DEBUG    | httpcore.http11      | send_request_body.complete
2026-05-25 23:00:40,238 | DEBUG    | httpcore.http11      | receive_response_headers.started request=<Request [b'HEAD']>
2026-05-25 23:00:40,394 | DEBUG    | httpcore.http11      | receive_response_headers.complete return_value=(b'HTTP/1.1', 307, b'Temporary Redirect', [(b'Content-Type', b'text/plain; charset=utf-8'), (b'Content-Length', b'258'), (b'Connection', b'keep-alive'), (b'Date', b'Mon, 25 May 2026 20:00:40 GMT'), (b'Location', b'/api/resolve-cache/models/boltuix/bert-lite/bc0e85c1c303ee38a6b4a7276ce7cf6d0581cce5/tokenizer_config.json?%2Fboltuix%2Fbert-lite%2Fresolve%2Fmain%2Ftokenizer_config.json=&etag=%22d5c1bb83f067f79da262aed09cbefafcbe8b4805%22'), (b'X-Powered-By', b'huggingface-moon'), (b'X-Request-Id', b'Root=1-6a14aa68-760bef564d569c56105c040e;c00523e7-bbc2-4a0e-a96c-26c75f79ef1b'), (b'RateLimit', b'"resolvers";r=4998;t=15'), (b'RateLimit-Policy', b'"fixed window";"resolvers";q=5000;w=300'), (b'cross-origin-opener-policy', b'same-origin'), (b'Referrer-Policy', b'strict-origin-when-cross-origin'), (b'Access-Control-Max-Age', b'86400'), (b'Access-Control-Allow-Origin', b'https://huggingface.co'), (b'Vary', b'Origin, Accept'), (b'Access-Control-Expose-Headers', b'X-Repo-Commit,X-Request-Id,X-Error-Code,X-Error-Message,X-Total-Count,ETag,Link,Accept-Ranges,Content-Range,X-Linked-Size,X-Linked-ETag,X-Xet-Hash'), (b'X-Repo-Commit', b'bc0e85c1c303ee38a6b4a7276ce7cf6d0581cce5'), (b'Accept-Ranges', b'bytes'), (b'X-Hub-Cache', b'MISS'), (b'Content-Disposition', b'inline; filename*=UTF-8\'\'tokenizer_config.json; filename="tokenizer_config.json";'), (b'Content-Security-Policy', b"default-src 'none'; sandbox"), (b'X-Linked-ETag', b'"d5c1bb83f067f79da262aed09cbefafcbe8b4805"'), (b'X-Cache', b'Miss from cloudfront'), (b'Via', b'1.1 dcfa20c2a21f99a696b77f7b84e39586.cloudfront.net (CloudFront)'), (b'X-Amz-Cf-Pop', b'ARN53-P3'), (b'X-Amz-Cf-Id', b'uHlFxaqf4JNyI-0tHc8R6OHLKLzq4T2aWJGc57pb1hJdoUB2pxK7Yw==')])
2026-05-25 23:00:40,394 | INFO     | httpx                | HTTP Request: HEAD https://huggingface.co/boltuix/bert-lite/resolve/main/tokenizer_config.json "HTTP/1.1 307 Temporary Redirect"
2026-05-25 23:00:40,395 | DEBUG    | httpcore.http11      | receive_response_body.started request=<Request [b'HEAD']>
2026-05-25 23:00:40,395 | DEBUG    | httpcore.http11      | receive_response_body.complete
2026-05-25 23:00:40,395 | DEBUG    | httpcore.http11      | response_closed.started
2026-05-25 23:00:40,395 | DEBUG    | httpcore.http11      | response_closed.complete
2026-05-25 23:00:40,396 | DEBUG    | httpcore.http11      | send_request_headers.started request=<Request [b'HEAD']>
2026-05-25 23:00:40,396 | DEBUG    | httpcore.http11      | send_request_headers.complete
2026-05-25 23:00:40,397 | DEBUG    | httpcore.http11      | send_request_body.started request=<Request [b'HEAD']>
2026-05-25 23:00:40,397 | DEBUG    | httpcore.http11      | send_request_body.complete
2026-05-25 23:00:40,397 | DEBUG    | httpcore.http11      | receive_response_headers.started request=<Request [b'HEAD']>
2026-05-25 23:00:40,427 | DEBUG    | httpcore.http11      | receive_response_headers.complete return_value=(b'HTTP/1.1', 200, b'OK', [(b'Content-Type', b'text/plain; charset=utf-8'), (b'Content-Length', b'1300'), (b'Connection', b'keep-alive'), (b'Date', b'Wed, 13 May 2026 12:33:49 GMT'), (b'ETag', b'"d5c1bb83f067f79da262aed09cbefafcbe8b4805"'), (b'X-Powered-By', b'huggingface-moon'), (b'X-Request-Id', b'Root=1-6a046fad-0b06b5443de61d2216ce7b5e;c30943df-c246-4194-9edb-c69729443dee'), (b'RateLimit', b'"resolvers";r=4995;t=126'), (b'RateLimit-Policy', b'"fixed window";"resolvers";q=5000;w=300'), (b'cross-origin-opener-policy', b'same-origin'), (b'Referrer-Policy', b'strict-origin-when-cross-origin'), (b'Access-Control-Max-Age', b'86400'), (b'Access-Control-Allow-Origin', b'https://huggingface.co'), (b'Access-Control-Expose-Headers', b'X-Repo-Commit,X-Request-Id,X-Error-Code,X-Error-Message,X-Total-Count,ETag,Link,Accept-Ranges,Content-Range,X-Linked-Size,X-Linked-ETag,X-Xet-Hash'), (b'X-Repo-Commit', b'bc0e85c1c303ee38a6b4a7276ce7cf6d0581cce5'), (b'Accept-Ranges', b'bytes'), (b'X-Hub-Cache', b'MISS'), (b'Content-Disposition', b'inline; filename*=UTF-8\'\'tokenizer_config.json; filename="tokenizer_config.json";'), (b'Content-Security-Policy', b"default-src 'none'; sandbox"), (b'Vary', b'Origin'), (b'X-Cache', b'Hit from cloudfront'), (b'Via', b'1.1 dcfa20c2a21f99a696b77f7b84e39586.cloudfront.net (CloudFront)'), (b'X-Amz-Cf-Pop', b'ARN53-P3'), (b'X-Amz-Cf-Id', b'rM5wJxWmxBFQaKfes00vR6NYYA5BmmU4wughB1UidfZgU2xwd8V8mw=='), (b'Age', b'1063611')])
2026-05-25 23:00:40,427 | INFO     | httpx                | HTTP Request: HEAD https://huggingface.co/api/resolve-cache/models/boltuix/bert-lite/bc0e85c1c303ee38a6b4a7276ce7cf6d0581cce5/tokenizer_config.json "HTTP/1.1 200 OK"
2026-05-25 23:00:40,428 | DEBUG    | httpcore.http11      | receive_response_body.started request=<Request [b'HEAD']>
2026-05-25 23:00:40,428 | DEBUG    | httpcore.http11      | receive_response_body.complete
2026-05-25 23:00:40,428 | DEBUG    | httpcore.http11      | response_closed.started
2026-05-25 23:00:40,428 | DEBUG    | httpcore.http11      | response_closed.complete
2026-05-25 23:00:40,457 | DEBUG    | httpcore.http11      | send_request_headers.started request=<Request [b'GET']>
2026-05-25 23:00:40,459 | DEBUG    | httpcore.http11      | send_request_headers.complete
2026-05-25 23:00:40,459 | DEBUG    | httpcore.http11      | send_request_body.started request=<Request [b'GET']>
2026-05-25 23:00:40,460 | DEBUG    | httpcore.http11      | send_request_body.complete
2026-05-25 23:00:40,460 | DEBUG    | httpcore.http11      | receive_response_headers.started request=<Request [b'GET']>
2026-05-25 23:00:40,631 | DEBUG    | httpcore.http11      | receive_response_headers.complete return_value=(b'HTTP/1.1', 404, b'Not Found', [(b'Content-Type', b'application/json; charset=utf-8'), (b'Content-Length', b'64'), (b'Connection', b'keep-alive'), (b'Date', b'Mon, 25 May 2026 20:00:40 GMT'), (b'ETag', b'W/"40-09f9IAqP13xarAhQxFS2W8rvRkM"'), (b'X-Powered-By', b'huggingface-moon'), (b'X-Request-Id', b'Root=1-6a14aa68-2deb77df118a485b418e28b5;5241f77b-e4e0-49f7-8d29-b3361549d9c7'), (b'RateLimit', b'"api";r=999;t=15'), (b'RateLimit-Policy', b'"fixed window";"api";q=1000;w=300'), (b'cross-origin-opener-policy', b'same-origin'), (b'Referrer-Policy', b'strict-origin-when-cross-origin'), (b'Access-Control-Max-Age', b'86400'), (b'Access-Control-Allow-Origin', b'https://huggingface.co'), (b'Vary', b'Origin'), (b'Access-Control-Expose-Headers', b'X-Repo-Commit,X-Request-Id,X-Error-Code,X-Error-Message,X-Total-Count,ETag,Link,Accept-Ranges,Content-Range,X-Linked-Size,X-Linked-ETag,X-Xet-Hash'), (b'X-Error-Code', b'EntryNotFound'), (b'X-Error-Message', b'additional_chat_templates does not exist on "main"'), (b'X-Cache', b'Error from cloudfront'), (b'Via', b'1.1 dcfa20c2a21f99a696b77f7b84e39586.cloudfront.net (CloudFront)'), (b'X-Amz-Cf-Pop', b'ARN53-P3'), (b'X-Amz-Cf-Id', b'X1YsIe6LNTOKmnLn0IdOVCRULmvDI-738KJtFPN-AZHS2YyTE-suNA==')])
2026-05-25 23:00:40,632 | INFO     | httpx                | HTTP Request: GET https://huggingface.co/api/models/boltuix/bert-lite/tree/main/additional_chat_templates?recursive=false&expand=false "HTTP/1.1 404 Not Found"
2026-05-25 23:00:40,632 | DEBUG    | httpcore.http11      | receive_response_body.started request=<Request [b'GET']>
2026-05-25 23:00:40,633 | DEBUG    | httpcore.http11      | receive_response_body.complete
2026-05-25 23:00:40,633 | DEBUG    | httpcore.http11      | response_closed.started
2026-05-25 23:00:40,633 | DEBUG    | httpcore.http11      | response_closed.complete
2026-05-25 23:00:40,637 | DEBUG    | httpcore.http11      | send_request_headers.started request=<Request [b'GET']>
2026-05-25 23:00:40,638 | DEBUG    | httpcore.http11      | send_request_headers.complete
2026-05-25 23:00:40,638 | DEBUG    | httpcore.http11      | send_request_body.started request=<Request [b'GET']>
2026-05-25 23:00:40,639 | DEBUG    | httpcore.http11      | send_request_body.complete
2026-05-25 23:00:40,640 | DEBUG    | httpcore.http11      | receive_response_headers.started request=<Request [b'GET']>
2026-05-25 23:00:40,806 | DEBUG    | httpcore.http11      | receive_response_headers.complete return_value=(b'HTTP/1.1', 200, b'OK', [(b'Content-Type', b'application/json; charset=utf-8'), (b'Transfer-Encoding', b'chunked'), (b'Connection', b'keep-alive'), (b'Date', b'Mon, 25 May 2026 20:00:40 GMT'), (b'content-encoding', b'gzip'), (b'ETag', b'W/"3f4-p6e3v60yrWQMyQA/1oVBgtFThWc"'), (b'X-Powered-By', b'huggingface-moon'), (b'X-Request-Id', b'Root=1-6a14aa68-140ef83b4a428dae3672d154;27dcb692-06e8-4d87-8ad9-3486c69c57fb'), (b'RateLimit', b'"api";r=998;t=15'), (b'RateLimit-Policy', b'"fixed window";"api";q=1000;w=300'), (b'cross-origin-opener-policy', b'same-origin'), (b'Referrer-Policy', b'strict-origin-when-cross-origin'), (b'Access-Control-Max-Age', b'86400'), (b'Access-Control-Allow-Origin', b'https://huggingface.co'), (b'Vary', b'Origin'), (b'vary', b'Accept-Encoding'), (b'Access-Control-Expose-Headers', b'X-Repo-Commit,X-Request-Id,X-Error-Code,X-Error-Message,X-Total-Count,ETag,Link,Accept-Ranges,Content-Range,X-Linked-Size,X-Linked-ETag,X-Xet-Hash'), (b'X-Cache', b'Miss from cloudfront'), (b'Via', b'1.1 dcfa20c2a21f99a696b77f7b84e39586.cloudfront.net (CloudFront)'), (b'X-Amz-Cf-Pop', b'ARN53-P3'), (b'X-Amz-Cf-Id', b'exwyr0RuDg5Tr9V4yAz-HA2cUXcKjTq6T-oRm6zEeC19D9K-uQOwyQ==')])
2026-05-25 23:00:40,807 | INFO     | httpx                | HTTP Request: GET https://huggingface.co/api/models/boltuix/bert-lite/tree/main?recursive=true&expand=false "HTTP/1.1 200 OK"
2026-05-25 23:00:40,807 | DEBUG    | httpcore.http11      | receive_response_body.started request=<Request [b'GET']>
2026-05-25 23:00:40,807 | DEBUG    | httpcore.http11      | receive_response_body.complete
2026-05-25 23:00:40,808 | DEBUG    | httpcore.http11      | response_closed.started
2026-05-25 23:00:40,808 | DEBUG    | httpcore.http11      | response_closed.complete
2026-05-25 23:00:40,867 | DEBUG    | httpcore.http11      | send_request_headers.started request=<Request [b'HEAD']>
2026-05-25 23:00:40,867 | DEBUG    | httpcore.http11      | send_request_headers.complete
2026-05-25 23:00:40,867 | DEBUG    | httpcore.http11      | send_request_body.started request=<Request [b'HEAD']>
2026-05-25 23:00:40,868 | DEBUG    | httpcore.http11      | send_request_body.complete
2026-05-25 23:00:40,868 | DEBUG    | httpcore.http11      | receive_response_headers.started request=<Request [b'HEAD']>
2026-05-25 23:00:41,017 | DEBUG    | httpcore.http11      | receive_response_headers.complete return_value=(b'HTTP/1.1', 307, b'Temporary Redirect', [(b'Content-Type', b'text/plain; charset=utf-8'), (b'Content-Length', b'238'), (b'Connection', b'keep-alive'), (b'Date', b'Mon, 25 May 2026 20:00:40 GMT'), (b'Location', b'/api/resolve-cache/models/boltuix/bert-lite/bc0e85c1c303ee38a6b4a7276ce7cf6d0581cce5/config.json?%2Fboltuix%2Fbert-lite%2Fresolve%2Fmain%2Fconfig.json=&etag=%2281ba83673fa0d07fc98d4ba418715df42ab28a6f%22'), (b'X-Powered-By', b'huggingface-moon'), (b'X-Request-Id', b'Root=1-6a14aa68-6b5b1a946c596bbc10828e49;65bbb3a3-a5e8-4153-a4df-2c20daabb91d'), (b'RateLimit', b'"resolvers";r=4997;t=15'), (b'RateLimit-Policy', b'"fixed window";"resolvers";q=5000;w=300'), (b'cross-origin-opener-policy', b'same-origin'), (b'Referrer-Policy', b'strict-origin-when-cross-origin'), (b'Access-Control-Max-Age', b'86400'), (b'Access-Control-Allow-Origin', b'https://huggingface.co'), (b'Vary', b'Origin, Accept'), (b'Access-Control-Expose-Headers', b'X-Repo-Commit,X-Request-Id,X-Error-Code,X-Error-Message,X-Total-Count,ETag,Link,Accept-Ranges,Content-Range,X-Linked-Size,X-Linked-ETag,X-Xet-Hash'), (b'X-Repo-Commit', b'bc0e85c1c303ee38a6b4a7276ce7cf6d0581cce5'), (b'Accept-Ranges', b'bytes'), (b'X-Hub-Cache', b'MISS'), (b'Content-Disposition', b'inline; filename*=UTF-8\'\'config.json; filename="config.json";'), (b'Content-Security-Policy', b"default-src 'none'; sandbox"), (b'X-Linked-ETag', b'"81ba83673fa0d07fc98d4ba418715df42ab28a6f"'), (b'X-Cache', b'Miss from cloudfront'), (b'Via', b'1.1 dcfa20c2a21f99a696b77f7b84e39586.cloudfront.net (CloudFront)'), (b'X-Amz-Cf-Pop', b'ARN53-P3'), (b'X-Amz-Cf-Id', b'U2DFkSxfGTcQUXf1fYBI5vGUoiHP5Zs3tEk6HM7zjrkeA33lYWaC3Q==')])
2026-05-25 23:00:41,021 | INFO     | httpx                | HTTP Request: HEAD https://huggingface.co/boltuix/bert-lite/resolve/main/config.json "HTTP/1.1 307 Temporary Redirect"
2026-05-25 23:00:41,022 | DEBUG    | httpcore.http11      | receive_response_body.started request=<Request [b'HEAD']>
2026-05-25 23:00:41,023 | DEBUG    | httpcore.http11      | receive_response_body.complete
2026-05-25 23:00:41,023 | DEBUG    | httpcore.http11      | response_closed.started
2026-05-25 23:00:41,023 | DEBUG    | httpcore.http11      | response_closed.complete
2026-05-25 23:00:41,024 | DEBUG    | httpcore.http11      | send_request_headers.started request=<Request [b'HEAD']>
2026-05-25 23:00:41,024 | DEBUG    | httpcore.http11      | send_request_headers.complete
2026-05-25 23:00:41,024 | DEBUG    | httpcore.http11      | send_request_body.started request=<Request [b'HEAD']>
2026-05-25 23:00:41,025 | DEBUG    | httpcore.http11      | send_request_body.complete
2026-05-25 23:00:41,025 | DEBUG    | httpcore.http11      | receive_response_headers.started request=<Request [b'HEAD']>
2026-05-25 23:00:41,056 | DEBUG    | httpcore.http11      | receive_response_headers.complete return_value=(b'HTTP/1.1', 200, b'OK', [(b'Content-Type', b'text/plain; charset=utf-8'), (b'Content-Length', b'587'), (b'Connection', b'keep-alive'), (b'Date', b'Wed, 13 May 2026 12:33:48 GMT'), (b'ETag', b'"81ba83673fa0d07fc98d4ba418715df42ab28a6f"'), (b'X-Powered-By', b'huggingface-moon'), (b'X-Request-Id', b'Root=1-6a046fac-1335b433506b8b384391f3c6;adbfdde3-1218-4a8d-ac5d-f6fb77b28728'), (b'RateLimit', b'"resolvers";r=4998;t=127'), (b'RateLimit-Policy', b'"fixed window";"resolvers";q=5000;w=300'), (b'cross-origin-opener-policy', b'same-origin'), (b'Referrer-Policy', b'strict-origin-when-cross-origin'), (b'Access-Control-Max-Age', b'86400'), (b'Access-Control-Allow-Origin', b'https://huggingface.co'), (b'Access-Control-Expose-Headers', b'X-Repo-Commit,X-Request-Id,X-Error-Code,X-Error-Message,X-Total-Count,ETag,Link,Accept-Ranges,Content-Range,X-Linked-Size,X-Linked-ETag,X-Xet-Hash'), (b'X-Repo-Commit', b'bc0e85c1c303ee38a6b4a7276ce7cf6d0581cce5'), (b'Accept-Ranges', b'bytes'), (b'X-Hub-Cache', b'MISS'), (b'Content-Disposition', b'inline; filename*=UTF-8\'\'config.json; filename="config.json";'), (b'Content-Security-Policy', b"default-src 'none'; sandbox"), (b'Vary', b'Origin'), (b'X-Cache', b'Hit from cloudfront'), (b'Via', b'1.1 dcfa20c2a21f99a696b77f7b84e39586.cloudfront.net (CloudFront)'), (b'X-Amz-Cf-Pop', b'ARN53-P3'), (b'X-Amz-Cf-Id', b'WWDTlGWcGpLb7vz5Rzo9WEcXI2q9RrqmqENYbSFZSAzZToMIeItvzA=='), (b'Age', b'1063613')])
2026-05-25 23:00:41,057 | INFO     | httpx                | HTTP Request: HEAD https://huggingface.co/api/resolve-cache/models/boltuix/bert-lite/bc0e85c1c303ee38a6b4a7276ce7cf6d0581cce5/config.json "HTTP/1.1 200 OK"
2026-05-25 23:00:41,057 | DEBUG    | httpcore.http11      | receive_response_body.started request=<Request [b'HEAD']>
2026-05-25 23:00:41,057 | DEBUG    | httpcore.http11      | receive_response_body.complete
2026-05-25 23:00:41,057 | DEBUG    | httpcore.http11      | response_closed.started
2026-05-25 23:00:41,057 | DEBUG    | httpcore.http11      | response_closed.complete
2026-05-25 23:00:41,219 | INFO     | modules.filter.stt_filter.imp_model.imp_model | ✓ SttImpModel initialized successfully
2026-05-25 23:00:41,219 | DEBUG    | modules.filter.stt_filter.stt_filter | Loading ShouldShutUpModel...
2026-05-25 23:00:41,219 | INFO     | modules.filter.stt_filter.should_shut_up.should_shut_up_model | Initializing ShouldShutUpModel...
2026-05-25 23:00:41,220 | DEBUG    | modules.filter.stt_filter.should_shut_up.should_shut_up_model | Loading Model...
2026-05-25 23:00:41,240 | INFO     | sentence_transformers.base.model | No device provided, using cpu
2026-05-25 23:00:41,241 | DEBUG    | httpcore.http11      | send_request_headers.started request=<Request [b'HEAD']>
2026-05-25 23:00:41,241 | DEBUG    | httpcore.http11      | send_request_headers.complete
2026-05-25 23:00:41,241 | DEBUG    | httpcore.http11      | send_request_body.started request=<Request [b'HEAD']>
2026-05-25 23:00:41,242 | DEBUG    | httpcore.http11      | send_request_body.complete
2026-05-25 23:00:41,242 | DEBUG    | httpcore.http11      | receive_response_headers.started request=<Request [b'HEAD']>
2026-05-25 23:00:41,397 | DEBUG    | httpcore.http11      | receive_response_headers.complete return_value=(b'HTTP/1.1', 307, b'Temporary Redirect', [(b'Content-Type', b'text/plain; charset=utf-8'), (b'Content-Length', b'324'), (b'Connection', b'keep-alive'), (b'Date', b'Mon, 25 May 2026 20:00:41 GMT'), (b'Location', b'/api/resolve-cache/models/sentence-transformers/paraphrase-multilingual-MiniLM-L12-v2/e8f8c211226b894fcb81acc59f3b34ba3efd5f42/modules.json?%2Fsentence-transformers%2Fparaphrase-multilingual-MiniLM-L12-v2%2Fresolve%2Fmain%2Fmodules.json=&etag=%22f7640f94e81bb7f4f04daf1668850b38763a13d9%22'), (b'X-Powered-By', b'huggingface-moon'), (b'X-Request-Id', b'Root=1-6a14aa69-415a1f58077274786f0aa97a;acabf3a8-70e7-42df-9688-09d66a6e8f73'), (b'RateLimit', b'"resolvers";r=4996;t=14'), (b'RateLimit-Policy', b'"fixed window";"resolvers";q=5000;w=300'), (b'cross-origin-opener-policy', b'same-origin'), (b'Referrer-Policy', b'strict-origin-when-cross-origin'), (b'Access-Control-Max-Age', b'86400'), (b'Access-Control-Allow-Origin', b'https://huggingface.co'), (b'Vary', b'Origin, Accept'), (b'Access-Control-Expose-Headers', b'X-Repo-Commit,X-Request-Id,X-Error-Code,X-Error-Message,X-Total-Count,ETag,Link,Accept-Ranges,Content-Range,X-Linked-Size,X-Linked-ETag,X-Xet-Hash'), (b'X-Repo-Commit', b'e8f8c211226b894fcb81acc59f3b34ba3efd5f42'), (b'Accept-Ranges', b'bytes'), (b'X-Hub-Cache', b'HIT'), (b'Content-Disposition', b'inline; filename*=UTF-8\'\'modules.json; filename="modules.json";'), (b'Content-Security-Policy', b"default-src 'none'; sandbox"), (b'X-Linked-ETag', b'"f7640f94e81bb7f4f04daf1668850b38763a13d9"'), (b'X-Cache', b'Miss from cloudfront'), (b'Via', b'1.1 dcfa20c2a21f99a696b77f7b84e39586.cloudfront.net (CloudFront)'), (b'X-Amz-Cf-Pop', b'ARN53-P3'), (b'X-Amz-Cf-Id', b'0rV62uY7QsG_usY8wzLvybtgWCSoyqb2c3cMUv0jvxQDrUdGRtH7gg==')])
2026-05-25 23:00:41,398 | INFO     | httpx                | HTTP Request: HEAD https://huggingface.co/sentence-transformers/paraphrase-multilingual-MiniLM-L12-v2/resolve/main/modules.json "HTTP/1.1 307 Temporary Redirect"
2026-05-25 23:00:41,398 | DEBUG    | httpcore.http11      | receive_response_body.started request=<Request [b'HEAD']>
2026-05-25 23:00:41,399 | DEBUG    | httpcore.http11      | receive_response_body.complete
2026-05-25 23:00:41,399 | DEBUG    | httpcore.http11      | response_closed.started
2026-05-25 23:00:41,399 | DEBUG    | httpcore.http11      | response_closed.complete
2026-05-25 23:00:41,399 | DEBUG    | httpcore.http11      | send_request_headers.started request=<Request [b'HEAD']>
2026-05-25 23:00:41,400 | DEBUG    | httpcore.http11      | send_request_headers.complete
2026-05-25 23:00:41,400 | DEBUG    | httpcore.http11      | send_request_body.started request=<Request [b'HEAD']>
2026-05-25 23:00:41,400 | DEBUG    | httpcore.http11      | send_request_body.complete
2026-05-25 23:00:41,400 | DEBUG    | httpcore.http11      | receive_response_headers.started request=<Request [b'HEAD']>
2026-05-25 23:00:41,453 | DEBUG    | httpcore.http11      | receive_response_headers.complete return_value=(b'HTTP/1.1', 200, b'OK', [(b'Content-Type', b'text/plain; charset=utf-8'), (b'Content-Length', b'229'), (b'Connection', b'keep-alive'), (b'Date', b'Sat, 23 May 2026 16:52:52 GMT'), (b'ETag', b'"f7640f94e81bb7f4f04daf1668850b38763a13d9"'), (b'X-Powered-By', b'huggingface-moon'), (b'X-Request-Id', b'Root=1-6a11db64-353ecde50d764e0126445d81;a473582b-af0f-4ac3-9ef1-267fcb60c843'), (b'RateLimit', b'"resolvers";r=4998;t=183'), (b'RateLimit-Policy', b'"fixed window";"resolvers";q=5000;w=300'), (b'cross-origin-opener-policy', b'same-origin'), (b'Referrer-Policy', b'strict-origin-when-cross-origin'), (b'Access-Control-Max-Age', b'86400'), (b'Access-Control-Allow-Origin', b'https://huggingface.co'), (b'Access-Control-Expose-Headers', b'X-Repo-Commit,X-Request-Id,X-Error-Code,X-Error-Message,X-Total-Count,ETag,Link,Accept-Ranges,Content-Range,X-Linked-Size,X-Linked-ETag,X-Xet-Hash'), (b'X-Repo-Commit', b'e8f8c211226b894fcb81acc59f3b34ba3efd5f42'), (b'Accept-Ranges', b'bytes'), (b'X-Hub-Cache', b'MISS'), (b'Content-Disposition', b'inline; filename*=UTF-8\'\'modules.json; filename="modules.json";'), (b'Content-Security-Policy', b"default-src 'none'; sandbox"), (b'Vary', b'Origin'), (b'X-Cache', b'Hit from cloudfront'), (b'Via', b'1.1 dcfa20c2a21f99a696b77f7b84e39586.cloudfront.net (CloudFront)'), (b'X-Amz-Cf-Pop', b'ARN53-P3'), (b'X-Amz-Cf-Id', b'7HxtA4MKNRLeaLBWYUXR-TTwOG9TBjSJZudjwCU9TE6WG_cBGka0uw=='), (b'Age', b'184069')])
2026-05-25 23:00:41,454 | INFO     | httpx                | HTTP Request: HEAD https://huggingface.co/api/resolve-cache/models/sentence-transformers/paraphrase-multilingual-MiniLM-L12-v2/e8f8c211226b894fcb81acc59f3b34ba3efd5f42/modules.json "HTTP/1.1 200 OK"
2026-05-25 23:00:41,454 | DEBUG    | httpcore.http11      | receive_response_body.started request=<Request [b'HEAD']>
2026-05-25 23:00:41,454 | DEBUG    | httpcore.http11      | receive_response_body.complete
2026-05-25 23:00:41,455 | DEBUG    | httpcore.http11      | response_closed.started
2026-05-25 23:00:41,455 | DEBUG    | httpcore.http11      | response_closed.complete
2026-05-25 23:00:41,459 | DEBUG    | httpcore.http11      | send_request_headers.started request=<Request [b'HEAD']>
2026-05-25 23:00:41,460 | DEBUG    | httpcore.http11      | send_request_headers.complete
2026-05-25 23:00:41,460 | DEBUG    | httpcore.http11      | send_request_body.started request=<Request [b'HEAD']>
2026-05-25 23:00:41,460 | DEBUG    | httpcore.http11      | send_request_body.complete
2026-05-25 23:00:41,460 | DEBUG    | httpcore.http11      | receive_response_headers.started request=<Request [b'HEAD']>
2026-05-25 23:00:41,615 | DEBUG    | httpcore.http11      | receive_response_headers.complete return_value=(b'HTTP/1.1', 307, b'Temporary Redirect', [(b'Content-Type', b'text/plain; charset=utf-8'), (b'Content-Length', b'366'), (b'Connection', b'keep-alive'), (b'Date', b'Mon, 25 May 2026 20:00:41 GMT'), (b'Location', b'/api/resolve-cache/models/sentence-transformers/paraphrase-multilingual-MiniLM-L12-v2/e8f8c211226b894fcb81acc59f3b34ba3efd5f42/config_sentence_transformers.json?%2Fsentence-transformers%2Fparaphrase-multilingual-MiniLM-L12-v2%2Fresolve%2Fmain%2Fconfig_sentence_transformers.json=&etag=%22b974b349cb2d419ada11181750a733ff82f291ad%22'), (b'X-Powered-By', b'huggingface-moon'), (b'X-Request-Id', b'Root=1-6a14aa69-6294b16a386bf0752505bb73;c3772cfc-4f27-489c-9f21-e7d587bb55db'), (b'RateLimit', b'"resolvers";r=4995;t=14'), (b'RateLimit-Policy', b'"fixed window";"resolvers";q=5000;w=300'), (b'cross-origin-opener-policy', b'same-origin'), (b'Referrer-Policy', b'strict-origin-when-cross-origin'), (b'Access-Control-Max-Age', b'86400'), (b'Access-Control-Allow-Origin', b'https://huggingface.co'), (b'Vary', b'Origin, Accept'), (b'Access-Control-Expose-Headers', b'X-Repo-Commit,X-Request-Id,X-Error-Code,X-Error-Message,X-Total-Count,ETag,Link,Accept-Ranges,Content-Range,X-Linked-Size,X-Linked-ETag,X-Xet-Hash'), (b'X-Repo-Commit', b'e8f8c211226b894fcb81acc59f3b34ba3efd5f42'), (b'Accept-Ranges', b'bytes'), (b'X-Hub-Cache', b'HIT'), (b'Content-Disposition', b'inline; filename*=UTF-8\'\'config_sentence_transformers.json; filename="config_sentence_transformers.json";'), (b'Content-Security-Policy', b"default-src 'none'; sandbox"), (b'X-Linked-ETag', b'"b974b349cb2d419ada11181750a733ff82f291ad"'), (b'X-Cache', b'Miss from cloudfront'), (b'Via', b'1.1 dcfa20c2a21f99a696b77f7b84e39586.cloudfront.net (CloudFront)'), (b'X-Amz-Cf-Pop', b'ARN53-P3'), (b'X-Amz-Cf-Id', b'oW2UgefGwqeMr9RivD9FDB9D_VWOLcl4kuEeiEHGmp5kO-t8W-mxSg==')])
2026-05-25 23:00:41,616 | INFO     | httpx                | HTTP Request: HEAD https://huggingface.co/sentence-transformers/paraphrase-multilingual-MiniLM-L12-v2/resolve/main/config_sentence_transformers.json "HTTP/1.1 307 Temporary Redirect"
2026-05-25 23:00:41,616 | DEBUG    | httpcore.http11      | receive_response_body.started request=<Request [b'HEAD']>
2026-05-25 23:00:41,616 | DEBUG    | httpcore.http11      | receive_response_body.complete
2026-05-25 23:00:41,616 | DEBUG    | httpcore.http11      | response_closed.started
2026-05-25 23:00:41,616 | DEBUG    | httpcore.http11      | response_closed.complete
2026-05-25 23:00:41,617 | DEBUG    | httpcore.http11      | send_request_headers.started request=<Request [b'HEAD']>
2026-05-25 23:00:41,617 | DEBUG    | httpcore.http11      | send_request_headers.complete
2026-05-25 23:00:41,617 | DEBUG    | httpcore.http11      | send_request_body.started request=<Request [b'HEAD']>
2026-05-25 23:00:41,617 | DEBUG    | httpcore.http11      | send_request_body.complete
2026-05-25 23:00:41,618 | DEBUG    | httpcore.http11      | receive_response_headers.started request=<Request [b'HEAD']>
2026-05-25 23:00:41,669 | DEBUG    | httpcore.http11      | receive_response_headers.complete return_value=(b'HTTP/1.1', 200, b'OK', [(b'Content-Type', b'text/plain; charset=utf-8'), (b'Content-Length', b'122'), (b'Connection', b'keep-alive'), (b'Date', b'Sat, 23 May 2026 16:52:53 GMT'), (b'ETag', b'"b974b349cb2d419ada11181750a733ff82f291ad"'), (b'X-Powered-By', b'huggingface-moon'), (b'X-Request-Id', b'Root=1-6a11db65-79a2106567c39bc842553923;49233703-5220-402a-b592-23ef7e30c670'), (b'RateLimit', b'"resolvers";r=4995;t=182'), (b'RateLimit-Policy', b'"fixed window";"resolvers";q=5000;w=300'), (b'cross-origin-opener-policy', b'same-origin'), (b'Referrer-Policy', b'strict-origin-when-cross-origin'), (b'Access-Control-Max-Age', b'86400'), (b'Access-Control-Allow-Origin', b'https://huggingface.co'), (b'Access-Control-Expose-Headers', b'X-Repo-Commit,X-Request-Id,X-Error-Code,X-Error-Message,X-Total-Count,ETag,Link,Accept-Ranges,Content-Range,X-Linked-Size,X-Linked-ETag,X-Xet-Hash'), (b'X-Repo-Commit', b'e8f8c211226b894fcb81acc59f3b34ba3efd5f42'), (b'Accept-Ranges', b'bytes'), (b'X-Hub-Cache', b'MISS'), (b'Content-Disposition', b'inline; filename*=UTF-8\'\'config_sentence_transformers.json; filename="config_sentence_transformers.json";'), (b'Content-Security-Policy', b"default-src 'none'; sandbox"), (b'Vary', b'Origin'), (b'X-Cache', b'Hit from cloudfront'), (b'Via', b'1.1 dcfa20c2a21f99a696b77f7b84e39586.cloudfront.net (CloudFront)'), (b'X-Amz-Cf-Pop', b'ARN53-P3'), (b'X-Amz-Cf-Id', b'hQ397uskUB6r96uSyjq2eHpv_vCZ3nbtKslKfHN0La0Y41W1p-32CA=='), (b'Age', b'184068')])
2026-05-25 23:00:41,670 | INFO     | httpx                | HTTP Request: HEAD https://huggingface.co/api/resolve-cache/models/sentence-transformers/paraphrase-multilingual-MiniLM-L12-v2/e8f8c211226b894fcb81acc59f3b34ba3efd5f42/config_sentence_transformers.json "HTTP/1.1 200 OK"
2026-05-25 23:00:41,670 | DEBUG    | httpcore.http11      | receive_response_body.started request=<Request [b'HEAD']>
2026-05-25 23:00:41,670 | DEBUG    | httpcore.http11      | receive_response_body.complete
2026-05-25 23:00:41,670 | DEBUG    | httpcore.http11      | response_closed.started
2026-05-25 23:00:41,670 | DEBUG    | httpcore.http11      | response_closed.complete
2026-05-25 23:00:41,674 | INFO     | sentence_transformers.base.model | Loading SentenceTransformer model from sentence-transformers/paraphrase-multilingual-MiniLM-L12-v2.
2026-05-25 23:00:41,675 | DEBUG    | httpcore.http11      | send_request_headers.started request=<Request [b'HEAD']>
2026-05-25 23:00:41,677 | DEBUG    | httpcore.http11      | send_request_headers.complete
2026-05-25 23:00:41,677 | DEBUG    | httpcore.http11      | send_request_body.started request=<Request [b'HEAD']>
2026-05-25 23:00:41,677 | DEBUG    | httpcore.http11      | send_request_body.complete
2026-05-25 23:00:41,677 | DEBUG    | httpcore.http11      | receive_response_headers.started request=<Request [b'HEAD']>
2026-05-25 23:00:41,829 | DEBUG    | httpcore.http11      | receive_response_headers.complete return_value=(b'HTTP/1.1', 307, b'Temporary Redirect', [(b'Content-Type', b'text/plain; charset=utf-8'), (b'Content-Length', b'366'), (b'Connection', b'keep-alive'), (b'Date', b'Mon, 25 May 2026 20:00:41 GMT'), (b'Location', b'/api/resolve-cache/models/sentence-transformers/paraphrase-multilingual-MiniLM-L12-v2/e8f8c211226b894fcb81acc59f3b34ba3efd5f42/config_sentence_transformers.json?%2Fsentence-transformers%2Fparaphrase-multilingual-MiniLM-L12-v2%2Fresolve%2Fmain%2Fconfig_sentence_transformers.json=&etag=%22b974b349cb2d419ada11181750a733ff82f291ad%22'), (b'X-Powered-By', b'huggingface-moon'), (b'X-Request-Id', b'Root=1-6a14aa69-691423e14ecb68ef40b5417a;75a30b9f-6b98-4316-acee-dd096fda54c4'), (b'RateLimit', b'"resolvers";r=4994;t=14'), (b'RateLimit-Policy', b'"fixed window";"resolvers";q=5000;w=300'), (b'cross-origin-opener-policy', b'same-origin'), (b'Referrer-Policy', b'strict-origin-when-cross-origin'), (b'Access-Control-Max-Age', b'86400'), (b'Access-Control-Allow-Origin', b'https://huggingface.co'), (b'Vary', b'Origin, Accept'), (b'Access-Control-Expose-Headers', b'X-Repo-Commit,X-Request-Id,X-Error-Code,X-Error-Message,X-Total-Count,ETag,Link,Accept-Ranges,Content-Range,X-Linked-Size,X-Linked-ETag,X-Xet-Hash'), (b'X-Repo-Commit', b'e8f8c211226b894fcb81acc59f3b34ba3efd5f42'), (b'Accept-Ranges', b'bytes'), (b'X-Hub-Cache', b'HIT'), (b'Content-Disposition', b'inline; filename*=UTF-8\'\'config_sentence_transformers.json; filename="config_sentence_transformers.json";'), (b'Content-Security-Policy', b"default-src 'none'; sandbox"), (b'X-Linked-ETag', b'"b974b349cb2d419ada11181750a733ff82f291ad"'), (b'X-Cache', b'Miss from cloudfront'), (b'Via', b'1.1 dcfa20c2a21f99a696b77f7b84e39586.cloudfront.net (CloudFront)'), (b'X-Amz-Cf-Pop', b'ARN53-P3'), (b'X-Amz-Cf-Id', b'L608W-aQZbSg_SGZT_XvSlwumYvFyJjwDFQ51jVBnnjJfklvZuJA7Q==')])
2026-05-25 23:00:41,829 | INFO     | httpx                | HTTP Request: HEAD https://huggingface.co/sentence-transformers/paraphrase-multilingual-MiniLM-L12-v2/resolve/main/config_sentence_transformers.json "HTTP/1.1 307 Temporary Redirect"
2026-05-25 23:00:41,830 | DEBUG    | httpcore.http11      | receive_response_body.started request=<Request [b'HEAD']>
2026-05-25 23:00:41,830 | DEBUG    | httpcore.http11      | receive_response_body.complete
2026-05-25 23:00:41,830 | DEBUG    | httpcore.http11      | response_closed.started
2026-05-25 23:00:41,830 | DEBUG    | httpcore.http11      | response_closed.complete
2026-05-25 23:00:41,831 | DEBUG    | httpcore.http11      | send_request_headers.started request=<Request [b'HEAD']>
2026-05-25 23:00:41,831 | DEBUG    | httpcore.http11      | send_request_headers.complete
2026-05-25 23:00:41,831 | DEBUG    | httpcore.http11      | send_request_body.started request=<Request [b'HEAD']>
2026-05-25 23:00:41,831 | DEBUG    | httpcore.http11      | send_request_body.complete
2026-05-25 23:00:41,831 | DEBUG    | httpcore.http11      | receive_response_headers.started request=<Request [b'HEAD']>
2026-05-25 23:00:41,864 | DEBUG    | httpcore.http11      | receive_response_headers.complete return_value=(b'HTTP/1.1', 200, b'OK', [(b'Content-Type', b'text/plain; charset=utf-8'), (b'Content-Length', b'122'), (b'Connection', b'keep-alive'), (b'Date', b'Sat, 23 May 2026 16:52:53 GMT'), (b'ETag', b'"b974b349cb2d419ada11181750a733ff82f291ad"'), (b'X-Powered-By', b'huggingface-moon'), (b'X-Request-Id', b'Root=1-6a11db65-79a2106567c39bc842553923;49233703-5220-402a-b592-23ef7e30c670'), (b'RateLimit', b'"resolvers";r=4995;t=182'), (b'RateLimit-Policy', b'"fixed window";"resolvers";q=5000;w=300'), (b'cross-origin-opener-policy', b'same-origin'), (b'Referrer-Policy', b'strict-origin-when-cross-origin'), (b'Access-Control-Max-Age', b'86400'), (b'Access-Control-Allow-Origin', b'https://huggingface.co'), (b'Access-Control-Expose-Headers', b'X-Repo-Commit,X-Request-Id,X-Error-Code,X-Error-Message,X-Total-Count,ETag,Link,Accept-Ranges,Content-Range,X-Linked-Size,X-Linked-ETag,X-Xet-Hash'), (b'X-Repo-Commit', b'e8f8c211226b894fcb81acc59f3b34ba3efd5f42'), (b'Accept-Ranges', b'bytes'), (b'X-Hub-Cache', b'MISS'), (b'Content-Disposition', b'inline; filename*=UTF-8\'\'config_sentence_transformers.json; filename="config_sentence_transformers.json";'), (b'Content-Security-Policy', b"default-src 'none'; sandbox"), (b'Vary', b'Origin'), (b'X-Cache', b'Hit from cloudfront'), (b'Via', b'1.1 dcfa20c2a21f99a696b77f7b84e39586.cloudfront.net (CloudFront)'), (b'X-Amz-Cf-Pop', b'ARN53-P3'), (b'X-Amz-Cf-Id', b'GlONs3Xia4q4aQmrf0J86YnbaCzPDH1zV5Hr8jb1GIEfZ5NNQFTgTQ=='), (b'Age', b'184068')])
2026-05-25 23:00:41,865 | INFO     | httpx                | HTTP Request: HEAD https://huggingface.co/api/resolve-cache/models/sentence-transformers/paraphrase-multilingual-MiniLM-L12-v2/e8f8c211226b894fcb81acc59f3b34ba3efd5f42/config_sentence_transformers.json "HTTP/1.1 200 OK"
2026-05-25 23:00:41,865 | DEBUG    | httpcore.http11      | receive_response_body.started request=<Request [b'HEAD']>
2026-05-25 23:00:41,865 | DEBUG    | httpcore.http11      | receive_response_body.complete
2026-05-25 23:00:41,865 | DEBUG    | httpcore.http11      | response_closed.started
2026-05-25 23:00:41,865 | DEBUG    | httpcore.http11      | response_closed.complete
2026-05-25 23:00:41,871 | DEBUG    | httpcore.http11      | send_request_headers.started request=<Request [b'HEAD']>
2026-05-25 23:00:41,873 | DEBUG    | httpcore.http11      | send_request_headers.complete
2026-05-25 23:00:41,873 | DEBUG    | httpcore.http11      | send_request_body.started request=<Request [b'HEAD']>
2026-05-25 23:00:41,873 | DEBUG    | httpcore.http11      | send_request_body.complete
2026-05-25 23:00:41,873 | DEBUG    | httpcore.http11      | receive_response_headers.started request=<Request [b'HEAD']>
2026-05-25 23:00:42,026 | DEBUG    | httpcore.http11      | receive_response_headers.complete return_value=(b'HTTP/1.1', 307, b'Temporary Redirect', [(b'Content-Type', b'text/plain; charset=utf-8'), (b'Content-Length', b'318'), (b'Connection', b'keep-alive'), (b'Date', b'Mon, 25 May 2026 20:00:41 GMT'), (b'Location', b'/api/resolve-cache/models/sentence-transformers/paraphrase-multilingual-MiniLM-L12-v2/e8f8c211226b894fcb81acc59f3b34ba3efd5f42/README.md?%2Fsentence-transformers%2Fparaphrase-multilingual-MiniLM-L12-v2%2Fresolve%2Fmain%2FREADME.md=&etag=%226bedb7f3622d56b7020f33ab93f6996d33242043%22'), (b'X-Powered-By', b'huggingface-moon'), (b'X-Request-Id', b'Root=1-6a14aa69-47d04be926017ca256982c0d;68fe0246-f876-4a68-8d20-a7652e570bbe'), (b'RateLimit', b'"resolvers";r=4993;t=14'), (b'RateLimit-Policy', b'"fixed window";"resolvers";q=5000;w=300'), (b'cross-origin-opener-policy', b'same-origin'), (b'Referrer-Policy', b'strict-origin-when-cross-origin'), (b'Access-Control-Max-Age', b'86400'), (b'Access-Control-Allow-Origin', b'https://huggingface.co'), (b'Vary', b'Origin, Accept'), (b'Access-Control-Expose-Headers', b'X-Repo-Commit,X-Request-Id,X-Error-Code,X-Error-Message,X-Total-Count,ETag,Link,Accept-Ranges,Content-Range,X-Linked-Size,X-Linked-ETag,X-Xet-Hash'), (b'X-Repo-Commit', b'e8f8c211226b894fcb81acc59f3b34ba3efd5f42'), (b'Accept-Ranges', b'bytes'), (b'X-Hub-Cache', b'HIT'), (b'Content-Disposition', b'inline; filename*=UTF-8\'\'README.md; filename="README.md";'), (b'Content-Security-Policy', b"default-src 'none'; sandbox"), (b'X-Linked-ETag', b'"6bedb7f3622d56b7020f33ab93f6996d33242043"'), (b'X-Cache', b'Miss from cloudfront'), (b'Via', b'1.1 dcfa20c2a21f99a696b77f7b84e39586.cloudfront.net (CloudFront)'), (b'X-Amz-Cf-Pop', b'ARN53-P3'), (b'X-Amz-Cf-Id', b'J4peuTAW0pwJtXTo2ll5G1YhAS8X3Igl-SODLNdHkRFl51Ghx0BA-w==')])
2026-05-25 23:00:42,027 | INFO     | httpx                | HTTP Request: HEAD https://huggingface.co/sentence-transformers/paraphrase-multilingual-MiniLM-L12-v2/resolve/main/README.md "HTTP/1.1 307 Temporary Redirect"
2026-05-25 23:00:42,028 | DEBUG    | httpcore.http11      | receive_response_body.started request=<Request [b'HEAD']>
2026-05-25 23:00:42,029 | DEBUG    | httpcore.http11      | receive_response_body.complete
2026-05-25 23:00:42,029 | DEBUG    | httpcore.http11      | response_closed.started
2026-05-25 23:00:42,029 | DEBUG    | httpcore.http11      | response_closed.complete
2026-05-25 23:00:42,030 | DEBUG    | httpcore.http11      | send_request_headers.started request=<Request [b'HEAD']>
2026-05-25 23:00:42,031 | DEBUG    | httpcore.http11      | send_request_headers.complete
2026-05-25 23:00:42,031 | DEBUG    | httpcore.http11      | send_request_body.started request=<Request [b'HEAD']>
2026-05-25 23:00:42,031 | DEBUG    | httpcore.http11      | send_request_body.complete
2026-05-25 23:00:42,031 | DEBUG    | httpcore.http11      | receive_response_headers.started request=<Request [b'HEAD']>
2026-05-25 23:00:42,082 | DEBUG    | httpcore.http11      | receive_response_headers.complete return_value=(b'HTTP/1.1', 200, b'OK', [(b'Content-Type', b'text/plain; charset=utf-8'), (b'Content-Length', b'3888'), (b'Connection', b'keep-alive'), (b'Date', b'Sat, 23 May 2026 16:52:53 GMT'), (b'ETag', b'"6bedb7f3622d56b7020f33ab93f6996d33242043"'), (b'X-Powered-By', b'huggingface-moon'), (b'X-Request-Id', b'Root=1-6a11db65-4cfbf9561b7961124d4e39b4;be8d98f2-79ce-44e0-a4df-99f4e638250c'), (b'RateLimit', b'"resolvers";r=4991;t=182'), (b'RateLimit-Policy', b'"fixed window";"resolvers";q=5000;w=300'), (b'cross-origin-opener-policy', b'same-origin'), (b'Referrer-Policy', b'strict-origin-when-cross-origin'), (b'Access-Control-Max-Age', b'86400'), (b'Access-Control-Allow-Origin', b'https://huggingface.co'), (b'Access-Control-Expose-Headers', b'X-Repo-Commit,X-Request-Id,X-Error-Code,X-Error-Message,X-Total-Count,ETag,Link,Accept-Ranges,Content-Range,X-Linked-Size,X-Linked-ETag,X-Xet-Hash'), (b'X-Repo-Commit', b'e8f8c211226b894fcb81acc59f3b34ba3efd5f42'), (b'Accept-Ranges', b'bytes'), (b'X-Hub-Cache', b'HIT'), (b'Content-Disposition', b'inline; filename*=UTF-8\'\'README.md; filename="README.md";'), (b'Content-Security-Policy', b"default-src 'none'; sandbox"), (b'Vary', b'Origin'), (b'X-Cache', b'Hit from cloudfront'), (b'Via', b'1.1 dcfa20c2a21f99a696b77f7b84e39586.cloudfront.net (CloudFront)'), (b'X-Amz-Cf-Pop', b'ARN53-P3'), (b'X-Amz-Cf-Id', b'kRHZQu-Qvgaf498GkdXYKeetGwkIHpnCaI7ClNbbRLxaIPIR9-hwZg=='), (b'Age', b'184069')])
2026-05-25 23:00:42,083 | INFO     | httpx                | HTTP Request: HEAD https://huggingface.co/api/resolve-cache/models/sentence-transformers/paraphrase-multilingual-MiniLM-L12-v2/e8f8c211226b894fcb81acc59f3b34ba3efd5f42/README.md "HTTP/1.1 200 OK"
2026-05-25 23:00:42,083 | DEBUG    | httpcore.http11      | receive_response_body.started request=<Request [b'HEAD']>
2026-05-25 23:00:42,083 | DEBUG    | httpcore.http11      | receive_response_body.complete
2026-05-25 23:00:42,083 | DEBUG    | httpcore.http11      | response_closed.started
2026-05-25 23:00:42,083 | DEBUG    | httpcore.http11      | response_closed.complete
2026-05-25 23:00:42,093 | DEBUG    | httpcore.http11      | send_request_headers.started request=<Request [b'HEAD']>
2026-05-25 23:00:42,093 | DEBUG    | httpcore.http11      | send_request_headers.complete
2026-05-25 23:00:42,094 | DEBUG    | httpcore.http11      | send_request_body.started request=<Request [b'HEAD']>
2026-05-25 23:00:42,094 | DEBUG    | httpcore.http11      | send_request_body.complete
2026-05-25 23:00:42,094 | DEBUG    | httpcore.http11      | receive_response_headers.started request=<Request [b'HEAD']>
2026-05-25 23:00:42,246 | DEBUG    | httpcore.http11      | receive_response_headers.complete return_value=(b'HTTP/1.1', 307, b'Temporary Redirect', [(b'Content-Type', b'text/plain; charset=utf-8'), (b'Content-Length', b'324'), (b'Connection', b'keep-alive'), (b'Date', b'Mon, 25 May 2026 20:00:42 GMT'), (b'Location', b'/api/resolve-cache/models/sentence-transformers/paraphrase-multilingual-MiniLM-L12-v2/e8f8c211226b894fcb81acc59f3b34ba3efd5f42/modules.json?%2Fsentence-transformers%2Fparaphrase-multilingual-MiniLM-L12-v2%2Fresolve%2Fmain%2Fmodules.json=&etag=%22f7640f94e81bb7f4f04daf1668850b38763a13d9%22'), (b'X-Powered-By', b'huggingface-moon'), (b'X-Request-Id', b'Root=1-6a14aa6a-423a6941507a8b6451184678;c0146a3f-6f90-4189-868c-30189a54d1dc'), (b'RateLimit', b'"resolvers";r=4992;t=13'), (b'RateLimit-Policy', b'"fixed window";"resolvers";q=5000;w=300'), (b'cross-origin-opener-policy', b'same-origin'), (b'Referrer-Policy', b'strict-origin-when-cross-origin'), (b'Access-Control-Max-Age', b'86400'), (b'Access-Control-Allow-Origin', b'https://huggingface.co'), (b'Vary', b'Origin, Accept'), (b'Access-Control-Expose-Headers', b'X-Repo-Commit,X-Request-Id,X-Error-Code,X-Error-Message,X-Total-Count,ETag,Link,Accept-Ranges,Content-Range,X-Linked-Size,X-Linked-ETag,X-Xet-Hash'), (b'X-Repo-Commit', b'e8f8c211226b894fcb81acc59f3b34ba3efd5f42'), (b'Accept-Ranges', b'bytes'), (b'X-Hub-Cache', b'HIT'), (b'Content-Disposition', b'inline; filename*=UTF-8\'\'modules.json; filename="modules.json";'), (b'Content-Security-Policy', b"default-src 'none'; sandbox"), (b'X-Linked-ETag', b'"f7640f94e81bb7f4f04daf1668850b38763a13d9"'), (b'X-Cache', b'Miss from cloudfront'), (b'Via', b'1.1 dcfa20c2a21f99a696b77f7b84e39586.cloudfront.net (CloudFront)'), (b'X-Amz-Cf-Pop', b'ARN53-P3'), (b'X-Amz-Cf-Id', b'0F7WTk3s1sEfoQGZyNaJg7DCKnNVUn2zqJI_O4I2lRWnoL12spqlIQ==')])
2026-05-25 23:00:42,246 | INFO     | httpx                | HTTP Request: HEAD https://huggingface.co/sentence-transformers/paraphrase-multilingual-MiniLM-L12-v2/resolve/main/modules.json "HTTP/1.1 307 Temporary Redirect"
2026-05-25 23:00:42,247 | DEBUG    | httpcore.http11      | receive_response_body.started request=<Request [b'HEAD']>
2026-05-25 23:00:42,247 | DEBUG    | httpcore.http11      | receive_response_body.complete
2026-05-25 23:00:42,247 | DEBUG    | httpcore.http11      | response_closed.started
2026-05-25 23:00:42,247 | DEBUG    | httpcore.http11      | response_closed.complete
2026-05-25 23:00:42,247 | DEBUG    | httpcore.http11      | send_request_headers.started request=<Request [b'HEAD']>
2026-05-25 23:00:42,248 | DEBUG    | httpcore.http11      | send_request_headers.complete
2026-05-25 23:00:42,248 | DEBUG    | httpcore.http11      | send_request_body.started request=<Request [b'HEAD']>
2026-05-25 23:00:42,248 | DEBUG    | httpcore.http11      | send_request_body.complete
2026-05-25 23:00:42,248 | DEBUG    | httpcore.http11      | receive_response_headers.started request=<Request [b'HEAD']>
2026-05-25 23:00:42,279 | DEBUG    | httpcore.http11      | receive_response_headers.complete return_value=(b'HTTP/1.1', 200, b'OK', [(b'Content-Type', b'text/plain; charset=utf-8'), (b'Content-Length', b'229'), (b'Connection', b'keep-alive'), (b'Date', b'Sat, 23 May 2026 16:52:52 GMT'), (b'ETag', b'"f7640f94e81bb7f4f04daf1668850b38763a13d9"'), (b'X-Powered-By', b'huggingface-moon'), (b'X-Request-Id', b'Root=1-6a11db64-353ecde50d764e0126445d81;a473582b-af0f-4ac3-9ef1-267fcb60c843'), (b'RateLimit', b'"resolvers";r=4998;t=183'), (b'RateLimit-Policy', b'"fixed window";"resolvers";q=5000;w=300'), (b'cross-origin-opener-policy', b'same-origin'), (b'Referrer-Policy', b'strict-origin-when-cross-origin'), (b'Access-Control-Max-Age', b'86400'), (b'Access-Control-Allow-Origin', b'https://huggingface.co'), (b'Access-Control-Expose-Headers', b'X-Repo-Commit,X-Request-Id,X-Error-Code,X-Error-Message,X-Total-Count,ETag,Link,Accept-Ranges,Content-Range,X-Linked-Size,X-Linked-ETag,X-Xet-Hash'), (b'X-Repo-Commit', b'e8f8c211226b894fcb81acc59f3b34ba3efd5f42'), (b'Accept-Ranges', b'bytes'), (b'X-Hub-Cache', b'MISS'), (b'Content-Disposition', b'inline; filename*=UTF-8\'\'modules.json; filename="modules.json";'), (b'Content-Security-Policy', b"default-src 'none'; sandbox"), (b'Vary', b'Origin'), (b'X-Cache', b'Hit from cloudfront'), (b'Via', b'1.1 dcfa20c2a21f99a696b77f7b84e39586.cloudfront.net (CloudFront)'), (b'X-Amz-Cf-Pop', b'ARN53-P3'), (b'X-Amz-Cf-Id', b'RHNSehzwu7uMV7tTtoR_IWf3W6vl0PMxkTexIVybCEhYmpEyzrDhHA=='), (b'Age', b'184070')])
2026-05-25 23:00:42,280 | INFO     | httpx                | HTTP Request: HEAD https://huggingface.co/api/resolve-cache/models/sentence-transformers/paraphrase-multilingual-MiniLM-L12-v2/e8f8c211226b894fcb81acc59f3b34ba3efd5f42/modules.json "HTTP/1.1 200 OK"
2026-05-25 23:00:42,280 | DEBUG    | httpcore.http11      | receive_response_body.started request=<Request [b'HEAD']>
2026-05-25 23:00:42,280 | DEBUG    | httpcore.http11      | receive_response_body.complete
2026-05-25 23:00:42,280 | DEBUG    | httpcore.http11      | response_closed.started
2026-05-25 23:00:42,280 | DEBUG    | httpcore.http11      | response_closed.complete
2026-05-25 23:00:42,285 | DEBUG    | httpcore.http11      | send_request_headers.started request=<Request [b'HEAD']>
2026-05-25 23:00:42,287 | DEBUG    | httpcore.http11      | send_request_headers.complete
2026-05-25 23:00:42,287 | DEBUG    | httpcore.http11      | send_request_body.started request=<Request [b'HEAD']>
2026-05-25 23:00:42,287 | DEBUG    | httpcore.http11      | send_request_body.complete
2026-05-25 23:00:42,287 | DEBUG    | httpcore.http11      | receive_response_headers.started request=<Request [b'HEAD']>
2026-05-25 23:00:42,438 | DEBUG    | httpcore.http11      | receive_response_headers.complete return_value=(b'HTTP/1.1', 307, b'Temporary Redirect', [(b'Content-Type', b'text/plain; charset=utf-8'), (b'Content-Length', b'350'), (b'Connection', b'keep-alive'), (b'Date', b'Mon, 25 May 2026 20:00:42 GMT'), (b'Location', b'/api/resolve-cache/models/sentence-transformers/paraphrase-multilingual-MiniLM-L12-v2/e8f8c211226b894fcb81acc59f3b34ba3efd5f42/sentence_bert_config.json?%2Fsentence-transformers%2Fparaphrase-multilingual-MiniLM-L12-v2%2Fresolve%2Fmain%2Fsentence_bert_config.json=&etag=%225fd10429389515d3e5cccdeda08cae5fea1ae82e%22'), (b'X-Powered-By', b'huggingface-moon'), (b'X-Request-Id', b'Root=1-6a14aa6a-07509a3002e95c94479edcfc;0218d6cb-e973-4592-ba2f-4b3e41325430'), (b'RateLimit', b'"resolvers";r=4991;t=13'), (b'RateLimit-Policy', b'"fixed window";"resolvers";q=5000;w=300'), (b'cross-origin-opener-policy', b'same-origin'), (b'Referrer-Policy', b'strict-origin-when-cross-origin'), (b'Access-Control-Max-Age', b'86400'), (b'Access-Control-Allow-Origin', b'https://huggingface.co'), (b'Vary', b'Origin, Accept'), (b'Access-Control-Expose-Headers', b'X-Repo-Commit,X-Request-Id,X-Error-Code,X-Error-Message,X-Total-Count,ETag,Link,Accept-Ranges,Content-Range,X-Linked-Size,X-Linked-ETag,X-Xet-Hash'), (b'X-Repo-Commit', b'e8f8c211226b894fcb81acc59f3b34ba3efd5f42'), (b'Accept-Ranges', b'bytes'), (b'X-Hub-Cache', b'HIT'), (b'Content-Disposition', b'inline; filename*=UTF-8\'\'sentence_bert_config.json; filename="sentence_bert_config.json";'), (b'Content-Security-Policy', b"default-src 'none'; sandbox"), (b'X-Linked-ETag', b'"5fd10429389515d3e5cccdeda08cae5fea1ae82e"'), (b'X-Cache', b'Miss from cloudfront'), (b'Via', b'1.1 dcfa20c2a21f99a696b77f7b84e39586.cloudfront.net (CloudFront)'), (b'X-Amz-Cf-Pop', b'ARN53-P3'), (b'X-Amz-Cf-Id', b'YHip7U-aVs5w63HSVF4L4gto_uGCqU158vs5np8VTL-RiBhehRAo8Q==')])
2026-05-25 23:00:42,438 | INFO     | httpx                | HTTP Request: HEAD https://huggingface.co/sentence-transformers/paraphrase-multilingual-MiniLM-L12-v2/resolve/main/sentence_bert_config.json "HTTP/1.1 307 Temporary Redirect"
2026-05-25 23:00:42,439 | DEBUG    | httpcore.http11      | receive_response_body.started request=<Request [b'HEAD']>
2026-05-25 23:00:42,439 | DEBUG    | httpcore.http11      | receive_response_body.complete
2026-05-25 23:00:42,439 | DEBUG    | httpcore.http11      | response_closed.started
2026-05-25 23:00:42,439 | DEBUG    | httpcore.http11      | response_closed.complete
2026-05-25 23:00:42,440 | DEBUG    | httpcore.http11      | send_request_headers.started request=<Request [b'HEAD']>
2026-05-25 23:00:42,440 | DEBUG    | httpcore.http11      | send_request_headers.complete
2026-05-25 23:00:42,440 | DEBUG    | httpcore.http11      | send_request_body.started request=<Request [b'HEAD']>
2026-05-25 23:00:42,440 | DEBUG    | httpcore.http11      | send_request_body.complete
2026-05-25 23:00:42,440 | DEBUG    | httpcore.http11      | receive_response_headers.started request=<Request [b'HEAD']>
2026-05-25 23:00:42,493 | DEBUG    | httpcore.http11      | receive_response_headers.complete return_value=(b'HTTP/1.1', 200, b'OK', [(b'Content-Type', b'text/plain; charset=utf-8'), (b'Content-Length', b'53'), (b'Connection', b'keep-alive'), (b'Date', b'Sat, 23 May 2026 16:52:54 GMT'), (b'ETag', b'"5fd10429389515d3e5cccdeda08cae5fea1ae82e"'), (b'X-Powered-By', b'huggingface-moon'), (b'X-Request-Id', b'Root=1-6a11db66-63b5b0922ea7996a0f310dbf;a57418a0-b144-4cf6-a664-968ad2d7a2d6'), (b'RateLimit', b'"resolvers";r=4987;t=181'), (b'RateLimit-Policy', b'"fixed window";"resolvers";q=5000;w=300'), (b'cross-origin-opener-policy', b'same-origin'), (b'Referrer-Policy', b'strict-origin-when-cross-origin'), (b'Access-Control-Max-Age', b'86400'), (b'Access-Control-Allow-Origin', b'https://huggingface.co'), (b'Access-Control-Expose-Headers', b'X-Repo-Commit,X-Request-Id,X-Error-Code,X-Error-Message,X-Total-Count,ETag,Link,Accept-Ranges,Content-Range,X-Linked-Size,X-Linked-ETag,X-Xet-Hash'), (b'X-Repo-Commit', b'e8f8c211226b894fcb81acc59f3b34ba3efd5f42'), (b'Accept-Ranges', b'bytes'), (b'X-Hub-Cache', b'MISS'), (b'Content-Disposition', b'inline; filename*=UTF-8\'\'sentence_bert_config.json; filename="sentence_bert_config.json";'), (b'Content-Security-Policy', b"default-src 'none'; sandbox"), (b'Vary', b'Origin'), (b'X-Cache', b'Hit from cloudfront'), (b'Via', b'1.1 dcfa20c2a21f99a696b77f7b84e39586.cloudfront.net (CloudFront)'), (b'X-Amz-Cf-Pop', b'ARN53-P3'), (b'X-Amz-Cf-Id', b'MqE9AFoPa4cvqlRYgcLaqTueoFRALOcZf3DpehFu15eRhlDho-dirA=='), (b'Age', b'184068')])
2026-05-25 23:00:42,494 | INFO     | httpx                | HTTP Request: HEAD https://huggingface.co/api/resolve-cache/models/sentence-transformers/paraphrase-multilingual-MiniLM-L12-v2/e8f8c211226b894fcb81acc59f3b34ba3efd5f42/sentence_bert_config.json "HTTP/1.1 200 OK"
2026-05-25 23:00:42,494 | DEBUG    | httpcore.http11      | receive_response_body.started request=<Request [b'HEAD']>
2026-05-25 23:00:42,494 | DEBUG    | httpcore.http11      | receive_response_body.complete
2026-05-25 23:00:42,494 | DEBUG    | httpcore.http11      | response_closed.started
2026-05-25 23:00:42,494 | DEBUG    | httpcore.http11      | response_closed.complete
2026-05-25 23:00:42,499 | DEBUG    | httpcore.http11      | send_request_headers.started request=<Request [b'HEAD']>
2026-05-25 23:00:42,499 | DEBUG    | httpcore.http11      | send_request_headers.complete
2026-05-25 23:00:42,499 | DEBUG    | httpcore.http11      | send_request_body.started request=<Request [b'HEAD']>
2026-05-25 23:00:42,499 | DEBUG    | httpcore.http11      | send_request_body.complete
2026-05-25 23:00:42,499 | DEBUG    | httpcore.http11      | receive_response_headers.started request=<Request [b'HEAD']>
2026-05-25 23:00:42,654 | DEBUG    | httpcore.http11      | receive_response_headers.complete return_value=(b'HTTP/1.1', 404, b'Not Found', [(b'Content-Type', b'text/plain; charset=utf-8'), (b'Content-Length', b'15'), (b'Connection', b'keep-alive'), (b'Date', b'Mon, 25 May 2026 20:00:42 GMT'), (b'ETag', b'W/"f-mY2VvLxuxB7KhsoOdQTlMTccuAQ"'), (b'X-Powered-By', b'huggingface-moon'), (b'X-Request-Id', b'Root=1-6a14aa6a-421d017b070949e1501c67ca;c7f4d1ef-2c9b-45af-8814-5bbfdf198511'), (b'RateLimit', b'"resolvers";r=4990;t=13'), (b'RateLimit-Policy', b'"fixed window";"resolvers";q=5000;w=300'), (b'cross-origin-opener-policy', b'same-origin'), (b'Referrer-Policy', b'strict-origin-when-cross-origin'), (b'Access-Control-Max-Age', b'86400'), (b'Access-Control-Allow-Origin', b'https://huggingface.co'), (b'Vary', b'Origin'), (b'Access-Control-Expose-Headers', b'X-Repo-Commit,X-Request-Id,X-Error-Code,X-Error-Message,X-Total-Count,ETag,Link,Accept-Ranges,Content-Range,X-Linked-Size,X-Linked-ETag,X-Xet-Hash'), (b'X-Repo-Commit', b'e8f8c211226b894fcb81acc59f3b34ba3efd5f42'), (b'Accept-Ranges', b'bytes'), (b'X-Hub-Cache', b'MISS'), (b'X-Error-Code', b'EntryNotFound'), (b'X-Error-Message', b'Entry not found'), (b'X-Cache', b'Error from cloudfront'), (b'Via', b'1.1 dcfa20c2a21f99a696b77f7b84e39586.cloudfront.net (CloudFront)'), (b'X-Amz-Cf-Pop', b'ARN53-P3'), (b'X-Amz-Cf-Id', b'X9R_t3F1JHD_bAuK_z13SqB0lHPBzP9cCBGEXtThTZvV6TaorVaZIA==')])
2026-05-25 23:00:42,654 | INFO     | httpx                | HTTP Request: HEAD https://huggingface.co/sentence-transformers/paraphrase-multilingual-MiniLM-L12-v2/resolve/main/adapter_config.json "HTTP/1.1 404 Not Found"
2026-05-25 23:00:42,655 | DEBUG    | httpcore.http11      | receive_response_body.started request=<Request [b'HEAD']>
2026-05-25 23:00:42,655 | DEBUG    | httpcore.http11      | receive_response_body.complete
2026-05-25 23:00:42,655 | DEBUG    | httpcore.http11      | response_closed.started
2026-05-25 23:00:42,655 | DEBUG    | httpcore.http11      | response_closed.complete
2026-05-25 23:00:42,661 | DEBUG    | httpcore.http11      | send_request_headers.started request=<Request [b'HEAD']>
2026-05-25 23:00:42,662 | DEBUG    | httpcore.http11      | send_request_headers.complete
2026-05-25 23:00:42,662 | DEBUG    | httpcore.http11      | send_request_body.started request=<Request [b'HEAD']>
2026-05-25 23:00:42,662 | DEBUG    | httpcore.http11      | send_request_body.complete
2026-05-25 23:00:42,662 | DEBUG    | httpcore.http11      | receive_response_headers.started request=<Request [b'HEAD']>
2026-05-25 23:00:42,815 | DEBUG    | httpcore.http11      | receive_response_headers.complete return_value=(b'HTTP/1.1', 307, b'Temporary Redirect', [(b'Content-Type', b'text/plain; charset=utf-8'), (b'Content-Length', b'322'), (b'Connection', b'keep-alive'), (b'Date', b'Mon, 25 May 2026 20:00:42 GMT'), (b'Location', b'/api/resolve-cache/models/sentence-transformers/paraphrase-multilingual-MiniLM-L12-v2/e8f8c211226b894fcb81acc59f3b34ba3efd5f42/config.json?%2Fsentence-transformers%2Fparaphrase-multilingual-MiniLM-L12-v2%2Fresolve%2Fmain%2Fconfig.json=&etag=%22c06d5b49495f044e6380e68a60538be17a6bd5d1%22'), (b'X-Powered-By', b'huggingface-moon'), (b'X-Request-Id', b'Root=1-6a14aa6a-2059bb1c600aabe263d1fb02;62dad162-30e8-43f5-bded-964e5278d2aa'), (b'RateLimit', b'"resolvers";r=4989;t=13'), (b'RateLimit-Policy', b'"fixed window";"resolvers";q=5000;w=300'), (b'cross-origin-opener-policy', b'same-origin'), (b'Referrer-Policy', b'strict-origin-when-cross-origin'), (b'Access-Control-Max-Age', b'86400'), (b'Access-Control-Allow-Origin', b'https://huggingface.co'), (b'Vary', b'Origin, Accept'), (b'Access-Control-Expose-Headers', b'X-Repo-Commit,X-Request-Id,X-Error-Code,X-Error-Message,X-Total-Count,ETag,Link,Accept-Ranges,Content-Range,X-Linked-Size,X-Linked-ETag,X-Xet-Hash'), (b'X-Repo-Commit', b'e8f8c211226b894fcb81acc59f3b34ba3efd5f42'), (b'Accept-Ranges', b'bytes'), (b'X-Hub-Cache', b'HIT'), (b'Content-Disposition', b'inline; filename*=UTF-8\'\'config.json; filename="config.json";'), (b'Content-Security-Policy', b"default-src 'none'; sandbox"), (b'X-Linked-ETag', b'"c06d5b49495f044e6380e68a60538be17a6bd5d1"'), (b'X-Cache', b'Miss from cloudfront'), (b'Via', b'1.1 dcfa20c2a21f99a696b77f7b84e39586.cloudfront.net (CloudFront)'), (b'X-Amz-Cf-Pop', b'ARN53-P3'), (b'X-Amz-Cf-Id', b'Q2UjC4yCFcfDufv85KfzCbch-w9lR5Ife5_G0J_mPmTNnXNVP7xIGg==')])
2026-05-25 23:00:42,815 | INFO     | httpx                | HTTP Request: HEAD https://huggingface.co/sentence-transformers/paraphrase-multilingual-MiniLM-L12-v2/resolve/main/config.json "HTTP/1.1 307 Temporary Redirect"
2026-05-25 23:00:42,816 | DEBUG    | httpcore.http11      | receive_response_body.started request=<Request [b'HEAD']>
2026-05-25 23:00:42,816 | DEBUG    | httpcore.http11      | receive_response_body.complete
2026-05-25 23:00:42,816 | DEBUG    | httpcore.http11      | response_closed.started
2026-05-25 23:00:42,816 | DEBUG    | httpcore.http11      | response_closed.complete
2026-05-25 23:00:42,817 | DEBUG    | httpcore.http11      | send_request_headers.started request=<Request [b'HEAD']>
2026-05-25 23:00:42,817 | DEBUG    | httpcore.http11      | send_request_headers.complete
2026-05-25 23:00:42,817 | DEBUG    | httpcore.http11      | send_request_body.started request=<Request [b'HEAD']>
2026-05-25 23:00:42,818 | DEBUG    | httpcore.http11      | send_request_body.complete
2026-05-25 23:00:42,818 | DEBUG    | httpcore.http11      | receive_response_headers.started request=<Request [b'HEAD']>
2026-05-25 23:00:42,873 | DEBUG    | httpcore.http11      | receive_response_headers.complete return_value=(b'HTTP/1.1', 200, b'OK', [(b'Content-Type', b'text/plain; charset=utf-8'), (b'Content-Length', b'645'), (b'Connection', b'keep-alive'), (b'Date', b'Sat, 23 May 2026 16:52:55 GMT'), (b'ETag', b'"c06d5b49495f044e6380e68a60538be17a6bd5d1"'), (b'X-Powered-By', b'huggingface-moon'), (b'X-Request-Id', b'Root=1-6a11db67-2ad77e595d0c35132f3135d5;4da4a2fd-bd36-4550-ac7d-380303f2f2bc'), (b'RateLimit', b'"resolvers";r=4983;t=180'), (b'RateLimit-Policy', b'"fixed window";"resolvers";q=5000;w=300'), (b'cross-origin-opener-policy', b'same-origin'), (b'Referrer-Policy', b'strict-origin-when-cross-origin'), (b'Access-Control-Max-Age', b'86400'), (b'Access-Control-Allow-Origin', b'https://huggingface.co'), (b'Access-Control-Expose-Headers', b'X-Repo-Commit,X-Request-Id,X-Error-Code,X-Error-Message,X-Total-Count,ETag,Link,Accept-Ranges,Content-Range,X-Linked-Size,X-Linked-ETag,X-Xet-Hash'), (b'X-Repo-Commit', b'e8f8c211226b894fcb81acc59f3b34ba3efd5f42'), (b'Accept-Ranges', b'bytes'), (b'X-Hub-Cache', b'MISS'), (b'Content-Disposition', b'inline; filename*=UTF-8\'\'config.json; filename="config.json";'), (b'Content-Security-Policy', b"default-src 'none'; sandbox"), (b'Vary', b'Origin'), (b'X-Cache', b'Hit from cloudfront'), (b'Via', b'1.1 dcfa20c2a21f99a696b77f7b84e39586.cloudfront.net (CloudFront)'), (b'X-Amz-Cf-Pop', b'ARN53-P3'), (b'X-Amz-Cf-Id', b'WEhQXHn7GBaBBfIw-WdqqeaMz_N4JV1nGe0BpQrrAW8lqczZy4qt1w=='), (b'Age', b'184067')])
2026-05-25 23:00:42,874 | INFO     | httpx                | HTTP Request: HEAD https://huggingface.co/api/resolve-cache/models/sentence-transformers/paraphrase-multilingual-MiniLM-L12-v2/e8f8c211226b894fcb81acc59f3b34ba3efd5f42/config.json "HTTP/1.1 200 OK"
2026-05-25 23:00:42,874 | DEBUG    | httpcore.http11      | receive_response_body.started request=<Request [b'HEAD']>
2026-05-25 23:00:42,874 | DEBUG    | httpcore.http11      | receive_response_body.complete
2026-05-25 23:00:42,874 | DEBUG    | httpcore.http11      | response_closed.started
2026-05-25 23:00:42,874 | DEBUG    | httpcore.http11      | response_closed.complete
2026-05-25 23:00:43,048 | DEBUG    | httpcore.http11      | send_request_headers.started request=<Request [b'HEAD']>
2026-05-25 23:00:43,049 | DEBUG    | httpcore.http11      | send_request_headers.complete
2026-05-25 23:00:43,049 | DEBUG    | httpcore.http11      | send_request_body.started request=<Request [b'HEAD']>
2026-05-25 23:00:43,049 | DEBUG    | httpcore.http11      | send_request_body.complete
2026-05-25 23:00:43,049 | DEBUG    | httpcore.http11      | receive_response_headers.started request=<Request [b'HEAD']>
2026-05-25 23:00:43,247 | DEBUG    | httpcore.http11      | receive_response_headers.complete return_value=(b'HTTP/1.1', 404, b'Not Found', [(b'Content-Type', b'text/plain; charset=utf-8'), (b'Content-Length', b'15'), (b'Connection', b'keep-alive'), (b'Date', b'Mon, 25 May 2026 20:00:43 GMT'), (b'ETag', b'W/"f-mY2VvLxuxB7KhsoOdQTlMTccuAQ"'), (b'X-Powered-By', b'huggingface-moon'), (b'X-Request-Id', b'Root=1-6a14aa6b-5b5e53a079ab283645ed6e0a;66dd929a-f1c0-49c5-a61f-9e71194c1680'), (b'RateLimit', b'"resolvers";r=4988;t=12'), (b'RateLimit-Policy', b'"fixed window";"resolvers";q=5000;w=300'), (b'cross-origin-opener-policy', b'same-origin'), (b'Referrer-Policy', b'strict-origin-when-cross-origin'), (b'Access-Control-Max-Age', b'86400'), (b'Access-Control-Allow-Origin', b'https://huggingface.co'), (b'Vary', b'Origin'), (b'Access-Control-Expose-Headers', b'X-Repo-Commit,X-Request-Id,X-Error-Code,X-Error-Message,X-Total-Count,ETag,Link,Accept-Ranges,Content-Range,X-Linked-Size,X-Linked-ETag,X-Xet-Hash'), (b'X-Repo-Commit', b'e8f8c211226b894fcb81acc59f3b34ba3efd5f42'), (b'Accept-Ranges', b'bytes'), (b'X-Hub-Cache', b'MISS'), (b'X-Error-Code', b'EntryNotFound'), (b'X-Error-Message', b'Entry not found'), (b'X-Cache', b'Error from cloudfront'), (b'Via', b'1.1 dcfa20c2a21f99a696b77f7b84e39586.cloudfront.net (CloudFront)'), (b'X-Amz-Cf-Pop', b'ARN53-P3'), (b'X-Amz-Cf-Id', b'yo1gher-QxNBHOrPxZsCIStcY_ElMVDQOpbVIxzWBqnp7zz0VHvojw==')])
2026-05-25 23:00:43,247 | INFO     | httpx                | HTTP Request: HEAD https://huggingface.co/sentence-transformers/paraphrase-multilingual-MiniLM-L12-v2/resolve/main/processor_config.json "HTTP/1.1 404 Not Found"
2026-05-25 23:00:43,248 | DEBUG    | httpcore.http11      | receive_response_body.started request=<Request [b'HEAD']>
2026-05-25 23:00:43,248 | DEBUG    | httpcore.http11      | receive_response_body.complete
2026-05-25 23:00:43,248 | DEBUG    | httpcore.http11      | response_closed.started
2026-05-25 23:00:43,248 | DEBUG    | httpcore.http11      | response_closed.complete
2026-05-25 23:00:43,254 | DEBUG    | httpcore.http11      | send_request_headers.started request=<Request [b'HEAD']>
2026-05-25 23:00:43,254 | DEBUG    | httpcore.http11      | send_request_headers.complete
2026-05-25 23:00:43,255 | DEBUG    | httpcore.http11      | send_request_body.started request=<Request [b'HEAD']>
2026-05-25 23:00:43,255 | DEBUG    | httpcore.http11      | send_request_body.complete
2026-05-25 23:00:43,255 | DEBUG    | httpcore.http11      | receive_response_headers.started request=<Request [b'HEAD']>
2026-05-25 23:00:43,413 | DEBUG    | httpcore.http11      | receive_response_headers.complete return_value=(b'HTTP/1.1', 404, b'Not Found', [(b'Content-Type', b'text/plain; charset=utf-8'), (b'Content-Length', b'15'), (b'Connection', b'keep-alive'), (b'Date', b'Mon, 25 May 2026 20:00:43 GMT'), (b'ETag', b'W/"f-mY2VvLxuxB7KhsoOdQTlMTccuAQ"'), (b'X-Powered-By', b'huggingface-moon'), (b'X-Request-Id', b'Root=1-6a14aa6b-6783b2b0087ceefc5dd20966;4728e268-63de-483a-9cfc-2105734f65bc'), (b'RateLimit', b'"resolvers";r=4987;t=12'), (b'RateLimit-Policy', b'"fixed window";"resolvers";q=5000;w=300'), (b'cross-origin-opener-policy', b'same-origin'), (b'Referrer-Policy', b'strict-origin-when-cross-origin'), (b'Access-Control-Max-Age', b'86400'), (b'Access-Control-Allow-Origin', b'https://huggingface.co'), (b'Vary', b'Origin'), (b'Access-Control-Expose-Headers', b'X-Repo-Commit,X-Request-Id,X-Error-Code,X-Error-Message,X-Total-Count,ETag,Link,Accept-Ranges,Content-Range,X-Linked-Size,X-Linked-ETag,X-Xet-Hash'), (b'X-Repo-Commit', b'e8f8c211226b894fcb81acc59f3b34ba3efd5f42'), (b'Accept-Ranges', b'bytes'), (b'X-Hub-Cache', b'MISS'), (b'X-Error-Code', b'EntryNotFound'), (b'X-Error-Message', b'Entry not found'), (b'X-Cache', b'Error from cloudfront'), (b'Via', b'1.1 dcfa20c2a21f99a696b77f7b84e39586.cloudfront.net (CloudFront)'), (b'X-Amz-Cf-Pop', b'ARN53-P3'), (b'X-Amz-Cf-Id', b'l3Q6bRHPytACudlJoUCwo30u29Xun1u6g9wOCqVB2FaT8o4okAeR-g==')])
2026-05-25 23:00:43,413 | INFO     | httpx                | HTTP Request: HEAD https://huggingface.co/sentence-transformers/paraphrase-multilingual-MiniLM-L12-v2/resolve/main/preprocessor_config.json "HTTP/1.1 404 Not Found"
2026-05-25 23:00:43,413 | DEBUG    | httpcore.http11      | receive_response_body.started request=<Request [b'HEAD']>
2026-05-25 23:00:43,413 | DEBUG    | httpcore.http11      | receive_response_body.complete
2026-05-25 23:00:43,413 | DEBUG    | httpcore.http11      | response_closed.started
2026-05-25 23:00:43,414 | DEBUG    | httpcore.http11      | response_closed.complete
2026-05-25 23:00:43,419 | DEBUG    | httpcore.http11      | send_request_headers.started request=<Request [b'HEAD']>
2026-05-25 23:00:43,419 | DEBUG    | httpcore.http11      | send_request_headers.complete
2026-05-25 23:00:43,419 | DEBUG    | httpcore.http11      | send_request_body.started request=<Request [b'HEAD']>
2026-05-25 23:00:43,419 | DEBUG    | httpcore.http11      | send_request_body.complete
2026-05-25 23:00:43,419 | DEBUG    | httpcore.http11      | receive_response_headers.started request=<Request [b'HEAD']>
2026-05-25 23:00:43,571 | DEBUG    | httpcore.http11      | receive_response_headers.complete return_value=(b'HTTP/1.1', 404, b'Not Found', [(b'Content-Type', b'text/plain; charset=utf-8'), (b'Content-Length', b'15'), (b'Connection', b'keep-alive'), (b'Date', b'Mon, 25 May 2026 20:00:43 GMT'), (b'ETag', b'W/"f-mY2VvLxuxB7KhsoOdQTlMTccuAQ"'), (b'X-Powered-By', b'huggingface-moon'), (b'X-Request-Id', b'Root=1-6a14aa6b-4e31f33f1f613cf17fff2a9d;b4e9d44d-2528-47f3-a7de-e9a852e57272'), (b'RateLimit', b'"resolvers";r=4986;t=12'), (b'RateLimit-Policy', b'"fixed window";"resolvers";q=5000;w=300'), (b'cross-origin-opener-policy', b'same-origin'), (b'Referrer-Policy', b'strict-origin-when-cross-origin'), (b'Access-Control-Max-Age', b'86400'), (b'Access-Control-Allow-Origin', b'https://huggingface.co'), (b'Vary', b'Origin'), (b'Access-Control-Expose-Headers', b'X-Repo-Commit,X-Request-Id,X-Error-Code,X-Error-Message,X-Total-Count,ETag,Link,Accept-Ranges,Content-Range,X-Linked-Size,X-Linked-ETag,X-Xet-Hash'), (b'X-Repo-Commit', b'e8f8c211226b894fcb81acc59f3b34ba3efd5f42'), (b'Accept-Ranges', b'bytes'), (b'X-Hub-Cache', b'MISS'), (b'X-Error-Code', b'EntryNotFound'), (b'X-Error-Message', b'Entry not found'), (b'X-Cache', b'Error from cloudfront'), (b'Via', b'1.1 dcfa20c2a21f99a696b77f7b84e39586.cloudfront.net (CloudFront)'), (b'X-Amz-Cf-Pop', b'ARN53-P3'), (b'X-Amz-Cf-Id', b'4Ug68GwcUnIJ3tk0IW8hB1ERjpzXBrvyMMqMctA5GxPRXwt8CsXTfA==')])
2026-05-25 23:00:43,575 | INFO     | httpx                | HTTP Request: HEAD https://huggingface.co/sentence-transformers/paraphrase-multilingual-MiniLM-L12-v2/resolve/main/video_preprocessor_config.json "HTTP/1.1 404 Not Found"
2026-05-25 23:00:43,576 | DEBUG    | httpcore.http11      | receive_response_body.started request=<Request [b'HEAD']>
2026-05-25 23:00:43,576 | DEBUG    | httpcore.http11      | receive_response_body.complete
2026-05-25 23:00:43,576 | DEBUG    | httpcore.http11      | response_closed.started
2026-05-25 23:00:43,577 | DEBUG    | httpcore.http11      | response_closed.complete
2026-05-25 23:00:43,586 | DEBUG    | httpcore.http11      | send_request_headers.started request=<Request [b'HEAD']>
2026-05-25 23:00:43,587 | DEBUG    | httpcore.http11      | send_request_headers.complete
2026-05-25 23:00:43,588 | DEBUG    | httpcore.http11      | send_request_body.started request=<Request [b'HEAD']>
2026-05-25 23:00:43,589 | DEBUG    | httpcore.http11      | send_request_body.complete
2026-05-25 23:00:43,589 | DEBUG    | httpcore.http11      | receive_response_headers.started request=<Request [b'HEAD']>
2026-05-25 23:00:43,742 | DEBUG    | httpcore.http11      | receive_response_headers.complete return_value=(b'HTTP/1.1', 404, b'Not Found', [(b'Content-Type', b'text/plain; charset=utf-8'), (b'Content-Length', b'15'), (b'Connection', b'keep-alive'), (b'Date', b'Mon, 25 May 2026 20:00:43 GMT'), (b'ETag', b'W/"f-mY2VvLxuxB7KhsoOdQTlMTccuAQ"'), (b'X-Powered-By', b'huggingface-moon'), (b'X-Request-Id', b'Root=1-6a14aa6b-1a0286426086e484060b327a;ba1b0ee5-7d23-4334-8281-d4cd9d96d6c6'), (b'RateLimit', b'"resolvers";r=4985;t=12'), (b'RateLimit-Policy', b'"fixed window";"resolvers";q=5000;w=300'), (b'cross-origin-opener-policy', b'same-origin'), (b'Referrer-Policy', b'strict-origin-when-cross-origin'), (b'Access-Control-Max-Age', b'86400'), (b'Access-Control-Allow-Origin', b'https://huggingface.co'), (b'Vary', b'Origin'), (b'Access-Control-Expose-Headers', b'X-Repo-Commit,X-Request-Id,X-Error-Code,X-Error-Message,X-Total-Count,ETag,Link,Accept-Ranges,Content-Range,X-Linked-Size,X-Linked-ETag,X-Xet-Hash'), (b'X-Repo-Commit', b'e8f8c211226b894fcb81acc59f3b34ba3efd5f42'), (b'Accept-Ranges', b'bytes'), (b'X-Hub-Cache', b'MISS'), (b'X-Error-Code', b'EntryNotFound'), (b'X-Error-Message', b'Entry not found'), (b'X-Cache', b'Error from cloudfront'), (b'Via', b'1.1 dcfa20c2a21f99a696b77f7b84e39586.cloudfront.net (CloudFront)'), (b'X-Amz-Cf-Pop', b'ARN53-P3'), (b'X-Amz-Cf-Id', b'7m8NS1osB1kin2pSBvJmPXT1HWOqg0pBkILN0NcDNxRxPhyivn-TSg==')])
2026-05-25 23:00:43,743 | INFO     | httpx                | HTTP Request: HEAD https://huggingface.co/sentence-transformers/paraphrase-multilingual-MiniLM-L12-v2/resolve/main/preprocessor_config.json "HTTP/1.1 404 Not Found"
2026-05-25 23:00:43,743 | DEBUG    | httpcore.http11      | receive_response_body.started request=<Request [b'HEAD']>
2026-05-25 23:00:43,743 | DEBUG    | httpcore.http11      | receive_response_body.complete
2026-05-25 23:00:43,743 | DEBUG    | httpcore.http11      | response_closed.started
2026-05-25 23:00:43,743 | DEBUG    | httpcore.http11      | response_closed.complete
2026-05-25 23:00:43,753 | DEBUG    | httpcore.http11      | send_request_headers.started request=<Request [b'HEAD']>
2026-05-25 23:00:43,753 | DEBUG    | httpcore.http11      | send_request_headers.complete
2026-05-25 23:00:43,753 | DEBUG    | httpcore.http11      | send_request_body.started request=<Request [b'HEAD']>
2026-05-25 23:00:43,753 | DEBUG    | httpcore.http11      | send_request_body.complete
2026-05-25 23:00:43,753 | DEBUG    | httpcore.http11      | receive_response_headers.started request=<Request [b'HEAD']>
2026-05-25 23:00:43,906 | DEBUG    | httpcore.http11      | receive_response_headers.complete return_value=(b'HTTP/1.1', 307, b'Temporary Redirect', [(b'Content-Type', b'text/plain; charset=utf-8'), (b'Content-Length', b'342'), (b'Connection', b'keep-alive'), (b'Date', b'Mon, 25 May 2026 20:00:43 GMT'), (b'Location', b'/api/resolve-cache/models/sentence-transformers/paraphrase-multilingual-MiniLM-L12-v2/e8f8c211226b894fcb81acc59f3b34ba3efd5f42/tokenizer_config.json?%2Fsentence-transformers%2Fparaphrase-multilingual-MiniLM-L12-v2%2Fresolve%2Fmain%2Ftokenizer_config.json=&etag=%223c1b565ae10a15a1d0c31096f834af2fd9359e91%22'), (b'X-Powered-By', b'huggingface-moon'), (b'X-Request-Id', b'Root=1-6a14aa6b-5818a1ff02636f574da43f81;7e9b88fb-e43c-4b62-b200-53445545c9d3'), (b'RateLimit', b'"resolvers";r=4984;t=12'), (b'RateLimit-Policy', b'"fixed window";"resolvers";q=5000;w=300'), (b'cross-origin-opener-policy', b'same-origin'), (b'Referrer-Policy', b'strict-origin-when-cross-origin'), (b'Access-Control-Max-Age', b'86400'), (b'Access-Control-Allow-Origin', b'https://huggingface.co'), (b'Vary', b'Origin, Accept'), (b'Access-Control-Expose-Headers', b'X-Repo-Commit,X-Request-Id,X-Error-Code,X-Error-Message,X-Total-Count,ETag,Link,Accept-Ranges,Content-Range,X-Linked-Size,X-Linked-ETag,X-Xet-Hash'), (b'X-Repo-Commit', b'e8f8c211226b894fcb81acc59f3b34ba3efd5f42'), (b'Accept-Ranges', b'bytes'), (b'X-Hub-Cache', b'HIT'), (b'Content-Disposition', b'inline; filename*=UTF-8\'\'tokenizer_config.json; filename="tokenizer_config.json";'), (b'Content-Security-Policy', b"default-src 'none'; sandbox"), (b'X-Linked-ETag', b'"3c1b565ae10a15a1d0c31096f834af2fd9359e91"'), (b'X-Cache', b'Miss from cloudfront'), (b'Via', b'1.1 dcfa20c2a21f99a696b77f7b84e39586.cloudfront.net (CloudFront)'), (b'X-Amz-Cf-Pop', b'ARN53-P3'), (b'X-Amz-Cf-Id', b'brtKwfHRWTQ5mQvWDgP7lQryqWbfe4fiNkUoewfj9L--05WkbigCgg==')])
2026-05-25 23:00:43,907 | INFO     | httpx                | HTTP Request: HEAD https://huggingface.co/sentence-transformers/paraphrase-multilingual-MiniLM-L12-v2/resolve/main/tokenizer_config.json "HTTP/1.1 307 Temporary Redirect"
2026-05-25 23:00:43,907 | DEBUG    | httpcore.http11      | receive_response_body.started request=<Request [b'HEAD']>
2026-05-25 23:00:43,907 | DEBUG    | httpcore.http11      | receive_response_body.complete
2026-05-25 23:00:43,908 | DEBUG    | httpcore.http11      | response_closed.started
2026-05-25 23:00:43,908 | DEBUG    | httpcore.http11      | response_closed.complete
2026-05-25 23:00:43,908 | DEBUG    | httpcore.http11      | send_request_headers.started request=<Request [b'HEAD']>
2026-05-25 23:00:43,909 | DEBUG    | httpcore.http11      | send_request_headers.complete
2026-05-25 23:00:43,909 | DEBUG    | httpcore.http11      | send_request_body.started request=<Request [b'HEAD']>
2026-05-25 23:00:43,909 | DEBUG    | httpcore.http11      | send_request_body.complete
2026-05-25 23:00:43,909 | DEBUG    | httpcore.http11      | receive_response_headers.started request=<Request [b'HEAD']>
2026-05-25 23:00:43,961 | DEBUG    | httpcore.http11      | receive_response_headers.complete return_value=(b'HTTP/1.1', 200, b'OK', [(b'Content-Type', b'text/plain; charset=utf-8'), (b'Content-Length', b'526'), (b'Connection', b'keep-alive'), (b'Date', b'Sat, 23 May 2026 16:53:14 GMT'), (b'ETag', b'"3c1b565ae10a15a1d0c31096f834af2fd9359e91"'), (b'X-Powered-By', b'huggingface-moon'), (b'X-Request-Id', b'Root=1-6a11db7a-70d238d00dffb7f31218b60e;ddd9f2d2-5b8d-43bc-91fe-8e21de0f4647'), (b'RateLimit', b'"resolvers";r=4975;t=161'), (b'RateLimit-Policy', b'"fixed window";"resolvers";q=5000;w=300'), (b'cross-origin-opener-policy', b'same-origin'), (b'Referrer-Policy', b'strict-origin-when-cross-origin'), (b'Access-Control-Max-Age', b'86400'), (b'Access-Control-Allow-Origin', b'https://huggingface.co'), (b'Access-Control-Expose-Headers', b'X-Repo-Commit,X-Request-Id,X-Error-Code,X-Error-Message,X-Total-Count,ETag,Link,Accept-Ranges,Content-Range,X-Linked-Size,X-Linked-ETag,X-Xet-Hash'), (b'X-Repo-Commit', b'e8f8c211226b894fcb81acc59f3b34ba3efd5f42'), (b'Accept-Ranges', b'bytes'), (b'X-Hub-Cache', b'MISS'), (b'Content-Disposition', b'inline; filename*=UTF-8\'\'tokenizer_config.json; filename="tokenizer_config.json";'), (b'Content-Security-Policy', b"default-src 'none'; sandbox"), (b'Vary', b'Origin'), (b'X-Cache', b'Hit from cloudfront'), (b'Via', b'1.1 dcfa20c2a21f99a696b77f7b84e39586.cloudfront.net (CloudFront)'), (b'X-Amz-Cf-Pop', b'ARN53-P3'), (b'X-Amz-Cf-Id', b'jGBC9I7xOxdf8V_pWtwslxRjltCtOxNZz2W8NSUMw3ITCP379Dp0rg=='), (b'Age', b'184049')])
2026-05-25 23:00:43,962 | INFO     | httpx                | HTTP Request: HEAD https://huggingface.co/api/resolve-cache/models/sentence-transformers/paraphrase-multilingual-MiniLM-L12-v2/e8f8c211226b894fcb81acc59f3b34ba3efd5f42/tokenizer_config.json "HTTP/1.1 200 OK"
2026-05-25 23:00:43,962 | DEBUG    | httpcore.http11      | receive_response_body.started request=<Request [b'HEAD']>
2026-05-25 23:00:43,962 | DEBUG    | httpcore.http11      | receive_response_body.complete
2026-05-25 23:00:43,962 | DEBUG    | httpcore.http11      | response_closed.started
2026-05-25 23:00:43,962 | DEBUG    | httpcore.http11      | response_closed.complete
2026-05-25 23:00:43,971 | DEBUG    | httpcore.http11      | send_request_headers.started request=<Request [b'HEAD']>
2026-05-25 23:00:43,972 | DEBUG    | httpcore.http11      | send_request_headers.complete
2026-05-25 23:00:43,972 | DEBUG    | httpcore.http11      | send_request_body.started request=<Request [b'HEAD']>
2026-05-25 23:00:43,972 | DEBUG    | httpcore.http11      | send_request_body.complete
2026-05-25 23:00:43,972 | DEBUG    | httpcore.http11      | receive_response_headers.started request=<Request [b'HEAD']>
2026-05-25 23:00:44,123 | DEBUG    | httpcore.http11      | receive_response_headers.complete return_value=(b'HTTP/1.1', 307, b'Temporary Redirect', [(b'Content-Type', b'text/plain; charset=utf-8'), (b'Content-Length', b'322'), (b'Connection', b'keep-alive'), (b'Date', b'Mon, 25 May 2026 20:00:44 GMT'), (b'Location', b'/api/resolve-cache/models/sentence-transformers/paraphrase-multilingual-MiniLM-L12-v2/e8f8c211226b894fcb81acc59f3b34ba3efd5f42/config.json?%2Fsentence-transformers%2Fparaphrase-multilingual-MiniLM-L12-v2%2Fresolve%2Fmain%2Fconfig.json=&etag=%22c06d5b49495f044e6380e68a60538be17a6bd5d1%22'), (b'X-Powered-By', b'huggingface-moon'), (b'X-Request-Id', b'Root=1-6a14aa6c-601be6300644a7ae2f054ae5;a0cbbb12-c8e9-4325-aea3-adb0cde6c0ce'), (b'RateLimit', b'"resolvers";r=4983;t=11'), (b'RateLimit-Policy', b'"fixed window";"resolvers";q=5000;w=300'), (b'cross-origin-opener-policy', b'same-origin'), (b'Referrer-Policy', b'strict-origin-when-cross-origin'), (b'Access-Control-Max-Age', b'86400'), (b'Access-Control-Allow-Origin', b'https://huggingface.co'), (b'Vary', b'Origin, Accept'), (b'Access-Control-Expose-Headers', b'X-Repo-Commit,X-Request-Id,X-Error-Code,X-Error-Message,X-Total-Count,ETag,Link,Accept-Ranges,Content-Range,X-Linked-Size,X-Linked-ETag,X-Xet-Hash'), (b'X-Repo-Commit', b'e8f8c211226b894fcb81acc59f3b34ba3efd5f42'), (b'Accept-Ranges', b'bytes'), (b'X-Hub-Cache', b'HIT'), (b'Content-Disposition', b'inline; filename*=UTF-8\'\'config.json; filename="config.json";'), (b'Content-Security-Policy', b"default-src 'none'; sandbox"), (b'X-Linked-ETag', b'"c06d5b49495f044e6380e68a60538be17a6bd5d1"'), (b'X-Cache', b'Miss from cloudfront'), (b'Via', b'1.1 dcfa20c2a21f99a696b77f7b84e39586.cloudfront.net (CloudFront)'), (b'X-Amz-Cf-Pop', b'ARN53-P3'), (b'X-Amz-Cf-Id', b'jY3m9ghrAB9k63pBFSBh3AijMsz5bj7xOkQo-Axx30R46-S0gMlxpA==')])
2026-05-25 23:00:44,123 | INFO     | httpx                | HTTP Request: HEAD https://huggingface.co/sentence-transformers/paraphrase-multilingual-MiniLM-L12-v2/resolve/main/config.json "HTTP/1.1 307 Temporary Redirect"
2026-05-25 23:00:44,124 | DEBUG    | httpcore.http11      | receive_response_body.started request=<Request [b'HEAD']>
2026-05-25 23:00:44,124 | DEBUG    | httpcore.http11      | receive_response_body.complete
2026-05-25 23:00:44,124 | DEBUG    | httpcore.http11      | response_closed.started
2026-05-25 23:00:44,124 | DEBUG    | httpcore.http11      | response_closed.complete
2026-05-25 23:00:44,124 | DEBUG    | httpcore.http11      | send_request_headers.started request=<Request [b'HEAD']>
2026-05-25 23:00:44,125 | DEBUG    | httpcore.http11      | send_request_headers.complete
2026-05-25 23:00:44,125 | DEBUG    | httpcore.http11      | send_request_body.started request=<Request [b'HEAD']>
2026-05-25 23:00:44,125 | DEBUG    | httpcore.http11      | send_request_body.complete
2026-05-25 23:00:44,125 | DEBUG    | httpcore.http11      | receive_response_headers.started request=<Request [b'HEAD']>
2026-05-25 23:00:44,155 | DEBUG    | httpcore.http11      | receive_response_headers.complete return_value=(b'HTTP/1.1', 200, b'OK', [(b'Content-Type', b'text/plain; charset=utf-8'), (b'Content-Length', b'645'), (b'Connection', b'keep-alive'), (b'Date', b'Sat, 23 May 2026 16:52:55 GMT'), (b'ETag', b'"c06d5b49495f044e6380e68a60538be17a6bd5d1"'), (b'X-Powered-By', b'huggingface-moon'), (b'X-Request-Id', b'Root=1-6a11db67-2ad77e595d0c35132f3135d5;4da4a2fd-bd36-4550-ac7d-380303f2f2bc'), (b'RateLimit', b'"resolvers";r=4983;t=180'), (b'RateLimit-Policy', b'"fixed window";"resolvers";q=5000;w=300'), (b'cross-origin-opener-policy', b'same-origin'), (b'Referrer-Policy', b'strict-origin-when-cross-origin'), (b'Access-Control-Max-Age', b'86400'), (b'Access-Control-Allow-Origin', b'https://huggingface.co'), (b'Access-Control-Expose-Headers', b'X-Repo-Commit,X-Request-Id,X-Error-Code,X-Error-Message,X-Total-Count,ETag,Link,Accept-Ranges,Content-Range,X-Linked-Size,X-Linked-ETag,X-Xet-Hash'), (b'X-Repo-Commit', b'e8f8c211226b894fcb81acc59f3b34ba3efd5f42'), (b'Accept-Ranges', b'bytes'), (b'X-Hub-Cache', b'MISS'), (b'Content-Disposition', b'inline; filename*=UTF-8\'\'config.json; filename="config.json";'), (b'Content-Security-Policy', b"default-src 'none'; sandbox"), (b'Vary', b'Origin'), (b'X-Cache', b'Hit from cloudfront'), (b'Via', b'1.1 dcfa20c2a21f99a696b77f7b84e39586.cloudfront.net (CloudFront)'), (b'X-Amz-Cf-Pop', b'ARN53-P3'), (b'X-Amz-Cf-Id', b'CDXAmradyw3hJPFbUZVtjCuqyx26iALHxt6fWH7zDwV37-b8rP7Atg=='), (b'Age', b'184069')])
2026-05-25 23:00:44,156 | INFO     | httpx                | HTTP Request: HEAD https://huggingface.co/api/resolve-cache/models/sentence-transformers/paraphrase-multilingual-MiniLM-L12-v2/e8f8c211226b894fcb81acc59f3b34ba3efd5f42/config.json "HTTP/1.1 200 OK"
2026-05-25 23:00:44,156 | DEBUG    | httpcore.http11      | receive_response_body.started request=<Request [b'HEAD']>
2026-05-25 23:00:44,156 | DEBUG    | httpcore.http11      | receive_response_body.complete
2026-05-25 23:00:44,156 | DEBUG    | httpcore.http11      | response_closed.started
2026-05-25 23:00:44,156 | DEBUG    | httpcore.http11      | response_closed.complete
2026-05-25 23:00:44,168 | DEBUG    | httpcore.http11      | send_request_headers.started request=<Request [b'HEAD']>
2026-05-25 23:00:44,169 | DEBUG    | httpcore.http11      | send_request_headers.complete
2026-05-25 23:00:44,169 | DEBUG    | httpcore.http11      | send_request_body.started request=<Request [b'HEAD']>
2026-05-25 23:00:44,169 | DEBUG    | httpcore.http11      | send_request_body.complete
2026-05-25 23:00:44,169 | DEBUG    | httpcore.http11      | receive_response_headers.started request=<Request [b'HEAD']>
2026-05-25 23:00:44,323 | DEBUG    | httpcore.http11      | receive_response_headers.complete return_value=(b'HTTP/1.1', 307, b'Temporary Redirect', [(b'Content-Type', b'text/plain; charset=utf-8'), (b'Content-Length', b'322'), (b'Connection', b'keep-alive'), (b'Date', b'Mon, 25 May 2026 20:00:44 GMT'), (b'Location', b'/api/resolve-cache/models/sentence-transformers/paraphrase-multilingual-MiniLM-L12-v2/e8f8c211226b894fcb81acc59f3b34ba3efd5f42/config.json?%2Fsentence-transformers%2Fparaphrase-multilingual-MiniLM-L12-v2%2Fresolve%2Fmain%2Fconfig.json=&etag=%22c06d5b49495f044e6380e68a60538be17a6bd5d1%22'), (b'X-Powered-By', b'huggingface-moon'), (b'X-Request-Id', b'Root=1-6a14aa6c-570359f213390ec400a2e14f;5dbb6c3d-8a74-47dc-bcc4-aaba93a4d3c2'), (b'RateLimit', b'"resolvers";r=4982;t=11'), (b'RateLimit-Policy', b'"fixed window";"resolvers";q=5000;w=300'), (b'cross-origin-opener-policy', b'same-origin'), (b'Referrer-Policy', b'strict-origin-when-cross-origin'), (b'Access-Control-Max-Age', b'86400'), (b'Access-Control-Allow-Origin', b'https://huggingface.co'), (b'Vary', b'Origin, Accept'), (b'Access-Control-Expose-Headers', b'X-Repo-Commit,X-Request-Id,X-Error-Code,X-Error-Message,X-Total-Count,ETag,Link,Accept-Ranges,Content-Range,X-Linked-Size,X-Linked-ETag,X-Xet-Hash'), (b'X-Repo-Commit', b'e8f8c211226b894fcb81acc59f3b34ba3efd5f42'), (b'Accept-Ranges', b'bytes'), (b'X-Hub-Cache', b'HIT'), (b'Content-Disposition', b'inline; filename*=UTF-8\'\'config.json; filename="config.json";'), (b'Content-Security-Policy', b"default-src 'none'; sandbox"), (b'X-Linked-ETag', b'"c06d5b49495f044e6380e68a60538be17a6bd5d1"'), (b'X-Cache', b'Miss from cloudfront'), (b'Via', b'1.1 dcfa20c2a21f99a696b77f7b84e39586.cloudfront.net (CloudFront)'), (b'X-Amz-Cf-Pop', b'ARN53-P3'), (b'X-Amz-Cf-Id', b'PdT9TiFDc4uabxJ1NDuytWlX0braUpePOlUTLinJkTwy_9bp2fbq5g==')])
2026-05-25 23:00:44,323 | INFO     | httpx                | HTTP Request: HEAD https://huggingface.co/sentence-transformers/paraphrase-multilingual-MiniLM-L12-v2/resolve/main/config.json "HTTP/1.1 307 Temporary Redirect"
2026-05-25 23:00:44,323 | DEBUG    | httpcore.http11      | receive_response_body.started request=<Request [b'HEAD']>
2026-05-25 23:00:44,324 | DEBUG    | httpcore.http11      | receive_response_body.complete
2026-05-25 23:00:44,324 | DEBUG    | httpcore.http11      | response_closed.started
2026-05-25 23:00:44,324 | DEBUG    | httpcore.http11      | response_closed.complete
2026-05-25 23:00:44,324 | DEBUG    | httpcore.http11      | send_request_headers.started request=<Request [b'HEAD']>
2026-05-25 23:00:44,325 | DEBUG    | httpcore.http11      | send_request_headers.complete
2026-05-25 23:00:44,325 | DEBUG    | httpcore.http11      | send_request_body.started request=<Request [b'HEAD']>
2026-05-25 23:00:44,325 | DEBUG    | httpcore.http11      | send_request_body.complete
2026-05-25 23:00:44,325 | DEBUG    | httpcore.http11      | receive_response_headers.started request=<Request [b'HEAD']>
2026-05-25 23:00:44,355 | DEBUG    | httpcore.http11      | receive_response_headers.complete return_value=(b'HTTP/1.1', 200, b'OK', [(b'Content-Type', b'text/plain; charset=utf-8'), (b'Content-Length', b'645'), (b'Connection', b'keep-alive'), (b'Date', b'Sat, 23 May 2026 16:52:55 GMT'), (b'ETag', b'"c06d5b49495f044e6380e68a60538be17a6bd5d1"'), (b'X-Powered-By', b'huggingface-moon'), (b'X-Request-Id', b'Root=1-6a11db67-2ad77e595d0c35132f3135d5;4da4a2fd-bd36-4550-ac7d-380303f2f2bc'), (b'RateLimit', b'"resolvers";r=4983;t=180'), (b'RateLimit-Policy', b'"fixed window";"resolvers";q=5000;w=300'), (b'cross-origin-opener-policy', b'same-origin'), (b'Referrer-Policy', b'strict-origin-when-cross-origin'), (b'Access-Control-Max-Age', b'86400'), (b'Access-Control-Allow-Origin', b'https://huggingface.co'), (b'Access-Control-Expose-Headers', b'X-Repo-Commit,X-Request-Id,X-Error-Code,X-Error-Message,X-Total-Count,ETag,Link,Accept-Ranges,Content-Range,X-Linked-Size,X-Linked-ETag,X-Xet-Hash'), (b'X-Repo-Commit', b'e8f8c211226b894fcb81acc59f3b34ba3efd5f42'), (b'Accept-Ranges', b'bytes'), (b'X-Hub-Cache', b'MISS'), (b'Content-Disposition', b'inline; filename*=UTF-8\'\'config.json; filename="config.json";'), (b'Content-Security-Policy', b"default-src 'none'; sandbox"), (b'Vary', b'Origin'), (b'X-Cache', b'Hit from cloudfront'), (b'Via', b'1.1 dcfa20c2a21f99a696b77f7b84e39586.cloudfront.net (CloudFront)'), (b'X-Amz-Cf-Pop', b'ARN53-P3'), (b'X-Amz-Cf-Id', b'vUp4uwGZXEGLNyYTTxK4jja5kecNEiliv2ZcPb8-yQoL8BXp_sEO-Q=='), (b'Age', b'184069')])
2026-05-25 23:00:44,356 | INFO     | httpx                | HTTP Request: HEAD https://huggingface.co/api/resolve-cache/models/sentence-transformers/paraphrase-multilingual-MiniLM-L12-v2/e8f8c211226b894fcb81acc59f3b34ba3efd5f42/config.json "HTTP/1.1 200 OK"
2026-05-25 23:00:44,356 | DEBUG    | httpcore.http11      | receive_response_body.started request=<Request [b'HEAD']>
2026-05-25 23:00:44,356 | DEBUG    | httpcore.http11      | receive_response_body.complete
2026-05-25 23:00:44,357 | DEBUG    | httpcore.http11      | response_closed.started
2026-05-25 23:00:44,357 | DEBUG    | httpcore.http11      | response_closed.complete
2026-05-25 23:00:44,370 | DEBUG    | httpcore.http11      | send_request_headers.started request=<Request [b'HEAD']>
2026-05-25 23:00:44,371 | DEBUG    | httpcore.http11      | send_request_headers.complete
2026-05-25 23:00:44,371 | DEBUG    | httpcore.http11      | send_request_body.started request=<Request [b'HEAD']>
2026-05-25 23:00:44,371 | DEBUG    | httpcore.http11      | send_request_body.complete
2026-05-25 23:00:44,371 | DEBUG    | httpcore.http11      | receive_response_headers.started request=<Request [b'HEAD']>
2026-05-25 23:00:44,524 | DEBUG    | httpcore.http11      | receive_response_headers.complete return_value=(b'HTTP/1.1', 307, b'Temporary Redirect', [(b'Content-Type', b'text/plain; charset=utf-8'), (b'Content-Length', b'342'), (b'Connection', b'keep-alive'), (b'Date', b'Mon, 25 May 2026 20:00:44 GMT'), (b'Location', b'/api/resolve-cache/models/sentence-transformers/paraphrase-multilingual-MiniLM-L12-v2/e8f8c211226b894fcb81acc59f3b34ba3efd5f42/tokenizer_config.json?%2Fsentence-transformers%2Fparaphrase-multilingual-MiniLM-L12-v2%2Fresolve%2Fmain%2Ftokenizer_config.json=&etag=%223c1b565ae10a15a1d0c31096f834af2fd9359e91%22'), (b'X-Powered-By', b'huggingface-moon'), (b'X-Request-Id', b'Root=1-6a14aa6c-38bccb7722b42b5758b866f6;cd2192db-21b8-4d18-b540-3b7ea901b94f'), (b'RateLimit', b'"resolvers";r=4981;t=11'), (b'RateLimit-Policy', b'"fixed window";"resolvers";q=5000;w=300'), (b'cross-origin-opener-policy', b'same-origin'), (b'Referrer-Policy', b'strict-origin-when-cross-origin'), (b'Access-Control-Max-Age', b'86400'), (b'Access-Control-Allow-Origin', b'https://huggingface.co'), (b'Vary', b'Origin, Accept'), (b'Access-Control-Expose-Headers', b'X-Repo-Commit,X-Request-Id,X-Error-Code,X-Error-Message,X-Total-Count,ETag,Link,Accept-Ranges,Content-Range,X-Linked-Size,X-Linked-ETag,X-Xet-Hash'), (b'X-Repo-Commit', b'e8f8c211226b894fcb81acc59f3b34ba3efd5f42'), (b'Accept-Ranges', b'bytes'), (b'X-Hub-Cache', b'HIT'), (b'Content-Disposition', b'inline; filename*=UTF-8\'\'tokenizer_config.json; filename="tokenizer_config.json";'), (b'Content-Security-Policy', b"default-src 'none'; sandbox"), (b'X-Linked-ETag', b'"3c1b565ae10a15a1d0c31096f834af2fd9359e91"'), (b'X-Cache', b'Miss from cloudfront'), (b'Via', b'1.1 dcfa20c2a21f99a696b77f7b84e39586.cloudfront.net (CloudFront)'), (b'X-Amz-Cf-Pop', b'ARN53-P3'), (b'X-Amz-Cf-Id', b'0IE6c_TBtLc-FN9FAvlR5P1HJQz-6dE3jgIuUZKBZDZvwp7bn_oGMw==')])
2026-05-25 23:00:44,525 | INFO     | httpx                | HTTP Request: HEAD https://huggingface.co/sentence-transformers/paraphrase-multilingual-MiniLM-L12-v2/resolve/main/tokenizer_config.json "HTTP/1.1 307 Temporary Redirect"
2026-05-25 23:00:44,525 | DEBUG    | httpcore.http11      | receive_response_body.started request=<Request [b'HEAD']>
2026-05-25 23:00:44,526 | DEBUG    | httpcore.http11      | receive_response_body.complete
2026-05-25 23:00:44,526 | DEBUG    | httpcore.http11      | response_closed.started
2026-05-25 23:00:44,526 | DEBUG    | httpcore.http11      | response_closed.complete
2026-05-25 23:00:44,526 | DEBUG    | httpcore.http11      | send_request_headers.started request=<Request [b'HEAD']>
2026-05-25 23:00:44,527 | DEBUG    | httpcore.http11      | send_request_headers.complete
2026-05-25 23:00:44,527 | DEBUG    | httpcore.http11      | send_request_body.started request=<Request [b'HEAD']>
2026-05-25 23:00:44,527 | DEBUG    | httpcore.http11      | send_request_body.complete
2026-05-25 23:00:44,527 | DEBUG    | httpcore.http11      | receive_response_headers.started request=<Request [b'HEAD']>
2026-05-25 23:00:44,557 | DEBUG    | httpcore.http11      | receive_response_headers.complete return_value=(b'HTTP/1.1', 200, b'OK', [(b'Content-Type', b'text/plain; charset=utf-8'), (b'Content-Length', b'526'), (b'Connection', b'keep-alive'), (b'Date', b'Sat, 23 May 2026 16:53:14 GMT'), (b'ETag', b'"3c1b565ae10a15a1d0c31096f834af2fd9359e91"'), (b'X-Powered-By', b'huggingface-moon'), (b'X-Request-Id', b'Root=1-6a11db7a-70d238d00dffb7f31218b60e;ddd9f2d2-5b8d-43bc-91fe-8e21de0f4647'), (b'RateLimit', b'"resolvers";r=4975;t=161'), (b'RateLimit-Policy', b'"fixed window";"resolvers";q=5000;w=300'), (b'cross-origin-opener-policy', b'same-origin'), (b'Referrer-Policy', b'strict-origin-when-cross-origin'), (b'Access-Control-Max-Age', b'86400'), (b'Access-Control-Allow-Origin', b'https://huggingface.co'), (b'Access-Control-Expose-Headers', b'X-Repo-Commit,X-Request-Id,X-Error-Code,X-Error-Message,X-Total-Count,ETag,Link,Accept-Ranges,Content-Range,X-Linked-Size,X-Linked-ETag,X-Xet-Hash'), (b'X-Repo-Commit', b'e8f8c211226b894fcb81acc59f3b34ba3efd5f42'), (b'Accept-Ranges', b'bytes'), (b'X-Hub-Cache', b'MISS'), (b'Content-Disposition', b'inline; filename*=UTF-8\'\'tokenizer_config.json; filename="tokenizer_config.json";'), (b'Content-Security-Policy', b"default-src 'none'; sandbox"), (b'Vary', b'Origin'), (b'X-Cache', b'Hit from cloudfront'), (b'Via', b'1.1 dcfa20c2a21f99a696b77f7b84e39586.cloudfront.net (CloudFront)'), (b'X-Amz-Cf-Pop', b'ARN53-P3'), (b'X-Amz-Cf-Id', b'FJ2Q5a2XQHn6508BBFZCVqwhr3uVTpPIczEVkfoVrRnVGl9PbdVoTQ=='), (b'Age', b'184050')])
2026-05-25 23:00:44,557 | INFO     | httpx                | HTTP Request: HEAD https://huggingface.co/api/resolve-cache/models/sentence-transformers/paraphrase-multilingual-MiniLM-L12-v2/e8f8c211226b894fcb81acc59f3b34ba3efd5f42/tokenizer_config.json "HTTP/1.1 200 OK"
2026-05-25 23:00:44,558 | DEBUG    | httpcore.http11      | receive_response_body.started request=<Request [b'HEAD']>
2026-05-25 23:00:44,558 | DEBUG    | httpcore.http11      | receive_response_body.complete
2026-05-25 23:00:44,558 | DEBUG    | httpcore.http11      | response_closed.started
2026-05-25 23:00:44,558 | DEBUG    | httpcore.http11      | response_closed.complete
2026-05-25 23:00:44,572 | DEBUG    | httpcore.http11      | send_request_headers.started request=<Request [b'HEAD']>
2026-05-25 23:00:44,573 | DEBUG    | httpcore.http11      | send_request_headers.complete
2026-05-25 23:00:44,573 | DEBUG    | httpcore.http11      | send_request_body.started request=<Request [b'HEAD']>
2026-05-25 23:00:44,573 | DEBUG    | httpcore.http11      | send_request_body.complete
2026-05-25 23:00:44,573 | DEBUG    | httpcore.http11      | receive_response_headers.started request=<Request [b'HEAD']>
2026-05-25 23:00:44,725 | DEBUG    | httpcore.http11      | receive_response_headers.complete return_value=(b'HTTP/1.1', 307, b'Temporary Redirect', [(b'Content-Type', b'text/plain; charset=utf-8'), (b'Content-Length', b'342'), (b'Connection', b'keep-alive'), (b'Date', b'Mon, 25 May 2026 20:00:44 GMT'), (b'Location', b'/api/resolve-cache/models/sentence-transformers/paraphrase-multilingual-MiniLM-L12-v2/e8f8c211226b894fcb81acc59f3b34ba3efd5f42/tokenizer_config.json?%2Fsentence-transformers%2Fparaphrase-multilingual-MiniLM-L12-v2%2Fresolve%2Fmain%2Ftokenizer_config.json=&etag=%223c1b565ae10a15a1d0c31096f834af2fd9359e91%22'), (b'X-Powered-By', b'huggingface-moon'), (b'X-Request-Id', b'Root=1-6a14aa6c-6715c0077cb69f420b9450c5;e0f93564-0ad0-47d1-b339-827fd739a6f0'), (b'RateLimit', b'"resolvers";r=4980;t=11'), (b'RateLimit-Policy', b'"fixed window";"resolvers";q=5000;w=300'), (b'cross-origin-opener-policy', b'same-origin'), (b'Referrer-Policy', b'strict-origin-when-cross-origin'), (b'Access-Control-Max-Age', b'86400'), (b'Access-Control-Allow-Origin', b'https://huggingface.co'), (b'Vary', b'Origin, Accept'), (b'Access-Control-Expose-Headers', b'X-Repo-Commit,X-Request-Id,X-Error-Code,X-Error-Message,X-Total-Count,ETag,Link,Accept-Ranges,Content-Range,X-Linked-Size,X-Linked-ETag,X-Xet-Hash'), (b'X-Repo-Commit', b'e8f8c211226b894fcb81acc59f3b34ba3efd5f42'), (b'Accept-Ranges', b'bytes'), (b'X-Hub-Cache', b'HIT'), (b'Content-Disposition', b'inline; filename*=UTF-8\'\'tokenizer_config.json; filename="tokenizer_config.json";'), (b'Content-Security-Policy', b"default-src 'none'; sandbox"), (b'X-Linked-ETag', b'"3c1b565ae10a15a1d0c31096f834af2fd9359e91"'), (b'X-Cache', b'Miss from cloudfront'), (b'Via', b'1.1 dcfa20c2a21f99a696b77f7b84e39586.cloudfront.net (CloudFront)'), (b'X-Amz-Cf-Pop', b'ARN53-P3'), (b'X-Amz-Cf-Id', b'MN4akKbzXTGBgQpXHfgsJDDMOXA6-Ih9R05AMMb4wpIkkMdAtf6JuA==')])
2026-05-25 23:00:44,726 | INFO     | httpx                | HTTP Request: HEAD https://huggingface.co/sentence-transformers/paraphrase-multilingual-MiniLM-L12-v2/resolve/main/tokenizer_config.json "HTTP/1.1 307 Temporary Redirect"
2026-05-25 23:00:44,726 | DEBUG    | httpcore.http11      | receive_response_body.started request=<Request [b'HEAD']>
2026-05-25 23:00:44,726 | DEBUG    | httpcore.http11      | receive_response_body.complete
2026-05-25 23:00:44,726 | DEBUG    | httpcore.http11      | response_closed.started
2026-05-25 23:00:44,726 | DEBUG    | httpcore.http11      | response_closed.complete
2026-05-25 23:00:44,727 | DEBUG    | httpcore.http11      | send_request_headers.started request=<Request [b'HEAD']>
2026-05-25 23:00:44,727 | DEBUG    | httpcore.http11      | send_request_headers.complete
2026-05-25 23:00:44,727 | DEBUG    | httpcore.http11      | send_request_body.started request=<Request [b'HEAD']>
2026-05-25 23:00:44,728 | DEBUG    | httpcore.http11      | send_request_body.complete
2026-05-25 23:00:44,728 | DEBUG    | httpcore.http11      | receive_response_headers.started request=<Request [b'HEAD']>
2026-05-25 23:00:44,764 | DEBUG    | httpcore.http11      | receive_response_headers.complete return_value=(b'HTTP/1.1', 200, b'OK', [(b'Content-Type', b'text/plain; charset=utf-8'), (b'Content-Length', b'526'), (b'Connection', b'keep-alive'), (b'Date', b'Sat, 23 May 2026 16:53:14 GMT'), (b'ETag', b'"3c1b565ae10a15a1d0c31096f834af2fd9359e91"'), (b'X-Powered-By', b'huggingface-moon'), (b'X-Request-Id', b'Root=1-6a11db7a-70d238d00dffb7f31218b60e;ddd9f2d2-5b8d-43bc-91fe-8e21de0f4647'), (b'RateLimit', b'"resolvers";r=4975;t=161'), (b'RateLimit-Policy', b'"fixed window";"resolvers";q=5000;w=300'), (b'cross-origin-opener-policy', b'same-origin'), (b'Referrer-Policy', b'strict-origin-when-cross-origin'), (b'Access-Control-Max-Age', b'86400'), (b'Access-Control-Allow-Origin', b'https://huggingface.co'), (b'Access-Control-Expose-Headers', b'X-Repo-Commit,X-Request-Id,X-Error-Code,X-Error-Message,X-Total-Count,ETag,Link,Accept-Ranges,Content-Range,X-Linked-Size,X-Linked-ETag,X-Xet-Hash'), (b'X-Repo-Commit', b'e8f8c211226b894fcb81acc59f3b34ba3efd5f42'), (b'Accept-Ranges', b'bytes'), (b'X-Hub-Cache', b'MISS'), (b'Content-Disposition', b'inline; filename*=UTF-8\'\'tokenizer_config.json; filename="tokenizer_config.json";'), (b'Content-Security-Policy', b"default-src 'none'; sandbox"), (b'Vary', b'Origin'), (b'X-Cache', b'Hit from cloudfront'), (b'Via', b'1.1 dcfa20c2a21f99a696b77f7b84e39586.cloudfront.net (CloudFront)'), (b'X-Amz-Cf-Pop', b'ARN53-P3'), (b'X-Amz-Cf-Id', b'0KQ0VvSNpO9nJ9nEDEH6a7_Y16NTVK6iW_PURt0WNPnyb-_L3Zbe-g=='), (b'Age', b'184050')])
2026-05-25 23:00:44,765 | INFO     | httpx                | HTTP Request: HEAD https://huggingface.co/api/resolve-cache/models/sentence-transformers/paraphrase-multilingual-MiniLM-L12-v2/e8f8c211226b894fcb81acc59f3b34ba3efd5f42/tokenizer_config.json "HTTP/1.1 200 OK"
2026-05-25 23:00:44,765 | DEBUG    | httpcore.http11      | receive_response_body.started request=<Request [b'HEAD']>
2026-05-25 23:00:44,765 | DEBUG    | httpcore.http11      | receive_response_body.complete
2026-05-25 23:00:44,765 | DEBUG    | httpcore.http11      | response_closed.started
2026-05-25 23:00:44,765 | DEBUG    | httpcore.http11      | response_closed.complete
2026-05-25 23:00:44,776 | DEBUG    | httpcore.http11      | send_request_headers.started request=<Request [b'GET']>
2026-05-25 23:00:44,776 | DEBUG    | httpcore.http11      | send_request_headers.complete
2026-05-25 23:00:44,776 | DEBUG    | httpcore.http11      | send_request_body.started request=<Request [b'GET']>
2026-05-25 23:00:44,776 | DEBUG    | httpcore.http11      | send_request_body.complete
2026-05-25 23:00:44,776 | DEBUG    | httpcore.http11      | receive_response_headers.started request=<Request [b'GET']>
2026-05-25 23:00:44,943 | DEBUG    | httpcore.http11      | receive_response_headers.complete return_value=(b'HTTP/1.1', 404, b'Not Found', [(b'Content-Type', b'application/json; charset=utf-8'), (b'Content-Length', b'64'), (b'Connection', b'keep-alive'), (b'Date', b'Mon, 25 May 2026 20:00:44 GMT'), (b'ETag', b'W/"40-09f9IAqP13xarAhQxFS2W8rvRkM"'), (b'X-Powered-By', b'huggingface-moon'), (b'X-Request-Id', b'Root=1-6a14aa6c-0a5232eb0eec10663d5abfa3;55c66d63-17ec-4d49-8a62-e3bd6bf92c7c'), (b'RateLimit', b'"api";r=997;t=11'), (b'RateLimit-Policy', b'"fixed window";"api";q=1000;w=300'), (b'cross-origin-opener-policy', b'same-origin'), (b'Referrer-Policy', b'strict-origin-when-cross-origin'), (b'Access-Control-Max-Age', b'86400'), (b'Access-Control-Allow-Origin', b'https://huggingface.co'), (b'Vary', b'Origin'), (b'Access-Control-Expose-Headers', b'X-Repo-Commit,X-Request-Id,X-Error-Code,X-Error-Message,X-Total-Count,ETag,Link,Accept-Ranges,Content-Range,X-Linked-Size,X-Linked-ETag,X-Xet-Hash'), (b'X-Error-Code', b'EntryNotFound'), (b'X-Error-Message', b'additional_chat_templates does not exist on "main"'), (b'X-Cache', b'Error from cloudfront'), (b'Via', b'1.1 dcfa20c2a21f99a696b77f7b84e39586.cloudfront.net (CloudFront)'), (b'X-Amz-Cf-Pop', b'ARN53-P3'), (b'X-Amz-Cf-Id', b'eZGJrh_SlpVAOkKTsd0gK2dQKZZOmMakmdlf9u8-ZWdPIcLskzOh1Q==')])
2026-05-25 23:00:44,944 | INFO     | httpx                | HTTP Request: GET https://huggingface.co/api/models/sentence-transformers/paraphrase-multilingual-MiniLM-L12-v2/tree/main/additional_chat_templates?recursive=false&expand=false "HTTP/1.1 404 Not Found"
2026-05-25 23:00:44,944 | DEBUG    | httpcore.http11      | receive_response_body.started request=<Request [b'GET']>
2026-05-25 23:00:44,944 | DEBUG    | httpcore.http11      | receive_response_body.complete
2026-05-25 23:00:44,944 | DEBUG    | httpcore.http11      | response_closed.started
2026-05-25 23:00:44,944 | DEBUG    | httpcore.http11      | response_closed.complete
2026-05-25 23:00:44,946 | DEBUG    | httpcore.http11      | send_request_headers.started request=<Request [b'GET']>
2026-05-25 23:00:44,947 | DEBUG    | httpcore.http11      | send_request_headers.complete
2026-05-25 23:00:44,947 | DEBUG    | httpcore.http11      | send_request_body.started request=<Request [b'GET']>
2026-05-25 23:00:44,947 | DEBUG    | httpcore.http11      | send_request_body.complete
2026-05-25 23:00:44,947 | DEBUG    | httpcore.http11      | receive_response_headers.started request=<Request [b'GET']>
2026-05-25 23:00:45,109 | DEBUG    | httpcore.http11      | receive_response_headers.complete return_value=(b'HTTP/1.1', 200, b'OK', [(b'Content-Type', b'application/json; charset=utf-8'), (b'Transfer-Encoding', b'chunked'), (b'Connection', b'keep-alive'), (b'Date', b'Mon, 25 May 2026 20:00:45 GMT'), (b'content-encoding', b'gzip'), (b'ETag', b'W/"1a1a-eIPFSpQ81fGmZGh9OTetGAVBiHY"'), (b'X-Powered-By', b'huggingface-moon'), (b'X-Request-Id', b'Root=1-6a14aa6d-023a251857faf3f23d4d60d4;fbe6a7b5-8357-4b7a-8204-2e857477c4e8'), (b'RateLimit', b'"api";r=996;t=10'), (b'RateLimit-Policy', b'"fixed window";"api";q=1000;w=300'), (b'cross-origin-opener-policy', b'same-origin'), (b'Referrer-Policy', b'strict-origin-when-cross-origin'), (b'Access-Control-Max-Age', b'86400'), (b'Access-Control-Allow-Origin', b'https://huggingface.co'), (b'Vary', b'Origin'), (b'vary', b'Accept-Encoding'), (b'Access-Control-Expose-Headers', b'X-Repo-Commit,X-Request-Id,X-Error-Code,X-Error-Message,X-Total-Count,ETag,Link,Accept-Ranges,Content-Range,X-Linked-Size,X-Linked-ETag,X-Xet-Hash'), (b'X-Cache', b'Miss from cloudfront'), (b'Via', b'1.1 dcfa20c2a21f99a696b77f7b84e39586.cloudfront.net (CloudFront)'), (b'X-Amz-Cf-Pop', b'ARN53-P3'), (b'X-Amz-Cf-Id', b'YKBmFScq-9kc-L8cB4ksUNwrSijZcHFynkSRvqQTe4QsXGknrxs_sw==')])
2026-05-25 23:00:45,109 | INFO     | httpx                | HTTP Request: GET https://huggingface.co/api/models/sentence-transformers/paraphrase-multilingual-MiniLM-L12-v2/tree/main?recursive=true&expand=false "HTTP/1.1 200 OK"
2026-05-25 23:00:45,110 | DEBUG    | httpcore.http11      | receive_response_body.started request=<Request [b'GET']>
2026-05-25 23:00:45,110 | DEBUG    | httpcore.http11      | receive_response_body.complete
2026-05-25 23:00:45,110 | DEBUG    | httpcore.http11      | response_closed.started
2026-05-25 23:00:45,110 | DEBUG    | httpcore.http11      | response_closed.complete
2026-05-25 23:00:47,032 | DEBUG    | httpcore.http11      | send_request_headers.started request=<Request [b'GET']>
2026-05-25 23:00:47,033 | DEBUG    | httpcore.http11      | send_request_headers.complete
2026-05-25 23:00:47,033 | DEBUG    | httpcore.http11      | send_request_body.started request=<Request [b'GET']>
2026-05-25 23:00:47,033 | DEBUG    | httpcore.http11      | send_request_body.complete
2026-05-25 23:00:47,033 | DEBUG    | httpcore.http11      | receive_response_headers.started request=<Request [b'GET']>
2026-05-25 23:00:47,192 | DEBUG    | httpcore.http11      | receive_response_headers.complete return_value=(b'HTTP/1.1', 200, b'OK', [(b'Content-Type', b'application/json; charset=utf-8'), (b'Transfer-Encoding', b'chunked'), (b'Connection', b'keep-alive'), (b'Date', b'Mon, 25 May 2026 20:00:47 GMT'), (b'content-encoding', b'gzip'), (b'ETag', b'W/"1820-g/rJpFe9OBkr6O7Kx71G367UNGE"'), (b'X-Powered-By', b'huggingface-moon'), (b'X-Request-Id', b'Root=1-6a14aa6f-668afc3e3e6148736a8ede3c;f5b2574c-ffb4-498c-96ee-b9d778bec07e'), (b'RateLimit', b'"api";r=995;t=8'), (b'RateLimit-Policy', b'"fixed window";"api";q=1000;w=300'), (b'cross-origin-opener-policy', b'same-origin'), (b'Referrer-Policy', b'strict-origin-when-cross-origin'), (b'Access-Control-Max-Age', b'86400'), (b'Access-Control-Allow-Origin', b'https://huggingface.co'), (b'Vary', b'Origin'), (b'vary', b'Accept-Encoding'), (b'Access-Control-Expose-Headers', b'X-Repo-Commit,X-Request-Id,X-Error-Code,X-Error-Message,X-Total-Count,ETag,Link,Accept-Ranges,Content-Range,X-Linked-Size,X-Linked-ETag,X-Xet-Hash'), (b'X-Cache', b'Miss from cloudfront'), (b'Via', b'1.1 dcfa20c2a21f99a696b77f7b84e39586.cloudfront.net (CloudFront)'), (b'X-Amz-Cf-Pop', b'ARN53-P3'), (b'X-Amz-Cf-Id', b'kqEnC6fxYJvEE4gNCmm8FlnJ3uBC2WqAMUbCigRA9IuzUpDEszryRw==')])
2026-05-25 23:00:47,193 | INFO     | httpx                | HTTP Request: GET https://huggingface.co/api/models/sentence-transformers/paraphrase-multilingual-MiniLM-L12-v2 "HTTP/1.1 200 OK"
2026-05-25 23:00:47,193 | DEBUG    | httpcore.http11      | receive_response_body.started request=<Request [b'GET']>
2026-05-25 23:00:47,194 | DEBUG    | httpcore.http11      | receive_response_body.complete
2026-05-25 23:00:47,194 | DEBUG    | httpcore.http11      | response_closed.started
2026-05-25 23:00:47,194 | DEBUG    | httpcore.http11      | response_closed.complete
2026-05-25 23:00:47,411 | DEBUG    | sentence_transformers.base.modules.transformer | Active modality config: {'text': {'method': 'forward', 'method_output_name': 'last_hidden_state'}}
2026-05-25 23:00:47,414 | DEBUG    | httpcore.http11      | send_request_headers.started request=<Request [b'HEAD']>
2026-05-25 23:00:47,415 | DEBUG    | httpcore.http11      | send_request_headers.complete
2026-05-25 23:00:47,415 | DEBUG    | httpcore.http11      | send_request_body.started request=<Request [b'HEAD']>
2026-05-25 23:00:47,415 | DEBUG    | httpcore.http11      | send_request_body.complete
2026-05-25 23:00:47,415 | DEBUG    | httpcore.http11      | receive_response_headers.started request=<Request [b'HEAD']>
2026-05-25 23:00:47,570 | DEBUG    | httpcore.http11      | receive_response_headers.complete return_value=(b'HTTP/1.1', 307, b'Temporary Redirect', [(b'Content-Type', b'text/plain; charset=utf-8'), (b'Content-Length', b'346'), (b'Connection', b'keep-alive'), (b'Date', b'Mon, 25 May 2026 20:00:47 GMT'), (b'Location', b'/api/resolve-cache/models/sentence-transformers/paraphrase-multilingual-MiniLM-L12-v2/e8f8c211226b894fcb81acc59f3b34ba3efd5f42/1_Pooling%2Fconfig.json?%2Fsentence-transformers%2Fparaphrase-multilingual-MiniLM-L12-v2%2Fresolve%2Fmain%2F1_Pooling%2Fconfig.json=&etag=%22d1514c3162bbe87b343f565fadc62e6c06f04f03%22'), (b'X-Powered-By', b'huggingface-moon'), (b'X-Request-Id', b'Root=1-6a14aa6f-0af092d11219f39b2bc88e54;37a356e8-1a39-4067-9f1c-ffab282905c6'), (b'RateLimit', b'"resolvers";r=4979;t=8'), (b'RateLimit-Policy', b'"fixed window";"resolvers";q=5000;w=300'), (b'cross-origin-opener-policy', b'same-origin'), (b'Referrer-Policy', b'strict-origin-when-cross-origin'), (b'Access-Control-Max-Age', b'86400'), (b'Access-Control-Allow-Origin', b'https://huggingface.co'), (b'Vary', b'Origin, Accept'), (b'Access-Control-Expose-Headers', b'X-Repo-Commit,X-Request-Id,X-Error-Code,X-Error-Message,X-Total-Count,ETag,Link,Accept-Ranges,Content-Range,X-Linked-Size,X-Linked-ETag,X-Xet-Hash'), (b'X-Repo-Commit', b'e8f8c211226b894fcb81acc59f3b34ba3efd5f42'), (b'Accept-Ranges', b'bytes'), (b'X-Hub-Cache', b'HIT'), (b'Content-Disposition', b'inline; filename*=UTF-8\'\'config.json; filename="config.json";'), (b'Content-Security-Policy', b"default-src 'none'; sandbox"), (b'X-Linked-ETag', b'"d1514c3162bbe87b343f565fadc62e6c06f04f03"'), (b'X-Cache', b'Miss from cloudfront'), (b'Via', b'1.1 dcfa20c2a21f99a696b77f7b84e39586.cloudfront.net (CloudFront)'), (b'X-Amz-Cf-Pop', b'ARN53-P3'), (b'X-Amz-Cf-Id', b'zRgElJSD3GeXhudKsZnoQo2CfsTfyxIS7UwoHriYpMAX0K4CKNl81w==')])
2026-05-25 23:00:47,570 | INFO     | httpx                | HTTP Request: HEAD https://huggingface.co/sentence-transformers/paraphrase-multilingual-MiniLM-L12-v2/resolve/main/1_Pooling/config.json "HTTP/1.1 307 Temporary Redirect"
2026-05-25 23:00:47,570 | DEBUG    | httpcore.http11      | receive_response_body.started request=<Request [b'HEAD']>
2026-05-25 23:00:47,571 | DEBUG    | httpcore.http11      | receive_response_body.complete
2026-05-25 23:00:47,571 | DEBUG    | httpcore.http11      | response_closed.started
2026-05-25 23:00:47,571 | DEBUG    | httpcore.http11      | response_closed.complete
2026-05-25 23:00:47,571 | DEBUG    | httpcore.http11      | send_request_headers.started request=<Request [b'HEAD']>
2026-05-25 23:00:47,571 | DEBUG    | httpcore.http11      | send_request_headers.complete
2026-05-25 23:00:47,572 | DEBUG    | httpcore.http11      | send_request_body.started request=<Request [b'HEAD']>
2026-05-25 23:00:47,572 | DEBUG    | httpcore.http11      | send_request_body.complete
2026-05-25 23:00:47,572 | DEBUG    | httpcore.http11      | receive_response_headers.started request=<Request [b'HEAD']>
2026-05-25 23:00:47,623 | DEBUG    | httpcore.http11      | receive_response_headers.complete return_value=(b'HTTP/1.1', 200, b'OK', [(b'Content-Type', b'text/plain; charset=utf-8'), (b'Content-Length', b'190'), (b'Connection', b'keep-alive'), (b'Date', b'Sat, 23 May 2026 16:53:20 GMT'), (b'ETag', b'"d1514c3162bbe87b343f565fadc62e6c06f04f03"'), (b'X-Powered-By', b'huggingface-moon'), (b'X-Request-Id', b'Root=1-6a11db80-47101ded522f1e9f41804de6;bb4c22d3-d12e-4dff-9a48-b8da9b2cd5e7'), (b'RateLimit', b'"resolvers";r=4961;t=155'), (b'RateLimit-Policy', b'"fixed window";"resolvers";q=5000;w=300'), (b'cross-origin-opener-policy', b'same-origin'), (b'Referrer-Policy', b'strict-origin-when-cross-origin'), (b'Access-Control-Max-Age', b'86400'), (b'Access-Control-Allow-Origin', b'https://huggingface.co'), (b'Access-Control-Expose-Headers', b'X-Repo-Commit,X-Request-Id,X-Error-Code,X-Error-Message,X-Total-Count,ETag,Link,Accept-Ranges,Content-Range,X-Linked-Size,X-Linked-ETag,X-Xet-Hash'), (b'X-Repo-Commit', b'e8f8c211226b894fcb81acc59f3b34ba3efd5f42'), (b'Accept-Ranges', b'bytes'), (b'X-Hub-Cache', b'MISS'), (b'Content-Disposition', b'inline; filename*=UTF-8\'\'config.json; filename="config.json";'), (b'Content-Security-Policy', b"default-src 'none'; sandbox"), (b'Vary', b'Origin'), (b'X-Cache', b'Hit from cloudfront'), (b'Via', b'1.1 dcfa20c2a21f99a696b77f7b84e39586.cloudfront.net (CloudFront)'), (b'X-Amz-Cf-Pop', b'ARN53-P3'), (b'X-Amz-Cf-Id', b'ySSa96634K_Twi-pwxEKwNq9vVrHXygtaXrQp67XF8ZTCz6kBInRLQ=='), (b'Age', b'184047')])
2026-05-25 23:00:47,624 | INFO     | httpx                | HTTP Request: HEAD https://huggingface.co/api/resolve-cache/models/sentence-transformers/paraphrase-multilingual-MiniLM-L12-v2/e8f8c211226b894fcb81acc59f3b34ba3efd5f42/1_Pooling%2Fconfig.json "HTTP/1.1 200 OK"
2026-05-25 23:00:47,624 | DEBUG    | httpcore.http11      | receive_response_body.started request=<Request [b'HEAD']>
2026-05-25 23:00:47,624 | DEBUG    | httpcore.http11      | receive_response_body.complete
2026-05-25 23:00:47,624 | DEBUG    | httpcore.http11      | response_closed.started
2026-05-25 23:00:47,624 | DEBUG    | httpcore.http11      | response_closed.complete
2026-05-25 23:00:47,630 | DEBUG    | httpcore.http11      | send_request_headers.started request=<Request [b'GET']>
2026-05-25 23:00:47,630 | DEBUG    | httpcore.http11      | send_request_headers.complete
2026-05-25 23:00:47,630 | DEBUG    | httpcore.http11      | send_request_body.started request=<Request [b'GET']>
2026-05-25 23:00:47,631 | DEBUG    | httpcore.http11      | send_request_body.complete
2026-05-25 23:00:47,631 | DEBUG    | httpcore.http11      | receive_response_headers.started request=<Request [b'GET']>
2026-05-25 23:00:47,790 | DEBUG    | httpcore.http11      | receive_response_headers.complete return_value=(b'HTTP/1.1', 200, b'OK', [(b'Content-Type', b'application/json; charset=utf-8'), (b'Transfer-Encoding', b'chunked'), (b'Connection', b'keep-alive'), (b'Date', b'Mon, 25 May 2026 20:00:47 GMT'), (b'content-encoding', b'gzip'), (b'ETag', b'W/"1820-g/rJpFe9OBkr6O7Kx71G367UNGE"'), (b'X-Powered-By', b'huggingface-moon'), (b'X-Request-Id', b'Root=1-6a14aa6f-18d266d506b293cb683abfff;ca4829d0-abb0-4132-b59f-20688a94624e'), (b'RateLimit', b'"api";r=994;t=8'), (b'RateLimit-Policy', b'"fixed window";"api";q=1000;w=300'), (b'cross-origin-opener-policy', b'same-origin'), (b'Referrer-Policy', b'strict-origin-when-cross-origin'), (b'Access-Control-Max-Age', b'86400'), (b'Access-Control-Allow-Origin', b'https://huggingface.co'), (b'Vary', b'Origin'), (b'vary', b'Accept-Encoding'), (b'Access-Control-Expose-Headers', b'X-Repo-Commit,X-Request-Id,X-Error-Code,X-Error-Message,X-Total-Count,ETag,Link,Accept-Ranges,Content-Range,X-Linked-Size,X-Linked-ETag,X-Xet-Hash'), (b'X-Cache', b'Miss from cloudfront'), (b'Via', b'1.1 dcfa20c2a21f99a696b77f7b84e39586.cloudfront.net (CloudFront)'), (b'X-Amz-Cf-Pop', b'ARN53-P3'), (b'X-Amz-Cf-Id', b'JyjRj7LCoHkuyk0k3cIbJue8Cu2UHP3_6ie_5qjmGo8vlf1CoXdzEg==')])
2026-05-25 23:00:47,791 | INFO     | httpx                | HTTP Request: GET https://huggingface.co/api/models/sentence-transformers/paraphrase-multilingual-MiniLM-L12-v2 "HTTP/1.1 200 OK"
2026-05-25 23:00:47,791 | DEBUG    | httpcore.http11      | receive_response_body.started request=<Request [b'GET']>
2026-05-25 23:00:47,791 | DEBUG    | httpcore.http11      | receive_response_body.complete
2026-05-25 23:00:47,791 | DEBUG    | httpcore.http11      | response_closed.started
2026-05-25 23:00:47,791 | DEBUG    | httpcore.http11      | response_closed.complete
2026-05-25 23:00:47,797 | INFO     | modules.filter.stt_filter.should_shut_up.should_shut_up_model | ✓ ShouldShutUpModel initialized successfully
2026-05-25 23:00:47,798 | DEBUG    | modules.filter.stt_filter.stt_filter | ✓ Models loaded
2026-05-25 23:00:47,798 | INFO     | modules.filter.stt_filter.stt_filter | ✓ SttFilter initialized successfully
2026-05-25 23:00:47,798 | DEBUG    | modules.filter.filter | ✓ STT filter loaded
2026-05-25 23:00:47,798 | DEBUG    | modules.filter.filter | CV filter: Not yet implemented
2026-05-25 23:00:47,798 | DEBUG    | modules.filter.filter | System filter: Not yet implemented
2026-05-25 23:00:47,798 | INFO     | modules.filter.filter | ✓ Filter module initialized successfully
2026-05-25 23:00:47,798 | DEBUG    | modules.filter.filter | Dialogue continuation mode: False
2026-05-25 23:00:47,798 | DEBUG    | main_module          | ✓ Filter module loaded
2026-05-25 23:00:47,799 | DEBUG    | main_module          | Initializing Dispatcher module...
2026-05-25 23:00:47,799 | INFO     | modules.dispatcher.dispatcher | Initializing Dispatcher module...
2026-05-25 23:00:47,799 | DEBUG    | modules.dispatcher.dispatcher | Loading NeedMath model...
2026-05-25 23:00:47,799 | INFO     | modules.dispatcher.need_math | NeedMath classifier initialized
2026-05-25 23:00:47,799 | DEBUG    | modules.dispatcher.need_math | NeedMath is ready to filter mathematical expressions
2026-05-25 23:00:47,799 | DEBUG    | modules.dispatcher.dispatcher | ✓ NeedMath model loaded
2026-05-25 23:00:47,799 | DEBUG    | modules.dispatcher.dispatcher | Loading NeedConsole model...
2026-05-25 23:00:47,799 | INFO     | modules.dispatcher.need_console | NeedConsole classifier initialized
2026-05-25 23:00:47,799 | DEBUG    | modules.dispatcher.need_console | NeedConsole is ready to filter console commands
2026-05-25 23:00:47,799 | DEBUG    | modules.dispatcher.dispatcher | ✓ NeedConsole model loaded
2026-05-25 23:00:47,799 | INFO     | modules.dispatcher.dispatcher | ✓ Dispatcher initialized successfully
2026-05-25 23:00:47,800 | DEBUG    | main_module          | ✓ Dispatcher module loaded
2026-05-25 23:00:47,800 | DEBUG    | main_module          | Initializing PreProcess module...
2026-05-25 23:00:47,800 | INFO     | modules.pre_process.pre_process | PreProcess module initialized
2026-05-25 23:00:47,800 | DEBUG    | modules.pre_process.pre_process | PreProcess is ready to process input data
2026-05-25 23:00:47,800 | DEBUG    | main_module          | ✓ PreProcess module loaded
2026-05-25 23:00:47,800 | INFO     | main_module          | ✓ Core modules initialized successfully
2026-05-25 23:00:47,800 | INFO     | main_module          | Core data structure initialized | context_size=0 | modules_online={'stt': False, 'cv': False, 'sys': False}
2026-05-25 23:00:47,800 | INFO     | main_module          | ==================================================
2026-05-25 23:00:47,800 | INFO     | server               | ✓ Core service initialized successfully
2026-05-25 23:00:47,801 | INFO     | server               | Server ready to accept requests on port 8000
2026-05-25 23:00:47,801 | INFO     | server               | ============================================================
2026-05-25 23:00:47,847 | INFO     | uvicorn.error        | Started server process [8662]
2026-05-25 23:00:47,847 | INFO     | uvicorn.error        | Waiting for application startup.
2026-05-25 23:00:47,849 | INFO     | server               | ============================================================
2026-05-25 23:00:47,849 | INFO     | server               | CORE SERVICE STARTUP COMPLETED
2026-05-25 23:00:47,849 | INFO     | server               | ============================================================
2026-05-25 23:00:47,849 | INFO     | uvicorn.error        | Application startup complete.
2026-05-25 23:00:47,850 | INFO     | uvicorn.error        | Uvicorn running on http://127.0.0.1:8000 (Press CTRL+C to quit)
2026-05-25 23:01:47,342 | INFO     | server               | 📥 STT POST request received | lang=ru | text_len=28
2026-05-25 23:01:47,343 | DEBUG    | server               | STT request details | speaker=Владелец | text='Агат, включи свет в комнате ...' if len(speach_info.text) > 100 else 'Агат, включи свет в комнате '
2026-05-25 23:01:47,343 | DEBUG    | server               | ✓ STT background task added to queue
2026-05-25 23:01:47,344 | INFO     | uvicorn.access       | 127.0.0.1:45778 - "POST /core/stt HTTP/1.1" 200
2026-05-25 23:01:47,345 | INFO     | main_module          | STT input received | speaker=Владелец | language=ru | text_len=28
2026-05-25 23:01:47,345 | DEBUG    | main_module          | STT input text: 'Агат, включи свет в комнате '
2026-05-25 23:01:47,346 | DEBUG    | main_module          | STT data updated | timestamp=1779739307.346081 | context_size=0
2026-05-25 23:01:47,346 | DEBUG    | main_module          | === Starting input filtering pipeline ===
2026-05-25 23:01:47,346 | DEBUG    | main_module          | Current context size: 0 elements
2026-05-25 23:01:47,346 | DEBUG    | main_module          | STT text: 'Агат, включи свет в комнате '
2026-05-25 23:01:47,347 | INFO     | main_module          | 🔍 Filtering input - Checking if answer is needed
2026-05-25 23:01:47,347 | DEBUG    | main_module          | Input STT text: 'Агат, включи свет в комнате '
2026-05-25 23:01:47,347 | DEBUG    | modules.filter.stt_filter.stt_filter | Checking if should shut up | input_text='Агат, включи свет в комнате ...'
2026-05-25 23:01:47,347 | DEBUG    | modules.filter.stt_filter.stt_filter | Checking if should shut up...
2026-05-25 23:01:47,347 | DEBUG    | modules.filter.stt_filter.should_shut_up.should_shut_up_model | ShouldShutUpModel call | input_text='Агат, включи свет в комнате ...'
2026-05-25 23:01:47,348 | DEBUG    | modules.filter.stt_filter.should_shut_up.should_shut_up_model | Pre-processing input...
2026-05-25 23:01:47,348 | DEBUG    | modules.filter.stt_filter.should_shut_up.should_shut_up_model | Pre-processing input...
2026-05-25 23:01:47,348 | DEBUG    | modules.filter.stt_filter.should_shut_up.should_shut_up_model | Pre-processing complete | output_len=28
2026-05-25 23:01:47,351 | DEBUG    | modules.filter.stt_filter.should_shut_up.should_shut_up_model | Pre-processing complete | processed_len=28
2026-05-25 23:01:47,351 | DEBUG    | modules.filter.stt_filter.should_shut_up.should_shut_up_model | Running model inference...
2026-05-25 23:01:47,397 | INFO     | modules.filter.stt_filter.should_shut_up.should_shut_up_model | ✓ Importance score calculated | score=0.000
2026-05-25 23:01:47,397 | DEBUG    | modules.filter.stt_filter.should_shut_up.should_shut_up_model | Processed input: Агат, включи свет в комнате 
2026-05-25 23:01:47,397 | DEBUG    | modules.filter.stt_filter.stt_filter | Should shut up result: 0.0
2026-05-25 23:01:47,398 | DEBUG    | modules.filter.filter | === Starting parallel filtering ===
2026-05-25 23:01:47,398 | DEBUG    | modules.filter.filter | Creating STT filter thread...
2026-05-25 23:01:47,398 | DEBUG    | modules.filter.filter | Creating CV filter thread...
2026-05-25 23:01:47,398 | DEBUG    | modules.filter.filter | Creating System filter thread...
2026-05-25 23:01:47,398 | DEBUG    | modules.filter.filter | Starting all filter threads...
2026-05-25 23:01:47,398 | DEBUG    | modules.filter.filter | STT filter: Analyzing speech input...
2026-05-25 23:01:47,398 | DEBUG    | modules.filter.filter | Thread started: STT-Filter-Thread
2026-05-25 23:01:47,398 | DEBUG    | modules.filter.stt_filter.stt_filter | SttFilter called | input_text='Агат, включи свет в комнате ...' | dialogue_continues=False
2026-05-25 23:01:47,398 | DEBUG    | modules.filter.filter | CV filter: Not yet implemented - marking as unimportant
2026-05-25 23:01:47,398 | DEBUG    | modules.filter.filter | Thread started: CV-Filter-Thread
2026-05-25 23:01:47,399 | DEBUG    | modules.filter.stt_filter.stt_filter | Dialogue not active - using higher threshold: 0.8
2026-05-25 23:01:47,399 | DEBUG    | modules.filter.filter | System filter: Not yet implemented - marking as unimportant
2026-05-25 23:01:47,399 | DEBUG    | modules.filter.filter | Thread started: Sys-Filter-Thread
2026-05-25 23:01:47,399 | DEBUG    | modules.filter.stt_filter.stt_filter | Importance threshold: 0.8 (dialogue_continues=False)
2026-05-25 23:01:47,399 | DEBUG    | modules.filter.filter | Waiting for all filter threads to complete...
2026-05-25 23:01:47,399 | DEBUG    | modules.filter.stt_filter.stt_filter | Checking importance | threshold=0.8 | context_size=0
2026-05-25 23:01:47,399 | DEBUG    | modules.filter.stt_filter.stt_filter | Dialogue not active - using empty context for evaluation
2026-05-25 23:01:47,399 | DEBUG    | modules.filter.stt_filter.stt_filter | Getting importance score from SttImpModel...
2026-05-25 23:01:47,399 | DEBUG    | modules.filter.stt_filter.imp_model.imp_model | SttImpModel call | input_text='Агат, включи свет в комнате ...' | context_size=0
2026-05-25 23:01:47,400 | DEBUG    | modules.filter.stt_filter.imp_model.imp_model | Pre-processing input...
2026-05-25 23:01:47,400 | DEBUG    | modules.filter.stt_filter.imp_model.imp_model | Pre-processing context...
2026-05-25 23:01:47,400 | DEBUG    | modules.filter.stt_filter.imp_model.imp_model | Processing context | size=0
2026-05-25 23:01:47,400 | DEBUG    | modules.filter.stt_filter.imp_model.imp_model | Adding current input | text='Агат, включи свет в комнате ...'
2026-05-25 23:01:47,400 | DEBUG    | modules.filter.stt_filter.imp_model.imp_model | Pre-processing complete | output_len=35
2026-05-25 23:01:47,400 | DEBUG    | modules.filter.stt_filter.imp_model.imp_model | Pre-processing complete | processed_len=35
2026-05-25 23:01:47,400 | DEBUG    | modules.filter.stt_filter.imp_model.imp_model | Running model inference...
2026-05-25 23:01:47,525 | DEBUG    | modules.filter.stt_filter.imp_model.models.own_model.transformer.encoder.forward |     Encoder layer input: torch.Size([1, 512, 256]) (with padding mask)
2026-05-25 23:01:47,526 | DEBUG    | modules.filter.stt_filter.imp_model.models.own_model.transformer.pytorch_attention.attention |       MHA: Q=torch.Size([1, 512, 256]), K=torch.Size([1, 512, 256]), V=torch.Size([1, 512, 256])
2026-05-25 23:01:47,526 | DEBUG    | modules.filter.stt_filter.imp_model.models.own_model.transformer.pytorch_attention.attention |       Mask applied: torch.Size([1, 1, 1, 512])
2026-05-25 23:01:47,551 | DEBUG    | modules.filter.stt_filter.imp_model.models.own_model.transformer.encoder.forward |     Encoder layer output: torch.Size([1, 512, 256])
2026-05-25 23:01:47,552 | INFO     | modules.filter.stt_filter.imp_model.imp_model | ✓ Importance score calculated | score=1.000
2026-05-25 23:01:47,552 | DEBUG    | modules.filter.stt_filter.imp_model.imp_model | Processed input: /user Агат, включи свет в комнате ;
2026-05-25 23:01:47,553 | DEBUG    | modules.filter.stt_filter.stt_filter | ✓ Importance score obtained: 1.000
2026-05-25 23:01:47,553 | DEBUG    | modules.filter.stt_filter.stt_filter | Importance value: 1.000 | Threshold: 0.8 | Important: True
2026-05-25 23:01:47,553 | DEBUG    | modules.filter.stt_filter.stt_filter | Importance: True (threshold: 0.8)
2026-05-25 23:01:47,553 | INFO     | modules.filter.stt_filter.stt_filter | Dialogue state changed: False → True
2026-05-25 23:01:47,553 | DEBUG    | modules.filter.filter | STT filter result: True
2026-05-25 23:01:47,553 | DEBUG    | modules.filter.filter | Thread completed: STT-Filter-Thread
2026-05-25 23:01:47,554 | DEBUG    | modules.filter.filter | Thread completed: CV-Filter-Thread
2026-05-25 23:01:47,554 | DEBUG    | modules.filter.filter | Thread completed: Sys-Filter-Thread
2026-05-25 23:01:47,554 | DEBUG    | modules.filter.filter | === Filtering complete | Results: {'cv': False, 'sys': False, 'stt': True} ===
2026-05-25 23:01:47,554 | DEBUG    | main_module          | Filter importance results: {'cv': False, 'sys': False, 'stt': True}
2026-05-25 23:01:47,554 | DEBUG    | main_module          | Updating input importance flags
2026-05-25 23:01:47,554 | DEBUG    | main_module          | Input importance updated | stt=True | cv=False | sys=False
2026-05-25 23:01:47,554 | INFO     | main_module          | ✓ Answer needed | important_sources=['stt']
2026-05-25 23:01:47,555 | INFO     | main_module          | Filter decision | need_answer=True
2026-05-25 23:01:47,555 | INFO     | main_module          | ✓ Input approved by filter - Processing...
2026-05-25 23:01:47,555 | DEBUG    | main_module          | Filter importance: stt=True | cv=False | sys=False
2026-05-25 23:01:47,555 | DEBUG    | main_module          | Starting pre-processing...
2026-05-25 23:01:47,555 | INFO     | modules.pre_process.pre_process | 🔄 Pre-processing input data
2026-05-25 23:01:47,555 | DEBUG    | modules.pre_process.pre_process | Input keys: ['stt', 'cv', 'sys'] | Extra keys: []
2026-05-25 23:01:47,555 | DEBUG    | modules.pre_process.pre_process | Creating context element...
2026-05-25 23:01:47,555 | DEBUG    | modules.pre_process.pre_process | Creating context element from input
2026-05-25 23:01:47,555 | DEBUG    | modules.pre_process.pre_process | Processing System data | importance=False
2026-05-25 23:01:47,556 | DEBUG    | modules.pre_process.pre_process | System data marked unimportant | returning None
2026-05-25 23:01:47,556 | DEBUG    | modules.pre_process.pre_process | System data processed | important=False | content='None'
2026-05-25 23:01:47,556 | DEBUG    | modules.pre_process.pre_process | Processing CV data | importance=False
2026-05-25 23:01:47,556 | DEBUG    | modules.pre_process.pre_process | CV data marked unimportant | returning None
2026-05-25 23:01:47,556 | DEBUG    | modules.pre_process.pre_process | CV data processed | important=False | content='None'
2026-05-25 23:01:47,556 | DEBUG    | modules.pre_process.pre_process | Processing STT data | importance=True
2026-05-25 23:01:47,556 | DEBUG    | modules.pre_process.pre_process | STT data marked important | result: Владелец: Агат, включи свет в комнате 
2026-05-25 23:01:47,556 | DEBUG    | modules.pre_process.pre_process | STT data processed | important=True | content='Владелец: Агат, включи свет в комнате '
2026-05-25 23:01:47,556 | DEBUG    | modules.pre_process.pre_process | Final context element: {'/sys': None, '/cv': None, '/user': 'Владелец: Агат, включи свет в комнате '}
2026-05-25 23:01:47,556 | DEBUG    | modules.pre_process.pre_process | Context element created | keys: ['/sys', '/cv', '/user']
2026-05-25 23:01:47,556 | DEBUG    | modules.pre_process.pre_process | Processing extra information...
2026-05-25 23:01:47,557 | DEBUG    | modules.pre_process.pre_process | Processing extra information | keys: []
2026-05-25 23:01:47,557 | DEBUG    | modules.pre_process.pre_process | Extra information processed | final_len=0 | content: ...
2026-05-25 23:01:47,557 | DEBUG    | modules.pre_process.pre_process | Extra information processed | content_len=0
2026-05-25 23:01:47,557 | DEBUG    | modules.pre_process.pre_process | Adding extra information to context...
2026-05-25 23:01:47,557 | DEBUG    | modules.pre_process.pre_process | Adding extra information to context | extra_len=0
2026-05-25 23:01:47,557 | DEBUG    | modules.pre_process.pre_process | Extra information added | new_keys: ['/sys', '/cv', '/user', '/hint']
2026-05-25 23:01:47,559 | DEBUG    | modules.pre_process.pre_process | Model input prepared | keys: ['/sys', '/cv', '/user', '/hint']
2026-05-25 23:01:47,560 | INFO     | modules.pre_process.pre_process | ✓ Pre-processing completed successfully | model_input: {'/sys': None, '/cv': None, '/user': 'Владелец: Агат, включи свет в комнате ', '/hint': ''}
2026-05-25 23:01:47,560 | DEBUG    | main_module          | Pre-processing completed | input_keys=['/sys', '/cv', '/user', '/hint']
2026-05-25 23:01:47,560 | ERROR    | main_module          | ✗ Chat request error: TypeError: Core._send_request_to_llm() missing 1 required positional argument: 'context'
Traceback (most recent call last):
  File "/mnt/windows/Programs/ProgramingProjects/Python/projects/AGAT_System/core/main_module.py", line 117, in _main_pipeline
    model_answer = self._send_request_to_llm(self.data['context'])
TypeError: Core._send_request_to_llm() missing 1 required positional argument: 'context'
2026-05-25 23:05:31,816 | INFO     | uvicorn.error        | Shutting down
2026-05-25 23:05:31,917 | INFO     | uvicorn.error        | Waiting for application shutdown.
2026-05-25 23:05:31,917 | INFO     | server               | ============================================================
2026-05-25 23:05:31,918 | INFO     | server               | CORE SERVICE SHUTTING DOWN
2026-05-25 23:05:31,918 | INFO     | server               | ============================================================
2026-05-25 23:05:31,918 | INFO     | uvicorn.error        | Application shutdown complete.
2026-05-25 23:05:31,918 | INFO     | uvicorn.error        | Finished server process [8662]
2026-05-25 23:05:31,921 | DEBUG    | httpcore.connection  | close.started
2026-05-25 23:05:31,922 | DEBUG    | httpcore.connection  | close.complete
