2026-05-25 12:22:01,416 | INFO     | server               | ============================================================
2026-05-25 12:22:01,417 | INFO     | server               | CORE SERVICE INITIALIZATION
2026-05-25 12:22:01,417 | INFO     | server               | ============================================================
2026-05-25 12:22:01,418 | INFO     | server               | Creating Core instance...
2026-05-25 12:22:01,418 | INFO     | main_module          | ==================================================
2026-05-25 12:22:01,418 | INFO     | main_module          | Core module initialization started
2026-05-25 12:22:01,418 | DEBUG    | main_module          | Initializing Filter module...
2026-05-25 12:22:01,419 | INFO     | modules.filter.filter | Initializing Filter module...
2026-05-25 12:22:01,419 | DEBUG    | modules.filter.filter | Loading STT filter model...
2026-05-25 12:22:01,419 | INFO     | modules.filter.stt_filter.stt_filter | Initializing SttFilter...
2026-05-25 12:22:01,419 | DEBUG    | modules.filter.stt_filter.stt_filter | Loading SttImpModel...
2026-05-25 12:22:01,419 | INFO     | modules.filter.stt_filter.imp_model.imp_model | Initializing SttImpModel...
2026-05-25 12:22:01,420 | DEBUG    | modules.filter.stt_filter.imp_model.imp_model | Loading Model...
2026-05-25 12:22:02,120 | INFO     | modules.filter.stt_filter.imp_model.models.own_model.transformer.pytorch_attention.init | MultiHeadAttention initialized
2026-05-25 12:22:02,121 | INFO     | modules.filter.stt_filter.imp_model.models.own_model.transformer.pytorch_attention.init | MultiHeadAttentionlConfig: d_model=256, heads=8
2026-05-25 12:22:02,130 | INFO     | modules.filter.stt_filter.imp_model.models.own_model.transformer.feedforward.init | Feedforward initialized
2026-05-25 12:22:02,133 | INFO     | modules.filter.stt_filter.imp_model.models.own_model.transformer.feedforward.init | FeedforwardlConfig: d_model=256, d_ff=1024
2026-05-25 12:22:02,184 | INFO     | modules.filter.stt_filter.imp_model.models.own_model.transformer.encoder.init | Encoder initialized
2026-05-25 12:22:02,184 | INFO     | modules.filter.stt_filter.imp_model.models.own_model.transformer.encoder.init | EncoderlConfig: d_model=256, heads=8, d_ff=1024, dropout=0.31622776601683794
2026-05-25 12:22:02,224 | DEBUG    | httpcore.connection  | connect_tcp.started host='huggingface.co' port=443 local_address=None timeout=10 socket_options=None
2026-05-25 12:22:02,257 | DEBUG    | httpcore.connection  | connect_tcp.complete return_value=<httpcore._backends.sync.SyncStream object at 0x7f4e7497a620>
2026-05-25 12:22:02,258 | DEBUG    | httpcore.connection  | start_tls.started ssl_context=<ssl.SSLContext object at 0x7f4e74986cc0> server_hostname='huggingface.co' timeout=10
2026-05-25 12:22:02,283 | DEBUG    | httpcore.connection  | start_tls.complete return_value=<httpcore._backends.sync.SyncStream object at 0x7f4e7497a5c0>
2026-05-25 12:22:02,283 | DEBUG    | httpcore.http11      | send_request_headers.started request=<Request [b'HEAD']>
2026-05-25 12:22:02,284 | DEBUG    | httpcore.http11      | send_request_headers.complete
2026-05-25 12:22:02,284 | DEBUG    | httpcore.http11      | send_request_body.started request=<Request [b'HEAD']>
2026-05-25 12:22:02,285 | DEBUG    | httpcore.http11      | send_request_body.complete
2026-05-25 12:22:02,285 | DEBUG    | httpcore.http11      | receive_response_headers.started request=<Request [b'HEAD']>
2026-05-25 12:22:02,435 | DEBUG    | httpcore.http11      | receive_response_headers.complete return_value=(b'HTTP/1.1', 307, b'Temporary Redirect', [(b'Content-Type', b'text/plain; charset=utf-8'), (b'Content-Length', b'238'), (b'Connection', b'keep-alive'), (b'Date', b'Mon, 25 May 2026 09:22:02 GMT'), (b'Location', b'/api/resolve-cache/models/boltuix/bert-lite/bc0e85c1c303ee38a6b4a7276ce7cf6d0581cce5/config.json?%2Fboltuix%2Fbert-lite%2Fresolve%2Fmain%2Fconfig.json=&etag=%2281ba83673fa0d07fc98d4ba418715df42ab28a6f%22'), (b'X-Powered-By', b'huggingface-moon'), (b'X-Request-Id', b'Root=1-6a1414ba-392ca2c815aa639f404f992f;e72838fc-33df-4b99-8e7f-01329a7735cc'), (b'RateLimit', b'"resolvers";r=4999;t=233'), (b'RateLimit-Policy', b'"fixed window";"resolvers";q=5000;w=300'), (b'cross-origin-opener-policy', b'same-origin'), (b'Referrer-Policy', b'strict-origin-when-cross-origin'), (b'Access-Control-Max-Age', b'86400'), (b'Access-Control-Allow-Origin', b'https://huggingface.co'), (b'Vary', b'Origin, Accept'), (b'Access-Control-Expose-Headers', b'X-Repo-Commit,X-Request-Id,X-Error-Code,X-Error-Message,X-Total-Count,ETag,Link,Accept-Ranges,Content-Range,X-Linked-Size,X-Linked-ETag,X-Xet-Hash'), (b'X-Repo-Commit', b'bc0e85c1c303ee38a6b4a7276ce7cf6d0581cce5'), (b'Accept-Ranges', b'bytes'), (b'X-Hub-Cache', b'MISS'), (b'Content-Disposition', b'inline; filename*=UTF-8\'\'config.json; filename="config.json";'), (b'Content-Security-Policy', b"default-src 'none'; sandbox"), (b'X-Linked-ETag', b'"81ba83673fa0d07fc98d4ba418715df42ab28a6f"'), (b'X-Cache', b'Miss from cloudfront'), (b'Via', b'1.1 151c211fd92038141436f57a6e9c1b6e.cloudfront.net (CloudFront)'), (b'X-Amz-Cf-Pop', b'HEL51-P2'), (b'X-Amz-Cf-Id', b'486KXVpUP15JHJEdwyKlUhsXOvZ-MSpfO7OrPvj4R0EC-eqfcPZavw==')])
2026-05-25 12:22:02,436 | INFO     | httpx                | HTTP Request: HEAD https://huggingface.co/boltuix/bert-lite/resolve/main/config.json "HTTP/1.1 307 Temporary Redirect"
2026-05-25 12:22:02,437 | DEBUG    | httpcore.http11      | receive_response_body.started request=<Request [b'HEAD']>
2026-05-25 12:22:02,438 | DEBUG    | httpcore.http11      | receive_response_body.complete
2026-05-25 12:22:02,438 | DEBUG    | httpcore.http11      | response_closed.started
2026-05-25 12:22:02,438 | DEBUG    | httpcore.http11      | response_closed.complete
2026-05-25 12:22:02,439 | DEBUG    | httpcore.http11      | send_request_headers.started request=<Request [b'HEAD']>
2026-05-25 12:22:02,439 | DEBUG    | httpcore.http11      | send_request_headers.complete
2026-05-25 12:22:02,440 | DEBUG    | httpcore.http11      | send_request_body.started request=<Request [b'HEAD']>
2026-05-25 12:22:02,440 | DEBUG    | httpcore.http11      | send_request_body.complete
2026-05-25 12:22:02,440 | DEBUG    | httpcore.http11      | receive_response_headers.started request=<Request [b'HEAD']>
2026-05-25 12:22:02,462 | DEBUG    | httpcore.http11      | receive_response_headers.complete return_value=(b'HTTP/1.1', 200, b'OK', [(b'Content-Type', b'text/plain; charset=utf-8'), (b'Content-Length', b'587'), (b'Connection', b'keep-alive'), (b'Date', b'Wed, 13 May 2026 12:33:48 GMT'), (b'ETag', b'"81ba83673fa0d07fc98d4ba418715df42ab28a6f"'), (b'X-Powered-By', b'huggingface-moon'), (b'X-Request-Id', b'Root=1-6a046fac-1335b433506b8b384391f3c6;adbfdde3-1218-4a8d-ac5d-f6fb77b28728'), (b'RateLimit', b'"resolvers";r=4998;t=127'), (b'RateLimit-Policy', b'"fixed window";"resolvers";q=5000;w=300'), (b'cross-origin-opener-policy', b'same-origin'), (b'Referrer-Policy', b'strict-origin-when-cross-origin'), (b'Access-Control-Max-Age', b'86400'), (b'Access-Control-Allow-Origin', b'https://huggingface.co'), (b'Access-Control-Expose-Headers', b'X-Repo-Commit,X-Request-Id,X-Error-Code,X-Error-Message,X-Total-Count,ETag,Link,Accept-Ranges,Content-Range,X-Linked-Size,X-Linked-ETag,X-Xet-Hash'), (b'X-Repo-Commit', b'bc0e85c1c303ee38a6b4a7276ce7cf6d0581cce5'), (b'Accept-Ranges', b'bytes'), (b'X-Hub-Cache', b'MISS'), (b'Content-Disposition', b'inline; filename*=UTF-8\'\'config.json; filename="config.json";'), (b'Content-Security-Policy', b"default-src 'none'; sandbox"), (b'Vary', b'Origin'), (b'X-Cache', b'Hit from cloudfront'), (b'Via', b'1.1 151c211fd92038141436f57a6e9c1b6e.cloudfront.net (CloudFront)'), (b'X-Amz-Cf-Pop', b'HEL51-P2'), (b'X-Amz-Cf-Id', b'qwSnccYGlMWJ_NH4MnFQqJxgX2gSh8C6TakmaMdVQbaXEkxh8-GviQ=='), (b'Age', b'1025294')])
2026-05-25 12:22:02,463 | INFO     | httpx                | HTTP Request: HEAD https://huggingface.co/api/resolve-cache/models/boltuix/bert-lite/bc0e85c1c303ee38a6b4a7276ce7cf6d0581cce5/config.json "HTTP/1.1 200 OK"
2026-05-25 12:22:02,463 | DEBUG    | httpcore.http11      | receive_response_body.started request=<Request [b'HEAD']>
2026-05-25 12:22:02,464 | DEBUG    | httpcore.http11      | receive_response_body.complete
2026-05-25 12:22:02,464 | DEBUG    | httpcore.http11      | response_closed.started
2026-05-25 12:22:02,464 | DEBUG    | httpcore.http11      | response_closed.complete
2026-05-25 12:22:02,511 | DEBUG    | httpcore.http11      | send_request_headers.started request=<Request [b'HEAD']>
2026-05-25 12:22:02,511 | DEBUG    | httpcore.http11      | send_request_headers.complete
2026-05-25 12:22:02,511 | DEBUG    | httpcore.http11      | send_request_body.started request=<Request [b'HEAD']>
2026-05-25 12:22:02,511 | DEBUG    | httpcore.http11      | send_request_body.complete
2026-05-25 12:22:02,512 | DEBUG    | httpcore.http11      | receive_response_headers.started request=<Request [b'HEAD']>
2026-05-25 12:22:02,668 | DEBUG    | httpcore.http11      | receive_response_headers.complete return_value=(b'HTTP/1.1', 307, b'Temporary Redirect', [(b'Content-Type', b'text/plain; charset=utf-8'), (b'Content-Length', b'258'), (b'Connection', b'keep-alive'), (b'Date', b'Mon, 25 May 2026 09:22:02 GMT'), (b'Location', b'/api/resolve-cache/models/boltuix/bert-lite/bc0e85c1c303ee38a6b4a7276ce7cf6d0581cce5/tokenizer_config.json?%2Fboltuix%2Fbert-lite%2Fresolve%2Fmain%2Ftokenizer_config.json=&etag=%22d5c1bb83f067f79da262aed09cbefafcbe8b4805%22'), (b'X-Powered-By', b'huggingface-moon'), (b'X-Request-Id', b'Root=1-6a1414ba-618a10d3510a17254cc7e5e9;cbc52c33-7220-4be4-896a-094782b48859'), (b'RateLimit', b'"resolvers";r=4998;t=233'), (b'RateLimit-Policy', b'"fixed window";"resolvers";q=5000;w=300'), (b'cross-origin-opener-policy', b'same-origin'), (b'Referrer-Policy', b'strict-origin-when-cross-origin'), (b'Access-Control-Max-Age', b'86400'), (b'Access-Control-Allow-Origin', b'https://huggingface.co'), (b'Vary', b'Origin, Accept'), (b'Access-Control-Expose-Headers', b'X-Repo-Commit,X-Request-Id,X-Error-Code,X-Error-Message,X-Total-Count,ETag,Link,Accept-Ranges,Content-Range,X-Linked-Size,X-Linked-ETag,X-Xet-Hash'), (b'X-Repo-Commit', b'bc0e85c1c303ee38a6b4a7276ce7cf6d0581cce5'), (b'Accept-Ranges', b'bytes'), (b'X-Hub-Cache', b'MISS'), (b'Content-Disposition', b'inline; filename*=UTF-8\'\'tokenizer_config.json; filename="tokenizer_config.json";'), (b'Content-Security-Policy', b"default-src 'none'; sandbox"), (b'X-Linked-ETag', b'"d5c1bb83f067f79da262aed09cbefafcbe8b4805"'), (b'X-Cache', b'Miss from cloudfront'), (b'Via', b'1.1 151c211fd92038141436f57a6e9c1b6e.cloudfront.net (CloudFront)'), (b'X-Amz-Cf-Pop', b'HEL51-P2'), (b'X-Amz-Cf-Id', b'qptNbSaRmm8eLpHrAuJpxcLIqbEqJ0klNdmx0P131xfDvOdR9cmhoA==')])
2026-05-25 12:22:02,669 | INFO     | httpx                | HTTP Request: HEAD https://huggingface.co/boltuix/bert-lite/resolve/main/tokenizer_config.json "HTTP/1.1 307 Temporary Redirect"
2026-05-25 12:22:02,670 | DEBUG    | httpcore.http11      | receive_response_body.started request=<Request [b'HEAD']>
2026-05-25 12:22:02,670 | DEBUG    | httpcore.http11      | receive_response_body.complete
2026-05-25 12:22:02,670 | DEBUG    | httpcore.http11      | response_closed.started
2026-05-25 12:22:02,671 | DEBUG    | httpcore.http11      | response_closed.complete
2026-05-25 12:22:02,671 | DEBUG    | httpcore.http11      | send_request_headers.started request=<Request [b'HEAD']>
2026-05-25 12:22:02,672 | DEBUG    | httpcore.http11      | send_request_headers.complete
2026-05-25 12:22:02,672 | DEBUG    | httpcore.http11      | send_request_body.started request=<Request [b'HEAD']>
2026-05-25 12:22:02,672 | DEBUG    | httpcore.http11      | send_request_body.complete
2026-05-25 12:22:02,673 | DEBUG    | httpcore.http11      | receive_response_headers.started request=<Request [b'HEAD']>
2026-05-25 12:22:02,696 | DEBUG    | httpcore.http11      | receive_response_headers.complete return_value=(b'HTTP/1.1', 200, b'OK', [(b'Content-Type', b'text/plain; charset=utf-8'), (b'Content-Length', b'1300'), (b'Connection', b'keep-alive'), (b'Date', b'Wed, 13 May 2026 12:33:49 GMT'), (b'ETag', b'"d5c1bb83f067f79da262aed09cbefafcbe8b4805"'), (b'X-Powered-By', b'huggingface-moon'), (b'X-Request-Id', b'Root=1-6a046fad-0b06b5443de61d2216ce7b5e;c30943df-c246-4194-9edb-c69729443dee'), (b'RateLimit', b'"resolvers";r=4995;t=126'), (b'RateLimit-Policy', b'"fixed window";"resolvers";q=5000;w=300'), (b'cross-origin-opener-policy', b'same-origin'), (b'Referrer-Policy', b'strict-origin-when-cross-origin'), (b'Access-Control-Max-Age', b'86400'), (b'Access-Control-Allow-Origin', b'https://huggingface.co'), (b'Access-Control-Expose-Headers', b'X-Repo-Commit,X-Request-Id,X-Error-Code,X-Error-Message,X-Total-Count,ETag,Link,Accept-Ranges,Content-Range,X-Linked-Size,X-Linked-ETag,X-Xet-Hash'), (b'X-Repo-Commit', b'bc0e85c1c303ee38a6b4a7276ce7cf6d0581cce5'), (b'Accept-Ranges', b'bytes'), (b'X-Hub-Cache', b'MISS'), (b'Content-Disposition', b'inline; filename*=UTF-8\'\'tokenizer_config.json; filename="tokenizer_config.json";'), (b'Content-Security-Policy', b"default-src 'none'; sandbox"), (b'Vary', b'Origin'), (b'X-Cache', b'Hit from cloudfront'), (b'Via', b'1.1 151c211fd92038141436f57a6e9c1b6e.cloudfront.net (CloudFront)'), (b'X-Amz-Cf-Pop', b'HEL51-P2'), (b'X-Amz-Cf-Id', b'iqWbJVHEbvVeSYyl2V5iw6YSKB85fI_sywpOpnj5IuMU5NjadGsDfA=='), (b'Age', b'1025293')])
2026-05-25 12:22:02,696 | INFO     | httpx                | HTTP Request: HEAD https://huggingface.co/api/resolve-cache/models/boltuix/bert-lite/bc0e85c1c303ee38a6b4a7276ce7cf6d0581cce5/tokenizer_config.json "HTTP/1.1 200 OK"
2026-05-25 12:22:02,696 | DEBUG    | httpcore.http11      | receive_response_body.started request=<Request [b'HEAD']>
2026-05-25 12:22:02,696 | DEBUG    | httpcore.http11      | receive_response_body.complete
2026-05-25 12:22:02,697 | DEBUG    | httpcore.http11      | response_closed.started
2026-05-25 12:22:02,697 | DEBUG    | httpcore.http11      | response_closed.complete
2026-05-25 12:22:02,727 | DEBUG    | httpcore.http11      | send_request_headers.started request=<Request [b'GET']>
2026-05-25 12:22:02,727 | DEBUG    | httpcore.http11      | send_request_headers.complete
2026-05-25 12:22:02,727 | DEBUG    | httpcore.http11      | send_request_body.started request=<Request [b'GET']>
2026-05-25 12:22:02,728 | DEBUG    | httpcore.http11      | send_request_body.complete
2026-05-25 12:22:02,728 | DEBUG    | httpcore.http11      | receive_response_headers.started request=<Request [b'GET']>
2026-05-25 12:22:02,905 | DEBUG    | httpcore.http11      | receive_response_headers.complete return_value=(b'HTTP/1.1', 404, b'Not Found', [(b'Content-Type', b'application/json; charset=utf-8'), (b'Content-Length', b'64'), (b'Connection', b'keep-alive'), (b'Date', b'Mon, 25 May 2026 09:22:02 GMT'), (b'ETag', b'W/"40-09f9IAqP13xarAhQxFS2W8rvRkM"'), (b'X-Powered-By', b'huggingface-moon'), (b'X-Request-Id', b'Root=1-6a1414ba-0e78e8e5201350510accf602;b21f2d87-1ad9-4884-8063-142453bfd0fc'), (b'RateLimit', b'"api";r=999;t=233'), (b'RateLimit-Policy', b'"fixed window";"api";q=1000;w=300'), (b'cross-origin-opener-policy', b'same-origin'), (b'Referrer-Policy', b'strict-origin-when-cross-origin'), (b'Access-Control-Max-Age', b'86400'), (b'Access-Control-Allow-Origin', b'https://huggingface.co'), (b'Vary', b'Origin'), (b'Access-Control-Expose-Headers', b'X-Repo-Commit,X-Request-Id,X-Error-Code,X-Error-Message,X-Total-Count,ETag,Link,Accept-Ranges,Content-Range,X-Linked-Size,X-Linked-ETag,X-Xet-Hash'), (b'X-Error-Code', b'EntryNotFound'), (b'X-Error-Message', b'additional_chat_templates does not exist on "main"'), (b'X-Cache', b'Error from cloudfront'), (b'Via', b'1.1 151c211fd92038141436f57a6e9c1b6e.cloudfront.net (CloudFront)'), (b'X-Amz-Cf-Pop', b'HEL51-P2'), (b'X-Amz-Cf-Id', b'pqp9Hd208p5LCGnYogKtWmW7PQ3m6sPV6_PeBBLYzv6LURhougdqtw==')])
2026-05-25 12:22:02,906 | INFO     | httpx                | HTTP Request: GET https://huggingface.co/api/models/boltuix/bert-lite/tree/main/additional_chat_templates?recursive=false&expand=false "HTTP/1.1 404 Not Found"
2026-05-25 12:22:02,906 | DEBUG    | httpcore.http11      | receive_response_body.started request=<Request [b'GET']>
2026-05-25 12:22:02,906 | DEBUG    | httpcore.http11      | receive_response_body.complete
2026-05-25 12:22:02,906 | DEBUG    | httpcore.http11      | response_closed.started
2026-05-25 12:22:02,907 | DEBUG    | httpcore.http11      | response_closed.complete
2026-05-25 12:22:02,911 | DEBUG    | httpcore.http11      | send_request_headers.started request=<Request [b'GET']>
2026-05-25 12:22:02,912 | DEBUG    | httpcore.http11      | send_request_headers.complete
2026-05-25 12:22:02,912 | DEBUG    | httpcore.http11      | send_request_body.started request=<Request [b'GET']>
2026-05-25 12:22:02,912 | DEBUG    | httpcore.http11      | send_request_body.complete
2026-05-25 12:22:02,912 | DEBUG    | httpcore.http11      | receive_response_headers.started request=<Request [b'GET']>
2026-05-25 12:22:03,083 | DEBUG    | httpcore.http11      | receive_response_headers.complete return_value=(b'HTTP/1.1', 200, b'OK', [(b'Content-Type', b'application/json; charset=utf-8'), (b'Transfer-Encoding', b'chunked'), (b'Connection', b'keep-alive'), (b'Date', b'Mon, 25 May 2026 09:22:03 GMT'), (b'content-encoding', b'gzip'), (b'ETag', b'W/"3f4-p6e3v60yrWQMyQA/1oVBgtFThWc"'), (b'X-Powered-By', b'huggingface-moon'), (b'X-Request-Id', b'Root=1-6a1414ba-57cdc07b6b6bc3c3445b08f9;c961bd48-0324-42f3-a572-36bd364693b4'), (b'RateLimit', b'"api";r=998;t=233'), (b'RateLimit-Policy', b'"fixed window";"api";q=1000;w=300'), (b'cross-origin-opener-policy', b'same-origin'), (b'Referrer-Policy', b'strict-origin-when-cross-origin'), (b'Access-Control-Max-Age', b'86400'), (b'Access-Control-Allow-Origin', b'https://huggingface.co'), (b'Vary', b'Origin'), (b'vary', b'Accept-Encoding'), (b'Access-Control-Expose-Headers', b'X-Repo-Commit,X-Request-Id,X-Error-Code,X-Error-Message,X-Total-Count,ETag,Link,Accept-Ranges,Content-Range,X-Linked-Size,X-Linked-ETag,X-Xet-Hash'), (b'X-Cache', b'Miss from cloudfront'), (b'Via', b'1.1 151c211fd92038141436f57a6e9c1b6e.cloudfront.net (CloudFront)'), (b'X-Amz-Cf-Pop', b'HEL51-P2'), (b'X-Amz-Cf-Id', b'qmExNf7Nsy_V0xm4XaetuRqRlDtZqTVrF-kqxpjtsarGa0jWUosQHw==')])
2026-05-25 12:22:03,084 | INFO     | httpx                | HTTP Request: GET https://huggingface.co/api/models/boltuix/bert-lite/tree/main?recursive=true&expand=false "HTTP/1.1 200 OK"
2026-05-25 12:22:03,084 | DEBUG    | httpcore.http11      | receive_response_body.started request=<Request [b'GET']>
2026-05-25 12:22:03,085 | DEBUG    | httpcore.http11      | receive_response_body.complete
2026-05-25 12:22:03,085 | DEBUG    | httpcore.http11      | response_closed.started
2026-05-25 12:22:03,085 | DEBUG    | httpcore.http11      | response_closed.complete
2026-05-25 12:22:03,206 | DEBUG    | httpcore.http11      | send_request_headers.started request=<Request [b'HEAD']>
2026-05-25 12:22:03,206 | DEBUG    | httpcore.http11      | send_request_headers.complete
2026-05-25 12:22:03,207 | DEBUG    | httpcore.http11      | send_request_body.started request=<Request [b'HEAD']>
2026-05-25 12:22:03,207 | DEBUG    | httpcore.http11      | send_request_body.complete
2026-05-25 12:22:03,207 | DEBUG    | httpcore.http11      | receive_response_headers.started request=<Request [b'HEAD']>
2026-05-25 12:22:03,359 | DEBUG    | httpcore.http11      | receive_response_headers.complete return_value=(b'HTTP/1.1', 307, b'Temporary Redirect', [(b'Content-Type', b'text/plain; charset=utf-8'), (b'Content-Length', b'238'), (b'Connection', b'keep-alive'), (b'Date', b'Mon, 25 May 2026 09:22:03 GMT'), (b'Location', b'/api/resolve-cache/models/boltuix/bert-lite/bc0e85c1c303ee38a6b4a7276ce7cf6d0581cce5/config.json?%2Fboltuix%2Fbert-lite%2Fresolve%2Fmain%2Fconfig.json=&etag=%2281ba83673fa0d07fc98d4ba418715df42ab28a6f%22'), (b'X-Powered-By', b'huggingface-moon'), (b'X-Request-Id', b'Root=1-6a1414bb-4ee0d76608b72c3218752515;239f8091-eaf0-48dd-91ee-983466e9e9a7'), (b'RateLimit', b'"resolvers";r=4997;t=232'), (b'RateLimit-Policy', b'"fixed window";"resolvers";q=5000;w=300'), (b'cross-origin-opener-policy', b'same-origin'), (b'Referrer-Policy', b'strict-origin-when-cross-origin'), (b'Access-Control-Max-Age', b'86400'), (b'Access-Control-Allow-Origin', b'https://huggingface.co'), (b'Vary', b'Origin, Accept'), (b'Access-Control-Expose-Headers', b'X-Repo-Commit,X-Request-Id,X-Error-Code,X-Error-Message,X-Total-Count,ETag,Link,Accept-Ranges,Content-Range,X-Linked-Size,X-Linked-ETag,X-Xet-Hash'), (b'X-Repo-Commit', b'bc0e85c1c303ee38a6b4a7276ce7cf6d0581cce5'), (b'Accept-Ranges', b'bytes'), (b'X-Hub-Cache', b'MISS'), (b'Content-Disposition', b'inline; filename*=UTF-8\'\'config.json; filename="config.json";'), (b'Content-Security-Policy', b"default-src 'none'; sandbox"), (b'X-Linked-ETag', b'"81ba83673fa0d07fc98d4ba418715df42ab28a6f"'), (b'X-Cache', b'Miss from cloudfront'), (b'Via', b'1.1 151c211fd92038141436f57a6e9c1b6e.cloudfront.net (CloudFront)'), (b'X-Amz-Cf-Pop', b'HEL51-P2'), (b'X-Amz-Cf-Id', b'jOCkyRneYPuxQMGRIM4uftzGLS3J3v7znZLMYWburb0bwF9HHAx7Hw==')])
2026-05-25 12:22:03,360 | INFO     | httpx                | HTTP Request: HEAD https://huggingface.co/boltuix/bert-lite/resolve/main/config.json "HTTP/1.1 307 Temporary Redirect"
2026-05-25 12:22:03,361 | DEBUG    | httpcore.http11      | receive_response_body.started request=<Request [b'HEAD']>
2026-05-25 12:22:03,361 | DEBUG    | httpcore.http11      | receive_response_body.complete
2026-05-25 12:22:03,361 | DEBUG    | httpcore.http11      | response_closed.started
2026-05-25 12:22:03,362 | DEBUG    | httpcore.http11      | response_closed.complete
2026-05-25 12:22:03,363 | DEBUG    | httpcore.http11      | send_request_headers.started request=<Request [b'HEAD']>
2026-05-25 12:22:03,363 | DEBUG    | httpcore.http11      | send_request_headers.complete
2026-05-25 12:22:03,363 | DEBUG    | httpcore.http11      | send_request_body.started request=<Request [b'HEAD']>
2026-05-25 12:22:03,364 | DEBUG    | httpcore.http11      | send_request_body.complete
2026-05-25 12:22:03,364 | DEBUG    | httpcore.http11      | receive_response_headers.started request=<Request [b'HEAD']>
2026-05-25 12:22:03,387 | DEBUG    | httpcore.http11      | receive_response_headers.complete return_value=(b'HTTP/1.1', 200, b'OK', [(b'Content-Type', b'text/plain; charset=utf-8'), (b'Content-Length', b'587'), (b'Connection', b'keep-alive'), (b'Date', b'Wed, 13 May 2026 12:33:48 GMT'), (b'ETag', b'"81ba83673fa0d07fc98d4ba418715df42ab28a6f"'), (b'X-Powered-By', b'huggingface-moon'), (b'X-Request-Id', b'Root=1-6a046fac-1335b433506b8b384391f3c6;adbfdde3-1218-4a8d-ac5d-f6fb77b28728'), (b'RateLimit', b'"resolvers";r=4998;t=127'), (b'RateLimit-Policy', b'"fixed window";"resolvers";q=5000;w=300'), (b'cross-origin-opener-policy', b'same-origin'), (b'Referrer-Policy', b'strict-origin-when-cross-origin'), (b'Access-Control-Max-Age', b'86400'), (b'Access-Control-Allow-Origin', b'https://huggingface.co'), (b'Access-Control-Expose-Headers', b'X-Repo-Commit,X-Request-Id,X-Error-Code,X-Error-Message,X-Total-Count,ETag,Link,Accept-Ranges,Content-Range,X-Linked-Size,X-Linked-ETag,X-Xet-Hash'), (b'X-Repo-Commit', b'bc0e85c1c303ee38a6b4a7276ce7cf6d0581cce5'), (b'Accept-Ranges', b'bytes'), (b'X-Hub-Cache', b'MISS'), (b'Content-Disposition', b'inline; filename*=UTF-8\'\'config.json; filename="config.json";'), (b'Content-Security-Policy', b"default-src 'none'; sandbox"), (b'Vary', b'Origin'), (b'X-Cache', b'Hit from cloudfront'), (b'Via', b'1.1 151c211fd92038141436f57a6e9c1b6e.cloudfront.net (CloudFront)'), (b'X-Amz-Cf-Pop', b'HEL51-P2'), (b'X-Amz-Cf-Id', b'H76src_4h0piaZnC4To5TdM1Ni5gCUAgFYIhHqtNW6hgoX7oczTGBg=='), (b'Age', b'1025295')])
2026-05-25 12:22:03,387 | INFO     | httpx                | HTTP Request: HEAD https://huggingface.co/api/resolve-cache/models/boltuix/bert-lite/bc0e85c1c303ee38a6b4a7276ce7cf6d0581cce5/config.json "HTTP/1.1 200 OK"
2026-05-25 12:22:03,388 | DEBUG    | httpcore.http11      | receive_response_body.started request=<Request [b'HEAD']>
2026-05-25 12:22:03,388 | DEBUG    | httpcore.http11      | receive_response_body.complete
2026-05-25 12:22:03,388 | DEBUG    | httpcore.http11      | response_closed.started
2026-05-25 12:22:03,388 | DEBUG    | httpcore.http11      | response_closed.complete
2026-05-25 12:22:03,907 | INFO     | modules.filter.stt_filter.imp_model.imp_model | ✓ SttImpModel initialized successfully
2026-05-25 12:22:03,907 | DEBUG    | modules.filter.stt_filter.stt_filter | Loading ShouldShutUpModel...
2026-05-25 12:22:03,907 | INFO     | modules.filter.stt_filter.should_shut_up.should_shut_up_model | Initializing ShouldShutUpModel...
2026-05-25 12:22:03,908 | DEBUG    | modules.filter.stt_filter.should_shut_up.should_shut_up_model | Loading Model...
2026-05-25 12:22:03,987 | INFO     | sentence_transformers.base.model | No device provided, using cpu
2026-05-25 12:22:03,989 | DEBUG    | httpcore.http11      | send_request_headers.started request=<Request [b'HEAD']>
2026-05-25 12:22:03,990 | DEBUG    | httpcore.http11      | send_request_headers.complete
2026-05-25 12:22:03,990 | DEBUG    | httpcore.http11      | send_request_body.started request=<Request [b'HEAD']>
2026-05-25 12:22:03,990 | DEBUG    | httpcore.http11      | send_request_body.complete
2026-05-25 12:22:03,991 | DEBUG    | httpcore.http11      | receive_response_headers.started request=<Request [b'HEAD']>
2026-05-25 12:22:04,137 | DEBUG    | httpcore.http11      | receive_response_headers.complete return_value=(b'HTTP/1.1', 307, b'Temporary Redirect', [(b'Content-Type', b'text/plain; charset=utf-8'), (b'Content-Length', b'324'), (b'Connection', b'keep-alive'), (b'Date', b'Mon, 25 May 2026 09:22:04 GMT'), (b'Location', b'/api/resolve-cache/models/sentence-transformers/paraphrase-multilingual-MiniLM-L12-v2/e8f8c211226b894fcb81acc59f3b34ba3efd5f42/modules.json?%2Fsentence-transformers%2Fparaphrase-multilingual-MiniLM-L12-v2%2Fresolve%2Fmain%2Fmodules.json=&etag=%22f7640f94e81bb7f4f04daf1668850b38763a13d9%22'), (b'X-Powered-By', b'huggingface-moon'), (b'X-Request-Id', b'Root=1-6a1414bc-516440a3448fe1e43ce23de4;3679c577-1b73-42af-985e-451e9b287fff'), (b'RateLimit', b'"resolvers";r=4996;t=231'), (b'RateLimit-Policy', b'"fixed window";"resolvers";q=5000;w=300'), (b'cross-origin-opener-policy', b'same-origin'), (b'Referrer-Policy', b'strict-origin-when-cross-origin'), (b'Access-Control-Max-Age', b'86400'), (b'Access-Control-Allow-Origin', b'https://huggingface.co'), (b'Vary', b'Origin, Accept'), (b'Access-Control-Expose-Headers', b'X-Repo-Commit,X-Request-Id,X-Error-Code,X-Error-Message,X-Total-Count,ETag,Link,Accept-Ranges,Content-Range,X-Linked-Size,X-Linked-ETag,X-Xet-Hash'), (b'X-Repo-Commit', b'e8f8c211226b894fcb81acc59f3b34ba3efd5f42'), (b'Accept-Ranges', b'bytes'), (b'X-Hub-Cache', b'HIT'), (b'Content-Disposition', b'inline; filename*=UTF-8\'\'modules.json; filename="modules.json";'), (b'Content-Security-Policy', b"default-src 'none'; sandbox"), (b'X-Linked-ETag', b'"f7640f94e81bb7f4f04daf1668850b38763a13d9"'), (b'X-Cache', b'Miss from cloudfront'), (b'Via', b'1.1 151c211fd92038141436f57a6e9c1b6e.cloudfront.net (CloudFront)'), (b'X-Amz-Cf-Pop', b'HEL51-P2'), (b'X-Amz-Cf-Id', b'6RZxNT-OLsq2fX7hYEGrPYp8Hk6BrMVt-ijmEm654DGZpeXkNF-oQQ==')])
2026-05-25 12:22:04,138 | INFO     | httpx                | HTTP Request: HEAD https://huggingface.co/sentence-transformers/paraphrase-multilingual-MiniLM-L12-v2/resolve/main/modules.json "HTTP/1.1 307 Temporary Redirect"
2026-05-25 12:22:04,139 | DEBUG    | httpcore.http11      | receive_response_body.started request=<Request [b'HEAD']>
2026-05-25 12:22:04,139 | DEBUG    | httpcore.http11      | receive_response_body.complete
2026-05-25 12:22:04,139 | DEBUG    | httpcore.http11      | response_closed.started
2026-05-25 12:22:04,140 | DEBUG    | httpcore.http11      | response_closed.complete
2026-05-25 12:22:04,141 | DEBUG    | httpcore.http11      | send_request_headers.started request=<Request [b'HEAD']>
2026-05-25 12:22:04,141 | DEBUG    | httpcore.http11      | send_request_headers.complete
2026-05-25 12:22:04,142 | DEBUG    | httpcore.http11      | send_request_body.started request=<Request [b'HEAD']>
2026-05-25 12:22:04,142 | DEBUG    | httpcore.http11      | send_request_body.complete
2026-05-25 12:22:04,142 | DEBUG    | httpcore.http11      | receive_response_headers.started request=<Request [b'HEAD']>
2026-05-25 12:22:04,189 | DEBUG    | httpcore.http11      | receive_response_headers.complete return_value=(b'HTTP/1.1', 200, b'OK', [(b'Content-Type', b'text/plain; charset=utf-8'), (b'Content-Length', b'229'), (b'Connection', b'keep-alive'), (b'Date', b'Sat, 23 May 2026 16:52:52 GMT'), (b'ETag', b'"f7640f94e81bb7f4f04daf1668850b38763a13d9"'), (b'X-Powered-By', b'huggingface-moon'), (b'X-Request-Id', b'Root=1-6a11db64-353ecde50d764e0126445d81;a473582b-af0f-4ac3-9ef1-267fcb60c843'), (b'RateLimit', b'"resolvers";r=4998;t=183'), (b'RateLimit-Policy', b'"fixed window";"resolvers";q=5000;w=300'), (b'cross-origin-opener-policy', b'same-origin'), (b'Referrer-Policy', b'strict-origin-when-cross-origin'), (b'Access-Control-Max-Age', b'86400'), (b'Access-Control-Allow-Origin', b'https://huggingface.co'), (b'Access-Control-Expose-Headers', b'X-Repo-Commit,X-Request-Id,X-Error-Code,X-Error-Message,X-Total-Count,ETag,Link,Accept-Ranges,Content-Range,X-Linked-Size,X-Linked-ETag,X-Xet-Hash'), (b'X-Repo-Commit', b'e8f8c211226b894fcb81acc59f3b34ba3efd5f42'), (b'Accept-Ranges', b'bytes'), (b'X-Hub-Cache', b'MISS'), (b'Content-Disposition', b'inline; filename*=UTF-8\'\'modules.json; filename="modules.json";'), (b'Content-Security-Policy', b"default-src 'none'; sandbox"), (b'Vary', b'Origin'), (b'X-Cache', b'Hit from cloudfront'), (b'Via', b'1.1 151c211fd92038141436f57a6e9c1b6e.cloudfront.net (CloudFront)'), (b'X-Amz-Cf-Pop', b'HEL51-P2'), (b'X-Amz-Cf-Id', b'TLPoKRRBFXvkvHvgSrM9MT3v_dwo2k0Qp3w_9L0D6NOX52HTizqh3g=='), (b'Age', b'145752')])
2026-05-25 12:22:04,190 | INFO     | httpx                | HTTP Request: HEAD https://huggingface.co/api/resolve-cache/models/sentence-transformers/paraphrase-multilingual-MiniLM-L12-v2/e8f8c211226b894fcb81acc59f3b34ba3efd5f42/modules.json "HTTP/1.1 200 OK"
2026-05-25 12:22:04,190 | DEBUG    | httpcore.http11      | receive_response_body.started request=<Request [b'HEAD']>
2026-05-25 12:22:04,190 | DEBUG    | httpcore.http11      | receive_response_body.complete
2026-05-25 12:22:04,190 | DEBUG    | httpcore.http11      | response_closed.started
2026-05-25 12:22:04,190 | DEBUG    | httpcore.http11      | response_closed.complete
2026-05-25 12:22:04,199 | DEBUG    | httpcore.http11      | send_request_headers.started request=<Request [b'HEAD']>
2026-05-25 12:22:04,200 | DEBUG    | httpcore.http11      | send_request_headers.complete
2026-05-25 12:22:04,202 | DEBUG    | httpcore.http11      | send_request_body.started request=<Request [b'HEAD']>
2026-05-25 12:22:04,202 | DEBUG    | httpcore.http11      | send_request_body.complete
2026-05-25 12:22:04,204 | DEBUG    | httpcore.http11      | receive_response_headers.started request=<Request [b'HEAD']>
2026-05-25 12:22:04,348 | DEBUG    | httpcore.http11      | receive_response_headers.complete return_value=(b'HTTP/1.1', 307, b'Temporary Redirect', [(b'Content-Type', b'text/plain; charset=utf-8'), (b'Content-Length', b'366'), (b'Connection', b'keep-alive'), (b'Date', b'Mon, 25 May 2026 09:22:04 GMT'), (b'Location', b'/api/resolve-cache/models/sentence-transformers/paraphrase-multilingual-MiniLM-L12-v2/e8f8c211226b894fcb81acc59f3b34ba3efd5f42/config_sentence_transformers.json?%2Fsentence-transformers%2Fparaphrase-multilingual-MiniLM-L12-v2%2Fresolve%2Fmain%2Fconfig_sentence_transformers.json=&etag=%22b974b349cb2d419ada11181750a733ff82f291ad%22'), (b'X-Powered-By', b'huggingface-moon'), (b'X-Request-Id', b'Root=1-6a1414bc-6db224fc4ab2559a3901644e;1734c77e-2217-448c-a7cf-24321d4bb421'), (b'RateLimit', b'"resolvers";r=4995;t=231'), (b'RateLimit-Policy', b'"fixed window";"resolvers";q=5000;w=300'), (b'cross-origin-opener-policy', b'same-origin'), (b'Referrer-Policy', b'strict-origin-when-cross-origin'), (b'Access-Control-Max-Age', b'86400'), (b'Access-Control-Allow-Origin', b'https://huggingface.co'), (b'Vary', b'Origin, Accept'), (b'Access-Control-Expose-Headers', b'X-Repo-Commit,X-Request-Id,X-Error-Code,X-Error-Message,X-Total-Count,ETag,Link,Accept-Ranges,Content-Range,X-Linked-Size,X-Linked-ETag,X-Xet-Hash'), (b'X-Repo-Commit', b'e8f8c211226b894fcb81acc59f3b34ba3efd5f42'), (b'Accept-Ranges', b'bytes'), (b'X-Hub-Cache', b'HIT'), (b'Content-Disposition', b'inline; filename*=UTF-8\'\'config_sentence_transformers.json; filename="config_sentence_transformers.json";'), (b'Content-Security-Policy', b"default-src 'none'; sandbox"), (b'X-Linked-ETag', b'"b974b349cb2d419ada11181750a733ff82f291ad"'), (b'X-Cache', b'Miss from cloudfront'), (b'Via', b'1.1 151c211fd92038141436f57a6e9c1b6e.cloudfront.net (CloudFront)'), (b'X-Amz-Cf-Pop', b'HEL51-P2'), (b'X-Amz-Cf-Id', b'H9kJ64Glxy22_4N2PAxmqpORKH4wCOW1Y4Tvy3mlgXHB3S0mXrmc0Q==')])
2026-05-25 12:22:04,349 | INFO     | httpx                | HTTP Request: HEAD https://huggingface.co/sentence-transformers/paraphrase-multilingual-MiniLM-L12-v2/resolve/main/config_sentence_transformers.json "HTTP/1.1 307 Temporary Redirect"
2026-05-25 12:22:04,350 | DEBUG    | httpcore.http11      | receive_response_body.started request=<Request [b'HEAD']>
2026-05-25 12:22:04,350 | DEBUG    | httpcore.http11      | receive_response_body.complete
2026-05-25 12:22:04,350 | DEBUG    | httpcore.http11      | response_closed.started
2026-05-25 12:22:04,350 | DEBUG    | httpcore.http11      | response_closed.complete
2026-05-25 12:22:04,351 | DEBUG    | httpcore.http11      | send_request_headers.started request=<Request [b'HEAD']>
2026-05-25 12:22:04,352 | DEBUG    | httpcore.http11      | send_request_headers.complete
2026-05-25 12:22:04,352 | DEBUG    | httpcore.http11      | send_request_body.started request=<Request [b'HEAD']>
2026-05-25 12:22:04,352 | DEBUG    | httpcore.http11      | send_request_body.complete
2026-05-25 12:22:04,352 | DEBUG    | httpcore.http11      | receive_response_headers.started request=<Request [b'HEAD']>
2026-05-25 12:22:04,400 | DEBUG    | httpcore.http11      | receive_response_headers.complete return_value=(b'HTTP/1.1', 200, b'OK', [(b'Content-Type', b'text/plain; charset=utf-8'), (b'Content-Length', b'122'), (b'Connection', b'keep-alive'), (b'Date', b'Sat, 23 May 2026 16:52:53 GMT'), (b'ETag', b'"b974b349cb2d419ada11181750a733ff82f291ad"'), (b'X-Powered-By', b'huggingface-moon'), (b'X-Request-Id', b'Root=1-6a11db65-79a2106567c39bc842553923;49233703-5220-402a-b592-23ef7e30c670'), (b'RateLimit', b'"resolvers";r=4995;t=182'), (b'RateLimit-Policy', b'"fixed window";"resolvers";q=5000;w=300'), (b'cross-origin-opener-policy', b'same-origin'), (b'Referrer-Policy', b'strict-origin-when-cross-origin'), (b'Access-Control-Max-Age', b'86400'), (b'Access-Control-Allow-Origin', b'https://huggingface.co'), (b'Access-Control-Expose-Headers', b'X-Repo-Commit,X-Request-Id,X-Error-Code,X-Error-Message,X-Total-Count,ETag,Link,Accept-Ranges,Content-Range,X-Linked-Size,X-Linked-ETag,X-Xet-Hash'), (b'X-Repo-Commit', b'e8f8c211226b894fcb81acc59f3b34ba3efd5f42'), (b'Accept-Ranges', b'bytes'), (b'X-Hub-Cache', b'MISS'), (b'Content-Disposition', b'inline; filename*=UTF-8\'\'config_sentence_transformers.json; filename="config_sentence_transformers.json";'), (b'Content-Security-Policy', b"default-src 'none'; sandbox"), (b'Vary', b'Origin'), (b'X-Cache', b'Hit from cloudfront'), (b'Via', b'1.1 151c211fd92038141436f57a6e9c1b6e.cloudfront.net (CloudFront)'), (b'X-Amz-Cf-Pop', b'HEL51-P2'), (b'X-Amz-Cf-Id', b'DDR8LLLuLMFmhRvIbkyRXZ2yrfvFYJT8-jzDIrQu6jpFLy3WU2FGgw=='), (b'Age', b'145751')])
2026-05-25 12:22:04,401 | INFO     | httpx                | HTTP Request: HEAD https://huggingface.co/api/resolve-cache/models/sentence-transformers/paraphrase-multilingual-MiniLM-L12-v2/e8f8c211226b894fcb81acc59f3b34ba3efd5f42/config_sentence_transformers.json "HTTP/1.1 200 OK"
2026-05-25 12:22:04,401 | DEBUG    | httpcore.http11      | receive_response_body.started request=<Request [b'HEAD']>
2026-05-25 12:22:04,401 | DEBUG    | httpcore.http11      | receive_response_body.complete
2026-05-25 12:22:04,401 | DEBUG    | httpcore.http11      | response_closed.started
2026-05-25 12:22:04,401 | DEBUG    | httpcore.http11      | response_closed.complete
2026-05-25 12:22:04,408 | INFO     | sentence_transformers.base.model | Loading SentenceTransformer model from sentence-transformers/paraphrase-multilingual-MiniLM-L12-v2.
2026-05-25 12:22:04,409 | DEBUG    | httpcore.http11      | send_request_headers.started request=<Request [b'HEAD']>
2026-05-25 12:22:04,410 | DEBUG    | httpcore.http11      | send_request_headers.complete
2026-05-25 12:22:04,411 | DEBUG    | httpcore.http11      | send_request_body.started request=<Request [b'HEAD']>
2026-05-25 12:22:04,411 | DEBUG    | httpcore.http11      | send_request_body.complete
2026-05-25 12:22:04,411 | DEBUG    | httpcore.http11      | receive_response_headers.started request=<Request [b'HEAD']>
2026-05-25 12:22:04,574 | DEBUG    | httpcore.http11      | receive_response_headers.complete return_value=(b'HTTP/1.1', 307, b'Temporary Redirect', [(b'Content-Type', b'text/plain; charset=utf-8'), (b'Content-Length', b'366'), (b'Connection', b'keep-alive'), (b'Date', b'Mon, 25 May 2026 09:22:04 GMT'), (b'Location', b'/api/resolve-cache/models/sentence-transformers/paraphrase-multilingual-MiniLM-L12-v2/e8f8c211226b894fcb81acc59f3b34ba3efd5f42/config_sentence_transformers.json?%2Fsentence-transformers%2Fparaphrase-multilingual-MiniLM-L12-v2%2Fresolve%2Fmain%2Fconfig_sentence_transformers.json=&etag=%22b974b349cb2d419ada11181750a733ff82f291ad%22'), (b'X-Powered-By', b'huggingface-moon'), (b'X-Request-Id', b'Root=1-6a1414bc-5568241a55f4fc341ce7bbd3;15495999-a8c5-40c1-88e8-273ee1e83a96'), (b'RateLimit', b'"resolvers";r=4994;t=231'), (b'RateLimit-Policy', b'"fixed window";"resolvers";q=5000;w=300'), (b'cross-origin-opener-policy', b'same-origin'), (b'Referrer-Policy', b'strict-origin-when-cross-origin'), (b'Access-Control-Max-Age', b'86400'), (b'Access-Control-Allow-Origin', b'https://huggingface.co'), (b'Vary', b'Origin, Accept'), (b'Access-Control-Expose-Headers', b'X-Repo-Commit,X-Request-Id,X-Error-Code,X-Error-Message,X-Total-Count,ETag,Link,Accept-Ranges,Content-Range,X-Linked-Size,X-Linked-ETag,X-Xet-Hash'), (b'X-Repo-Commit', b'e8f8c211226b894fcb81acc59f3b34ba3efd5f42'), (b'Accept-Ranges', b'bytes'), (b'X-Hub-Cache', b'HIT'), (b'Content-Disposition', b'inline; filename*=UTF-8\'\'config_sentence_transformers.json; filename="config_sentence_transformers.json";'), (b'Content-Security-Policy', b"default-src 'none'; sandbox"), (b'X-Linked-ETag', b'"b974b349cb2d419ada11181750a733ff82f291ad"'), (b'X-Cache', b'Miss from cloudfront'), (b'Via', b'1.1 151c211fd92038141436f57a6e9c1b6e.cloudfront.net (CloudFront)'), (b'X-Amz-Cf-Pop', b'HEL51-P2'), (b'X-Amz-Cf-Id', b'OEJeoX76ZJBVz4bd00IlIuI_Fpa-5PgZKrLYqpYbRUWNRa6JgWYJgA==')])
2026-05-25 12:22:04,575 | INFO     | httpx                | HTTP Request: HEAD https://huggingface.co/sentence-transformers/paraphrase-multilingual-MiniLM-L12-v2/resolve/main/config_sentence_transformers.json "HTTP/1.1 307 Temporary Redirect"
2026-05-25 12:22:04,576 | DEBUG    | httpcore.http11      | receive_response_body.started request=<Request [b'HEAD']>
2026-05-25 12:22:04,576 | DEBUG    | httpcore.http11      | receive_response_body.complete
2026-05-25 12:22:04,576 | DEBUG    | httpcore.http11      | response_closed.started
2026-05-25 12:22:04,577 | DEBUG    | httpcore.http11      | response_closed.complete
2026-05-25 12:22:04,577 | DEBUG    | httpcore.http11      | send_request_headers.started request=<Request [b'HEAD']>
2026-05-25 12:22:04,578 | DEBUG    | httpcore.http11      | send_request_headers.complete
2026-05-25 12:22:04,578 | DEBUG    | httpcore.http11      | send_request_body.started request=<Request [b'HEAD']>
2026-05-25 12:22:04,578 | DEBUG    | httpcore.http11      | send_request_body.complete
2026-05-25 12:22:04,578 | DEBUG    | httpcore.http11      | receive_response_headers.started request=<Request [b'HEAD']>
2026-05-25 12:22:04,601 | DEBUG    | httpcore.http11      | receive_response_headers.complete return_value=(b'HTTP/1.1', 200, b'OK', [(b'Content-Type', b'text/plain; charset=utf-8'), (b'Content-Length', b'122'), (b'Connection', b'keep-alive'), (b'Date', b'Sat, 23 May 2026 16:52:53 GMT'), (b'ETag', b'"b974b349cb2d419ada11181750a733ff82f291ad"'), (b'X-Powered-By', b'huggingface-moon'), (b'X-Request-Id', b'Root=1-6a11db65-79a2106567c39bc842553923;49233703-5220-402a-b592-23ef7e30c670'), (b'RateLimit', b'"resolvers";r=4995;t=182'), (b'RateLimit-Policy', b'"fixed window";"resolvers";q=5000;w=300'), (b'cross-origin-opener-policy', b'same-origin'), (b'Referrer-Policy', b'strict-origin-when-cross-origin'), (b'Access-Control-Max-Age', b'86400'), (b'Access-Control-Allow-Origin', b'https://huggingface.co'), (b'Access-Control-Expose-Headers', b'X-Repo-Commit,X-Request-Id,X-Error-Code,X-Error-Message,X-Total-Count,ETag,Link,Accept-Ranges,Content-Range,X-Linked-Size,X-Linked-ETag,X-Xet-Hash'), (b'X-Repo-Commit', b'e8f8c211226b894fcb81acc59f3b34ba3efd5f42'), (b'Accept-Ranges', b'bytes'), (b'X-Hub-Cache', b'MISS'), (b'Content-Disposition', b'inline; filename*=UTF-8\'\'config_sentence_transformers.json; filename="config_sentence_transformers.json";'), (b'Content-Security-Policy', b"default-src 'none'; sandbox"), (b'Vary', b'Origin'), (b'X-Cache', b'Hit from cloudfront'), (b'Via', b'1.1 151c211fd92038141436f57a6e9c1b6e.cloudfront.net (CloudFront)'), (b'X-Amz-Cf-Pop', b'HEL51-P2'), (b'X-Amz-Cf-Id', b'D71q9EaRa1mDD-7Eapqvy6s0c3ReIm8qSRN58bqRucvoVlYUM5Gw9Q=='), (b'Age', b'145751')])
2026-05-25 12:22:04,601 | INFO     | httpx                | HTTP Request: HEAD https://huggingface.co/api/resolve-cache/models/sentence-transformers/paraphrase-multilingual-MiniLM-L12-v2/e8f8c211226b894fcb81acc59f3b34ba3efd5f42/config_sentence_transformers.json "HTTP/1.1 200 OK"
2026-05-25 12:22:04,601 | DEBUG    | httpcore.http11      | receive_response_body.started request=<Request [b'HEAD']>
2026-05-25 12:22:04,602 | DEBUG    | httpcore.http11      | receive_response_body.complete
2026-05-25 12:22:04,602 | DEBUG    | httpcore.http11      | response_closed.started
2026-05-25 12:22:04,602 | DEBUG    | httpcore.http11      | response_closed.complete
2026-05-25 12:22:04,608 | DEBUG    | httpcore.http11      | send_request_headers.started request=<Request [b'HEAD']>
2026-05-25 12:22:04,608 | DEBUG    | httpcore.http11      | send_request_headers.complete
2026-05-25 12:22:04,608 | DEBUG    | httpcore.http11      | send_request_body.started request=<Request [b'HEAD']>
2026-05-25 12:22:04,609 | DEBUG    | httpcore.http11      | send_request_body.complete
2026-05-25 12:22:04,609 | DEBUG    | httpcore.http11      | receive_response_headers.started request=<Request [b'HEAD']>
2026-05-25 12:22:04,757 | DEBUG    | httpcore.http11      | receive_response_headers.complete return_value=(b'HTTP/1.1', 307, b'Temporary Redirect', [(b'Content-Type', b'text/plain; charset=utf-8'), (b'Content-Length', b'318'), (b'Connection', b'keep-alive'), (b'Date', b'Mon, 25 May 2026 09:22:04 GMT'), (b'Location', b'/api/resolve-cache/models/sentence-transformers/paraphrase-multilingual-MiniLM-L12-v2/e8f8c211226b894fcb81acc59f3b34ba3efd5f42/README.md?%2Fsentence-transformers%2Fparaphrase-multilingual-MiniLM-L12-v2%2Fresolve%2Fmain%2FREADME.md=&etag=%226bedb7f3622d56b7020f33ab93f6996d33242043%22'), (b'X-Powered-By', b'huggingface-moon'), (b'X-Request-Id', b'Root=1-6a1414bc-3d063b010168624d48014e60;aba8f005-2dcf-46ff-9deb-99d2bfd52b46'), (b'RateLimit', b'"resolvers";r=4993;t=231'), (b'RateLimit-Policy', b'"fixed window";"resolvers";q=5000;w=300'), (b'cross-origin-opener-policy', b'same-origin'), (b'Referrer-Policy', b'strict-origin-when-cross-origin'), (b'Access-Control-Max-Age', b'86400'), (b'Access-Control-Allow-Origin', b'https://huggingface.co'), (b'Vary', b'Origin, Accept'), (b'Access-Control-Expose-Headers', b'X-Repo-Commit,X-Request-Id,X-Error-Code,X-Error-Message,X-Total-Count,ETag,Link,Accept-Ranges,Content-Range,X-Linked-Size,X-Linked-ETag,X-Xet-Hash'), (b'X-Repo-Commit', b'e8f8c211226b894fcb81acc59f3b34ba3efd5f42'), (b'Accept-Ranges', b'bytes'), (b'X-Hub-Cache', b'HIT'), (b'Content-Disposition', b'inline; filename*=UTF-8\'\'README.md; filename="README.md";'), (b'Content-Security-Policy', b"default-src 'none'; sandbox"), (b'X-Linked-ETag', b'"6bedb7f3622d56b7020f33ab93f6996d33242043"'), (b'X-Cache', b'Miss from cloudfront'), (b'Via', b'1.1 151c211fd92038141436f57a6e9c1b6e.cloudfront.net (CloudFront)'), (b'X-Amz-Cf-Pop', b'HEL51-P2'), (b'X-Amz-Cf-Id', b'6FLBaT-ipFXQfeYysY1Ou_iuqucDsjvvJbT84I3hcyFAP7zyTQ-fcA==')])
2026-05-25 12:22:04,759 | INFO     | httpx                | HTTP Request: HEAD https://huggingface.co/sentence-transformers/paraphrase-multilingual-MiniLM-L12-v2/resolve/main/README.md "HTTP/1.1 307 Temporary Redirect"
2026-05-25 12:22:04,760 | DEBUG    | httpcore.http11      | receive_response_body.started request=<Request [b'HEAD']>
2026-05-25 12:22:04,760 | DEBUG    | httpcore.http11      | receive_response_body.complete
2026-05-25 12:22:04,760 | DEBUG    | httpcore.http11      | response_closed.started
2026-05-25 12:22:04,760 | DEBUG    | httpcore.http11      | response_closed.complete
2026-05-25 12:22:04,761 | DEBUG    | httpcore.http11      | send_request_headers.started request=<Request [b'HEAD']>
2026-05-25 12:22:04,762 | DEBUG    | httpcore.http11      | send_request_headers.complete
2026-05-25 12:22:04,762 | DEBUG    | httpcore.http11      | send_request_body.started request=<Request [b'HEAD']>
2026-05-25 12:22:04,763 | DEBUG    | httpcore.http11      | send_request_body.complete
2026-05-25 12:22:04,763 | DEBUG    | httpcore.http11      | receive_response_headers.started request=<Request [b'HEAD']>
2026-05-25 12:22:04,811 | DEBUG    | httpcore.http11      | receive_response_headers.complete return_value=(b'HTTP/1.1', 200, b'OK', [(b'Content-Type', b'text/plain; charset=utf-8'), (b'Content-Length', b'3888'), (b'Connection', b'keep-alive'), (b'Date', b'Sat, 23 May 2026 16:52:53 GMT'), (b'ETag', b'"6bedb7f3622d56b7020f33ab93f6996d33242043"'), (b'X-Powered-By', b'huggingface-moon'), (b'X-Request-Id', b'Root=1-6a11db65-4cfbf9561b7961124d4e39b4;be8d98f2-79ce-44e0-a4df-99f4e638250c'), (b'RateLimit', b'"resolvers";r=4991;t=182'), (b'RateLimit-Policy', b'"fixed window";"resolvers";q=5000;w=300'), (b'cross-origin-opener-policy', b'same-origin'), (b'Referrer-Policy', b'strict-origin-when-cross-origin'), (b'Access-Control-Max-Age', b'86400'), (b'Access-Control-Allow-Origin', b'https://huggingface.co'), (b'Access-Control-Expose-Headers', b'X-Repo-Commit,X-Request-Id,X-Error-Code,X-Error-Message,X-Total-Count,ETag,Link,Accept-Ranges,Content-Range,X-Linked-Size,X-Linked-ETag,X-Xet-Hash'), (b'X-Repo-Commit', b'e8f8c211226b894fcb81acc59f3b34ba3efd5f42'), (b'Accept-Ranges', b'bytes'), (b'X-Hub-Cache', b'HIT'), (b'Content-Disposition', b'inline; filename*=UTF-8\'\'README.md; filename="README.md";'), (b'Content-Security-Policy', b"default-src 'none'; sandbox"), (b'Vary', b'Origin'), (b'X-Cache', b'Hit from cloudfront'), (b'Via', b'1.1 151c211fd92038141436f57a6e9c1b6e.cloudfront.net (CloudFront)'), (b'X-Amz-Cf-Pop', b'HEL51-P2'), (b'X-Amz-Cf-Id', b'u7qBnDhdtT_8D1hhkTVI1h5tFMeLFJ64OZ1BMTqltztcGFmomfoaFw=='), (b'Age', b'145751')])
2026-05-25 12:22:04,811 | INFO     | httpx                | HTTP Request: HEAD https://huggingface.co/api/resolve-cache/models/sentence-transformers/paraphrase-multilingual-MiniLM-L12-v2/e8f8c211226b894fcb81acc59f3b34ba3efd5f42/README.md "HTTP/1.1 200 OK"
2026-05-25 12:22:04,811 | DEBUG    | httpcore.http11      | receive_response_body.started request=<Request [b'HEAD']>
2026-05-25 12:22:04,811 | DEBUG    | httpcore.http11      | receive_response_body.complete
2026-05-25 12:22:04,812 | DEBUG    | httpcore.http11      | response_closed.started
2026-05-25 12:22:04,812 | DEBUG    | httpcore.http11      | response_closed.complete
2026-05-25 12:22:04,834 | DEBUG    | httpcore.http11      | send_request_headers.started request=<Request [b'HEAD']>
2026-05-25 12:22:04,835 | DEBUG    | httpcore.http11      | send_request_headers.complete
2026-05-25 12:22:04,835 | DEBUG    | httpcore.http11      | send_request_body.started request=<Request [b'HEAD']>
2026-05-25 12:22:04,835 | DEBUG    | httpcore.http11      | send_request_body.complete
2026-05-25 12:22:04,835 | DEBUG    | httpcore.http11      | receive_response_headers.started request=<Request [b'HEAD']>
2026-05-25 12:22:04,984 | DEBUG    | httpcore.http11      | receive_response_headers.complete return_value=(b'HTTP/1.1', 307, b'Temporary Redirect', [(b'Content-Type', b'text/plain; charset=utf-8'), (b'Content-Length', b'324'), (b'Connection', b'keep-alive'), (b'Date', b'Mon, 25 May 2026 09:22:04 GMT'), (b'Location', b'/api/resolve-cache/models/sentence-transformers/paraphrase-multilingual-MiniLM-L12-v2/e8f8c211226b894fcb81acc59f3b34ba3efd5f42/modules.json?%2Fsentence-transformers%2Fparaphrase-multilingual-MiniLM-L12-v2%2Fresolve%2Fmain%2Fmodules.json=&etag=%22f7640f94e81bb7f4f04daf1668850b38763a13d9%22'), (b'X-Powered-By', b'huggingface-moon'), (b'X-Request-Id', b'Root=1-6a1414bc-104bd4b2620ceb644bc2e386;578bb0bb-0478-4bca-9484-a300e05c1beb'), (b'RateLimit', b'"resolvers";r=4992;t=231'), (b'RateLimit-Policy', b'"fixed window";"resolvers";q=5000;w=300'), (b'cross-origin-opener-policy', b'same-origin'), (b'Referrer-Policy', b'strict-origin-when-cross-origin'), (b'Access-Control-Max-Age', b'86400'), (b'Access-Control-Allow-Origin', b'https://huggingface.co'), (b'Vary', b'Origin, Accept'), (b'Access-Control-Expose-Headers', b'X-Repo-Commit,X-Request-Id,X-Error-Code,X-Error-Message,X-Total-Count,ETag,Link,Accept-Ranges,Content-Range,X-Linked-Size,X-Linked-ETag,X-Xet-Hash'), (b'X-Repo-Commit', b'e8f8c211226b894fcb81acc59f3b34ba3efd5f42'), (b'Accept-Ranges', b'bytes'), (b'X-Hub-Cache', b'HIT'), (b'Content-Disposition', b'inline; filename*=UTF-8\'\'modules.json; filename="modules.json";'), (b'Content-Security-Policy', b"default-src 'none'; sandbox"), (b'X-Linked-ETag', b'"f7640f94e81bb7f4f04daf1668850b38763a13d9"'), (b'X-Cache', b'Miss from cloudfront'), (b'Via', b'1.1 151c211fd92038141436f57a6e9c1b6e.cloudfront.net (CloudFront)'), (b'X-Amz-Cf-Pop', b'HEL51-P2'), (b'X-Amz-Cf-Id', b'njmm9IGsGlvsXpurOU7-F9wvbtVj-LzyARFYsrU2QrnQV2T7B6fJmA==')])
2026-05-25 12:22:04,985 | INFO     | httpx                | HTTP Request: HEAD https://huggingface.co/sentence-transformers/paraphrase-multilingual-MiniLM-L12-v2/resolve/main/modules.json "HTTP/1.1 307 Temporary Redirect"
2026-05-25 12:22:04,986 | DEBUG    | httpcore.http11      | receive_response_body.started request=<Request [b'HEAD']>
2026-05-25 12:22:04,986 | DEBUG    | httpcore.http11      | receive_response_body.complete
2026-05-25 12:22:04,986 | DEBUG    | httpcore.http11      | response_closed.started
2026-05-25 12:22:04,986 | DEBUG    | httpcore.http11      | response_closed.complete
2026-05-25 12:22:04,987 | DEBUG    | httpcore.http11      | send_request_headers.started request=<Request [b'HEAD']>
2026-05-25 12:22:04,988 | DEBUG    | httpcore.http11      | send_request_headers.complete
2026-05-25 12:22:04,988 | DEBUG    | httpcore.http11      | send_request_body.started request=<Request [b'HEAD']>
2026-05-25 12:22:04,988 | DEBUG    | httpcore.http11      | send_request_body.complete
2026-05-25 12:22:04,988 | DEBUG    | httpcore.http11      | receive_response_headers.started request=<Request [b'HEAD']>
2026-05-25 12:22:05,010 | DEBUG    | httpcore.http11      | receive_response_headers.complete return_value=(b'HTTP/1.1', 200, b'OK', [(b'Content-Type', b'text/plain; charset=utf-8'), (b'Content-Length', b'229'), (b'Connection', b'keep-alive'), (b'Date', b'Sat, 23 May 2026 16:52:52 GMT'), (b'ETag', b'"f7640f94e81bb7f4f04daf1668850b38763a13d9"'), (b'X-Powered-By', b'huggingface-moon'), (b'X-Request-Id', b'Root=1-6a11db64-353ecde50d764e0126445d81;a473582b-af0f-4ac3-9ef1-267fcb60c843'), (b'RateLimit', b'"resolvers";r=4998;t=183'), (b'RateLimit-Policy', b'"fixed window";"resolvers";q=5000;w=300'), (b'cross-origin-opener-policy', b'same-origin'), (b'Referrer-Policy', b'strict-origin-when-cross-origin'), (b'Access-Control-Max-Age', b'86400'), (b'Access-Control-Allow-Origin', b'https://huggingface.co'), (b'Access-Control-Expose-Headers', b'X-Repo-Commit,X-Request-Id,X-Error-Code,X-Error-Message,X-Total-Count,ETag,Link,Accept-Ranges,Content-Range,X-Linked-Size,X-Linked-ETag,X-Xet-Hash'), (b'X-Repo-Commit', b'e8f8c211226b894fcb81acc59f3b34ba3efd5f42'), (b'Accept-Ranges', b'bytes'), (b'X-Hub-Cache', b'MISS'), (b'Content-Disposition', b'inline; filename*=UTF-8\'\'modules.json; filename="modules.json";'), (b'Content-Security-Policy', b"default-src 'none'; sandbox"), (b'Vary', b'Origin'), (b'X-Cache', b'Hit from cloudfront'), (b'Via', b'1.1 151c211fd92038141436f57a6e9c1b6e.cloudfront.net (CloudFront)'), (b'X-Amz-Cf-Pop', b'HEL51-P2'), (b'X-Amz-Cf-Id', b'bFit_Sw6zOrB7iKJ9s6jhOYE6cV3-oPsXKhwxN4lD-DPoV2ER5RpWw=='), (b'Age', b'145753')])
2026-05-25 12:22:05,011 | INFO     | httpx                | HTTP Request: HEAD https://huggingface.co/api/resolve-cache/models/sentence-transformers/paraphrase-multilingual-MiniLM-L12-v2/e8f8c211226b894fcb81acc59f3b34ba3efd5f42/modules.json "HTTP/1.1 200 OK"
2026-05-25 12:22:05,012 | DEBUG    | httpcore.http11      | receive_response_body.started request=<Request [b'HEAD']>
2026-05-25 12:22:05,012 | DEBUG    | httpcore.http11      | receive_response_body.complete
2026-05-25 12:22:05,012 | DEBUG    | httpcore.http11      | response_closed.started
2026-05-25 12:22:05,012 | DEBUG    | httpcore.http11      | response_closed.complete
2026-05-25 12:22:05,022 | DEBUG    | httpcore.http11      | send_request_headers.started request=<Request [b'HEAD']>
2026-05-25 12:22:05,022 | DEBUG    | httpcore.http11      | send_request_headers.complete
2026-05-25 12:22:05,022 | DEBUG    | httpcore.http11      | send_request_body.started request=<Request [b'HEAD']>
2026-05-25 12:22:05,023 | DEBUG    | httpcore.http11      | send_request_body.complete
2026-05-25 12:22:05,023 | DEBUG    | httpcore.http11      | receive_response_headers.started request=<Request [b'HEAD']>
2026-05-25 12:22:05,173 | DEBUG    | httpcore.http11      | receive_response_headers.complete return_value=(b'HTTP/1.1', 307, b'Temporary Redirect', [(b'Content-Type', b'text/plain; charset=utf-8'), (b'Content-Length', b'350'), (b'Connection', b'keep-alive'), (b'Date', b'Mon, 25 May 2026 09:22:05 GMT'), (b'Location', b'/api/resolve-cache/models/sentence-transformers/paraphrase-multilingual-MiniLM-L12-v2/e8f8c211226b894fcb81acc59f3b34ba3efd5f42/sentence_bert_config.json?%2Fsentence-transformers%2Fparaphrase-multilingual-MiniLM-L12-v2%2Fresolve%2Fmain%2Fsentence_bert_config.json=&etag=%225fd10429389515d3e5cccdeda08cae5fea1ae82e%22'), (b'X-Powered-By', b'huggingface-moon'), (b'X-Request-Id', b'Root=1-6a1414bd-56e0fe1248802ea67865a663;79b984c7-dc09-402c-bd57-d9ecdc13aa43'), (b'RateLimit', b'"resolvers";r=4991;t=230'), (b'RateLimit-Policy', b'"fixed window";"resolvers";q=5000;w=300'), (b'cross-origin-opener-policy', b'same-origin'), (b'Referrer-Policy', b'strict-origin-when-cross-origin'), (b'Access-Control-Max-Age', b'86400'), (b'Access-Control-Allow-Origin', b'https://huggingface.co'), (b'Vary', b'Origin, Accept'), (b'Access-Control-Expose-Headers', b'X-Repo-Commit,X-Request-Id,X-Error-Code,X-Error-Message,X-Total-Count,ETag,Link,Accept-Ranges,Content-Range,X-Linked-Size,X-Linked-ETag,X-Xet-Hash'), (b'X-Repo-Commit', b'e8f8c211226b894fcb81acc59f3b34ba3efd5f42'), (b'Accept-Ranges', b'bytes'), (b'X-Hub-Cache', b'HIT'), (b'Content-Disposition', b'inline; filename*=UTF-8\'\'sentence_bert_config.json; filename="sentence_bert_config.json";'), (b'Content-Security-Policy', b"default-src 'none'; sandbox"), (b'X-Linked-ETag', b'"5fd10429389515d3e5cccdeda08cae5fea1ae82e"'), (b'X-Cache', b'Miss from cloudfront'), (b'Via', b'1.1 151c211fd92038141436f57a6e9c1b6e.cloudfront.net (CloudFront)'), (b'X-Amz-Cf-Pop', b'HEL51-P2'), (b'X-Amz-Cf-Id', b'FPE5ISMbfSg31qJNDtri054kUGFc2ynykl5Eviaf7f72gpW6Cy214g==')])
2026-05-25 12:22:05,174 | INFO     | httpx                | HTTP Request: HEAD https://huggingface.co/sentence-transformers/paraphrase-multilingual-MiniLM-L12-v2/resolve/main/sentence_bert_config.json "HTTP/1.1 307 Temporary Redirect"
2026-05-25 12:22:05,175 | DEBUG    | httpcore.http11      | receive_response_body.started request=<Request [b'HEAD']>
2026-05-25 12:22:05,175 | DEBUG    | httpcore.http11      | receive_response_body.complete
2026-05-25 12:22:05,175 | DEBUG    | httpcore.http11      | response_closed.started
2026-05-25 12:22:05,175 | DEBUG    | httpcore.http11      | response_closed.complete
2026-05-25 12:22:05,176 | DEBUG    | httpcore.http11      | send_request_headers.started request=<Request [b'HEAD']>
2026-05-25 12:22:05,177 | DEBUG    | httpcore.http11      | send_request_headers.complete
2026-05-25 12:22:05,177 | DEBUG    | httpcore.http11      | send_request_body.started request=<Request [b'HEAD']>
2026-05-25 12:22:05,177 | DEBUG    | httpcore.http11      | send_request_body.complete
2026-05-25 12:22:05,177 | DEBUG    | httpcore.http11      | receive_response_headers.started request=<Request [b'HEAD']>
2026-05-25 12:22:05,224 | DEBUG    | httpcore.http11      | receive_response_headers.complete return_value=(b'HTTP/1.1', 200, b'OK', [(b'Content-Type', b'text/plain; charset=utf-8'), (b'Content-Length', b'53'), (b'Connection', b'keep-alive'), (b'Date', b'Sat, 23 May 2026 16:52:54 GMT'), (b'ETag', b'"5fd10429389515d3e5cccdeda08cae5fea1ae82e"'), (b'X-Powered-By', b'huggingface-moon'), (b'X-Request-Id', b'Root=1-6a11db66-63b5b0922ea7996a0f310dbf;a57418a0-b144-4cf6-a664-968ad2d7a2d6'), (b'RateLimit', b'"resolvers";r=4987;t=181'), (b'RateLimit-Policy', b'"fixed window";"resolvers";q=5000;w=300'), (b'cross-origin-opener-policy', b'same-origin'), (b'Referrer-Policy', b'strict-origin-when-cross-origin'), (b'Access-Control-Max-Age', b'86400'), (b'Access-Control-Allow-Origin', b'https://huggingface.co'), (b'Access-Control-Expose-Headers', b'X-Repo-Commit,X-Request-Id,X-Error-Code,X-Error-Message,X-Total-Count,ETag,Link,Accept-Ranges,Content-Range,X-Linked-Size,X-Linked-ETag,X-Xet-Hash'), (b'X-Repo-Commit', b'e8f8c211226b894fcb81acc59f3b34ba3efd5f42'), (b'Accept-Ranges', b'bytes'), (b'X-Hub-Cache', b'MISS'), (b'Content-Disposition', b'inline; filename*=UTF-8\'\'sentence_bert_config.json; filename="sentence_bert_config.json";'), (b'Content-Security-Policy', b"default-src 'none'; sandbox"), (b'Vary', b'Origin'), (b'X-Cache', b'Hit from cloudfront'), (b'Via', b'1.1 151c211fd92038141436f57a6e9c1b6e.cloudfront.net (CloudFront)'), (b'X-Amz-Cf-Pop', b'HEL51-P2'), (b'X-Amz-Cf-Id', b'3kwZmQc0McJw0pqo525xY4lR9VOclH1_WhzzB0ETmWFWBkazCM6bHw=='), (b'Age', b'145751')])
2026-05-25 12:22:05,224 | INFO     | httpx                | HTTP Request: HEAD https://huggingface.co/api/resolve-cache/models/sentence-transformers/paraphrase-multilingual-MiniLM-L12-v2/e8f8c211226b894fcb81acc59f3b34ba3efd5f42/sentence_bert_config.json "HTTP/1.1 200 OK"
2026-05-25 12:22:05,225 | DEBUG    | httpcore.http11      | receive_response_body.started request=<Request [b'HEAD']>
2026-05-25 12:22:05,225 | DEBUG    | httpcore.http11      | receive_response_body.complete
2026-05-25 12:22:05,225 | DEBUG    | httpcore.http11      | response_closed.started
2026-05-25 12:22:05,225 | DEBUG    | httpcore.http11      | response_closed.complete
2026-05-25 12:22:05,239 | DEBUG    | httpcore.http11      | send_request_headers.started request=<Request [b'HEAD']>
2026-05-25 12:22:05,240 | DEBUG    | httpcore.http11      | send_request_headers.complete
2026-05-25 12:22:05,240 | DEBUG    | httpcore.http11      | send_request_body.started request=<Request [b'HEAD']>
2026-05-25 12:22:05,241 | DEBUG    | httpcore.http11      | send_request_body.complete
2026-05-25 12:22:05,242 | DEBUG    | httpcore.http11      | receive_response_headers.started request=<Request [b'HEAD']>
2026-05-25 12:22:05,391 | DEBUG    | httpcore.http11      | receive_response_headers.complete return_value=(b'HTTP/1.1', 404, b'Not Found', [(b'Content-Type', b'text/plain; charset=utf-8'), (b'Content-Length', b'15'), (b'Connection', b'keep-alive'), (b'Date', b'Mon, 25 May 2026 09:22:05 GMT'), (b'ETag', b'W/"f-mY2VvLxuxB7KhsoOdQTlMTccuAQ"'), (b'X-Powered-By', b'huggingface-moon'), (b'X-Request-Id', b'Root=1-6a1414bd-6a78b61a08c5908c4b753aeb;3ece2ad2-0387-4bf1-b999-cc772d833be1'), (b'RateLimit', b'"resolvers";r=4990;t=230'), (b'RateLimit-Policy', b'"fixed window";"resolvers";q=5000;w=300'), (b'cross-origin-opener-policy', b'same-origin'), (b'Referrer-Policy', b'strict-origin-when-cross-origin'), (b'Access-Control-Max-Age', b'86400'), (b'Access-Control-Allow-Origin', b'https://huggingface.co'), (b'Vary', b'Origin'), (b'Access-Control-Expose-Headers', b'X-Repo-Commit,X-Request-Id,X-Error-Code,X-Error-Message,X-Total-Count,ETag,Link,Accept-Ranges,Content-Range,X-Linked-Size,X-Linked-ETag,X-Xet-Hash'), (b'X-Repo-Commit', b'e8f8c211226b894fcb81acc59f3b34ba3efd5f42'), (b'Accept-Ranges', b'bytes'), (b'X-Hub-Cache', b'MISS'), (b'X-Error-Code', b'EntryNotFound'), (b'X-Error-Message', b'Entry not found'), (b'X-Cache', b'Error from cloudfront'), (b'Via', b'1.1 151c211fd92038141436f57a6e9c1b6e.cloudfront.net (CloudFront)'), (b'X-Amz-Cf-Pop', b'HEL51-P2'), (b'X-Amz-Cf-Id', b'LhCXfw6H7EPGtM0mUbNPb-p-8AL1fnjYEv6uPM-Rb49TQnShDBOJXQ==')])
2026-05-25 12:22:05,392 | INFO     | httpx                | HTTP Request: HEAD https://huggingface.co/sentence-transformers/paraphrase-multilingual-MiniLM-L12-v2/resolve/main/adapter_config.json "HTTP/1.1 404 Not Found"
2026-05-25 12:22:05,392 | DEBUG    | httpcore.http11      | receive_response_body.started request=<Request [b'HEAD']>
2026-05-25 12:22:05,392 | DEBUG    | httpcore.http11      | receive_response_body.complete
2026-05-25 12:22:05,393 | DEBUG    | httpcore.http11      | response_closed.started
2026-05-25 12:22:05,393 | DEBUG    | httpcore.http11      | response_closed.complete
2026-05-25 12:22:05,404 | DEBUG    | httpcore.http11      | send_request_headers.started request=<Request [b'HEAD']>
2026-05-25 12:22:05,404 | DEBUG    | httpcore.http11      | send_request_headers.complete
2026-05-25 12:22:05,405 | DEBUG    | httpcore.http11      | send_request_body.started request=<Request [b'HEAD']>
2026-05-25 12:22:05,405 | DEBUG    | httpcore.http11      | send_request_body.complete
2026-05-25 12:22:05,405 | DEBUG    | httpcore.http11      | receive_response_headers.started request=<Request [b'HEAD']>
2026-05-25 12:22:05,556 | DEBUG    | httpcore.http11      | receive_response_headers.complete return_value=(b'HTTP/1.1', 307, b'Temporary Redirect', [(b'Content-Type', b'text/plain; charset=utf-8'), (b'Content-Length', b'322'), (b'Connection', b'keep-alive'), (b'Date', b'Mon, 25 May 2026 09:22:05 GMT'), (b'Location', b'/api/resolve-cache/models/sentence-transformers/paraphrase-multilingual-MiniLM-L12-v2/e8f8c211226b894fcb81acc59f3b34ba3efd5f42/config.json?%2Fsentence-transformers%2Fparaphrase-multilingual-MiniLM-L12-v2%2Fresolve%2Fmain%2Fconfig.json=&etag=%22c06d5b49495f044e6380e68a60538be17a6bd5d1%22'), (b'X-Powered-By', b'huggingface-moon'), (b'X-Request-Id', b'Root=1-6a1414bd-27764de06156c67f69c23207;5833eb1a-d30b-4029-b3fa-e7c012bcd6d1'), (b'RateLimit', b'"resolvers";r=4989;t=230'), (b'RateLimit-Policy', b'"fixed window";"resolvers";q=5000;w=300'), (b'cross-origin-opener-policy', b'same-origin'), (b'Referrer-Policy', b'strict-origin-when-cross-origin'), (b'Access-Control-Max-Age', b'86400'), (b'Access-Control-Allow-Origin', b'https://huggingface.co'), (b'Vary', b'Origin, Accept'), (b'Access-Control-Expose-Headers', b'X-Repo-Commit,X-Request-Id,X-Error-Code,X-Error-Message,X-Total-Count,ETag,Link,Accept-Ranges,Content-Range,X-Linked-Size,X-Linked-ETag,X-Xet-Hash'), (b'X-Repo-Commit', b'e8f8c211226b894fcb81acc59f3b34ba3efd5f42'), (b'Accept-Ranges', b'bytes'), (b'X-Hub-Cache', b'HIT'), (b'Content-Disposition', b'inline; filename*=UTF-8\'\'config.json; filename="config.json";'), (b'Content-Security-Policy', b"default-src 'none'; sandbox"), (b'X-Linked-ETag', b'"c06d5b49495f044e6380e68a60538be17a6bd5d1"'), (b'X-Cache', b'Miss from cloudfront'), (b'Via', b'1.1 151c211fd92038141436f57a6e9c1b6e.cloudfront.net (CloudFront)'), (b'X-Amz-Cf-Pop', b'HEL51-P2'), (b'X-Amz-Cf-Id', b'I1dLLwUpt99juHeXmULH4HSOS3uKda9s4XXjV7gCf-kQhDQJ8jol6A==')])
2026-05-25 12:22:05,557 | INFO     | httpx                | HTTP Request: HEAD https://huggingface.co/sentence-transformers/paraphrase-multilingual-MiniLM-L12-v2/resolve/main/config.json "HTTP/1.1 307 Temporary Redirect"
2026-05-25 12:22:05,558 | DEBUG    | httpcore.http11      | receive_response_body.started request=<Request [b'HEAD']>
2026-05-25 12:22:05,558 | DEBUG    | httpcore.http11      | receive_response_body.complete
2026-05-25 12:22:05,559 | DEBUG    | httpcore.http11      | response_closed.started
2026-05-25 12:22:05,559 | DEBUG    | httpcore.http11      | response_closed.complete
2026-05-25 12:22:05,560 | DEBUG    | httpcore.http11      | send_request_headers.started request=<Request [b'HEAD']>
2026-05-25 12:22:05,560 | DEBUG    | httpcore.http11      | send_request_headers.complete
2026-05-25 12:22:05,561 | DEBUG    | httpcore.http11      | send_request_body.started request=<Request [b'HEAD']>
2026-05-25 12:22:05,561 | DEBUG    | httpcore.http11      | send_request_body.complete
2026-05-25 12:22:05,561 | DEBUG    | httpcore.http11      | receive_response_headers.started request=<Request [b'HEAD']>
2026-05-25 12:22:05,609 | DEBUG    | httpcore.http11      | receive_response_headers.complete return_value=(b'HTTP/1.1', 200, b'OK', [(b'Content-Type', b'text/plain; charset=utf-8'), (b'Content-Length', b'645'), (b'Connection', b'keep-alive'), (b'Date', b'Sat, 23 May 2026 16:52:55 GMT'), (b'ETag', b'"c06d5b49495f044e6380e68a60538be17a6bd5d1"'), (b'X-Powered-By', b'huggingface-moon'), (b'X-Request-Id', b'Root=1-6a11db67-2ad77e595d0c35132f3135d5;4da4a2fd-bd36-4550-ac7d-380303f2f2bc'), (b'RateLimit', b'"resolvers";r=4983;t=180'), (b'RateLimit-Policy', b'"fixed window";"resolvers";q=5000;w=300'), (b'cross-origin-opener-policy', b'same-origin'), (b'Referrer-Policy', b'strict-origin-when-cross-origin'), (b'Access-Control-Max-Age', b'86400'), (b'Access-Control-Allow-Origin', b'https://huggingface.co'), (b'Access-Control-Expose-Headers', b'X-Repo-Commit,X-Request-Id,X-Error-Code,X-Error-Message,X-Total-Count,ETag,Link,Accept-Ranges,Content-Range,X-Linked-Size,X-Linked-ETag,X-Xet-Hash'), (b'X-Repo-Commit', b'e8f8c211226b894fcb81acc59f3b34ba3efd5f42'), (b'Accept-Ranges', b'bytes'), (b'X-Hub-Cache', b'MISS'), (b'Content-Disposition', b'inline; filename*=UTF-8\'\'config.json; filename="config.json";'), (b'Content-Security-Policy', b"default-src 'none'; sandbox"), (b'Vary', b'Origin'), (b'X-Cache', b'Hit from cloudfront'), (b'Via', b'1.1 151c211fd92038141436f57a6e9c1b6e.cloudfront.net (CloudFront)'), (b'X-Amz-Cf-Pop', b'HEL51-P2'), (b'X-Amz-Cf-Id', b'-myxNNChbWXXCNurMYRIPIGYvm02l545vvzXy1Eo7cFL7MtksvgKNA=='), (b'Age', b'145750')])
2026-05-25 12:22:05,610 | INFO     | httpx                | HTTP Request: HEAD https://huggingface.co/api/resolve-cache/models/sentence-transformers/paraphrase-multilingual-MiniLM-L12-v2/e8f8c211226b894fcb81acc59f3b34ba3efd5f42/config.json "HTTP/1.1 200 OK"
2026-05-25 12:22:05,610 | DEBUG    | httpcore.http11      | receive_response_body.started request=<Request [b'HEAD']>
2026-05-25 12:22:05,611 | DEBUG    | httpcore.http11      | receive_response_body.complete
2026-05-25 12:22:05,611 | DEBUG    | httpcore.http11      | response_closed.started
2026-05-25 12:22:05,611 | DEBUG    | httpcore.http11      | response_closed.complete
2026-05-25 12:22:06,244 | DEBUG    | httpcore.http11      | send_request_headers.started request=<Request [b'HEAD']>
2026-05-25 12:22:06,244 | DEBUG    | httpcore.http11      | send_request_headers.complete
2026-05-25 12:22:06,245 | DEBUG    | httpcore.http11      | send_request_body.started request=<Request [b'HEAD']>
2026-05-25 12:22:06,245 | DEBUG    | httpcore.http11      | send_request_body.complete
2026-05-25 12:22:06,245 | DEBUG    | httpcore.http11      | receive_response_headers.started request=<Request [b'HEAD']>
2026-05-25 12:22:06,394 | DEBUG    | httpcore.http11      | receive_response_headers.complete return_value=(b'HTTP/1.1', 404, b'Not Found', [(b'Content-Type', b'text/plain; charset=utf-8'), (b'Content-Length', b'15'), (b'Connection', b'keep-alive'), (b'Date', b'Mon, 25 May 2026 09:22:06 GMT'), (b'ETag', b'W/"f-mY2VvLxuxB7KhsoOdQTlMTccuAQ"'), (b'X-Powered-By', b'huggingface-moon'), (b'X-Request-Id', b'Root=1-6a1414be-302dbf940e5bd5020a31a7ef;d89b859e-4989-4175-99e6-3e527a222129'), (b'RateLimit', b'"resolvers";r=4988;t=229'), (b'RateLimit-Policy', b'"fixed window";"resolvers";q=5000;w=300'), (b'cross-origin-opener-policy', b'same-origin'), (b'Referrer-Policy', b'strict-origin-when-cross-origin'), (b'Access-Control-Max-Age', b'86400'), (b'Access-Control-Allow-Origin', b'https://huggingface.co'), (b'Vary', b'Origin'), (b'Access-Control-Expose-Headers', b'X-Repo-Commit,X-Request-Id,X-Error-Code,X-Error-Message,X-Total-Count,ETag,Link,Accept-Ranges,Content-Range,X-Linked-Size,X-Linked-ETag,X-Xet-Hash'), (b'X-Repo-Commit', b'e8f8c211226b894fcb81acc59f3b34ba3efd5f42'), (b'Accept-Ranges', b'bytes'), (b'X-Hub-Cache', b'MISS'), (b'X-Error-Code', b'EntryNotFound'), (b'X-Error-Message', b'Entry not found'), (b'X-Cache', b'Error from cloudfront'), (b'Via', b'1.1 151c211fd92038141436f57a6e9c1b6e.cloudfront.net (CloudFront)'), (b'X-Amz-Cf-Pop', b'HEL51-P2'), (b'X-Amz-Cf-Id', b'swa-oXARWKrxg4TdNRRFwnzQNWa_tZ3dIXMjq2sGdziqN8AmtR04Bg==')])
2026-05-25 12:22:06,395 | INFO     | httpx                | HTTP Request: HEAD https://huggingface.co/sentence-transformers/paraphrase-multilingual-MiniLM-L12-v2/resolve/main/processor_config.json "HTTP/1.1 404 Not Found"
2026-05-25 12:22:06,396 | DEBUG    | httpcore.http11      | receive_response_body.started request=<Request [b'HEAD']>
2026-05-25 12:22:06,396 | DEBUG    | httpcore.http11      | receive_response_body.complete
2026-05-25 12:22:06,396 | DEBUG    | httpcore.http11      | response_closed.started
2026-05-25 12:22:06,396 | DEBUG    | httpcore.http11      | response_closed.complete
2026-05-25 12:22:06,409 | DEBUG    | httpcore.http11      | send_request_headers.started request=<Request [b'HEAD']>
2026-05-25 12:22:06,410 | DEBUG    | httpcore.http11      | send_request_headers.complete
2026-05-25 12:22:06,411 | DEBUG    | httpcore.http11      | send_request_body.started request=<Request [b'HEAD']>
2026-05-25 12:22:06,411 | DEBUG    | httpcore.http11      | send_request_body.complete
2026-05-25 12:22:06,412 | DEBUG    | httpcore.http11      | receive_response_headers.started request=<Request [b'HEAD']>
2026-05-25 12:22:06,564 | DEBUG    | httpcore.http11      | receive_response_headers.complete return_value=(b'HTTP/1.1', 404, b'Not Found', [(b'Content-Type', b'text/plain; charset=utf-8'), (b'Content-Length', b'15'), (b'Connection', b'keep-alive'), (b'Date', b'Mon, 25 May 2026 09:22:06 GMT'), (b'ETag', b'W/"f-mY2VvLxuxB7KhsoOdQTlMTccuAQ"'), (b'X-Powered-By', b'huggingface-moon'), (b'X-Request-Id', b'Root=1-6a1414be-335b2f2521de20461d0430d1;56d5bc46-62c5-41a0-8e6d-7611e7c65bc5'), (b'RateLimit', b'"resolvers";r=4987;t=229'), (b'RateLimit-Policy', b'"fixed window";"resolvers";q=5000;w=300'), (b'cross-origin-opener-policy', b'same-origin'), (b'Referrer-Policy', b'strict-origin-when-cross-origin'), (b'Access-Control-Max-Age', b'86400'), (b'Access-Control-Allow-Origin', b'https://huggingface.co'), (b'Vary', b'Origin'), (b'Access-Control-Expose-Headers', b'X-Repo-Commit,X-Request-Id,X-Error-Code,X-Error-Message,X-Total-Count,ETag,Link,Accept-Ranges,Content-Range,X-Linked-Size,X-Linked-ETag,X-Xet-Hash'), (b'X-Repo-Commit', b'e8f8c211226b894fcb81acc59f3b34ba3efd5f42'), (b'Accept-Ranges', b'bytes'), (b'X-Hub-Cache', b'MISS'), (b'X-Error-Code', b'EntryNotFound'), (b'X-Error-Message', b'Entry not found'), (b'X-Cache', b'Error from cloudfront'), (b'Via', b'1.1 151c211fd92038141436f57a6e9c1b6e.cloudfront.net (CloudFront)'), (b'X-Amz-Cf-Pop', b'HEL51-P2'), (b'X-Amz-Cf-Id', b'ZFl083GXZ6Df3-oR8IR_BpLc4fZsn1JrexPbp8v5xwW0KEmYs-KbEw==')])
2026-05-25 12:22:06,565 | INFO     | httpx                | HTTP Request: HEAD https://huggingface.co/sentence-transformers/paraphrase-multilingual-MiniLM-L12-v2/resolve/main/preprocessor_config.json "HTTP/1.1 404 Not Found"
2026-05-25 12:22:06,565 | DEBUG    | httpcore.http11      | receive_response_body.started request=<Request [b'HEAD']>
2026-05-25 12:22:06,565 | DEBUG    | httpcore.http11      | receive_response_body.complete
2026-05-25 12:22:06,566 | DEBUG    | httpcore.http11      | response_closed.started
2026-05-25 12:22:06,566 | DEBUG    | httpcore.http11      | response_closed.complete
2026-05-25 12:22:06,577 | DEBUG    | httpcore.http11      | send_request_headers.started request=<Request [b'HEAD']>
2026-05-25 12:22:06,578 | DEBUG    | httpcore.http11      | send_request_headers.complete
2026-05-25 12:22:06,578 | DEBUG    | httpcore.http11      | send_request_body.started request=<Request [b'HEAD']>
2026-05-25 12:22:06,578 | DEBUG    | httpcore.http11      | send_request_body.complete
2026-05-25 12:22:06,578 | DEBUG    | httpcore.http11      | receive_response_headers.started request=<Request [b'HEAD']>
2026-05-25 12:22:06,727 | DEBUG    | httpcore.http11      | receive_response_headers.complete return_value=(b'HTTP/1.1', 404, b'Not Found', [(b'Content-Type', b'text/plain; charset=utf-8'), (b'Content-Length', b'15'), (b'Connection', b'keep-alive'), (b'Date', b'Mon, 25 May 2026 09:22:06 GMT'), (b'ETag', b'W/"f-mY2VvLxuxB7KhsoOdQTlMTccuAQ"'), (b'X-Powered-By', b'huggingface-moon'), (b'X-Request-Id', b'Root=1-6a1414be-0dfdd2a35ae6c2e8258289e1;ea2b8ace-9532-460b-9811-872acbd8a59b'), (b'RateLimit', b'"resolvers";r=4986;t=229'), (b'RateLimit-Policy', b'"fixed window";"resolvers";q=5000;w=300'), (b'cross-origin-opener-policy', b'same-origin'), (b'Referrer-Policy', b'strict-origin-when-cross-origin'), (b'Access-Control-Max-Age', b'86400'), (b'Access-Control-Allow-Origin', b'https://huggingface.co'), (b'Vary', b'Origin'), (b'Access-Control-Expose-Headers', b'X-Repo-Commit,X-Request-Id,X-Error-Code,X-Error-Message,X-Total-Count,ETag,Link,Accept-Ranges,Content-Range,X-Linked-Size,X-Linked-ETag,X-Xet-Hash'), (b'X-Repo-Commit', b'e8f8c211226b894fcb81acc59f3b34ba3efd5f42'), (b'Accept-Ranges', b'bytes'), (b'X-Hub-Cache', b'MISS'), (b'X-Error-Code', b'EntryNotFound'), (b'X-Error-Message', b'Entry not found'), (b'X-Cache', b'Error from cloudfront'), (b'Via', b'1.1 151c211fd92038141436f57a6e9c1b6e.cloudfront.net (CloudFront)'), (b'X-Amz-Cf-Pop', b'HEL51-P2'), (b'X-Amz-Cf-Id', b'-NExREeuI6IlWk4Twi8eDNiSkVPaKPZ7MdDQLHw3OmZbhDhpXhQVOg==')])
2026-05-25 12:22:06,728 | INFO     | httpx                | HTTP Request: HEAD https://huggingface.co/sentence-transformers/paraphrase-multilingual-MiniLM-L12-v2/resolve/main/video_preprocessor_config.json "HTTP/1.1 404 Not Found"
2026-05-25 12:22:06,728 | DEBUG    | httpcore.http11      | receive_response_body.started request=<Request [b'HEAD']>
2026-05-25 12:22:06,729 | DEBUG    | httpcore.http11      | receive_response_body.complete
2026-05-25 12:22:06,729 | DEBUG    | httpcore.http11      | response_closed.started
2026-05-25 12:22:06,729 | DEBUG    | httpcore.http11      | response_closed.complete
2026-05-25 12:22:06,747 | DEBUG    | httpcore.http11      | send_request_headers.started request=<Request [b'HEAD']>
2026-05-25 12:22:06,747 | DEBUG    | httpcore.http11      | send_request_headers.complete
2026-05-25 12:22:06,747 | DEBUG    | httpcore.http11      | send_request_body.started request=<Request [b'HEAD']>
2026-05-25 12:22:06,748 | DEBUG    | httpcore.http11      | send_request_body.complete
2026-05-25 12:22:06,748 | DEBUG    | httpcore.http11      | receive_response_headers.started request=<Request [b'HEAD']>
2026-05-25 12:22:06,945 | DEBUG    | httpcore.http11      | receive_response_headers.complete return_value=(b'HTTP/1.1', 404, b'Not Found', [(b'Content-Type', b'text/plain; charset=utf-8'), (b'Content-Length', b'15'), (b'Connection', b'keep-alive'), (b'Date', b'Mon, 25 May 2026 09:22:06 GMT'), (b'ETag', b'W/"f-mY2VvLxuxB7KhsoOdQTlMTccuAQ"'), (b'X-Powered-By', b'huggingface-moon'), (b'X-Request-Id', b'Root=1-6a1414be-66df5cf172386a8506622229;06282212-4093-439c-af5e-711587f8ed6e'), (b'RateLimit', b'"resolvers";r=4985;t=229'), (b'RateLimit-Policy', b'"fixed window";"resolvers";q=5000;w=300'), (b'cross-origin-opener-policy', b'same-origin'), (b'Referrer-Policy', b'strict-origin-when-cross-origin'), (b'Access-Control-Max-Age', b'86400'), (b'Access-Control-Allow-Origin', b'https://huggingface.co'), (b'Vary', b'Origin'), (b'Access-Control-Expose-Headers', b'X-Repo-Commit,X-Request-Id,X-Error-Code,X-Error-Message,X-Total-Count,ETag,Link,Accept-Ranges,Content-Range,X-Linked-Size,X-Linked-ETag,X-Xet-Hash'), (b'X-Repo-Commit', b'e8f8c211226b894fcb81acc59f3b34ba3efd5f42'), (b'Accept-Ranges', b'bytes'), (b'X-Hub-Cache', b'MISS'), (b'X-Error-Code', b'EntryNotFound'), (b'X-Error-Message', b'Entry not found'), (b'X-Cache', b'Error from cloudfront'), (b'Via', b'1.1 151c211fd92038141436f57a6e9c1b6e.cloudfront.net (CloudFront)'), (b'X-Amz-Cf-Pop', b'HEL51-P2'), (b'X-Amz-Cf-Id', b'aAv_449-0qGTEVF3zP2AzJYHGELjMo0n-NRvjRMVRSdaFpjDpRHfmA==')])
2026-05-25 12:22:06,946 | INFO     | httpx                | HTTP Request: HEAD https://huggingface.co/sentence-transformers/paraphrase-multilingual-MiniLM-L12-v2/resolve/main/preprocessor_config.json "HTTP/1.1 404 Not Found"
2026-05-25 12:22:06,946 | DEBUG    | httpcore.http11      | receive_response_body.started request=<Request [b'HEAD']>
2026-05-25 12:22:06,946 | DEBUG    | httpcore.http11      | receive_response_body.complete
2026-05-25 12:22:06,946 | DEBUG    | httpcore.http11      | response_closed.started
2026-05-25 12:22:06,946 | DEBUG    | httpcore.http11      | response_closed.complete
2026-05-25 12:22:06,953 | DEBUG    | httpcore.http11      | send_request_headers.started request=<Request [b'HEAD']>
2026-05-25 12:22:06,953 | DEBUG    | httpcore.http11      | send_request_headers.complete
2026-05-25 12:22:06,953 | DEBUG    | httpcore.http11      | send_request_body.started request=<Request [b'HEAD']>
2026-05-25 12:22:06,954 | DEBUG    | httpcore.http11      | send_request_body.complete
2026-05-25 12:22:06,954 | DEBUG    | httpcore.http11      | receive_response_headers.started request=<Request [b'HEAD']>
2026-05-25 12:22:07,103 | DEBUG    | httpcore.http11      | receive_response_headers.complete return_value=(b'HTTP/1.1', 307, b'Temporary Redirect', [(b'Content-Type', b'text/plain; charset=utf-8'), (b'Content-Length', b'342'), (b'Connection', b'keep-alive'), (b'Date', b'Mon, 25 May 2026 09:22:07 GMT'), (b'Location', b'/api/resolve-cache/models/sentence-transformers/paraphrase-multilingual-MiniLM-L12-v2/e8f8c211226b894fcb81acc59f3b34ba3efd5f42/tokenizer_config.json?%2Fsentence-transformers%2Fparaphrase-multilingual-MiniLM-L12-v2%2Fresolve%2Fmain%2Ftokenizer_config.json=&etag=%223c1b565ae10a15a1d0c31096f834af2fd9359e91%22'), (b'X-Powered-By', b'huggingface-moon'), (b'X-Request-Id', b'Root=1-6a1414bf-3eb54f3d6db775ed4216bccc;b3ec2009-99f8-498c-9168-471a76463f52'), (b'RateLimit', b'"resolvers";r=4984;t=228'), (b'RateLimit-Policy', b'"fixed window";"resolvers";q=5000;w=300'), (b'cross-origin-opener-policy', b'same-origin'), (b'Referrer-Policy', b'strict-origin-when-cross-origin'), (b'Access-Control-Max-Age', b'86400'), (b'Access-Control-Allow-Origin', b'https://huggingface.co'), (b'Vary', b'Origin, Accept'), (b'Access-Control-Expose-Headers', b'X-Repo-Commit,X-Request-Id,X-Error-Code,X-Error-Message,X-Total-Count,ETag,Link,Accept-Ranges,Content-Range,X-Linked-Size,X-Linked-ETag,X-Xet-Hash'), (b'X-Repo-Commit', b'e8f8c211226b894fcb81acc59f3b34ba3efd5f42'), (b'Accept-Ranges', b'bytes'), (b'X-Hub-Cache', b'HIT'), (b'Content-Disposition', b'inline; filename*=UTF-8\'\'tokenizer_config.json; filename="tokenizer_config.json";'), (b'Content-Security-Policy', b"default-src 'none'; sandbox"), (b'X-Linked-ETag', b'"3c1b565ae10a15a1d0c31096f834af2fd9359e91"'), (b'X-Cache', b'Miss from cloudfront'), (b'Via', b'1.1 151c211fd92038141436f57a6e9c1b6e.cloudfront.net (CloudFront)'), (b'X-Amz-Cf-Pop', b'HEL51-P2'), (b'X-Amz-Cf-Id', b'0Rqt_JMImh2A2npvZptsL0WgnodiVvUucNKey3XicJXEw05F2Unr_w==')])
2026-05-25 12:22:07,104 | INFO     | httpx                | HTTP Request: HEAD https://huggingface.co/sentence-transformers/paraphrase-multilingual-MiniLM-L12-v2/resolve/main/tokenizer_config.json "HTTP/1.1 307 Temporary Redirect"
2026-05-25 12:22:07,105 | DEBUG    | httpcore.http11      | receive_response_body.started request=<Request [b'HEAD']>
2026-05-25 12:22:07,105 | DEBUG    | httpcore.http11      | receive_response_body.complete
2026-05-25 12:22:07,105 | DEBUG    | httpcore.http11      | response_closed.started
2026-05-25 12:22:07,105 | DEBUG    | httpcore.http11      | response_closed.complete
2026-05-25 12:22:07,106 | DEBUG    | httpcore.http11      | send_request_headers.started request=<Request [b'HEAD']>
2026-05-25 12:22:07,107 | DEBUG    | httpcore.http11      | send_request_headers.complete
2026-05-25 12:22:07,107 | DEBUG    | httpcore.http11      | send_request_body.started request=<Request [b'HEAD']>
2026-05-25 12:22:07,107 | DEBUG    | httpcore.http11      | send_request_body.complete
2026-05-25 12:22:07,108 | DEBUG    | httpcore.http11      | receive_response_headers.started request=<Request [b'HEAD']>
2026-05-25 12:22:07,156 | DEBUG    | httpcore.http11      | receive_response_headers.complete return_value=(b'HTTP/1.1', 200, b'OK', [(b'Content-Type', b'text/plain; charset=utf-8'), (b'Content-Length', b'526'), (b'Connection', b'keep-alive'), (b'Date', b'Sat, 23 May 2026 16:53:14 GMT'), (b'ETag', b'"3c1b565ae10a15a1d0c31096f834af2fd9359e91"'), (b'X-Powered-By', b'huggingface-moon'), (b'X-Request-Id', b'Root=1-6a11db7a-70d238d00dffb7f31218b60e;ddd9f2d2-5b8d-43bc-91fe-8e21de0f4647'), (b'RateLimit', b'"resolvers";r=4975;t=161'), (b'RateLimit-Policy', b'"fixed window";"resolvers";q=5000;w=300'), (b'cross-origin-opener-policy', b'same-origin'), (b'Referrer-Policy', b'strict-origin-when-cross-origin'), (b'Access-Control-Max-Age', b'86400'), (b'Access-Control-Allow-Origin', b'https://huggingface.co'), (b'Access-Control-Expose-Headers', b'X-Repo-Commit,X-Request-Id,X-Error-Code,X-Error-Message,X-Total-Count,ETag,Link,Accept-Ranges,Content-Range,X-Linked-Size,X-Linked-ETag,X-Xet-Hash'), (b'X-Repo-Commit', b'e8f8c211226b894fcb81acc59f3b34ba3efd5f42'), (b'Accept-Ranges', b'bytes'), (b'X-Hub-Cache', b'MISS'), (b'Content-Disposition', b'inline; filename*=UTF-8\'\'tokenizer_config.json; filename="tokenizer_config.json";'), (b'Content-Security-Policy', b"default-src 'none'; sandbox"), (b'Vary', b'Origin'), (b'X-Cache', b'Hit from cloudfront'), (b'Via', b'1.1 151c211fd92038141436f57a6e9c1b6e.cloudfront.net (CloudFront)'), (b'X-Amz-Cf-Pop', b'HEL51-P2'), (b'X-Amz-Cf-Id', b'vra8tGng-wD96Kt40YHLy2PvfcC7xOob7IeUqTfKpHTfZjB9IvoyOA=='), (b'Age', b'145733')])
2026-05-25 12:22:07,157 | INFO     | httpx                | HTTP Request: HEAD https://huggingface.co/api/resolve-cache/models/sentence-transformers/paraphrase-multilingual-MiniLM-L12-v2/e8f8c211226b894fcb81acc59f3b34ba3efd5f42/tokenizer_config.json "HTTP/1.1 200 OK"
2026-05-25 12:22:07,157 | DEBUG    | httpcore.http11      | receive_response_body.started request=<Request [b'HEAD']>
2026-05-25 12:22:07,157 | DEBUG    | httpcore.http11      | receive_response_body.complete
2026-05-25 12:22:07,158 | DEBUG    | httpcore.http11      | response_closed.started
2026-05-25 12:22:07,158 | DEBUG    | httpcore.http11      | response_closed.complete
2026-05-25 12:22:07,179 | DEBUG    | httpcore.http11      | send_request_headers.started request=<Request [b'HEAD']>
2026-05-25 12:22:07,179 | DEBUG    | httpcore.http11      | send_request_headers.complete
2026-05-25 12:22:07,179 | DEBUG    | httpcore.http11      | send_request_body.started request=<Request [b'HEAD']>
2026-05-25 12:22:07,180 | DEBUG    | httpcore.http11      | send_request_body.complete
2026-05-25 12:22:07,180 | DEBUG    | httpcore.http11      | receive_response_headers.started request=<Request [b'HEAD']>
2026-05-25 12:22:07,328 | DEBUG    | httpcore.http11      | receive_response_headers.complete return_value=(b'HTTP/1.1', 307, b'Temporary Redirect', [(b'Content-Type', b'text/plain; charset=utf-8'), (b'Content-Length', b'322'), (b'Connection', b'keep-alive'), (b'Date', b'Mon, 25 May 2026 09:22:07 GMT'), (b'Location', b'/api/resolve-cache/models/sentence-transformers/paraphrase-multilingual-MiniLM-L12-v2/e8f8c211226b894fcb81acc59f3b34ba3efd5f42/config.json?%2Fsentence-transformers%2Fparaphrase-multilingual-MiniLM-L12-v2%2Fresolve%2Fmain%2Fconfig.json=&etag=%22c06d5b49495f044e6380e68a60538be17a6bd5d1%22'), (b'X-Powered-By', b'huggingface-moon'), (b'X-Request-Id', b'Root=1-6a1414bf-4eb76b8f1864b1f83ad3301e;c64e998d-421b-498e-900a-7ac93d9b1727'), (b'RateLimit', b'"resolvers";r=4983;t=228'), (b'RateLimit-Policy', b'"fixed window";"resolvers";q=5000;w=300'), (b'cross-origin-opener-policy', b'same-origin'), (b'Referrer-Policy', b'strict-origin-when-cross-origin'), (b'Access-Control-Max-Age', b'86400'), (b'Access-Control-Allow-Origin', b'https://huggingface.co'), (b'Vary', b'Origin, Accept'), (b'Access-Control-Expose-Headers', b'X-Repo-Commit,X-Request-Id,X-Error-Code,X-Error-Message,X-Total-Count,ETag,Link,Accept-Ranges,Content-Range,X-Linked-Size,X-Linked-ETag,X-Xet-Hash'), (b'X-Repo-Commit', b'e8f8c211226b894fcb81acc59f3b34ba3efd5f42'), (b'Accept-Ranges', b'bytes'), (b'X-Hub-Cache', b'HIT'), (b'Content-Disposition', b'inline; filename*=UTF-8\'\'config.json; filename="config.json";'), (b'Content-Security-Policy', b"default-src 'none'; sandbox"), (b'X-Linked-ETag', b'"c06d5b49495f044e6380e68a60538be17a6bd5d1"'), (b'X-Cache', b'Miss from cloudfront'), (b'Via', b'1.1 151c211fd92038141436f57a6e9c1b6e.cloudfront.net (CloudFront)'), (b'X-Amz-Cf-Pop', b'HEL51-P2'), (b'X-Amz-Cf-Id', b'FX9fm_mBOe4JM4dCAR5ruwHR3H4c1TARbHA7hDHdpekKmCm9mGTnXg==')])
2026-05-25 12:22:07,328 | INFO     | httpx                | HTTP Request: HEAD https://huggingface.co/sentence-transformers/paraphrase-multilingual-MiniLM-L12-v2/resolve/main/config.json "HTTP/1.1 307 Temporary Redirect"
2026-05-25 12:22:07,329 | DEBUG    | httpcore.http11      | receive_response_body.started request=<Request [b'HEAD']>
2026-05-25 12:22:07,329 | DEBUG    | httpcore.http11      | receive_response_body.complete
2026-05-25 12:22:07,330 | DEBUG    | httpcore.http11      | response_closed.started
2026-05-25 12:22:07,330 | DEBUG    | httpcore.http11      | response_closed.complete
2026-05-25 12:22:07,331 | DEBUG    | httpcore.http11      | send_request_headers.started request=<Request [b'HEAD']>
2026-05-25 12:22:07,331 | DEBUG    | httpcore.http11      | send_request_headers.complete
2026-05-25 12:22:07,332 | DEBUG    | httpcore.http11      | send_request_body.started request=<Request [b'HEAD']>
2026-05-25 12:22:07,332 | DEBUG    | httpcore.http11      | send_request_body.complete
2026-05-25 12:22:07,332 | DEBUG    | httpcore.http11      | receive_response_headers.started request=<Request [b'HEAD']>
2026-05-25 12:22:07,354 | DEBUG    | httpcore.http11      | receive_response_headers.complete return_value=(b'HTTP/1.1', 200, b'OK', [(b'Content-Type', b'text/plain; charset=utf-8'), (b'Content-Length', b'645'), (b'Connection', b'keep-alive'), (b'Date', b'Sat, 23 May 2026 16:52:55 GMT'), (b'ETag', b'"c06d5b49495f044e6380e68a60538be17a6bd5d1"'), (b'X-Powered-By', b'huggingface-moon'), (b'X-Request-Id', b'Root=1-6a11db67-2ad77e595d0c35132f3135d5;4da4a2fd-bd36-4550-ac7d-380303f2f2bc'), (b'RateLimit', b'"resolvers";r=4983;t=180'), (b'RateLimit-Policy', b'"fixed window";"resolvers";q=5000;w=300'), (b'cross-origin-opener-policy', b'same-origin'), (b'Referrer-Policy', b'strict-origin-when-cross-origin'), (b'Access-Control-Max-Age', b'86400'), (b'Access-Control-Allow-Origin', b'https://huggingface.co'), (b'Access-Control-Expose-Headers', b'X-Repo-Commit,X-Request-Id,X-Error-Code,X-Error-Message,X-Total-Count,ETag,Link,Accept-Ranges,Content-Range,X-Linked-Size,X-Linked-ETag,X-Xet-Hash'), (b'X-Repo-Commit', b'e8f8c211226b894fcb81acc59f3b34ba3efd5f42'), (b'Accept-Ranges', b'bytes'), (b'X-Hub-Cache', b'MISS'), (b'Content-Disposition', b'inline; filename*=UTF-8\'\'config.json; filename="config.json";'), (b'Content-Security-Policy', b"default-src 'none'; sandbox"), (b'Vary', b'Origin'), (b'X-Cache', b'Hit from cloudfront'), (b'Via', b'1.1 151c211fd92038141436f57a6e9c1b6e.cloudfront.net (CloudFront)'), (b'X-Amz-Cf-Pop', b'HEL51-P2'), (b'X-Amz-Cf-Id', b'rIODL0smRb487NZhDIc1ruAWzYEcaBVeIW2AlKEoPOd1z3-dSPMiCQ=='), (b'Age', b'145752')])
2026-05-25 12:22:07,355 | INFO     | httpx                | HTTP Request: HEAD https://huggingface.co/api/resolve-cache/models/sentence-transformers/paraphrase-multilingual-MiniLM-L12-v2/e8f8c211226b894fcb81acc59f3b34ba3efd5f42/config.json "HTTP/1.1 200 OK"
2026-05-25 12:22:07,355 | DEBUG    | httpcore.http11      | receive_response_body.started request=<Request [b'HEAD']>
2026-05-25 12:22:07,355 | DEBUG    | httpcore.http11      | receive_response_body.complete
2026-05-25 12:22:07,356 | DEBUG    | httpcore.http11      | response_closed.started
2026-05-25 12:22:07,356 | DEBUG    | httpcore.http11      | response_closed.complete
2026-05-25 12:22:07,374 | DEBUG    | httpcore.http11      | send_request_headers.started request=<Request [b'HEAD']>
2026-05-25 12:22:07,375 | DEBUG    | httpcore.http11      | send_request_headers.complete
2026-05-25 12:22:07,375 | DEBUG    | httpcore.http11      | send_request_body.started request=<Request [b'HEAD']>
2026-05-25 12:22:07,375 | DEBUG    | httpcore.http11      | send_request_body.complete
2026-05-25 12:22:07,375 | DEBUG    | httpcore.http11      | receive_response_headers.started request=<Request [b'HEAD']>
2026-05-25 12:22:07,524 | DEBUG    | httpcore.http11      | receive_response_headers.complete return_value=(b'HTTP/1.1', 307, b'Temporary Redirect', [(b'Content-Type', b'text/plain; charset=utf-8'), (b'Content-Length', b'322'), (b'Connection', b'keep-alive'), (b'Date', b'Mon, 25 May 2026 09:22:07 GMT'), (b'Location', b'/api/resolve-cache/models/sentence-transformers/paraphrase-multilingual-MiniLM-L12-v2/e8f8c211226b894fcb81acc59f3b34ba3efd5f42/config.json?%2Fsentence-transformers%2Fparaphrase-multilingual-MiniLM-L12-v2%2Fresolve%2Fmain%2Fconfig.json=&etag=%22c06d5b49495f044e6380e68a60538be17a6bd5d1%22'), (b'X-Powered-By', b'huggingface-moon'), (b'X-Request-Id', b'Root=1-6a1414bf-55b5cf240ba0ffdd01cbb56e;d9932166-b58d-4e6c-9cad-d9e2f87ec821'), (b'RateLimit', b'"resolvers";r=4982;t=228'), (b'RateLimit-Policy', b'"fixed window";"resolvers";q=5000;w=300'), (b'cross-origin-opener-policy', b'same-origin'), (b'Referrer-Policy', b'strict-origin-when-cross-origin'), (b'Access-Control-Max-Age', b'86400'), (b'Access-Control-Allow-Origin', b'https://huggingface.co'), (b'Vary', b'Origin, Accept'), (b'Access-Control-Expose-Headers', b'X-Repo-Commit,X-Request-Id,X-Error-Code,X-Error-Message,X-Total-Count,ETag,Link,Accept-Ranges,Content-Range,X-Linked-Size,X-Linked-ETag,X-Xet-Hash'), (b'X-Repo-Commit', b'e8f8c211226b894fcb81acc59f3b34ba3efd5f42'), (b'Accept-Ranges', b'bytes'), (b'X-Hub-Cache', b'HIT'), (b'Content-Disposition', b'inline; filename*=UTF-8\'\'config.json; filename="config.json";'), (b'Content-Security-Policy', b"default-src 'none'; sandbox"), (b'X-Linked-ETag', b'"c06d5b49495f044e6380e68a60538be17a6bd5d1"'), (b'X-Cache', b'Miss from cloudfront'), (b'Via', b'1.1 151c211fd92038141436f57a6e9c1b6e.cloudfront.net (CloudFront)'), (b'X-Amz-Cf-Pop', b'HEL51-P2'), (b'X-Amz-Cf-Id', b'kw7IoBoPOzA2MD_HcpSKelRUfj_97h75uWZPNQ0bF9Lmpj-yEJ1Dsg==')])
2026-05-25 12:22:07,525 | INFO     | httpx                | HTTP Request: HEAD https://huggingface.co/sentence-transformers/paraphrase-multilingual-MiniLM-L12-v2/resolve/main/config.json "HTTP/1.1 307 Temporary Redirect"
2026-05-25 12:22:07,526 | DEBUG    | httpcore.http11      | receive_response_body.started request=<Request [b'HEAD']>
2026-05-25 12:22:07,526 | DEBUG    | httpcore.http11      | receive_response_body.complete
2026-05-25 12:22:07,526 | DEBUG    | httpcore.http11      | response_closed.started
2026-05-25 12:22:07,527 | DEBUG    | httpcore.http11      | response_closed.complete
2026-05-25 12:22:07,527 | DEBUG    | httpcore.http11      | send_request_headers.started request=<Request [b'HEAD']>
2026-05-25 12:22:07,529 | DEBUG    | httpcore.http11      | send_request_headers.complete
2026-05-25 12:22:07,529 | DEBUG    | httpcore.http11      | send_request_body.started request=<Request [b'HEAD']>
2026-05-25 12:22:07,529 | DEBUG    | httpcore.http11      | send_request_body.complete
2026-05-25 12:22:07,529 | DEBUG    | httpcore.http11      | receive_response_headers.started request=<Request [b'HEAD']>
2026-05-25 12:22:07,551 | DEBUG    | httpcore.http11      | receive_response_headers.complete return_value=(b'HTTP/1.1', 200, b'OK', [(b'Content-Type', b'text/plain; charset=utf-8'), (b'Content-Length', b'645'), (b'Connection', b'keep-alive'), (b'Date', b'Sat, 23 May 2026 16:52:55 GMT'), (b'ETag', b'"c06d5b49495f044e6380e68a60538be17a6bd5d1"'), (b'X-Powered-By', b'huggingface-moon'), (b'X-Request-Id', b'Root=1-6a11db67-2ad77e595d0c35132f3135d5;4da4a2fd-bd36-4550-ac7d-380303f2f2bc'), (b'RateLimit', b'"resolvers";r=4983;t=180'), (b'RateLimit-Policy', b'"fixed window";"resolvers";q=5000;w=300'), (b'cross-origin-opener-policy', b'same-origin'), (b'Referrer-Policy', b'strict-origin-when-cross-origin'), (b'Access-Control-Max-Age', b'86400'), (b'Access-Control-Allow-Origin', b'https://huggingface.co'), (b'Access-Control-Expose-Headers', b'X-Repo-Commit,X-Request-Id,X-Error-Code,X-Error-Message,X-Total-Count,ETag,Link,Accept-Ranges,Content-Range,X-Linked-Size,X-Linked-ETag,X-Xet-Hash'), (b'X-Repo-Commit', b'e8f8c211226b894fcb81acc59f3b34ba3efd5f42'), (b'Accept-Ranges', b'bytes'), (b'X-Hub-Cache', b'MISS'), (b'Content-Disposition', b'inline; filename*=UTF-8\'\'config.json; filename="config.json";'), (b'Content-Security-Policy', b"default-src 'none'; sandbox"), (b'Vary', b'Origin'), (b'X-Cache', b'Hit from cloudfront'), (b'Via', b'1.1 151c211fd92038141436f57a6e9c1b6e.cloudfront.net (CloudFront)'), (b'X-Amz-Cf-Pop', b'HEL51-P2'), (b'X-Amz-Cf-Id', b'Bjg18G6HsgW71gh0KbY9vTuoYb1rxjSzGHSpw3dAK887R0hGNgIQ6w=='), (b'Age', b'145752')])
2026-05-25 12:22:07,552 | INFO     | httpx                | HTTP Request: HEAD https://huggingface.co/api/resolve-cache/models/sentence-transformers/paraphrase-multilingual-MiniLM-L12-v2/e8f8c211226b894fcb81acc59f3b34ba3efd5f42/config.json "HTTP/1.1 200 OK"
2026-05-25 12:22:07,552 | DEBUG    | httpcore.http11      | receive_response_body.started request=<Request [b'HEAD']>
2026-05-25 12:22:07,553 | DEBUG    | httpcore.http11      | receive_response_body.complete
2026-05-25 12:22:07,553 | DEBUG    | httpcore.http11      | response_closed.started
2026-05-25 12:22:07,553 | DEBUG    | httpcore.http11      | response_closed.complete
2026-05-25 12:22:07,570 | DEBUG    | httpcore.http11      | send_request_headers.started request=<Request [b'HEAD']>
2026-05-25 12:22:07,571 | DEBUG    | httpcore.http11      | send_request_headers.complete
2026-05-25 12:22:07,571 | DEBUG    | httpcore.http11      | send_request_body.started request=<Request [b'HEAD']>
2026-05-25 12:22:07,571 | DEBUG    | httpcore.http11      | send_request_body.complete
2026-05-25 12:22:07,571 | DEBUG    | httpcore.http11      | receive_response_headers.started request=<Request [b'HEAD']>
2026-05-25 12:22:07,789 | DEBUG    | httpcore.http11      | receive_response_headers.complete return_value=(b'HTTP/1.1', 307, b'Temporary Redirect', [(b'Content-Type', b'text/plain; charset=utf-8'), (b'Content-Length', b'342'), (b'Connection', b'keep-alive'), (b'Date', b'Mon, 25 May 2026 09:22:07 GMT'), (b'Location', b'/api/resolve-cache/models/sentence-transformers/paraphrase-multilingual-MiniLM-L12-v2/e8f8c211226b894fcb81acc59f3b34ba3efd5f42/tokenizer_config.json?%2Fsentence-transformers%2Fparaphrase-multilingual-MiniLM-L12-v2%2Fresolve%2Fmain%2Ftokenizer_config.json=&etag=%223c1b565ae10a15a1d0c31096f834af2fd9359e91%22'), (b'X-Powered-By', b'huggingface-moon'), (b'X-Request-Id', b'Root=1-6a1414bf-124c2d2828da8abd252f65e7;e1a6f8f4-915c-4c52-b06c-0630721a4bd1'), (b'RateLimit', b'"resolvers";r=4981;t=228'), (b'RateLimit-Policy', b'"fixed window";"resolvers";q=5000;w=300'), (b'cross-origin-opener-policy', b'same-origin'), (b'Referrer-Policy', b'strict-origin-when-cross-origin'), (b'Access-Control-Max-Age', b'86400'), (b'Access-Control-Allow-Origin', b'https://huggingface.co'), (b'Vary', b'Origin, Accept'), (b'Access-Control-Expose-Headers', b'X-Repo-Commit,X-Request-Id,X-Error-Code,X-Error-Message,X-Total-Count,ETag,Link,Accept-Ranges,Content-Range,X-Linked-Size,X-Linked-ETag,X-Xet-Hash'), (b'X-Repo-Commit', b'e8f8c211226b894fcb81acc59f3b34ba3efd5f42'), (b'Accept-Ranges', b'bytes'), (b'X-Hub-Cache', b'HIT'), (b'Content-Disposition', b'inline; filename*=UTF-8\'\'tokenizer_config.json; filename="tokenizer_config.json";'), (b'Content-Security-Policy', b"default-src 'none'; sandbox"), (b'X-Linked-ETag', b'"3c1b565ae10a15a1d0c31096f834af2fd9359e91"'), (b'X-Cache', b'Miss from cloudfront'), (b'Via', b'1.1 151c211fd92038141436f57a6e9c1b6e.cloudfront.net (CloudFront)'), (b'X-Amz-Cf-Pop', b'HEL51-P2'), (b'X-Amz-Cf-Id', b'tVfd3czEdMLU32DpFyCDWit7KKETksr5IM50h0dSe8WATKuZ5BHXgQ==')])
2026-05-25 12:22:07,790 | INFO     | httpx                | HTTP Request: HEAD https://huggingface.co/sentence-transformers/paraphrase-multilingual-MiniLM-L12-v2/resolve/main/tokenizer_config.json "HTTP/1.1 307 Temporary Redirect"
2026-05-25 12:22:07,791 | DEBUG    | httpcore.http11      | receive_response_body.started request=<Request [b'HEAD']>
2026-05-25 12:22:07,791 | DEBUG    | httpcore.http11      | receive_response_body.complete
2026-05-25 12:22:07,791 | DEBUG    | httpcore.http11      | response_closed.started
2026-05-25 12:22:07,791 | DEBUG    | httpcore.http11      | response_closed.complete
2026-05-25 12:22:07,792 | DEBUG    | httpcore.http11      | send_request_headers.started request=<Request [b'HEAD']>
2026-05-25 12:22:07,793 | DEBUG    | httpcore.http11      | send_request_headers.complete
2026-05-25 12:22:07,793 | DEBUG    | httpcore.http11      | send_request_body.started request=<Request [b'HEAD']>
2026-05-25 12:22:07,793 | DEBUG    | httpcore.http11      | send_request_body.complete
2026-05-25 12:22:07,793 | DEBUG    | httpcore.http11      | receive_response_headers.started request=<Request [b'HEAD']>
2026-05-25 12:22:07,816 | DEBUG    | httpcore.http11      | receive_response_headers.complete return_value=(b'HTTP/1.1', 200, b'OK', [(b'Content-Type', b'text/plain; charset=utf-8'), (b'Content-Length', b'526'), (b'Connection', b'keep-alive'), (b'Date', b'Sat, 23 May 2026 16:53:14 GMT'), (b'ETag', b'"3c1b565ae10a15a1d0c31096f834af2fd9359e91"'), (b'X-Powered-By', b'huggingface-moon'), (b'X-Request-Id', b'Root=1-6a11db7a-70d238d00dffb7f31218b60e;ddd9f2d2-5b8d-43bc-91fe-8e21de0f4647'), (b'RateLimit', b'"resolvers";r=4975;t=161'), (b'RateLimit-Policy', b'"fixed window";"resolvers";q=5000;w=300'), (b'cross-origin-opener-policy', b'same-origin'), (b'Referrer-Policy', b'strict-origin-when-cross-origin'), (b'Access-Control-Max-Age', b'86400'), (b'Access-Control-Allow-Origin', b'https://huggingface.co'), (b'Access-Control-Expose-Headers', b'X-Repo-Commit,X-Request-Id,X-Error-Code,X-Error-Message,X-Total-Count,ETag,Link,Accept-Ranges,Content-Range,X-Linked-Size,X-Linked-ETag,X-Xet-Hash'), (b'X-Repo-Commit', b'e8f8c211226b894fcb81acc59f3b34ba3efd5f42'), (b'Accept-Ranges', b'bytes'), (b'X-Hub-Cache', b'MISS'), (b'Content-Disposition', b'inline; filename*=UTF-8\'\'tokenizer_config.json; filename="tokenizer_config.json";'), (b'Content-Security-Policy', b"default-src 'none'; sandbox"), (b'Vary', b'Origin'), (b'X-Cache', b'Hit from cloudfront'), (b'Via', b'1.1 151c211fd92038141436f57a6e9c1b6e.cloudfront.net (CloudFront)'), (b'X-Amz-Cf-Pop', b'HEL51-P2'), (b'X-Amz-Cf-Id', b'qT0c8eiKGRTLDeWXXJE6LlRlX1j-YaWnI99ECUhOYy_rYK4UlK8jvg=='), (b'Age', b'145733')])
2026-05-25 12:22:07,816 | INFO     | httpx                | HTTP Request: HEAD https://huggingface.co/api/resolve-cache/models/sentence-transformers/paraphrase-multilingual-MiniLM-L12-v2/e8f8c211226b894fcb81acc59f3b34ba3efd5f42/tokenizer_config.json "HTTP/1.1 200 OK"
2026-05-25 12:22:07,817 | DEBUG    | httpcore.http11      | receive_response_body.started request=<Request [b'HEAD']>
2026-05-25 12:22:07,817 | DEBUG    | httpcore.http11      | receive_response_body.complete
2026-05-25 12:22:07,817 | DEBUG    | httpcore.http11      | response_closed.started
2026-05-25 12:22:07,817 | DEBUG    | httpcore.http11      | response_closed.complete
2026-05-25 12:22:07,831 | DEBUG    | httpcore.http11      | send_request_headers.started request=<Request [b'HEAD']>
2026-05-25 12:22:07,832 | DEBUG    | httpcore.http11      | send_request_headers.complete
2026-05-25 12:22:07,832 | DEBUG    | httpcore.http11      | send_request_body.started request=<Request [b'HEAD']>
2026-05-25 12:22:07,832 | DEBUG    | httpcore.http11      | send_request_body.complete
2026-05-25 12:22:07,833 | DEBUG    | httpcore.http11      | receive_response_headers.started request=<Request [b'HEAD']>
2026-05-25 12:22:08,010 | DEBUG    | httpcore.http11      | receive_response_headers.complete return_value=(b'HTTP/1.1', 307, b'Temporary Redirect', [(b'Content-Type', b'text/plain; charset=utf-8'), (b'Content-Length', b'342'), (b'Connection', b'keep-alive'), (b'Date', b'Mon, 25 May 2026 09:22:07 GMT'), (b'Location', b'/api/resolve-cache/models/sentence-transformers/paraphrase-multilingual-MiniLM-L12-v2/e8f8c211226b894fcb81acc59f3b34ba3efd5f42/tokenizer_config.json?%2Fsentence-transformers%2Fparaphrase-multilingual-MiniLM-L12-v2%2Fresolve%2Fmain%2Ftokenizer_config.json=&etag=%223c1b565ae10a15a1d0c31096f834af2fd9359e91%22'), (b'X-Powered-By', b'huggingface-moon'), (b'X-Request-Id', b'Root=1-6a1414bf-461dc98f66e3dacb4a66832d;c3b7ac60-731c-4dda-951a-7ac510640cd3'), (b'RateLimit', b'"resolvers";r=4980;t=228'), (b'RateLimit-Policy', b'"fixed window";"resolvers";q=5000;w=300'), (b'cross-origin-opener-policy', b'same-origin'), (b'Referrer-Policy', b'strict-origin-when-cross-origin'), (b'Access-Control-Max-Age', b'86400'), (b'Access-Control-Allow-Origin', b'https://huggingface.co'), (b'Vary', b'Origin, Accept'), (b'Access-Control-Expose-Headers', b'X-Repo-Commit,X-Request-Id,X-Error-Code,X-Error-Message,X-Total-Count,ETag,Link,Accept-Ranges,Content-Range,X-Linked-Size,X-Linked-ETag,X-Xet-Hash'), (b'X-Repo-Commit', b'e8f8c211226b894fcb81acc59f3b34ba3efd5f42'), (b'Accept-Ranges', b'bytes'), (b'X-Hub-Cache', b'HIT'), (b'Content-Disposition', b'inline; filename*=UTF-8\'\'tokenizer_config.json; filename="tokenizer_config.json";'), (b'Content-Security-Policy', b"default-src 'none'; sandbox"), (b'X-Linked-ETag', b'"3c1b565ae10a15a1d0c31096f834af2fd9359e91"'), (b'X-Cache', b'Miss from cloudfront'), (b'Via', b'1.1 151c211fd92038141436f57a6e9c1b6e.cloudfront.net (CloudFront)'), (b'X-Amz-Cf-Pop', b'HEL51-P2'), (b'X-Amz-Cf-Id', b'KpFN9Y9FVc8M6UAZm3MeGKzzmsk-MhL9GvWZCEI8sgTIyDktyDoqEA==')])
2026-05-25 12:22:08,011 | INFO     | httpx                | HTTP Request: HEAD https://huggingface.co/sentence-transformers/paraphrase-multilingual-MiniLM-L12-v2/resolve/main/tokenizer_config.json "HTTP/1.1 307 Temporary Redirect"
2026-05-25 12:22:08,012 | DEBUG    | httpcore.http11      | receive_response_body.started request=<Request [b'HEAD']>
2026-05-25 12:22:08,012 | DEBUG    | httpcore.http11      | receive_response_body.complete
2026-05-25 12:22:08,013 | DEBUG    | httpcore.http11      | response_closed.started
2026-05-25 12:22:08,013 | DEBUG    | httpcore.http11      | response_closed.complete
2026-05-25 12:22:08,014 | DEBUG    | httpcore.http11      | send_request_headers.started request=<Request [b'HEAD']>
2026-05-25 12:22:08,014 | DEBUG    | httpcore.http11      | send_request_headers.complete
2026-05-25 12:22:08,015 | DEBUG    | httpcore.http11      | send_request_body.started request=<Request [b'HEAD']>
2026-05-25 12:22:08,015 | DEBUG    | httpcore.http11      | send_request_body.complete
2026-05-25 12:22:08,015 | DEBUG    | httpcore.http11      | receive_response_headers.started request=<Request [b'HEAD']>
2026-05-25 12:22:08,038 | DEBUG    | httpcore.http11      | receive_response_headers.complete return_value=(b'HTTP/1.1', 200, b'OK', [(b'Content-Type', b'text/plain; charset=utf-8'), (b'Content-Length', b'526'), (b'Connection', b'keep-alive'), (b'Date', b'Sat, 23 May 2026 16:53:14 GMT'), (b'ETag', b'"3c1b565ae10a15a1d0c31096f834af2fd9359e91"'), (b'X-Powered-By', b'huggingface-moon'), (b'X-Request-Id', b'Root=1-6a11db7a-70d238d00dffb7f31218b60e;ddd9f2d2-5b8d-43bc-91fe-8e21de0f4647'), (b'RateLimit', b'"resolvers";r=4975;t=161'), (b'RateLimit-Policy', b'"fixed window";"resolvers";q=5000;w=300'), (b'cross-origin-opener-policy', b'same-origin'), (b'Referrer-Policy', b'strict-origin-when-cross-origin'), (b'Access-Control-Max-Age', b'86400'), (b'Access-Control-Allow-Origin', b'https://huggingface.co'), (b'Access-Control-Expose-Headers', b'X-Repo-Commit,X-Request-Id,X-Error-Code,X-Error-Message,X-Total-Count,ETag,Link,Accept-Ranges,Content-Range,X-Linked-Size,X-Linked-ETag,X-Xet-Hash'), (b'X-Repo-Commit', b'e8f8c211226b894fcb81acc59f3b34ba3efd5f42'), (b'Accept-Ranges', b'bytes'), (b'X-Hub-Cache', b'MISS'), (b'Content-Disposition', b'inline; filename*=UTF-8\'\'tokenizer_config.json; filename="tokenizer_config.json";'), (b'Content-Security-Policy', b"default-src 'none'; sandbox"), (b'Vary', b'Origin'), (b'X-Cache', b'Hit from cloudfront'), (b'Via', b'1.1 151c211fd92038141436f57a6e9c1b6e.cloudfront.net (CloudFront)'), (b'X-Amz-Cf-Pop', b'HEL51-P2'), (b'X-Amz-Cf-Id', b'KPV3znb0Re93DbONnkgKi1O3Z4qrGx6KNubHXQBO0wbYUeJDG2ujyw=='), (b'Age', b'145734')])
2026-05-25 12:22:08,039 | INFO     | httpx                | HTTP Request: HEAD https://huggingface.co/api/resolve-cache/models/sentence-transformers/paraphrase-multilingual-MiniLM-L12-v2/e8f8c211226b894fcb81acc59f3b34ba3efd5f42/tokenizer_config.json "HTTP/1.1 200 OK"
2026-05-25 12:22:08,039 | DEBUG    | httpcore.http11      | receive_response_body.started request=<Request [b'HEAD']>
2026-05-25 12:22:08,040 | DEBUG    | httpcore.http11      | receive_response_body.complete
2026-05-25 12:22:08,040 | DEBUG    | httpcore.http11      | response_closed.started
2026-05-25 12:22:08,040 | DEBUG    | httpcore.http11      | response_closed.complete
2026-05-25 12:22:08,059 | DEBUG    | httpcore.http11      | send_request_headers.started request=<Request [b'GET']>
2026-05-25 12:22:08,060 | DEBUG    | httpcore.http11      | send_request_headers.complete
2026-05-25 12:22:08,060 | DEBUG    | httpcore.http11      | send_request_body.started request=<Request [b'GET']>
2026-05-25 12:22:08,060 | DEBUG    | httpcore.http11      | send_request_body.complete
2026-05-25 12:22:08,061 | DEBUG    | httpcore.http11      | receive_response_headers.started request=<Request [b'GET']>
2026-05-25 12:22:08,209 | DEBUG    | httpcore.http11      | receive_response_headers.complete return_value=(b'HTTP/1.1', 404, b'Not Found', [(b'Content-Type', b'application/json; charset=utf-8'), (b'Content-Length', b'64'), (b'Connection', b'keep-alive'), (b'Date', b'Mon, 25 May 2026 09:22:08 GMT'), (b'ETag', b'W/"40-09f9IAqP13xarAhQxFS2W8rvRkM"'), (b'X-Powered-By', b'huggingface-moon'), (b'X-Request-Id', b'Root=1-6a1414c0-401ccd2f1f8771e71624f812;de988071-8feb-4efe-9f1e-c205ab483b36'), (b'RateLimit', b'"api";r=997;t=227'), (b'RateLimit-Policy', b'"fixed window";"api";q=1000;w=300'), (b'cross-origin-opener-policy', b'same-origin'), (b'Referrer-Policy', b'strict-origin-when-cross-origin'), (b'Access-Control-Max-Age', b'86400'), (b'Access-Control-Allow-Origin', b'https://huggingface.co'), (b'Vary', b'Origin'), (b'Access-Control-Expose-Headers', b'X-Repo-Commit,X-Request-Id,X-Error-Code,X-Error-Message,X-Total-Count,ETag,Link,Accept-Ranges,Content-Range,X-Linked-Size,X-Linked-ETag,X-Xet-Hash'), (b'X-Error-Code', b'EntryNotFound'), (b'X-Error-Message', b'additional_chat_templates does not exist on "main"'), (b'X-Cache', b'Error from cloudfront'), (b'Via', b'1.1 151c211fd92038141436f57a6e9c1b6e.cloudfront.net (CloudFront)'), (b'X-Amz-Cf-Pop', b'HEL51-P2'), (b'X-Amz-Cf-Id', b'WeG7cv_QunPn8NGw7B4yo-Q8FIWFe8Ve7Taqdrln_MR8u7JGw92Dkw==')])
2026-05-25 12:22:08,209 | INFO     | httpx                | HTTP Request: GET https://huggingface.co/api/models/sentence-transformers/paraphrase-multilingual-MiniLM-L12-v2/tree/main/additional_chat_templates?recursive=false&expand=false "HTTP/1.1 404 Not Found"
2026-05-25 12:22:08,210 | DEBUG    | httpcore.http11      | receive_response_body.started request=<Request [b'GET']>
2026-05-25 12:22:08,210 | DEBUG    | httpcore.http11      | receive_response_body.complete
2026-05-25 12:22:08,210 | DEBUG    | httpcore.http11      | response_closed.started
2026-05-25 12:22:08,211 | DEBUG    | httpcore.http11      | response_closed.complete
2026-05-25 12:22:08,216 | DEBUG    | httpcore.http11      | send_request_headers.started request=<Request [b'GET']>
2026-05-25 12:22:08,217 | DEBUG    | httpcore.http11      | send_request_headers.complete
2026-05-25 12:22:08,217 | DEBUG    | httpcore.http11      | send_request_body.started request=<Request [b'GET']>
2026-05-25 12:22:08,217 | DEBUG    | httpcore.http11      | send_request_body.complete
2026-05-25 12:22:08,217 | DEBUG    | httpcore.http11      | receive_response_headers.started request=<Request [b'GET']>
2026-05-25 12:22:08,381 | DEBUG    | httpcore.http11      | receive_response_headers.complete return_value=(b'HTTP/1.1', 200, b'OK', [(b'Content-Type', b'application/json; charset=utf-8'), (b'Transfer-Encoding', b'chunked'), (b'Connection', b'keep-alive'), (b'Date', b'Mon, 25 May 2026 09:22:08 GMT'), (b'content-encoding', b'gzip'), (b'ETag', b'W/"1a1a-eIPFSpQ81fGmZGh9OTetGAVBiHY"'), (b'X-Powered-By', b'huggingface-moon'), (b'X-Request-Id', b'Root=1-6a1414c0-14d0c1317264376b00b533dd;ed131bc4-6334-49fb-996c-5a29fdada0f6'), (b'RateLimit', b'"api";r=996;t=227'), (b'RateLimit-Policy', b'"fixed window";"api";q=1000;w=300'), (b'cross-origin-opener-policy', b'same-origin'), (b'Referrer-Policy', b'strict-origin-when-cross-origin'), (b'Access-Control-Max-Age', b'86400'), (b'Access-Control-Allow-Origin', b'https://huggingface.co'), (b'Vary', b'Origin'), (b'vary', b'Accept-Encoding'), (b'Access-Control-Expose-Headers', b'X-Repo-Commit,X-Request-Id,X-Error-Code,X-Error-Message,X-Total-Count,ETag,Link,Accept-Ranges,Content-Range,X-Linked-Size,X-Linked-ETag,X-Xet-Hash'), (b'X-Cache', b'Miss from cloudfront'), (b'Via', b'1.1 151c211fd92038141436f57a6e9c1b6e.cloudfront.net (CloudFront)'), (b'X-Amz-Cf-Pop', b'HEL51-P2'), (b'X-Amz-Cf-Id', b'MgmbK14_J4iB5m1z-ssVllv_2foReB0mwoW3SN6qntHug2O66GGY_g==')])
2026-05-25 12:22:08,382 | INFO     | httpx                | HTTP Request: GET https://huggingface.co/api/models/sentence-transformers/paraphrase-multilingual-MiniLM-L12-v2/tree/main?recursive=true&expand=false "HTTP/1.1 200 OK"
2026-05-25 12:22:08,383 | DEBUG    | httpcore.http11      | receive_response_body.started request=<Request [b'GET']>
2026-05-25 12:22:08,383 | DEBUG    | httpcore.http11      | receive_response_body.complete
2026-05-25 12:22:08,384 | DEBUG    | httpcore.http11      | response_closed.started
2026-05-25 12:22:08,384 | DEBUG    | httpcore.http11      | response_closed.complete
2026-05-25 12:22:10,241 | DEBUG    | httpcore.http11      | send_request_headers.started request=<Request [b'GET']>
2026-05-25 12:22:10,241 | DEBUG    | httpcore.http11      | send_request_headers.complete
2026-05-25 12:22:10,241 | DEBUG    | httpcore.http11      | send_request_body.started request=<Request [b'GET']>
2026-05-25 12:22:10,241 | DEBUG    | httpcore.http11      | send_request_body.complete
2026-05-25 12:22:10,242 | DEBUG    | httpcore.http11      | receive_response_headers.started request=<Request [b'GET']>
2026-05-25 12:22:10,394 | DEBUG    | httpcore.http11      | receive_response_headers.complete return_value=(b'HTTP/1.1', 200, b'OK', [(b'Content-Type', b'application/json; charset=utf-8'), (b'Transfer-Encoding', b'chunked'), (b'Connection', b'keep-alive'), (b'Date', b'Mon, 25 May 2026 09:22:10 GMT'), (b'content-encoding', b'gzip'), (b'ETag', b'W/"1822-aPG5eU1bmXajje2pMlQm3qMF6f0"'), (b'X-Powered-By', b'huggingface-moon'), (b'X-Request-Id', b'Root=1-6a1414c2-74377e5846719ad30156c736;accd2965-f406-45c8-9a59-a0e1ba71bc88'), (b'RateLimit', b'"api";r=995;t=225'), (b'RateLimit-Policy', b'"fixed window";"api";q=1000;w=300'), (b'cross-origin-opener-policy', b'same-origin'), (b'Referrer-Policy', b'strict-origin-when-cross-origin'), (b'Access-Control-Max-Age', b'86400'), (b'Access-Control-Allow-Origin', b'https://huggingface.co'), (b'Vary', b'Origin'), (b'vary', b'Accept-Encoding'), (b'Access-Control-Expose-Headers', b'X-Repo-Commit,X-Request-Id,X-Error-Code,X-Error-Message,X-Total-Count,ETag,Link,Accept-Ranges,Content-Range,X-Linked-Size,X-Linked-ETag,X-Xet-Hash'), (b'X-Cache', b'Miss from cloudfront'), (b'Via', b'1.1 151c211fd92038141436f57a6e9c1b6e.cloudfront.net (CloudFront)'), (b'X-Amz-Cf-Pop', b'HEL51-P2'), (b'X-Amz-Cf-Id', b'HY9OTjK0-P-FnXbSKBeKE9b2ZTVGUiUw80cZ7kKX8z_QnMId3WndBQ==')])
2026-05-25 12:22:10,395 | INFO     | httpx                | HTTP Request: GET https://huggingface.co/api/models/sentence-transformers/paraphrase-multilingual-MiniLM-L12-v2 "HTTP/1.1 200 OK"
2026-05-25 12:22:10,395 | DEBUG    | httpcore.http11      | receive_response_body.started request=<Request [b'GET']>
2026-05-25 12:22:10,396 | DEBUG    | httpcore.http11      | receive_response_body.complete
2026-05-25 12:22:10,396 | DEBUG    | httpcore.http11      | response_closed.started
2026-05-25 12:22:10,396 | DEBUG    | httpcore.http11      | response_closed.complete
2026-05-25 12:22:10,599 | DEBUG    | sentence_transformers.base.modules.transformer | Active modality config: {'text': {'method': 'forward', 'method_output_name': 'last_hidden_state'}}
2026-05-25 12:22:10,601 | DEBUG    | httpcore.http11      | send_request_headers.started request=<Request [b'HEAD']>
2026-05-25 12:22:10,601 | DEBUG    | httpcore.http11      | send_request_headers.complete
2026-05-25 12:22:10,602 | DEBUG    | httpcore.http11      | send_request_body.started request=<Request [b'HEAD']>
2026-05-25 12:22:10,602 | DEBUG    | httpcore.http11      | send_request_body.complete
2026-05-25 12:22:10,602 | DEBUG    | httpcore.http11      | receive_response_headers.started request=<Request [b'HEAD']>
2026-05-25 12:22:10,765 | DEBUG    | httpcore.http11      | receive_response_headers.complete return_value=(b'HTTP/1.1', 307, b'Temporary Redirect', [(b'Content-Type', b'text/plain; charset=utf-8'), (b'Content-Length', b'346'), (b'Connection', b'keep-alive'), (b'Date', b'Mon, 25 May 2026 09:22:10 GMT'), (b'Location', b'/api/resolve-cache/models/sentence-transformers/paraphrase-multilingual-MiniLM-L12-v2/e8f8c211226b894fcb81acc59f3b34ba3efd5f42/1_Pooling%2Fconfig.json?%2Fsentence-transformers%2Fparaphrase-multilingual-MiniLM-L12-v2%2Fresolve%2Fmain%2F1_Pooling%2Fconfig.json=&etag=%22d1514c3162bbe87b343f565fadc62e6c06f04f03%22'), (b'X-Powered-By', b'huggingface-moon'), (b'X-Request-Id', b'Root=1-6a1414c2-2266869b0443a9166aff8250;dc5b620e-e9be-490a-abce-4715a670fd78'), (b'RateLimit', b'"resolvers";r=4979;t=225'), (b'RateLimit-Policy', b'"fixed window";"resolvers";q=5000;w=300'), (b'cross-origin-opener-policy', b'same-origin'), (b'Referrer-Policy', b'strict-origin-when-cross-origin'), (b'Access-Control-Max-Age', b'86400'), (b'Access-Control-Allow-Origin', b'https://huggingface.co'), (b'Vary', b'Origin, Accept'), (b'Access-Control-Expose-Headers', b'X-Repo-Commit,X-Request-Id,X-Error-Code,X-Error-Message,X-Total-Count,ETag,Link,Accept-Ranges,Content-Range,X-Linked-Size,X-Linked-ETag,X-Xet-Hash'), (b'X-Repo-Commit', b'e8f8c211226b894fcb81acc59f3b34ba3efd5f42'), (b'Accept-Ranges', b'bytes'), (b'X-Hub-Cache', b'HIT'), (b'Content-Disposition', b'inline; filename*=UTF-8\'\'config.json; filename="config.json";'), (b'Content-Security-Policy', b"default-src 'none'; sandbox"), (b'X-Linked-ETag', b'"d1514c3162bbe87b343f565fadc62e6c06f04f03"'), (b'X-Cache', b'Miss from cloudfront'), (b'Via', b'1.1 151c211fd92038141436f57a6e9c1b6e.cloudfront.net (CloudFront)'), (b'X-Amz-Cf-Pop', b'HEL51-P2'), (b'X-Amz-Cf-Id', b'UKcq_J2A8wNUI8SDHWSxg66jz6XZdLEV8dc6eLqWBuesKuqjA59l1w==')])
2026-05-25 12:22:10,766 | INFO     | httpx                | HTTP Request: HEAD https://huggingface.co/sentence-transformers/paraphrase-multilingual-MiniLM-L12-v2/resolve/main/1_Pooling/config.json "HTTP/1.1 307 Temporary Redirect"
2026-05-25 12:22:10,767 | DEBUG    | httpcore.http11      | receive_response_body.started request=<Request [b'HEAD']>
2026-05-25 12:22:10,767 | DEBUG    | httpcore.http11      | receive_response_body.complete
2026-05-25 12:22:10,768 | DEBUG    | httpcore.http11      | response_closed.started
2026-05-25 12:22:10,768 | DEBUG    | httpcore.http11      | response_closed.complete
2026-05-25 12:22:10,769 | DEBUG    | httpcore.http11      | send_request_headers.started request=<Request [b'HEAD']>
2026-05-25 12:22:10,770 | DEBUG    | httpcore.http11      | send_request_headers.complete
2026-05-25 12:22:10,770 | DEBUG    | httpcore.http11      | send_request_body.started request=<Request [b'HEAD']>
2026-05-25 12:22:10,770 | DEBUG    | httpcore.http11      | send_request_body.complete
2026-05-25 12:22:10,770 | DEBUG    | httpcore.http11      | receive_response_headers.started request=<Request [b'HEAD']>
2026-05-25 12:22:10,818 | DEBUG    | httpcore.http11      | receive_response_headers.complete return_value=(b'HTTP/1.1', 200, b'OK', [(b'Content-Type', b'text/plain; charset=utf-8'), (b'Content-Length', b'190'), (b'Connection', b'keep-alive'), (b'Date', b'Sat, 23 May 2026 16:53:20 GMT'), (b'ETag', b'"d1514c3162bbe87b343f565fadc62e6c06f04f03"'), (b'X-Powered-By', b'huggingface-moon'), (b'X-Request-Id', b'Root=1-6a11db80-47101ded522f1e9f41804de6;bb4c22d3-d12e-4dff-9a48-b8da9b2cd5e7'), (b'RateLimit', b'"resolvers";r=4961;t=155'), (b'RateLimit-Policy', b'"fixed window";"resolvers";q=5000;w=300'), (b'cross-origin-opener-policy', b'same-origin'), (b'Referrer-Policy', b'strict-origin-when-cross-origin'), (b'Access-Control-Max-Age', b'86400'), (b'Access-Control-Allow-Origin', b'https://huggingface.co'), (b'Access-Control-Expose-Headers', b'X-Repo-Commit,X-Request-Id,X-Error-Code,X-Error-Message,X-Total-Count,ETag,Link,Accept-Ranges,Content-Range,X-Linked-Size,X-Linked-ETag,X-Xet-Hash'), (b'X-Repo-Commit', b'e8f8c211226b894fcb81acc59f3b34ba3efd5f42'), (b'Accept-Ranges', b'bytes'), (b'X-Hub-Cache', b'MISS'), (b'Content-Disposition', b'inline; filename*=UTF-8\'\'config.json; filename="config.json";'), (b'Content-Security-Policy', b"default-src 'none'; sandbox"), (b'Vary', b'Origin'), (b'X-Cache', b'Hit from cloudfront'), (b'Via', b'1.1 151c211fd92038141436f57a6e9c1b6e.cloudfront.net (CloudFront)'), (b'X-Amz-Cf-Pop', b'HEL51-P2'), (b'X-Amz-Cf-Id', b'H_R8fIacaDZMHKmchNjHYNfVDIk5PPLlT7LT8k6h5c0ToCkQjVm-9g=='), (b'Age', b'145730')])
2026-05-25 12:22:10,819 | INFO     | httpx                | HTTP Request: HEAD https://huggingface.co/api/resolve-cache/models/sentence-transformers/paraphrase-multilingual-MiniLM-L12-v2/e8f8c211226b894fcb81acc59f3b34ba3efd5f42/1_Pooling%2Fconfig.json "HTTP/1.1 200 OK"
2026-05-25 12:22:10,819 | DEBUG    | httpcore.http11      | receive_response_body.started request=<Request [b'HEAD']>
2026-05-25 12:22:10,819 | DEBUG    | httpcore.http11      | receive_response_body.complete
2026-05-25 12:22:10,820 | DEBUG    | httpcore.http11      | response_closed.started
2026-05-25 12:22:10,820 | DEBUG    | httpcore.http11      | response_closed.complete
2026-05-25 12:22:10,831 | DEBUG    | httpcore.http11      | send_request_headers.started request=<Request [b'GET']>
2026-05-25 12:22:10,832 | DEBUG    | httpcore.http11      | send_request_headers.complete
2026-05-25 12:22:10,832 | DEBUG    | httpcore.http11      | send_request_body.started request=<Request [b'GET']>
2026-05-25 12:22:10,833 | DEBUG    | httpcore.http11      | send_request_body.complete
2026-05-25 12:22:10,833 | DEBUG    | httpcore.http11      | receive_response_headers.started request=<Request [b'GET']>
2026-05-25 12:22:10,984 | DEBUG    | httpcore.http11      | receive_response_headers.complete return_value=(b'HTTP/1.1', 200, b'OK', [(b'Content-Type', b'application/json; charset=utf-8'), (b'Transfer-Encoding', b'chunked'), (b'Connection', b'keep-alive'), (b'Date', b'Mon, 25 May 2026 09:22:10 GMT'), (b'content-encoding', b'gzip'), (b'ETag', b'W/"1822-aPG5eU1bmXajje2pMlQm3qMF6f0"'), (b'X-Powered-By', b'huggingface-moon'), (b'X-Request-Id', b'Root=1-6a1414c2-77f818e47f3ef808175313db;35726d52-42ba-4a9e-b577-493e50831f28'), (b'RateLimit', b'"api";r=994;t=225'), (b'RateLimit-Policy', b'"fixed window";"api";q=1000;w=300'), (b'cross-origin-opener-policy', b'same-origin'), (b'Referrer-Policy', b'strict-origin-when-cross-origin'), (b'Access-Control-Max-Age', b'86400'), (b'Access-Control-Allow-Origin', b'https://huggingface.co'), (b'Vary', b'Origin'), (b'vary', b'Accept-Encoding'), (b'Access-Control-Expose-Headers', b'X-Repo-Commit,X-Request-Id,X-Error-Code,X-Error-Message,X-Total-Count,ETag,Link,Accept-Ranges,Content-Range,X-Linked-Size,X-Linked-ETag,X-Xet-Hash'), (b'X-Cache', b'Miss from cloudfront'), (b'Via', b'1.1 151c211fd92038141436f57a6e9c1b6e.cloudfront.net (CloudFront)'), (b'X-Amz-Cf-Pop', b'HEL51-P2'), (b'X-Amz-Cf-Id', b'Xi-lwgbLsT18bCSsqyo1aJSNQZ-3unmwISuFnLDXff2kp_FzvI-GNA==')])
2026-05-25 12:22:10,985 | INFO     | httpx                | HTTP Request: GET https://huggingface.co/api/models/sentence-transformers/paraphrase-multilingual-MiniLM-L12-v2 "HTTP/1.1 200 OK"
2026-05-25 12:22:10,985 | DEBUG    | httpcore.http11      | receive_response_body.started request=<Request [b'GET']>
2026-05-25 12:22:10,986 | DEBUG    | httpcore.http11      | receive_response_body.complete
2026-05-25 12:22:10,986 | DEBUG    | httpcore.http11      | response_closed.started
2026-05-25 12:22:10,986 | DEBUG    | httpcore.http11      | response_closed.complete
2026-05-25 12:22:10,995 | INFO     | modules.filter.stt_filter.should_shut_up.should_shut_up_model | ✓ ShouldShutUpModel initialized successfully
2026-05-25 12:22:10,996 | DEBUG    | modules.filter.stt_filter.stt_filter | ✓ Models loaded
2026-05-25 12:22:10,996 | INFO     | modules.filter.stt_filter.stt_filter | ✓ SttFilter initialized successfully
2026-05-25 12:22:10,996 | DEBUG    | modules.filter.filter | ✓ STT filter loaded
2026-05-25 12:22:10,996 | DEBUG    | modules.filter.filter | CV filter: Not yet implemented
2026-05-25 12:22:10,997 | DEBUG    | modules.filter.filter | System filter: Not yet implemented
2026-05-25 12:22:10,997 | INFO     | modules.filter.filter | ✓ Filter module initialized successfully
2026-05-25 12:22:10,997 | DEBUG    | modules.filter.filter | Dialogue continuation mode: False
2026-05-25 12:22:10,997 | DEBUG    | main_module          | ✓ Filter module loaded
2026-05-25 12:22:10,998 | DEBUG    | main_module          | Initializing Dispatcher module...
2026-05-25 12:22:10,998 | INFO     | modules.dispatcher.dispatcher | Initializing Dispatcher module...
2026-05-25 12:22:10,998 | DEBUG    | modules.dispatcher.dispatcher | Loading NeedMath model...
2026-05-25 12:22:10,998 | INFO     | modules.dispatcher.need_math | NeedMath classifier initialized
2026-05-25 12:22:10,998 | DEBUG    | modules.dispatcher.need_math | NeedMath is ready to filter mathematical expressions
2026-05-25 12:22:10,999 | DEBUG    | modules.dispatcher.dispatcher | ✓ NeedMath model loaded
2026-05-25 12:22:10,999 | DEBUG    | modules.dispatcher.dispatcher | Loading NeedConsole model...
2026-05-25 12:22:10,999 | INFO     | modules.dispatcher.need_console | NeedConsole classifier initialized
2026-05-25 12:22:10,999 | DEBUG    | modules.dispatcher.need_console | NeedConsole is ready to filter console commands
2026-05-25 12:22:11,000 | DEBUG    | modules.dispatcher.dispatcher | ✓ NeedConsole model loaded
2026-05-25 12:22:11,000 | INFO     | modules.dispatcher.dispatcher | ✓ Dispatcher initialized successfully
2026-05-25 12:22:11,000 | DEBUG    | main_module          | ✓ Dispatcher module loaded
2026-05-25 12:22:11,000 | DEBUG    | main_module          | Initializing PreProcess module...
2026-05-25 12:22:11,000 | INFO     | modules.pre_process.pre_process | PreProcess module initialized
2026-05-25 12:22:11,001 | DEBUG    | modules.pre_process.pre_process | PreProcess is ready to process input data
2026-05-25 12:22:11,001 | DEBUG    | main_module          | ✓ PreProcess module loaded
2026-05-25 12:22:11,001 | INFO     | main_module          | ✓ Core modules initialized successfully
2026-05-25 12:22:11,001 | INFO     | main_module          | Core data structure initialized | context_size=0 | modules_online={'stt': False, 'cv': False, 'sys': False}
2026-05-25 12:22:11,002 | INFO     | main_module          | ==================================================
2026-05-25 12:22:11,002 | INFO     | server               | ✓ Core service initialized successfully
2026-05-25 12:22:11,002 | INFO     | server               | Server ready to accept requests on port 8000
2026-05-25 12:22:11,002 | INFO     | server               | ============================================================
2026-05-25 12:22:11,086 | INFO     | uvicorn.error        | Started server process [7374]
2026-05-25 12:22:11,087 | INFO     | uvicorn.error        | Waiting for application startup.
2026-05-25 12:22:11,088 | INFO     | server               | ============================================================
2026-05-25 12:22:11,088 | INFO     | server               | CORE SERVICE STARTUP COMPLETED
2026-05-25 12:22:11,088 | INFO     | server               | ============================================================
2026-05-25 12:22:11,088 | INFO     | uvicorn.error        | Application startup complete.
2026-05-25 12:22:11,088 | INFO     | uvicorn.error        | Uvicorn running on http://127.0.0.1:8000 (Press CTRL+C to quit)
2026-05-25 12:39:31,289 | INFO     | server               | 📥 STT POST request received | lang=ru | text_len=18
2026-05-25 12:39:31,289 | DEBUG    | server               | STT request details | speaker=Владелец | text='Агат, выключи свет...' if len(speach_info.text) > 100 else 'Агат, выключи свет'
2026-05-25 12:39:31,290 | DEBUG    | server               | ✓ STT background task added to queue
2026-05-25 12:39:31,290 | INFO     | uvicorn.access       | 127.0.0.1:45776 - "POST /core/stt HTTP/1.1" 200
2026-05-25 12:39:31,291 | INFO     | main_module          | STT input received | speaker=Владелец | language=ru | text_len=18
2026-05-25 12:39:31,292 | DEBUG    | main_module          | STT input text: 'Агат, выключи свет'
2026-05-25 12:39:31,292 | DEBUG    | main_module          | STT data updated | timestamp=1779701971.292246 | context_size=0
2026-05-25 12:39:31,292 | DEBUG    | main_module          | === Starting input filtering pipeline ===
2026-05-25 12:39:31,292 | DEBUG    | main_module          | Current context size: 0 elements
2026-05-25 12:39:31,292 | DEBUG    | main_module          | STT text: 'Агат, выключи свет'
2026-05-25 12:39:31,292 | INFO     | main_module          | 🔍 Filtering input - Checking if answer is needed
2026-05-25 12:39:31,293 | DEBUG    | main_module          | Input STT text: 'Агат, выключи свет'
2026-05-25 12:39:31,293 | ERROR    | main_module          | ✗ Input check error: AttributeError: 'Core' object has no attribute 'dialogue_continues'
Traceback (most recent call last):
  File "/mnt/windows/Programs/ProgramingProjects/Python/projects/AGAT_System/core/main_module.py", line 102, in _main_pipeline
    need_answer = self._need_answer()
  File "/mnt/windows/Programs/ProgramingProjects/Python/projects/AGAT_System/core/main_module.py", line 148, in _need_answer
    logger.debug(f"Context size: {len(context)} | Dialogue continues: {self.dialogue_continues}")
AttributeError: 'Core' object has no attribute 'dialogue_continues'
2026-05-25 12:40:43,006 | INFO     | uvicorn.error        | Shutting down
2026-05-25 12:40:43,107 | INFO     | uvicorn.error        | Waiting for application shutdown.
2026-05-25 12:40:43,108 | INFO     | server               | ============================================================
2026-05-25 12:40:43,108 | INFO     | server               | CORE SERVICE SHUTTING DOWN
2026-05-25 12:40:43,108 | INFO     | server               | ============================================================
2026-05-25 12:40:43,108 | INFO     | uvicorn.error        | Application shutdown complete.
2026-05-25 12:40:43,109 | INFO     | uvicorn.error        | Finished server process [7374]
2026-05-25 12:40:43,112 | DEBUG    | httpcore.connection  | close.started
2026-05-25 12:40:43,112 | DEBUG    | httpcore.connection  | close.complete
