2026-05-25 22:15:12,117 | INFO     | server               | ============================================================
2026-05-25 22:15:12,117 | INFO     | server               | CORE SERVICE INITIALIZATION
2026-05-25 22:15:12,117 | INFO     | server               | ============================================================
2026-05-25 22:15:12,118 | INFO     | server               | Creating Core instance...
2026-05-25 22:15:12,118 | INFO     | main_module          | ==================================================
2026-05-25 22:15:12,118 | INFO     | main_module          | Core module initialization started
2026-05-25 22:15:12,118 | DEBUG    | main_module          | Initializing Filter module...
2026-05-25 22:15:12,118 | INFO     | modules.filter.filter | Initializing Filter module...
2026-05-25 22:15:12,119 | DEBUG    | modules.filter.filter | Loading STT filter model...
2026-05-25 22:15:12,119 | INFO     | modules.filter.stt_filter.stt_filter | Initializing SttFilter...
2026-05-25 22:15:12,119 | DEBUG    | modules.filter.stt_filter.stt_filter | Loading SttImpModel...
2026-05-25 22:15:12,119 | INFO     | modules.filter.stt_filter.imp_model.imp_model | Initializing SttImpModel...
2026-05-25 22:15:12,119 | DEBUG    | modules.filter.stt_filter.imp_model.imp_model | Loading Model...
2026-05-25 22:15:12,514 | INFO     | modules.filter.stt_filter.imp_model.models.own_model.transformer.pytorch_attention.init | MultiHeadAttention initialized
2026-05-25 22:15:12,514 | INFO     | modules.filter.stt_filter.imp_model.models.own_model.transformer.pytorch_attention.init | MultiHeadAttentionlConfig: d_model=256, heads=8
2026-05-25 22:15:12,518 | INFO     | modules.filter.stt_filter.imp_model.models.own_model.transformer.feedforward.init | Feedforward initialized
2026-05-25 22:15:12,519 | INFO     | modules.filter.stt_filter.imp_model.models.own_model.transformer.feedforward.init | FeedforwardlConfig: d_model=256, d_ff=1024
2026-05-25 22:15:12,519 | INFO     | modules.filter.stt_filter.imp_model.models.own_model.transformer.encoder.init | Encoder initialized
2026-05-25 22:15:12,519 | INFO     | modules.filter.stt_filter.imp_model.models.own_model.transformer.encoder.init | EncoderlConfig: d_model=256, heads=8, d_ff=1024, dropout=0.31622776601683794
2026-05-25 22:15:12,551 | DEBUG    | httpcore.connection  | connect_tcp.started host='huggingface.co' port=443 local_address=None timeout=10 socket_options=None
2026-05-25 22:15:12,580 | DEBUG    | httpcore.connection  | connect_tcp.complete return_value=<httpcore._backends.sync.SyncStream object at 0x7ada481da170>
2026-05-25 22:15:12,580 | DEBUG    | httpcore.connection  | start_tls.started ssl_context=<ssl.SSLContext object at 0x7ada481e6d40> server_hostname='huggingface.co' timeout=10
2026-05-25 22:15:12,604 | DEBUG    | httpcore.connection  | start_tls.complete return_value=<httpcore._backends.sync.SyncStream object at 0x7ada481da2f0>
2026-05-25 22:15:12,605 | DEBUG    | httpcore.http11      | send_request_headers.started request=<Request [b'HEAD']>
2026-05-25 22:15:12,606 | DEBUG    | httpcore.http11      | send_request_headers.complete
2026-05-25 22:15:12,606 | DEBUG    | httpcore.http11      | send_request_body.started request=<Request [b'HEAD']>
2026-05-25 22:15:12,606 | DEBUG    | httpcore.http11      | send_request_body.complete
2026-05-25 22:15:12,606 | DEBUG    | httpcore.http11      | receive_response_headers.started request=<Request [b'HEAD']>
2026-05-25 22:15:12,757 | DEBUG    | httpcore.http11      | receive_response_headers.complete return_value=(b'HTTP/1.1', 307, b'Temporary Redirect', [(b'Content-Type', b'text/plain; charset=utf-8'), (b'Content-Length', b'238'), (b'Connection', b'keep-alive'), (b'Date', b'Mon, 25 May 2026 19:15:12 GMT'), (b'Location', b'/api/resolve-cache/models/boltuix/bert-lite/bc0e85c1c303ee38a6b4a7276ce7cf6d0581cce5/config.json?%2Fboltuix%2Fbert-lite%2Fresolve%2Fmain%2Fconfig.json=&etag=%2281ba83673fa0d07fc98d4ba418715df42ab28a6f%22'), (b'X-Powered-By', b'huggingface-moon'), (b'X-Request-Id', b'Root=1-6a149fc0-530b2ae520fd6d2f6efb6393;26049d18-d5cc-48af-a325-2b41f24b07eb'), (b'RateLimit', b'"resolvers";r=4999;t=43'), (b'RateLimit-Policy', b'"fixed window";"resolvers";q=5000;w=300'), (b'cross-origin-opener-policy', b'same-origin'), (b'Referrer-Policy', b'strict-origin-when-cross-origin'), (b'Access-Control-Max-Age', b'86400'), (b'Access-Control-Allow-Origin', b'https://huggingface.co'), (b'Vary', b'Origin, Accept'), (b'Access-Control-Expose-Headers', b'X-Repo-Commit,X-Request-Id,X-Error-Code,X-Error-Message,X-Total-Count,ETag,Link,Accept-Ranges,Content-Range,X-Linked-Size,X-Linked-ETag,X-Xet-Hash'), (b'X-Repo-Commit', b'bc0e85c1c303ee38a6b4a7276ce7cf6d0581cce5'), (b'Accept-Ranges', b'bytes'), (b'X-Hub-Cache', b'MISS'), (b'Content-Disposition', b'inline; filename*=UTF-8\'\'config.json; filename="config.json";'), (b'Content-Security-Policy', b"default-src 'none'; sandbox"), (b'X-Linked-ETag', b'"81ba83673fa0d07fc98d4ba418715df42ab28a6f"'), (b'X-Cache', b'Miss from cloudfront'), (b'Via', b'1.1 823a9a919078d4b0125429d17ecbf27a.cloudfront.net (CloudFront)'), (b'X-Amz-Cf-Pop', b'HEL51-P2'), (b'X-Amz-Cf-Id', b'QpzoqahO3GdI_SDZrZEqcp9U6ujBxku_rKo4xD5tfWUEz627zE1H1g==')])
2026-05-25 22:15:12,759 | INFO     | httpx                | HTTP Request: HEAD https://huggingface.co/boltuix/bert-lite/resolve/main/config.json "HTTP/1.1 307 Temporary Redirect"
2026-05-25 22:15:12,760 | DEBUG    | httpcore.http11      | receive_response_body.started request=<Request [b'HEAD']>
2026-05-25 22:15:12,760 | DEBUG    | httpcore.http11      | receive_response_body.complete
2026-05-25 22:15:12,760 | DEBUG    | httpcore.http11      | response_closed.started
2026-05-25 22:15:12,760 | DEBUG    | httpcore.http11      | response_closed.complete
2026-05-25 22:15:12,761 | DEBUG    | httpcore.http11      | send_request_headers.started request=<Request [b'HEAD']>
2026-05-25 22:15:12,761 | DEBUG    | httpcore.http11      | send_request_headers.complete
2026-05-25 22:15:12,761 | DEBUG    | httpcore.http11      | send_request_body.started request=<Request [b'HEAD']>
2026-05-25 22:15:12,762 | DEBUG    | httpcore.http11      | send_request_body.complete
2026-05-25 22:15:12,762 | DEBUG    | httpcore.http11      | receive_response_headers.started request=<Request [b'HEAD']>
2026-05-25 22:15:12,784 | DEBUG    | httpcore.http11      | receive_response_headers.complete return_value=(b'HTTP/1.1', 200, b'OK', [(b'Content-Type', b'text/plain; charset=utf-8'), (b'Content-Length', b'587'), (b'Connection', b'keep-alive'), (b'Date', b'Wed, 13 May 2026 12:33:48 GMT'), (b'ETag', b'"81ba83673fa0d07fc98d4ba418715df42ab28a6f"'), (b'X-Powered-By', b'huggingface-moon'), (b'X-Request-Id', b'Root=1-6a046fac-1335b433506b8b384391f3c6;adbfdde3-1218-4a8d-ac5d-f6fb77b28728'), (b'RateLimit', b'"resolvers";r=4998;t=127'), (b'RateLimit-Policy', b'"fixed window";"resolvers";q=5000;w=300'), (b'cross-origin-opener-policy', b'same-origin'), (b'Referrer-Policy', b'strict-origin-when-cross-origin'), (b'Access-Control-Max-Age', b'86400'), (b'Access-Control-Allow-Origin', b'https://huggingface.co'), (b'Access-Control-Expose-Headers', b'X-Repo-Commit,X-Request-Id,X-Error-Code,X-Error-Message,X-Total-Count,ETag,Link,Accept-Ranges,Content-Range,X-Linked-Size,X-Linked-ETag,X-Xet-Hash'), (b'X-Repo-Commit', b'bc0e85c1c303ee38a6b4a7276ce7cf6d0581cce5'), (b'Accept-Ranges', b'bytes'), (b'X-Hub-Cache', b'MISS'), (b'Content-Disposition', b'inline; filename*=UTF-8\'\'config.json; filename="config.json";'), (b'Content-Security-Policy', b"default-src 'none'; sandbox"), (b'Vary', b'Origin'), (b'X-Cache', b'Hit from cloudfront'), (b'Via', b'1.1 823a9a919078d4b0125429d17ecbf27a.cloudfront.net (CloudFront)'), (b'X-Amz-Cf-Pop', b'HEL51-P2'), (b'X-Amz-Cf-Id', b'YABrqYfk94BzXyLx2OlCMr5HZlktiiZ5rWcyM0-M4xR1jazFoVXIUA=='), (b'Age', b'1060884')])
2026-05-25 22:15:12,785 | INFO     | httpx                | HTTP Request: HEAD https://huggingface.co/api/resolve-cache/models/boltuix/bert-lite/bc0e85c1c303ee38a6b4a7276ce7cf6d0581cce5/config.json "HTTP/1.1 200 OK"
2026-05-25 22:15:12,785 | DEBUG    | httpcore.http11      | receive_response_body.started request=<Request [b'HEAD']>
2026-05-25 22:15:12,785 | DEBUG    | httpcore.http11      | receive_response_body.complete
2026-05-25 22:15:12,785 | DEBUG    | httpcore.http11      | response_closed.started
2026-05-25 22:15:12,786 | DEBUG    | httpcore.http11      | response_closed.complete
2026-05-25 22:15:12,807 | DEBUG    | httpcore.http11      | send_request_headers.started request=<Request [b'HEAD']>
2026-05-25 22:15:12,808 | DEBUG    | httpcore.http11      | send_request_headers.complete
2026-05-25 22:15:12,808 | DEBUG    | httpcore.http11      | send_request_body.started request=<Request [b'HEAD']>
2026-05-25 22:15:12,808 | DEBUG    | httpcore.http11      | send_request_body.complete
2026-05-25 22:15:12,808 | DEBUG    | httpcore.http11      | receive_response_headers.started request=<Request [b'HEAD']>
2026-05-25 22:15:12,962 | DEBUG    | httpcore.http11      | receive_response_headers.complete return_value=(b'HTTP/1.1', 307, b'Temporary Redirect', [(b'Content-Type', b'text/plain; charset=utf-8'), (b'Content-Length', b'258'), (b'Connection', b'keep-alive'), (b'Date', b'Mon, 25 May 2026 19:15:12 GMT'), (b'Location', b'/api/resolve-cache/models/boltuix/bert-lite/bc0e85c1c303ee38a6b4a7276ce7cf6d0581cce5/tokenizer_config.json?%2Fboltuix%2Fbert-lite%2Fresolve%2Fmain%2Ftokenizer_config.json=&etag=%22d5c1bb83f067f79da262aed09cbefafcbe8b4805%22'), (b'X-Powered-By', b'huggingface-moon'), (b'X-Request-Id', b'Root=1-6a149fc0-0a88ed2c7a26b3bf5f821edb;d5e98f76-e747-4be5-b5a6-7bab04e46e66'), (b'RateLimit', b'"resolvers";r=4998;t=43'), (b'RateLimit-Policy', b'"fixed window";"resolvers";q=5000;w=300'), (b'cross-origin-opener-policy', b'same-origin'), (b'Referrer-Policy', b'strict-origin-when-cross-origin'), (b'Access-Control-Max-Age', b'86400'), (b'Access-Control-Allow-Origin', b'https://huggingface.co'), (b'Vary', b'Origin, Accept'), (b'Access-Control-Expose-Headers', b'X-Repo-Commit,X-Request-Id,X-Error-Code,X-Error-Message,X-Total-Count,ETag,Link,Accept-Ranges,Content-Range,X-Linked-Size,X-Linked-ETag,X-Xet-Hash'), (b'X-Repo-Commit', b'bc0e85c1c303ee38a6b4a7276ce7cf6d0581cce5'), (b'Accept-Ranges', b'bytes'), (b'X-Hub-Cache', b'MISS'), (b'Content-Disposition', b'inline; filename*=UTF-8\'\'tokenizer_config.json; filename="tokenizer_config.json";'), (b'Content-Security-Policy', b"default-src 'none'; sandbox"), (b'X-Linked-ETag', b'"d5c1bb83f067f79da262aed09cbefafcbe8b4805"'), (b'X-Cache', b'Miss from cloudfront'), (b'Via', b'1.1 823a9a919078d4b0125429d17ecbf27a.cloudfront.net (CloudFront)'), (b'X-Amz-Cf-Pop', b'HEL51-P2'), (b'X-Amz-Cf-Id', b'ldQjPmlMnluN4kJll39Nkosm5-YR45kaL8af8VqfmM0fcilJwT5M1Q==')])
2026-05-25 22:15:12,963 | INFO     | httpx                | HTTP Request: HEAD https://huggingface.co/boltuix/bert-lite/resolve/main/tokenizer_config.json "HTTP/1.1 307 Temporary Redirect"
2026-05-25 22:15:12,967 | DEBUG    | httpcore.http11      | receive_response_body.started request=<Request [b'HEAD']>
2026-05-25 22:15:12,969 | DEBUG    | httpcore.http11      | receive_response_body.complete
2026-05-25 22:15:12,971 | DEBUG    | httpcore.http11      | response_closed.started
2026-05-25 22:15:12,972 | DEBUG    | httpcore.http11      | response_closed.complete
2026-05-25 22:15:12,974 | DEBUG    | httpcore.http11      | send_request_headers.started request=<Request [b'HEAD']>
2026-05-25 22:15:12,975 | DEBUG    | httpcore.http11      | send_request_headers.complete
2026-05-25 22:15:12,979 | DEBUG    | httpcore.http11      | send_request_body.started request=<Request [b'HEAD']>
2026-05-25 22:15:12,980 | DEBUG    | httpcore.http11      | send_request_body.complete
2026-05-25 22:15:12,980 | DEBUG    | httpcore.http11      | receive_response_headers.started request=<Request [b'HEAD']>
2026-05-25 22:15:13,000 | DEBUG    | httpcore.http11      | receive_response_headers.complete return_value=(b'HTTP/1.1', 200, b'OK', [(b'Content-Type', b'text/plain; charset=utf-8'), (b'Content-Length', b'1300'), (b'Connection', b'keep-alive'), (b'Date', b'Wed, 13 May 2026 12:33:49 GMT'), (b'ETag', b'"d5c1bb83f067f79da262aed09cbefafcbe8b4805"'), (b'X-Powered-By', b'huggingface-moon'), (b'X-Request-Id', b'Root=1-6a046fad-0b06b5443de61d2216ce7b5e;c30943df-c246-4194-9edb-c69729443dee'), (b'RateLimit', b'"resolvers";r=4995;t=126'), (b'RateLimit-Policy', b'"fixed window";"resolvers";q=5000;w=300'), (b'cross-origin-opener-policy', b'same-origin'), (b'Referrer-Policy', b'strict-origin-when-cross-origin'), (b'Access-Control-Max-Age', b'86400'), (b'Access-Control-Allow-Origin', b'https://huggingface.co'), (b'Access-Control-Expose-Headers', b'X-Repo-Commit,X-Request-Id,X-Error-Code,X-Error-Message,X-Total-Count,ETag,Link,Accept-Ranges,Content-Range,X-Linked-Size,X-Linked-ETag,X-Xet-Hash'), (b'X-Repo-Commit', b'bc0e85c1c303ee38a6b4a7276ce7cf6d0581cce5'), (b'Accept-Ranges', b'bytes'), (b'X-Hub-Cache', b'MISS'), (b'Content-Disposition', b'inline; filename*=UTF-8\'\'tokenizer_config.json; filename="tokenizer_config.json";'), (b'Content-Security-Policy', b"default-src 'none'; sandbox"), (b'Vary', b'Origin'), (b'X-Cache', b'Hit from cloudfront'), (b'Via', b'1.1 823a9a919078d4b0125429d17ecbf27a.cloudfront.net (CloudFront)'), (b'X-Amz-Cf-Pop', b'HEL51-P2'), (b'X-Amz-Cf-Id', b'389ul3HaawImOFavSzf_AWB0XBoW8TVPWwU8aYhGzl1GSkH1fVfKWA=='), (b'Age', b'1060884')])
2026-05-25 22:15:13,003 | INFO     | httpx                | HTTP Request: HEAD https://huggingface.co/api/resolve-cache/models/boltuix/bert-lite/bc0e85c1c303ee38a6b4a7276ce7cf6d0581cce5/tokenizer_config.json "HTTP/1.1 200 OK"
2026-05-25 22:15:13,004 | DEBUG    | httpcore.http11      | receive_response_body.started request=<Request [b'HEAD']>
2026-05-25 22:15:13,004 | DEBUG    | httpcore.http11      | receive_response_body.complete
2026-05-25 22:15:13,005 | DEBUG    | httpcore.http11      | response_closed.started
2026-05-25 22:15:13,005 | DEBUG    | httpcore.http11      | response_closed.complete
2026-05-25 22:15:13,024 | DEBUG    | httpcore.http11      | send_request_headers.started request=<Request [b'GET']>
2026-05-25 22:15:13,025 | DEBUG    | httpcore.http11      | send_request_headers.complete
2026-05-25 22:15:13,027 | DEBUG    | httpcore.http11      | send_request_body.started request=<Request [b'GET']>
2026-05-25 22:15:13,027 | DEBUG    | httpcore.http11      | send_request_body.complete
2026-05-25 22:15:13,027 | DEBUG    | httpcore.http11      | receive_response_headers.started request=<Request [b'GET']>
2026-05-25 22:15:13,177 | DEBUG    | httpcore.http11      | receive_response_headers.complete return_value=(b'HTTP/1.1', 404, b'Not Found', [(b'Content-Type', b'application/json; charset=utf-8'), (b'Content-Length', b'64'), (b'Connection', b'keep-alive'), (b'Date', b'Mon, 25 May 2026 19:15:13 GMT'), (b'ETag', b'W/"40-09f9IAqP13xarAhQxFS2W8rvRkM"'), (b'X-Powered-By', b'huggingface-moon'), (b'X-Request-Id', b'Root=1-6a149fc1-5aaffb921189d7825355f3fd;846bf39a-c86c-4629-b7de-b12bfb1f6d1b'), (b'RateLimit', b'"api";r=999;t=42'), (b'RateLimit-Policy', b'"fixed window";"api";q=1000;w=300'), (b'cross-origin-opener-policy', b'same-origin'), (b'Referrer-Policy', b'strict-origin-when-cross-origin'), (b'Access-Control-Max-Age', b'86400'), (b'Access-Control-Allow-Origin', b'https://huggingface.co'), (b'Vary', b'Origin'), (b'Access-Control-Expose-Headers', b'X-Repo-Commit,X-Request-Id,X-Error-Code,X-Error-Message,X-Total-Count,ETag,Link,Accept-Ranges,Content-Range,X-Linked-Size,X-Linked-ETag,X-Xet-Hash'), (b'X-Error-Code', b'EntryNotFound'), (b'X-Error-Message', b'additional_chat_templates does not exist on "main"'), (b'X-Cache', b'Error from cloudfront'), (b'Via', b'1.1 823a9a919078d4b0125429d17ecbf27a.cloudfront.net (CloudFront)'), (b'X-Amz-Cf-Pop', b'HEL51-P2'), (b'X-Amz-Cf-Id', b'LdN5JsWlotRzvwG9N4S1aSIt3LwTeWPKeSKhVUODwMNNn2AWrk0n6w==')])
2026-05-25 22:15:13,178 | INFO     | httpx                | HTTP Request: GET https://huggingface.co/api/models/boltuix/bert-lite/tree/main/additional_chat_templates?recursive=false&expand=false "HTTP/1.1 404 Not Found"
2026-05-25 22:15:13,178 | DEBUG    | httpcore.http11      | receive_response_body.started request=<Request [b'GET']>
2026-05-25 22:15:13,178 | DEBUG    | httpcore.http11      | receive_response_body.complete
2026-05-25 22:15:13,178 | DEBUG    | httpcore.http11      | response_closed.started
2026-05-25 22:15:13,178 | DEBUG    | httpcore.http11      | response_closed.complete
2026-05-25 22:15:13,181 | DEBUG    | httpcore.http11      | send_request_headers.started request=<Request [b'GET']>
2026-05-25 22:15:13,181 | DEBUG    | httpcore.http11      | send_request_headers.complete
2026-05-25 22:15:13,181 | DEBUG    | httpcore.http11      | send_request_body.started request=<Request [b'GET']>
2026-05-25 22:15:13,181 | DEBUG    | httpcore.http11      | send_request_body.complete
2026-05-25 22:15:13,181 | DEBUG    | httpcore.http11      | receive_response_headers.started request=<Request [b'GET']>
2026-05-25 22:15:13,339 | DEBUG    | httpcore.http11      | receive_response_headers.complete return_value=(b'HTTP/1.1', 200, b'OK', [(b'Content-Type', b'application/json; charset=utf-8'), (b'Transfer-Encoding', b'chunked'), (b'Connection', b'keep-alive'), (b'Date', b'Mon, 25 May 2026 19:15:13 GMT'), (b'content-encoding', b'gzip'), (b'ETag', b'W/"3f4-p6e3v60yrWQMyQA/1oVBgtFThWc"'), (b'X-Powered-By', b'huggingface-moon'), (b'X-Request-Id', b'Root=1-6a149fc1-03a01d0f5c4b77dd175e584b;0c099d33-a569-4568-8be2-a2c90170e15a'), (b'RateLimit', b'"api";r=998;t=42'), (b'RateLimit-Policy', b'"fixed window";"api";q=1000;w=300'), (b'cross-origin-opener-policy', b'same-origin'), (b'Referrer-Policy', b'strict-origin-when-cross-origin'), (b'Access-Control-Max-Age', b'86400'), (b'Access-Control-Allow-Origin', b'https://huggingface.co'), (b'Vary', b'Origin'), (b'vary', b'Accept-Encoding'), (b'Access-Control-Expose-Headers', b'X-Repo-Commit,X-Request-Id,X-Error-Code,X-Error-Message,X-Total-Count,ETag,Link,Accept-Ranges,Content-Range,X-Linked-Size,X-Linked-ETag,X-Xet-Hash'), (b'X-Cache', b'Miss from cloudfront'), (b'Via', b'1.1 823a9a919078d4b0125429d17ecbf27a.cloudfront.net (CloudFront)'), (b'X-Amz-Cf-Pop', b'HEL51-P2'), (b'X-Amz-Cf-Id', b'JsrbT_p7yS7JtA6j2WMEr5Zest5UZbx-vWcUpOVQJP0YbbEjBc1mnw==')])
2026-05-25 22:15:13,340 | INFO     | httpx                | HTTP Request: GET https://huggingface.co/api/models/boltuix/bert-lite/tree/main?recursive=true&expand=false "HTTP/1.1 200 OK"
2026-05-25 22:15:13,341 | DEBUG    | httpcore.http11      | receive_response_body.started request=<Request [b'GET']>
2026-05-25 22:15:13,342 | DEBUG    | httpcore.http11      | receive_response_body.complete
2026-05-25 22:15:13,343 | DEBUG    | httpcore.http11      | response_closed.started
2026-05-25 22:15:13,343 | DEBUG    | httpcore.http11      | response_closed.complete
2026-05-25 22:15:13,422 | DEBUG    | httpcore.http11      | send_request_headers.started request=<Request [b'HEAD']>
2026-05-25 22:15:13,422 | DEBUG    | httpcore.http11      | send_request_headers.complete
2026-05-25 22:15:13,422 | DEBUG    | httpcore.http11      | send_request_body.started request=<Request [b'HEAD']>
2026-05-25 22:15:13,422 | DEBUG    | httpcore.http11      | send_request_body.complete
2026-05-25 22:15:13,422 | DEBUG    | httpcore.http11      | receive_response_headers.started request=<Request [b'HEAD']>
2026-05-25 22:15:13,576 | DEBUG    | httpcore.http11      | receive_response_headers.complete return_value=(b'HTTP/1.1', 307, b'Temporary Redirect', [(b'Content-Type', b'text/plain; charset=utf-8'), (b'Content-Length', b'238'), (b'Connection', b'keep-alive'), (b'Date', b'Mon, 25 May 2026 19:15:13 GMT'), (b'Location', b'/api/resolve-cache/models/boltuix/bert-lite/bc0e85c1c303ee38a6b4a7276ce7cf6d0581cce5/config.json?%2Fboltuix%2Fbert-lite%2Fresolve%2Fmain%2Fconfig.json=&etag=%2281ba83673fa0d07fc98d4ba418715df42ab28a6f%22'), (b'X-Powered-By', b'huggingface-moon'), (b'X-Request-Id', b'Root=1-6a149fc1-0734c8fc642f7d2e7dfdac86;161e5a56-e63b-4d5b-ac75-3e7e89fe7e5f'), (b'RateLimit', b'"resolvers";r=4997;t=42'), (b'RateLimit-Policy', b'"fixed window";"resolvers";q=5000;w=300'), (b'cross-origin-opener-policy', b'same-origin'), (b'Referrer-Policy', b'strict-origin-when-cross-origin'), (b'Access-Control-Max-Age', b'86400'), (b'Access-Control-Allow-Origin', b'https://huggingface.co'), (b'Vary', b'Origin, Accept'), (b'Access-Control-Expose-Headers', b'X-Repo-Commit,X-Request-Id,X-Error-Code,X-Error-Message,X-Total-Count,ETag,Link,Accept-Ranges,Content-Range,X-Linked-Size,X-Linked-ETag,X-Xet-Hash'), (b'X-Repo-Commit', b'bc0e85c1c303ee38a6b4a7276ce7cf6d0581cce5'), (b'Accept-Ranges', b'bytes'), (b'X-Hub-Cache', b'MISS'), (b'Content-Disposition', b'inline; filename*=UTF-8\'\'config.json; filename="config.json";'), (b'Content-Security-Policy', b"default-src 'none'; sandbox"), (b'X-Linked-ETag', b'"81ba83673fa0d07fc98d4ba418715df42ab28a6f"'), (b'X-Cache', b'Miss from cloudfront'), (b'Via', b'1.1 823a9a919078d4b0125429d17ecbf27a.cloudfront.net (CloudFront)'), (b'X-Amz-Cf-Pop', b'HEL51-P2'), (b'X-Amz-Cf-Id', b'HzzgwYng9j6u1e-Z31RGdRsmfZgAGS9WW8HOno4xDZPjsKTx-JNMIw==')])
2026-05-25 22:15:13,577 | INFO     | httpx                | HTTP Request: HEAD https://huggingface.co/boltuix/bert-lite/resolve/main/config.json "HTTP/1.1 307 Temporary Redirect"
2026-05-25 22:15:13,578 | DEBUG    | httpcore.http11      | receive_response_body.started request=<Request [b'HEAD']>
2026-05-25 22:15:13,578 | DEBUG    | httpcore.http11      | receive_response_body.complete
2026-05-25 22:15:13,579 | DEBUG    | httpcore.http11      | response_closed.started
2026-05-25 22:15:13,579 | DEBUG    | httpcore.http11      | response_closed.complete
2026-05-25 22:15:13,580 | DEBUG    | httpcore.http11      | send_request_headers.started request=<Request [b'HEAD']>
2026-05-25 22:15:13,580 | DEBUG    | httpcore.http11      | send_request_headers.complete
2026-05-25 22:15:13,580 | DEBUG    | httpcore.http11      | send_request_body.started request=<Request [b'HEAD']>
2026-05-25 22:15:13,581 | DEBUG    | httpcore.http11      | send_request_body.complete
2026-05-25 22:15:13,581 | DEBUG    | httpcore.http11      | receive_response_headers.started request=<Request [b'HEAD']>
2026-05-25 22:15:13,604 | DEBUG    | httpcore.http11      | receive_response_headers.complete return_value=(b'HTTP/1.1', 200, b'OK', [(b'Content-Type', b'text/plain; charset=utf-8'), (b'Content-Length', b'587'), (b'Connection', b'keep-alive'), (b'Date', b'Wed, 13 May 2026 12:33:48 GMT'), (b'ETag', b'"81ba83673fa0d07fc98d4ba418715df42ab28a6f"'), (b'X-Powered-By', b'huggingface-moon'), (b'X-Request-Id', b'Root=1-6a046fac-1335b433506b8b384391f3c6;adbfdde3-1218-4a8d-ac5d-f6fb77b28728'), (b'RateLimit', b'"resolvers";r=4998;t=127'), (b'RateLimit-Policy', b'"fixed window";"resolvers";q=5000;w=300'), (b'cross-origin-opener-policy', b'same-origin'), (b'Referrer-Policy', b'strict-origin-when-cross-origin'), (b'Access-Control-Max-Age', b'86400'), (b'Access-Control-Allow-Origin', b'https://huggingface.co'), (b'Access-Control-Expose-Headers', b'X-Repo-Commit,X-Request-Id,X-Error-Code,X-Error-Message,X-Total-Count,ETag,Link,Accept-Ranges,Content-Range,X-Linked-Size,X-Linked-ETag,X-Xet-Hash'), (b'X-Repo-Commit', b'bc0e85c1c303ee38a6b4a7276ce7cf6d0581cce5'), (b'Accept-Ranges', b'bytes'), (b'X-Hub-Cache', b'MISS'), (b'Content-Disposition', b'inline; filename*=UTF-8\'\'config.json; filename="config.json";'), (b'Content-Security-Policy', b"default-src 'none'; sandbox"), (b'Vary', b'Origin'), (b'X-Cache', b'Hit from cloudfront'), (b'Via', b'1.1 823a9a919078d4b0125429d17ecbf27a.cloudfront.net (CloudFront)'), (b'X-Amz-Cf-Pop', b'HEL51-P2'), (b'X-Amz-Cf-Id', b'o9N4hGUDfXBUC16pxpHYRa0ViwhTRgm4N_BH9uJ3GZK4UJJ8FOkQNg=='), (b'Age', b'1060885')])
2026-05-25 22:15:13,605 | INFO     | httpx                | HTTP Request: HEAD https://huggingface.co/api/resolve-cache/models/boltuix/bert-lite/bc0e85c1c303ee38a6b4a7276ce7cf6d0581cce5/config.json "HTTP/1.1 200 OK"
2026-05-25 22:15:13,605 | DEBUG    | httpcore.http11      | receive_response_body.started request=<Request [b'HEAD']>
2026-05-25 22:15:13,606 | DEBUG    | httpcore.http11      | receive_response_body.complete
2026-05-25 22:15:13,606 | DEBUG    | httpcore.http11      | response_closed.started
2026-05-25 22:15:13,606 | DEBUG    | httpcore.http11      | response_closed.complete
2026-05-25 22:15:13,839 | INFO     | modules.filter.stt_filter.imp_model.imp_model | ✓ SttImpModel initialized successfully
2026-05-25 22:15:13,840 | DEBUG    | modules.filter.stt_filter.stt_filter | Loading ShouldShutUpModel...
2026-05-25 22:15:13,840 | INFO     | modules.filter.stt_filter.should_shut_up.should_shut_up_model | Initializing ShouldShutUpModel...
2026-05-25 22:15:13,840 | DEBUG    | modules.filter.stt_filter.should_shut_up.should_shut_up_model | Loading Model...
2026-05-25 22:15:13,877 | INFO     | sentence_transformers.base.model | No device provided, using cpu
2026-05-25 22:15:13,878 | DEBUG    | httpcore.http11      | send_request_headers.started request=<Request [b'HEAD']>
2026-05-25 22:15:13,878 | DEBUG    | httpcore.http11      | send_request_headers.complete
2026-05-25 22:15:13,878 | DEBUG    | httpcore.http11      | send_request_body.started request=<Request [b'HEAD']>
2026-05-25 22:15:13,879 | DEBUG    | httpcore.http11      | send_request_body.complete
2026-05-25 22:15:13,879 | DEBUG    | httpcore.http11      | receive_response_headers.started request=<Request [b'HEAD']>
2026-05-25 22:15:14,031 | DEBUG    | httpcore.http11      | receive_response_headers.complete return_value=(b'HTTP/1.1', 307, b'Temporary Redirect', [(b'Content-Type', b'text/plain; charset=utf-8'), (b'Content-Length', b'324'), (b'Connection', b'keep-alive'), (b'Date', b'Mon, 25 May 2026 19:15:13 GMT'), (b'Location', b'/api/resolve-cache/models/sentence-transformers/paraphrase-multilingual-MiniLM-L12-v2/e8f8c211226b894fcb81acc59f3b34ba3efd5f42/modules.json?%2Fsentence-transformers%2Fparaphrase-multilingual-MiniLM-L12-v2%2Fresolve%2Fmain%2Fmodules.json=&etag=%22f7640f94e81bb7f4f04daf1668850b38763a13d9%22'), (b'X-Powered-By', b'huggingface-moon'), (b'X-Request-Id', b'Root=1-6a149fc1-2f61aa8206208ee02ba35784;816da3b3-54ee-4e22-886a-d0ea7be9419e'), (b'RateLimit', b'"resolvers";r=4996;t=42'), (b'RateLimit-Policy', b'"fixed window";"resolvers";q=5000;w=300'), (b'cross-origin-opener-policy', b'same-origin'), (b'Referrer-Policy', b'strict-origin-when-cross-origin'), (b'Access-Control-Max-Age', b'86400'), (b'Access-Control-Allow-Origin', b'https://huggingface.co'), (b'Vary', b'Origin, Accept'), (b'Access-Control-Expose-Headers', b'X-Repo-Commit,X-Request-Id,X-Error-Code,X-Error-Message,X-Total-Count,ETag,Link,Accept-Ranges,Content-Range,X-Linked-Size,X-Linked-ETag,X-Xet-Hash'), (b'X-Repo-Commit', b'e8f8c211226b894fcb81acc59f3b34ba3efd5f42'), (b'Accept-Ranges', b'bytes'), (b'X-Hub-Cache', b'HIT'), (b'Content-Disposition', b'inline; filename*=UTF-8\'\'modules.json; filename="modules.json";'), (b'Content-Security-Policy', b"default-src 'none'; sandbox"), (b'X-Linked-ETag', b'"f7640f94e81bb7f4f04daf1668850b38763a13d9"'), (b'X-Cache', b'Miss from cloudfront'), (b'Via', b'1.1 823a9a919078d4b0125429d17ecbf27a.cloudfront.net (CloudFront)'), (b'X-Amz-Cf-Pop', b'HEL51-P2'), (b'X-Amz-Cf-Id', b'8_niDpKTkSmfHteOlbkKh4kjA6Y8_cabTIPoeozbR9eHBMK6xEH_qQ==')])
2026-05-25 22:15:14,032 | INFO     | httpx                | HTTP Request: HEAD https://huggingface.co/sentence-transformers/paraphrase-multilingual-MiniLM-L12-v2/resolve/main/modules.json "HTTP/1.1 307 Temporary Redirect"
2026-05-25 22:15:14,033 | DEBUG    | httpcore.http11      | receive_response_body.started request=<Request [b'HEAD']>
2026-05-25 22:15:14,034 | DEBUG    | httpcore.http11      | receive_response_body.complete
2026-05-25 22:15:14,034 | DEBUG    | httpcore.http11      | response_closed.started
2026-05-25 22:15:14,034 | DEBUG    | httpcore.http11      | response_closed.complete
2026-05-25 22:15:14,035 | DEBUG    | httpcore.http11      | send_request_headers.started request=<Request [b'HEAD']>
2026-05-25 22:15:14,036 | DEBUG    | httpcore.http11      | send_request_headers.complete
2026-05-25 22:15:14,036 | DEBUG    | httpcore.http11      | send_request_body.started request=<Request [b'HEAD']>
2026-05-25 22:15:14,037 | DEBUG    | httpcore.http11      | send_request_body.complete
2026-05-25 22:15:14,037 | DEBUG    | httpcore.http11      | receive_response_headers.started request=<Request [b'HEAD']>
2026-05-25 22:15:14,060 | DEBUG    | httpcore.http11      | receive_response_headers.complete return_value=(b'HTTP/1.1', 200, b'OK', [(b'Content-Type', b'text/plain; charset=utf-8'), (b'Content-Length', b'229'), (b'Connection', b'keep-alive'), (b'Date', b'Sat, 23 May 2026 16:52:52 GMT'), (b'ETag', b'"f7640f94e81bb7f4f04daf1668850b38763a13d9"'), (b'X-Powered-By', b'huggingface-moon'), (b'X-Request-Id', b'Root=1-6a11db64-353ecde50d764e0126445d81;a473582b-af0f-4ac3-9ef1-267fcb60c843'), (b'RateLimit', b'"resolvers";r=4998;t=183'), (b'RateLimit-Policy', b'"fixed window";"resolvers";q=5000;w=300'), (b'cross-origin-opener-policy', b'same-origin'), (b'Referrer-Policy', b'strict-origin-when-cross-origin'), (b'Access-Control-Max-Age', b'86400'), (b'Access-Control-Allow-Origin', b'https://huggingface.co'), (b'Access-Control-Expose-Headers', b'X-Repo-Commit,X-Request-Id,X-Error-Code,X-Error-Message,X-Total-Count,ETag,Link,Accept-Ranges,Content-Range,X-Linked-Size,X-Linked-ETag,X-Xet-Hash'), (b'X-Repo-Commit', b'e8f8c211226b894fcb81acc59f3b34ba3efd5f42'), (b'Accept-Ranges', b'bytes'), (b'X-Hub-Cache', b'MISS'), (b'Content-Disposition', b'inline; filename*=UTF-8\'\'modules.json; filename="modules.json";'), (b'Content-Security-Policy', b"default-src 'none'; sandbox"), (b'Vary', b'Origin'), (b'X-Cache', b'Hit from cloudfront'), (b'Via', b'1.1 823a9a919078d4b0125429d17ecbf27a.cloudfront.net (CloudFront)'), (b'X-Amz-Cf-Pop', b'HEL51-P2'), (b'X-Amz-Cf-Id', b'7f-R1zhJl6nwphhl6LNDYPhiLxfB9aWYDShgcCe4QlCi0czsL5Ii0g=='), (b'Age', b'181342')])
2026-05-25 22:15:14,061 | INFO     | httpx                | HTTP Request: HEAD https://huggingface.co/api/resolve-cache/models/sentence-transformers/paraphrase-multilingual-MiniLM-L12-v2/e8f8c211226b894fcb81acc59f3b34ba3efd5f42/modules.json "HTTP/1.1 200 OK"
2026-05-25 22:15:14,062 | DEBUG    | httpcore.http11      | receive_response_body.started request=<Request [b'HEAD']>
2026-05-25 22:15:14,062 | DEBUG    | httpcore.http11      | receive_response_body.complete
2026-05-25 22:15:14,062 | DEBUG    | httpcore.http11      | response_closed.started
2026-05-25 22:15:14,062 | DEBUG    | httpcore.http11      | response_closed.complete
2026-05-25 22:15:14,072 | DEBUG    | httpcore.http11      | send_request_headers.started request=<Request [b'HEAD']>
2026-05-25 22:15:14,072 | DEBUG    | httpcore.http11      | send_request_headers.complete
2026-05-25 22:15:14,072 | DEBUG    | httpcore.http11      | send_request_body.started request=<Request [b'HEAD']>
2026-05-25 22:15:14,072 | DEBUG    | httpcore.http11      | send_request_body.complete
2026-05-25 22:15:14,073 | DEBUG    | httpcore.http11      | receive_response_headers.started request=<Request [b'HEAD']>
2026-05-25 22:15:14,222 | DEBUG    | httpcore.http11      | receive_response_headers.complete return_value=(b'HTTP/1.1', 307, b'Temporary Redirect', [(b'Content-Type', b'text/plain; charset=utf-8'), (b'Content-Length', b'366'), (b'Connection', b'keep-alive'), (b'Date', b'Mon, 25 May 2026 19:15:14 GMT'), (b'Location', b'/api/resolve-cache/models/sentence-transformers/paraphrase-multilingual-MiniLM-L12-v2/e8f8c211226b894fcb81acc59f3b34ba3efd5f42/config_sentence_transformers.json?%2Fsentence-transformers%2Fparaphrase-multilingual-MiniLM-L12-v2%2Fresolve%2Fmain%2Fconfig_sentence_transformers.json=&etag=%22b974b349cb2d419ada11181750a733ff82f291ad%22'), (b'X-Powered-By', b'huggingface-moon'), (b'X-Request-Id', b'Root=1-6a149fc2-0f5194c11df9996b271cb295;e49e32e0-bf45-449c-b39f-7af9acf17096'), (b'RateLimit', b'"resolvers";r=4995;t=41'), (b'RateLimit-Policy', b'"fixed window";"resolvers";q=5000;w=300'), (b'cross-origin-opener-policy', b'same-origin'), (b'Referrer-Policy', b'strict-origin-when-cross-origin'), (b'Access-Control-Max-Age', b'86400'), (b'Access-Control-Allow-Origin', b'https://huggingface.co'), (b'Vary', b'Origin, Accept'), (b'Access-Control-Expose-Headers', b'X-Repo-Commit,X-Request-Id,X-Error-Code,X-Error-Message,X-Total-Count,ETag,Link,Accept-Ranges,Content-Range,X-Linked-Size,X-Linked-ETag,X-Xet-Hash'), (b'X-Repo-Commit', b'e8f8c211226b894fcb81acc59f3b34ba3efd5f42'), (b'Accept-Ranges', b'bytes'), (b'X-Hub-Cache', b'HIT'), (b'Content-Disposition', b'inline; filename*=UTF-8\'\'config_sentence_transformers.json; filename="config_sentence_transformers.json";'), (b'Content-Security-Policy', b"default-src 'none'; sandbox"), (b'X-Linked-ETag', b'"b974b349cb2d419ada11181750a733ff82f291ad"'), (b'X-Cache', b'Miss from cloudfront'), (b'Via', b'1.1 823a9a919078d4b0125429d17ecbf27a.cloudfront.net (CloudFront)'), (b'X-Amz-Cf-Pop', b'HEL51-P2'), (b'X-Amz-Cf-Id', b'aDnMGxzfb2LeWTl4TIxEBc2z-uRQY6AMn2QDETJWfPK7GzcGHGdxeg==')])
2026-05-25 22:15:14,223 | INFO     | httpx                | HTTP Request: HEAD https://huggingface.co/sentence-transformers/paraphrase-multilingual-MiniLM-L12-v2/resolve/main/config_sentence_transformers.json "HTTP/1.1 307 Temporary Redirect"
2026-05-25 22:15:14,224 | DEBUG    | httpcore.http11      | receive_response_body.started request=<Request [b'HEAD']>
2026-05-25 22:15:14,225 | DEBUG    | httpcore.http11      | receive_response_body.complete
2026-05-25 22:15:14,225 | DEBUG    | httpcore.http11      | response_closed.started
2026-05-25 22:15:14,225 | DEBUG    | httpcore.http11      | response_closed.complete
2026-05-25 22:15:14,226 | DEBUG    | httpcore.http11      | send_request_headers.started request=<Request [b'HEAD']>
2026-05-25 22:15:14,227 | DEBUG    | httpcore.http11      | send_request_headers.complete
2026-05-25 22:15:14,227 | DEBUG    | httpcore.http11      | send_request_body.started request=<Request [b'HEAD']>
2026-05-25 22:15:14,227 | DEBUG    | httpcore.http11      | send_request_body.complete
2026-05-25 22:15:14,227 | DEBUG    | httpcore.http11      | receive_response_headers.started request=<Request [b'HEAD']>
2026-05-25 22:15:14,255 | DEBUG    | httpcore.http11      | receive_response_headers.complete return_value=(b'HTTP/1.1', 200, b'OK', [(b'Content-Type', b'text/plain; charset=utf-8'), (b'Content-Length', b'122'), (b'Connection', b'keep-alive'), (b'Date', b'Sat, 23 May 2026 16:52:53 GMT'), (b'ETag', b'"b974b349cb2d419ada11181750a733ff82f291ad"'), (b'X-Powered-By', b'huggingface-moon'), (b'X-Request-Id', b'Root=1-6a11db65-79a2106567c39bc842553923;49233703-5220-402a-b592-23ef7e30c670'), (b'RateLimit', b'"resolvers";r=4995;t=182'), (b'RateLimit-Policy', b'"fixed window";"resolvers";q=5000;w=300'), (b'cross-origin-opener-policy', b'same-origin'), (b'Referrer-Policy', b'strict-origin-when-cross-origin'), (b'Access-Control-Max-Age', b'86400'), (b'Access-Control-Allow-Origin', b'https://huggingface.co'), (b'Access-Control-Expose-Headers', b'X-Repo-Commit,X-Request-Id,X-Error-Code,X-Error-Message,X-Total-Count,ETag,Link,Accept-Ranges,Content-Range,X-Linked-Size,X-Linked-ETag,X-Xet-Hash'), (b'X-Repo-Commit', b'e8f8c211226b894fcb81acc59f3b34ba3efd5f42'), (b'Accept-Ranges', b'bytes'), (b'X-Hub-Cache', b'MISS'), (b'Content-Disposition', b'inline; filename*=UTF-8\'\'config_sentence_transformers.json; filename="config_sentence_transformers.json";'), (b'Content-Security-Policy', b"default-src 'none'; sandbox"), (b'Vary', b'Origin'), (b'X-Cache', b'Hit from cloudfront'), (b'Via', b'1.1 823a9a919078d4b0125429d17ecbf27a.cloudfront.net (CloudFront)'), (b'X-Amz-Cf-Pop', b'HEL51-P2'), (b'X-Amz-Cf-Id', b'BEGMiyzvhRuM6PoVaM7XAr6B9ARatL51AY_Dy8IMcqcZzjvMMgyi2A=='), (b'Age', b'181341')])
2026-05-25 22:15:14,255 | INFO     | httpx                | HTTP Request: HEAD https://huggingface.co/api/resolve-cache/models/sentence-transformers/paraphrase-multilingual-MiniLM-L12-v2/e8f8c211226b894fcb81acc59f3b34ba3efd5f42/config_sentence_transformers.json "HTTP/1.1 200 OK"
2026-05-25 22:15:14,256 | DEBUG    | httpcore.http11      | receive_response_body.started request=<Request [b'HEAD']>
2026-05-25 22:15:14,256 | DEBUG    | httpcore.http11      | receive_response_body.complete
2026-05-25 22:15:14,256 | DEBUG    | httpcore.http11      | response_closed.started
2026-05-25 22:15:14,256 | DEBUG    | httpcore.http11      | response_closed.complete
2026-05-25 22:15:14,260 | INFO     | sentence_transformers.base.model | Loading SentenceTransformer model from sentence-transformers/paraphrase-multilingual-MiniLM-L12-v2.
2026-05-25 22:15:14,262 | DEBUG    | httpcore.http11      | send_request_headers.started request=<Request [b'HEAD']>
2026-05-25 22:15:14,262 | DEBUG    | httpcore.http11      | send_request_headers.complete
2026-05-25 22:15:14,262 | DEBUG    | httpcore.http11      | send_request_body.started request=<Request [b'HEAD']>
2026-05-25 22:15:14,262 | DEBUG    | httpcore.http11      | send_request_body.complete
2026-05-25 22:15:14,262 | DEBUG    | httpcore.http11      | receive_response_headers.started request=<Request [b'HEAD']>
2026-05-25 22:15:14,433 | DEBUG    | httpcore.http11      | receive_response_headers.complete return_value=(b'HTTP/1.1', 307, b'Temporary Redirect', [(b'Content-Type', b'text/plain; charset=utf-8'), (b'Content-Length', b'366'), (b'Connection', b'keep-alive'), (b'Date', b'Mon, 25 May 2026 19:15:14 GMT'), (b'Location', b'/api/resolve-cache/models/sentence-transformers/paraphrase-multilingual-MiniLM-L12-v2/e8f8c211226b894fcb81acc59f3b34ba3efd5f42/config_sentence_transformers.json?%2Fsentence-transformers%2Fparaphrase-multilingual-MiniLM-L12-v2%2Fresolve%2Fmain%2Fconfig_sentence_transformers.json=&etag=%22b974b349cb2d419ada11181750a733ff82f291ad%22'), (b'X-Powered-By', b'huggingface-moon'), (b'X-Request-Id', b'Root=1-6a149fc2-318358126b3d8dfb31907663;ecc93dfc-1be9-4104-9a4f-4d4bb288855d'), (b'RateLimit', b'"resolvers";r=4994;t=41'), (b'RateLimit-Policy', b'"fixed window";"resolvers";q=5000;w=300'), (b'cross-origin-opener-policy', b'same-origin'), (b'Referrer-Policy', b'strict-origin-when-cross-origin'), (b'Access-Control-Max-Age', b'86400'), (b'Access-Control-Allow-Origin', b'https://huggingface.co'), (b'Vary', b'Origin, Accept'), (b'Access-Control-Expose-Headers', b'X-Repo-Commit,X-Request-Id,X-Error-Code,X-Error-Message,X-Total-Count,ETag,Link,Accept-Ranges,Content-Range,X-Linked-Size,X-Linked-ETag,X-Xet-Hash'), (b'X-Repo-Commit', b'e8f8c211226b894fcb81acc59f3b34ba3efd5f42'), (b'Accept-Ranges', b'bytes'), (b'X-Hub-Cache', b'HIT'), (b'Content-Disposition', b'inline; filename*=UTF-8\'\'config_sentence_transformers.json; filename="config_sentence_transformers.json";'), (b'Content-Security-Policy', b"default-src 'none'; sandbox"), (b'X-Linked-ETag', b'"b974b349cb2d419ada11181750a733ff82f291ad"'), (b'X-Cache', b'Miss from cloudfront'), (b'Via', b'1.1 823a9a919078d4b0125429d17ecbf27a.cloudfront.net (CloudFront)'), (b'X-Amz-Cf-Pop', b'HEL51-P2'), (b'X-Amz-Cf-Id', b'R7XgdZTMLLwCN2xgkeXQoOAQacJUoNJSHZHbrgYUN9TjLPM5VSne3g==')])
2026-05-25 22:15:14,434 | INFO     | httpx                | HTTP Request: HEAD https://huggingface.co/sentence-transformers/paraphrase-multilingual-MiniLM-L12-v2/resolve/main/config_sentence_transformers.json "HTTP/1.1 307 Temporary Redirect"
2026-05-25 22:15:14,435 | DEBUG    | httpcore.http11      | receive_response_body.started request=<Request [b'HEAD']>
2026-05-25 22:15:14,435 | DEBUG    | httpcore.http11      | receive_response_body.complete
2026-05-25 22:15:14,435 | DEBUG    | httpcore.http11      | response_closed.started
2026-05-25 22:15:14,435 | DEBUG    | httpcore.http11      | response_closed.complete
2026-05-25 22:15:14,436 | DEBUG    | httpcore.http11      | send_request_headers.started request=<Request [b'HEAD']>
2026-05-25 22:15:14,436 | DEBUG    | httpcore.http11      | send_request_headers.complete
2026-05-25 22:15:14,436 | DEBUG    | httpcore.http11      | send_request_body.started request=<Request [b'HEAD']>
2026-05-25 22:15:14,436 | DEBUG    | httpcore.http11      | send_request_body.complete
2026-05-25 22:15:14,436 | DEBUG    | httpcore.http11      | receive_response_headers.started request=<Request [b'HEAD']>
2026-05-25 22:15:14,460 | DEBUG    | httpcore.http11      | receive_response_headers.complete return_value=(b'HTTP/1.1', 200, b'OK', [(b'Content-Type', b'text/plain; charset=utf-8'), (b'Content-Length', b'122'), (b'Connection', b'keep-alive'), (b'Date', b'Sat, 23 May 2026 16:52:53 GMT'), (b'ETag', b'"b974b349cb2d419ada11181750a733ff82f291ad"'), (b'X-Powered-By', b'huggingface-moon'), (b'X-Request-Id', b'Root=1-6a11db65-79a2106567c39bc842553923;49233703-5220-402a-b592-23ef7e30c670'), (b'RateLimit', b'"resolvers";r=4995;t=182'), (b'RateLimit-Policy', b'"fixed window";"resolvers";q=5000;w=300'), (b'cross-origin-opener-policy', b'same-origin'), (b'Referrer-Policy', b'strict-origin-when-cross-origin'), (b'Access-Control-Max-Age', b'86400'), (b'Access-Control-Allow-Origin', b'https://huggingface.co'), (b'Access-Control-Expose-Headers', b'X-Repo-Commit,X-Request-Id,X-Error-Code,X-Error-Message,X-Total-Count,ETag,Link,Accept-Ranges,Content-Range,X-Linked-Size,X-Linked-ETag,X-Xet-Hash'), (b'X-Repo-Commit', b'e8f8c211226b894fcb81acc59f3b34ba3efd5f42'), (b'Accept-Ranges', b'bytes'), (b'X-Hub-Cache', b'MISS'), (b'Content-Disposition', b'inline; filename*=UTF-8\'\'config_sentence_transformers.json; filename="config_sentence_transformers.json";'), (b'Content-Security-Policy', b"default-src 'none'; sandbox"), (b'Vary', b'Origin'), (b'X-Cache', b'Hit from cloudfront'), (b'Via', b'1.1 823a9a919078d4b0125429d17ecbf27a.cloudfront.net (CloudFront)'), (b'X-Amz-Cf-Pop', b'HEL51-P2'), (b'X-Amz-Cf-Id', b'4vyAbFM-lgaW1NVIm8_gDmUyfKkVQsp_tTh3L9KK_Kv7PB96Yk5V6Q=='), (b'Age', b'181341')])
2026-05-25 22:15:14,461 | INFO     | httpx                | HTTP Request: HEAD https://huggingface.co/api/resolve-cache/models/sentence-transformers/paraphrase-multilingual-MiniLM-L12-v2/e8f8c211226b894fcb81acc59f3b34ba3efd5f42/config_sentence_transformers.json "HTTP/1.1 200 OK"
2026-05-25 22:15:14,462 | DEBUG    | httpcore.http11      | receive_response_body.started request=<Request [b'HEAD']>
2026-05-25 22:15:14,462 | DEBUG    | httpcore.http11      | receive_response_body.complete
2026-05-25 22:15:14,462 | DEBUG    | httpcore.http11      | response_closed.started
2026-05-25 22:15:14,462 | DEBUG    | httpcore.http11      | response_closed.complete
2026-05-25 22:15:14,468 | DEBUG    | httpcore.http11      | send_request_headers.started request=<Request [b'HEAD']>
2026-05-25 22:15:14,469 | DEBUG    | httpcore.http11      | send_request_headers.complete
2026-05-25 22:15:14,469 | DEBUG    | httpcore.http11      | send_request_body.started request=<Request [b'HEAD']>
2026-05-25 22:15:14,469 | DEBUG    | httpcore.http11      | send_request_body.complete
2026-05-25 22:15:14,470 | DEBUG    | httpcore.http11      | receive_response_headers.started request=<Request [b'HEAD']>
2026-05-25 22:15:14,620 | DEBUG    | httpcore.http11      | receive_response_headers.complete return_value=(b'HTTP/1.1', 307, b'Temporary Redirect', [(b'Content-Type', b'text/plain; charset=utf-8'), (b'Content-Length', b'318'), (b'Connection', b'keep-alive'), (b'Date', b'Mon, 25 May 2026 19:15:14 GMT'), (b'Location', b'/api/resolve-cache/models/sentence-transformers/paraphrase-multilingual-MiniLM-L12-v2/e8f8c211226b894fcb81acc59f3b34ba3efd5f42/README.md?%2Fsentence-transformers%2Fparaphrase-multilingual-MiniLM-L12-v2%2Fresolve%2Fmain%2FREADME.md=&etag=%226bedb7f3622d56b7020f33ab93f6996d33242043%22'), (b'X-Powered-By', b'huggingface-moon'), (b'X-Request-Id', b'Root=1-6a149fc2-6d7e6ad64b697ea834fa5b7b;60c3830f-9129-4ecb-b7f6-caae99555930'), (b'RateLimit', b'"resolvers";r=4993;t=41'), (b'RateLimit-Policy', b'"fixed window";"resolvers";q=5000;w=300'), (b'cross-origin-opener-policy', b'same-origin'), (b'Referrer-Policy', b'strict-origin-when-cross-origin'), (b'Access-Control-Max-Age', b'86400'), (b'Access-Control-Allow-Origin', b'https://huggingface.co'), (b'Vary', b'Origin, Accept'), (b'Access-Control-Expose-Headers', b'X-Repo-Commit,X-Request-Id,X-Error-Code,X-Error-Message,X-Total-Count,ETag,Link,Accept-Ranges,Content-Range,X-Linked-Size,X-Linked-ETag,X-Xet-Hash'), (b'X-Repo-Commit', b'e8f8c211226b894fcb81acc59f3b34ba3efd5f42'), (b'Accept-Ranges', b'bytes'), (b'X-Hub-Cache', b'HIT'), (b'Content-Disposition', b'inline; filename*=UTF-8\'\'README.md; filename="README.md";'), (b'Content-Security-Policy', b"default-src 'none'; sandbox"), (b'X-Linked-ETag', b'"6bedb7f3622d56b7020f33ab93f6996d33242043"'), (b'X-Cache', b'Miss from cloudfront'), (b'Via', b'1.1 823a9a919078d4b0125429d17ecbf27a.cloudfront.net (CloudFront)'), (b'X-Amz-Cf-Pop', b'HEL51-P2'), (b'X-Amz-Cf-Id', b'ShMA411fgIPrWfOXr34QIpUk3Uk1gciWtkHl6apAeAk0s0Lmy1lsnA==')])
2026-05-25 22:15:14,623 | INFO     | httpx                | HTTP Request: HEAD https://huggingface.co/sentence-transformers/paraphrase-multilingual-MiniLM-L12-v2/resolve/main/README.md "HTTP/1.1 307 Temporary Redirect"
2026-05-25 22:15:14,624 | DEBUG    | httpcore.http11      | receive_response_body.started request=<Request [b'HEAD']>
2026-05-25 22:15:14,625 | DEBUG    | httpcore.http11      | receive_response_body.complete
2026-05-25 22:15:14,625 | DEBUG    | httpcore.http11      | response_closed.started
2026-05-25 22:15:14,625 | DEBUG    | httpcore.http11      | response_closed.complete
2026-05-25 22:15:14,626 | DEBUG    | httpcore.http11      | send_request_headers.started request=<Request [b'HEAD']>
2026-05-25 22:15:14,627 | DEBUG    | httpcore.http11      | send_request_headers.complete
2026-05-25 22:15:14,627 | DEBUG    | httpcore.http11      | send_request_body.started request=<Request [b'HEAD']>
2026-05-25 22:15:14,627 | DEBUG    | httpcore.http11      | send_request_body.complete
2026-05-25 22:15:14,628 | DEBUG    | httpcore.http11      | receive_response_headers.started request=<Request [b'HEAD']>
2026-05-25 22:15:14,651 | DEBUG    | httpcore.http11      | receive_response_headers.complete return_value=(b'HTTP/1.1', 200, b'OK', [(b'Content-Type', b'text/plain; charset=utf-8'), (b'Content-Length', b'3888'), (b'Connection', b'keep-alive'), (b'Date', b'Sat, 23 May 2026 16:52:53 GMT'), (b'ETag', b'"6bedb7f3622d56b7020f33ab93f6996d33242043"'), (b'X-Powered-By', b'huggingface-moon'), (b'X-Request-Id', b'Root=1-6a11db65-4cfbf9561b7961124d4e39b4;be8d98f2-79ce-44e0-a4df-99f4e638250c'), (b'RateLimit', b'"resolvers";r=4991;t=182'), (b'RateLimit-Policy', b'"fixed window";"resolvers";q=5000;w=300'), (b'cross-origin-opener-policy', b'same-origin'), (b'Referrer-Policy', b'strict-origin-when-cross-origin'), (b'Access-Control-Max-Age', b'86400'), (b'Access-Control-Allow-Origin', b'https://huggingface.co'), (b'Access-Control-Expose-Headers', b'X-Repo-Commit,X-Request-Id,X-Error-Code,X-Error-Message,X-Total-Count,ETag,Link,Accept-Ranges,Content-Range,X-Linked-Size,X-Linked-ETag,X-Xet-Hash'), (b'X-Repo-Commit', b'e8f8c211226b894fcb81acc59f3b34ba3efd5f42'), (b'Accept-Ranges', b'bytes'), (b'X-Hub-Cache', b'HIT'), (b'Content-Disposition', b'inline; filename*=UTF-8\'\'README.md; filename="README.md";'), (b'Content-Security-Policy', b"default-src 'none'; sandbox"), (b'Vary', b'Origin'), (b'X-Cache', b'Hit from cloudfront'), (b'Via', b'1.1 823a9a919078d4b0125429d17ecbf27a.cloudfront.net (CloudFront)'), (b'X-Amz-Cf-Pop', b'HEL51-P2'), (b'X-Amz-Cf-Id', b'-MmiZJ8Pyx6yavjBgVQkjCkbzY3xWYrzAG5qxUmIkdv5ZqsLjyRJxg=='), (b'Age', b'181341')])
2026-05-25 22:15:14,651 | INFO     | httpx                | HTTP Request: HEAD https://huggingface.co/api/resolve-cache/models/sentence-transformers/paraphrase-multilingual-MiniLM-L12-v2/e8f8c211226b894fcb81acc59f3b34ba3efd5f42/README.md "HTTP/1.1 200 OK"
2026-05-25 22:15:14,652 | DEBUG    | httpcore.http11      | receive_response_body.started request=<Request [b'HEAD']>
2026-05-25 22:15:14,652 | DEBUG    | httpcore.http11      | receive_response_body.complete
2026-05-25 22:15:14,652 | DEBUG    | httpcore.http11      | response_closed.started
2026-05-25 22:15:14,652 | DEBUG    | httpcore.http11      | response_closed.complete
2026-05-25 22:15:14,662 | DEBUG    | httpcore.http11      | send_request_headers.started request=<Request [b'HEAD']>
2026-05-25 22:15:14,662 | DEBUG    | httpcore.http11      | send_request_headers.complete
2026-05-25 22:15:14,663 | DEBUG    | httpcore.http11      | send_request_body.started request=<Request [b'HEAD']>
2026-05-25 22:15:14,665 | DEBUG    | httpcore.http11      | send_request_body.complete
2026-05-25 22:15:14,665 | DEBUG    | httpcore.http11      | receive_response_headers.started request=<Request [b'HEAD']>
2026-05-25 22:15:14,812 | DEBUG    | httpcore.http11      | receive_response_headers.complete return_value=(b'HTTP/1.1', 307, b'Temporary Redirect', [(b'Content-Type', b'text/plain; charset=utf-8'), (b'Content-Length', b'324'), (b'Connection', b'keep-alive'), (b'Date', b'Mon, 25 May 2026 19:15:14 GMT'), (b'Location', b'/api/resolve-cache/models/sentence-transformers/paraphrase-multilingual-MiniLM-L12-v2/e8f8c211226b894fcb81acc59f3b34ba3efd5f42/modules.json?%2Fsentence-transformers%2Fparaphrase-multilingual-MiniLM-L12-v2%2Fresolve%2Fmain%2Fmodules.json=&etag=%22f7640f94e81bb7f4f04daf1668850b38763a13d9%22'), (b'X-Powered-By', b'huggingface-moon'), (b'X-Request-Id', b'Root=1-6a149fc2-377b683d3e2233ea44078bd0;69db0690-d3a1-423c-a25b-be7ec51cc679'), (b'RateLimit', b'"resolvers";r=4992;t=41'), (b'RateLimit-Policy', b'"fixed window";"resolvers";q=5000;w=300'), (b'cross-origin-opener-policy', b'same-origin'), (b'Referrer-Policy', b'strict-origin-when-cross-origin'), (b'Access-Control-Max-Age', b'86400'), (b'Access-Control-Allow-Origin', b'https://huggingface.co'), (b'Vary', b'Origin, Accept'), (b'Access-Control-Expose-Headers', b'X-Repo-Commit,X-Request-Id,X-Error-Code,X-Error-Message,X-Total-Count,ETag,Link,Accept-Ranges,Content-Range,X-Linked-Size,X-Linked-ETag,X-Xet-Hash'), (b'X-Repo-Commit', b'e8f8c211226b894fcb81acc59f3b34ba3efd5f42'), (b'Accept-Ranges', b'bytes'), (b'X-Hub-Cache', b'HIT'), (b'Content-Disposition', b'inline; filename*=UTF-8\'\'modules.json; filename="modules.json";'), (b'Content-Security-Policy', b"default-src 'none'; sandbox"), (b'X-Linked-ETag', b'"f7640f94e81bb7f4f04daf1668850b38763a13d9"'), (b'X-Cache', b'Miss from cloudfront'), (b'Via', b'1.1 823a9a919078d4b0125429d17ecbf27a.cloudfront.net (CloudFront)'), (b'X-Amz-Cf-Pop', b'HEL51-P2'), (b'X-Amz-Cf-Id', b'Jwl3ermd4_oHZKbOz3kG6I5epM2l0SE7lVw2ulFfoHjCO8kYLHhZYA==')])
2026-05-25 22:15:14,813 | INFO     | httpx                | HTTP Request: HEAD https://huggingface.co/sentence-transformers/paraphrase-multilingual-MiniLM-L12-v2/resolve/main/modules.json "HTTP/1.1 307 Temporary Redirect"
2026-05-25 22:15:14,814 | DEBUG    | httpcore.http11      | receive_response_body.started request=<Request [b'HEAD']>
2026-05-25 22:15:14,814 | DEBUG    | httpcore.http11      | receive_response_body.complete
2026-05-25 22:15:14,815 | DEBUG    | httpcore.http11      | response_closed.started
2026-05-25 22:15:14,815 | DEBUG    | httpcore.http11      | response_closed.complete
2026-05-25 22:15:14,817 | DEBUG    | httpcore.http11      | send_request_headers.started request=<Request [b'HEAD']>
2026-05-25 22:15:14,818 | DEBUG    | httpcore.http11      | send_request_headers.complete
2026-05-25 22:15:14,819 | DEBUG    | httpcore.http11      | send_request_body.started request=<Request [b'HEAD']>
2026-05-25 22:15:14,819 | DEBUG    | httpcore.http11      | send_request_body.complete
2026-05-25 22:15:14,820 | DEBUG    | httpcore.http11      | receive_response_headers.started request=<Request [b'HEAD']>
2026-05-25 22:15:14,842 | DEBUG    | httpcore.http11      | receive_response_headers.complete return_value=(b'HTTP/1.1', 200, b'OK', [(b'Content-Type', b'text/plain; charset=utf-8'), (b'Content-Length', b'229'), (b'Connection', b'keep-alive'), (b'Date', b'Sat, 23 May 2026 16:52:52 GMT'), (b'ETag', b'"f7640f94e81bb7f4f04daf1668850b38763a13d9"'), (b'X-Powered-By', b'huggingface-moon'), (b'X-Request-Id', b'Root=1-6a11db64-353ecde50d764e0126445d81;a473582b-af0f-4ac3-9ef1-267fcb60c843'), (b'RateLimit', b'"resolvers";r=4998;t=183'), (b'RateLimit-Policy', b'"fixed window";"resolvers";q=5000;w=300'), (b'cross-origin-opener-policy', b'same-origin'), (b'Referrer-Policy', b'strict-origin-when-cross-origin'), (b'Access-Control-Max-Age', b'86400'), (b'Access-Control-Allow-Origin', b'https://huggingface.co'), (b'Access-Control-Expose-Headers', b'X-Repo-Commit,X-Request-Id,X-Error-Code,X-Error-Message,X-Total-Count,ETag,Link,Accept-Ranges,Content-Range,X-Linked-Size,X-Linked-ETag,X-Xet-Hash'), (b'X-Repo-Commit', b'e8f8c211226b894fcb81acc59f3b34ba3efd5f42'), (b'Accept-Ranges', b'bytes'), (b'X-Hub-Cache', b'MISS'), (b'Content-Disposition', b'inline; filename*=UTF-8\'\'modules.json; filename="modules.json";'), (b'Content-Security-Policy', b"default-src 'none'; sandbox"), (b'Vary', b'Origin'), (b'X-Cache', b'Hit from cloudfront'), (b'Via', b'1.1 823a9a919078d4b0125429d17ecbf27a.cloudfront.net (CloudFront)'), (b'X-Amz-Cf-Pop', b'HEL51-P2'), (b'X-Amz-Cf-Id', b'tglSdaxNIAGB2B4mABL6Rz2lHF-IiVNEmFfclF0vN1wGwIaKcXpa0w=='), (b'Age', b'181342')])
2026-05-25 22:15:14,843 | INFO     | httpx                | HTTP Request: HEAD https://huggingface.co/api/resolve-cache/models/sentence-transformers/paraphrase-multilingual-MiniLM-L12-v2/e8f8c211226b894fcb81acc59f3b34ba3efd5f42/modules.json "HTTP/1.1 200 OK"
2026-05-25 22:15:14,843 | DEBUG    | httpcore.http11      | receive_response_body.started request=<Request [b'HEAD']>
2026-05-25 22:15:14,843 | DEBUG    | httpcore.http11      | receive_response_body.complete
2026-05-25 22:15:14,843 | DEBUG    | httpcore.http11      | response_closed.started
2026-05-25 22:15:14,843 | DEBUG    | httpcore.http11      | response_closed.complete
2026-05-25 22:15:14,852 | DEBUG    | httpcore.http11      | send_request_headers.started request=<Request [b'HEAD']>
2026-05-25 22:15:14,852 | DEBUG    | httpcore.http11      | send_request_headers.complete
2026-05-25 22:15:14,853 | DEBUG    | httpcore.http11      | send_request_body.started request=<Request [b'HEAD']>
2026-05-25 22:15:14,853 | DEBUG    | httpcore.http11      | send_request_body.complete
2026-05-25 22:15:14,853 | DEBUG    | httpcore.http11      | receive_response_headers.started request=<Request [b'HEAD']>
2026-05-25 22:15:15,004 | DEBUG    | httpcore.http11      | receive_response_headers.complete return_value=(b'HTTP/1.1', 307, b'Temporary Redirect', [(b'Content-Type', b'text/plain; charset=utf-8'), (b'Content-Length', b'350'), (b'Connection', b'keep-alive'), (b'Date', b'Mon, 25 May 2026 19:15:14 GMT'), (b'Location', b'/api/resolve-cache/models/sentence-transformers/paraphrase-multilingual-MiniLM-L12-v2/e8f8c211226b894fcb81acc59f3b34ba3efd5f42/sentence_bert_config.json?%2Fsentence-transformers%2Fparaphrase-multilingual-MiniLM-L12-v2%2Fresolve%2Fmain%2Fsentence_bert_config.json=&etag=%225fd10429389515d3e5cccdeda08cae5fea1ae82e%22'), (b'X-Powered-By', b'huggingface-moon'), (b'X-Request-Id', b'Root=1-6a149fc2-2b465b040dc7c1e33e4492a1;381b2084-c1e7-4486-bb9c-2f46ad70c31a'), (b'RateLimit', b'"resolvers";r=4991;t=41'), (b'RateLimit-Policy', b'"fixed window";"resolvers";q=5000;w=300'), (b'cross-origin-opener-policy', b'same-origin'), (b'Referrer-Policy', b'strict-origin-when-cross-origin'), (b'Access-Control-Max-Age', b'86400'), (b'Access-Control-Allow-Origin', b'https://huggingface.co'), (b'Vary', b'Origin, Accept'), (b'Access-Control-Expose-Headers', b'X-Repo-Commit,X-Request-Id,X-Error-Code,X-Error-Message,X-Total-Count,ETag,Link,Accept-Ranges,Content-Range,X-Linked-Size,X-Linked-ETag,X-Xet-Hash'), (b'X-Repo-Commit', b'e8f8c211226b894fcb81acc59f3b34ba3efd5f42'), (b'Accept-Ranges', b'bytes'), (b'X-Hub-Cache', b'HIT'), (b'Content-Disposition', b'inline; filename*=UTF-8\'\'sentence_bert_config.json; filename="sentence_bert_config.json";'), (b'Content-Security-Policy', b"default-src 'none'; sandbox"), (b'X-Linked-ETag', b'"5fd10429389515d3e5cccdeda08cae5fea1ae82e"'), (b'X-Cache', b'Miss from cloudfront'), (b'Via', b'1.1 823a9a919078d4b0125429d17ecbf27a.cloudfront.net (CloudFront)'), (b'X-Amz-Cf-Pop', b'HEL51-P2'), (b'X-Amz-Cf-Id', b'FMKBRFHBsMOdXZlG2M_PTrY3xhJqfdVxS15mK9di2N6AchJwzepRkA==')])
2026-05-25 22:15:15,004 | INFO     | httpx                | HTTP Request: HEAD https://huggingface.co/sentence-transformers/paraphrase-multilingual-MiniLM-L12-v2/resolve/main/sentence_bert_config.json "HTTP/1.1 307 Temporary Redirect"
2026-05-25 22:15:15,005 | DEBUG    | httpcore.http11      | receive_response_body.started request=<Request [b'HEAD']>
2026-05-25 22:15:15,005 | DEBUG    | httpcore.http11      | receive_response_body.complete
2026-05-25 22:15:15,006 | DEBUG    | httpcore.http11      | response_closed.started
2026-05-25 22:15:15,006 | DEBUG    | httpcore.http11      | response_closed.complete
2026-05-25 22:15:15,006 | DEBUG    | httpcore.http11      | send_request_headers.started request=<Request [b'HEAD']>
2026-05-25 22:15:15,007 | DEBUG    | httpcore.http11      | send_request_headers.complete
2026-05-25 22:15:15,007 | DEBUG    | httpcore.http11      | send_request_body.started request=<Request [b'HEAD']>
2026-05-25 22:15:15,007 | DEBUG    | httpcore.http11      | send_request_body.complete
2026-05-25 22:15:15,007 | DEBUG    | httpcore.http11      | receive_response_headers.started request=<Request [b'HEAD']>
2026-05-25 22:15:15,033 | DEBUG    | httpcore.http11      | receive_response_headers.complete return_value=(b'HTTP/1.1', 200, b'OK', [(b'Content-Type', b'text/plain; charset=utf-8'), (b'Content-Length', b'53'), (b'Connection', b'keep-alive'), (b'Date', b'Sat, 23 May 2026 16:52:54 GMT'), (b'ETag', b'"5fd10429389515d3e5cccdeda08cae5fea1ae82e"'), (b'X-Powered-By', b'huggingface-moon'), (b'X-Request-Id', b'Root=1-6a11db66-63b5b0922ea7996a0f310dbf;a57418a0-b144-4cf6-a664-968ad2d7a2d6'), (b'RateLimit', b'"resolvers";r=4987;t=181'), (b'RateLimit-Policy', b'"fixed window";"resolvers";q=5000;w=300'), (b'cross-origin-opener-policy', b'same-origin'), (b'Referrer-Policy', b'strict-origin-when-cross-origin'), (b'Access-Control-Max-Age', b'86400'), (b'Access-Control-Allow-Origin', b'https://huggingface.co'), (b'Access-Control-Expose-Headers', b'X-Repo-Commit,X-Request-Id,X-Error-Code,X-Error-Message,X-Total-Count,ETag,Link,Accept-Ranges,Content-Range,X-Linked-Size,X-Linked-ETag,X-Xet-Hash'), (b'X-Repo-Commit', b'e8f8c211226b894fcb81acc59f3b34ba3efd5f42'), (b'Accept-Ranges', b'bytes'), (b'X-Hub-Cache', b'MISS'), (b'Content-Disposition', b'inline; filename*=UTF-8\'\'sentence_bert_config.json; filename="sentence_bert_config.json";'), (b'Content-Security-Policy', b"default-src 'none'; sandbox"), (b'Vary', b'Origin'), (b'X-Cache', b'Hit from cloudfront'), (b'Via', b'1.1 823a9a919078d4b0125429d17ecbf27a.cloudfront.net (CloudFront)'), (b'X-Amz-Cf-Pop', b'HEL51-P2'), (b'X-Amz-Cf-Id', b'J5ylmFh0WqDoVQALTJFb-D3st1hdfkKQCZVxVVmdyNJk5CeUG-C7Og=='), (b'Age', b'181341')])
2026-05-25 22:15:15,033 | INFO     | httpx                | HTTP Request: HEAD https://huggingface.co/api/resolve-cache/models/sentence-transformers/paraphrase-multilingual-MiniLM-L12-v2/e8f8c211226b894fcb81acc59f3b34ba3efd5f42/sentence_bert_config.json "HTTP/1.1 200 OK"
2026-05-25 22:15:15,033 | DEBUG    | httpcore.http11      | receive_response_body.started request=<Request [b'HEAD']>
2026-05-25 22:15:15,034 | DEBUG    | httpcore.http11      | receive_response_body.complete
2026-05-25 22:15:15,034 | DEBUG    | httpcore.http11      | response_closed.started
2026-05-25 22:15:15,034 | DEBUG    | httpcore.http11      | response_closed.complete
2026-05-25 22:15:15,038 | DEBUG    | httpcore.http11      | send_request_headers.started request=<Request [b'HEAD']>
2026-05-25 22:15:15,039 | DEBUG    | httpcore.http11      | send_request_headers.complete
2026-05-25 22:15:15,039 | DEBUG    | httpcore.http11      | send_request_body.started request=<Request [b'HEAD']>
2026-05-25 22:15:15,039 | DEBUG    | httpcore.http11      | send_request_body.complete
2026-05-25 22:15:15,039 | DEBUG    | httpcore.http11      | receive_response_headers.started request=<Request [b'HEAD']>
2026-05-25 22:15:15,194 | DEBUG    | httpcore.http11      | receive_response_headers.complete return_value=(b'HTTP/1.1', 404, b'Not Found', [(b'Content-Type', b'text/plain; charset=utf-8'), (b'Content-Length', b'15'), (b'Connection', b'keep-alive'), (b'Date', b'Mon, 25 May 2026 19:15:15 GMT'), (b'ETag', b'W/"f-mY2VvLxuxB7KhsoOdQTlMTccuAQ"'), (b'X-Powered-By', b'huggingface-moon'), (b'X-Request-Id', b'Root=1-6a149fc3-338c8e2f1033b0bd6b25ac7b;77bb7b47-8a57-4d3a-b00d-23defb9ec91e'), (b'RateLimit', b'"resolvers";r=4990;t=40'), (b'RateLimit-Policy', b'"fixed window";"resolvers";q=5000;w=300'), (b'cross-origin-opener-policy', b'same-origin'), (b'Referrer-Policy', b'strict-origin-when-cross-origin'), (b'Access-Control-Max-Age', b'86400'), (b'Access-Control-Allow-Origin', b'https://huggingface.co'), (b'Vary', b'Origin'), (b'Access-Control-Expose-Headers', b'X-Repo-Commit,X-Request-Id,X-Error-Code,X-Error-Message,X-Total-Count,ETag,Link,Accept-Ranges,Content-Range,X-Linked-Size,X-Linked-ETag,X-Xet-Hash'), (b'X-Repo-Commit', b'e8f8c211226b894fcb81acc59f3b34ba3efd5f42'), (b'Accept-Ranges', b'bytes'), (b'X-Hub-Cache', b'MISS'), (b'X-Error-Code', b'EntryNotFound'), (b'X-Error-Message', b'Entry not found'), (b'X-Cache', b'Error from cloudfront'), (b'Via', b'1.1 823a9a919078d4b0125429d17ecbf27a.cloudfront.net (CloudFront)'), (b'X-Amz-Cf-Pop', b'HEL51-P2'), (b'X-Amz-Cf-Id', b'btZK3PDQSEl9CnF6mLsDurDEzFVJdWHYv55GFVsaqKTXHqAM_MYFIA==')])
2026-05-25 22:15:15,195 | INFO     | httpx                | HTTP Request: HEAD https://huggingface.co/sentence-transformers/paraphrase-multilingual-MiniLM-L12-v2/resolve/main/adapter_config.json "HTTP/1.1 404 Not Found"
2026-05-25 22:15:15,196 | DEBUG    | httpcore.http11      | receive_response_body.started request=<Request [b'HEAD']>
2026-05-25 22:15:15,197 | DEBUG    | httpcore.http11      | receive_response_body.complete
2026-05-25 22:15:15,197 | DEBUG    | httpcore.http11      | response_closed.started
2026-05-25 22:15:15,197 | DEBUG    | httpcore.http11      | response_closed.complete
2026-05-25 22:15:15,203 | DEBUG    | httpcore.http11      | send_request_headers.started request=<Request [b'HEAD']>
2026-05-25 22:15:15,203 | DEBUG    | httpcore.http11      | send_request_headers.complete
2026-05-25 22:15:15,204 | DEBUG    | httpcore.http11      | send_request_body.started request=<Request [b'HEAD']>
2026-05-25 22:15:15,204 | DEBUG    | httpcore.http11      | send_request_body.complete
2026-05-25 22:15:15,204 | DEBUG    | httpcore.http11      | receive_response_headers.started request=<Request [b'HEAD']>
2026-05-25 22:15:15,352 | DEBUG    | httpcore.http11      | receive_response_headers.complete return_value=(b'HTTP/1.1', 307, b'Temporary Redirect', [(b'Content-Type', b'text/plain; charset=utf-8'), (b'Content-Length', b'322'), (b'Connection', b'keep-alive'), (b'Date', b'Mon, 25 May 2026 19:15:15 GMT'), (b'Location', b'/api/resolve-cache/models/sentence-transformers/paraphrase-multilingual-MiniLM-L12-v2/e8f8c211226b894fcb81acc59f3b34ba3efd5f42/config.json?%2Fsentence-transformers%2Fparaphrase-multilingual-MiniLM-L12-v2%2Fresolve%2Fmain%2Fconfig.json=&etag=%22c06d5b49495f044e6380e68a60538be17a6bd5d1%22'), (b'X-Powered-By', b'huggingface-moon'), (b'X-Request-Id', b'Root=1-6a149fc3-601227436e29b23a24cdc5a6;1d922ca8-4923-4d66-8ecc-3218ef3bd0b4'), (b'RateLimit', b'"resolvers";r=4989;t=40'), (b'RateLimit-Policy', b'"fixed window";"resolvers";q=5000;w=300'), (b'cross-origin-opener-policy', b'same-origin'), (b'Referrer-Policy', b'strict-origin-when-cross-origin'), (b'Access-Control-Max-Age', b'86400'), (b'Access-Control-Allow-Origin', b'https://huggingface.co'), (b'Vary', b'Origin, Accept'), (b'Access-Control-Expose-Headers', b'X-Repo-Commit,X-Request-Id,X-Error-Code,X-Error-Message,X-Total-Count,ETag,Link,Accept-Ranges,Content-Range,X-Linked-Size,X-Linked-ETag,X-Xet-Hash'), (b'X-Repo-Commit', b'e8f8c211226b894fcb81acc59f3b34ba3efd5f42'), (b'Accept-Ranges', b'bytes'), (b'X-Hub-Cache', b'HIT'), (b'Content-Disposition', b'inline; filename*=UTF-8\'\'config.json; filename="config.json";'), (b'Content-Security-Policy', b"default-src 'none'; sandbox"), (b'X-Linked-ETag', b'"c06d5b49495f044e6380e68a60538be17a6bd5d1"'), (b'X-Cache', b'Miss from cloudfront'), (b'Via', b'1.1 823a9a919078d4b0125429d17ecbf27a.cloudfront.net (CloudFront)'), (b'X-Amz-Cf-Pop', b'HEL51-P2'), (b'X-Amz-Cf-Id', b'1J6JXp4dzHK1xucW0G713vXiJ8215ovUODLxnsT24-HgpfNc9TPqYQ==')])
2026-05-25 22:15:15,353 | INFO     | httpx                | HTTP Request: HEAD https://huggingface.co/sentence-transformers/paraphrase-multilingual-MiniLM-L12-v2/resolve/main/config.json "HTTP/1.1 307 Temporary Redirect"
2026-05-25 22:15:15,353 | DEBUG    | httpcore.http11      | receive_response_body.started request=<Request [b'HEAD']>
2026-05-25 22:15:15,353 | DEBUG    | httpcore.http11      | receive_response_body.complete
2026-05-25 22:15:15,354 | DEBUG    | httpcore.http11      | response_closed.started
2026-05-25 22:15:15,354 | DEBUG    | httpcore.http11      | response_closed.complete
2026-05-25 22:15:15,354 | DEBUG    | httpcore.http11      | send_request_headers.started request=<Request [b'HEAD']>
2026-05-25 22:15:15,355 | DEBUG    | httpcore.http11      | send_request_headers.complete
2026-05-25 22:15:15,355 | DEBUG    | httpcore.http11      | send_request_body.started request=<Request [b'HEAD']>
2026-05-25 22:15:15,355 | DEBUG    | httpcore.http11      | send_request_body.complete
2026-05-25 22:15:15,355 | DEBUG    | httpcore.http11      | receive_response_headers.started request=<Request [b'HEAD']>
2026-05-25 22:15:15,378 | DEBUG    | httpcore.http11      | receive_response_headers.complete return_value=(b'HTTP/1.1', 200, b'OK', [(b'Content-Type', b'text/plain; charset=utf-8'), (b'Content-Length', b'645'), (b'Connection', b'keep-alive'), (b'Date', b'Sat, 23 May 2026 16:52:55 GMT'), (b'ETag', b'"c06d5b49495f044e6380e68a60538be17a6bd5d1"'), (b'X-Powered-By', b'huggingface-moon'), (b'X-Request-Id', b'Root=1-6a11db67-2ad77e595d0c35132f3135d5;4da4a2fd-bd36-4550-ac7d-380303f2f2bc'), (b'RateLimit', b'"resolvers";r=4983;t=180'), (b'RateLimit-Policy', b'"fixed window";"resolvers";q=5000;w=300'), (b'cross-origin-opener-policy', b'same-origin'), (b'Referrer-Policy', b'strict-origin-when-cross-origin'), (b'Access-Control-Max-Age', b'86400'), (b'Access-Control-Allow-Origin', b'https://huggingface.co'), (b'Access-Control-Expose-Headers', b'X-Repo-Commit,X-Request-Id,X-Error-Code,X-Error-Message,X-Total-Count,ETag,Link,Accept-Ranges,Content-Range,X-Linked-Size,X-Linked-ETag,X-Xet-Hash'), (b'X-Repo-Commit', b'e8f8c211226b894fcb81acc59f3b34ba3efd5f42'), (b'Accept-Ranges', b'bytes'), (b'X-Hub-Cache', b'MISS'), (b'Content-Disposition', b'inline; filename*=UTF-8\'\'config.json; filename="config.json";'), (b'Content-Security-Policy', b"default-src 'none'; sandbox"), (b'Vary', b'Origin'), (b'X-Cache', b'Hit from cloudfront'), (b'Via', b'1.1 823a9a919078d4b0125429d17ecbf27a.cloudfront.net (CloudFront)'), (b'X-Amz-Cf-Pop', b'HEL51-P2'), (b'X-Amz-Cf-Id', b'ozbe85NtMs-VHdYmkvxSwz6JaNt1d49TSmjy7IZlz5dXn3R2M2Jf1A=='), (b'Age', b'181340')])
2026-05-25 22:15:15,378 | INFO     | httpx                | HTTP Request: HEAD https://huggingface.co/api/resolve-cache/models/sentence-transformers/paraphrase-multilingual-MiniLM-L12-v2/e8f8c211226b894fcb81acc59f3b34ba3efd5f42/config.json "HTTP/1.1 200 OK"
2026-05-25 22:15:15,380 | DEBUG    | httpcore.http11      | receive_response_body.started request=<Request [b'HEAD']>
2026-05-25 22:15:15,380 | DEBUG    | httpcore.http11      | receive_response_body.complete
2026-05-25 22:15:15,380 | DEBUG    | httpcore.http11      | response_closed.started
2026-05-25 22:15:15,380 | DEBUG    | httpcore.http11      | response_closed.complete
2026-05-25 22:15:15,988 | DEBUG    | httpcore.http11      | send_request_headers.started request=<Request [b'HEAD']>
2026-05-25 22:15:15,988 | DEBUG    | httpcore.http11      | send_request_headers.complete
2026-05-25 22:15:15,989 | DEBUG    | httpcore.http11      | send_request_body.started request=<Request [b'HEAD']>
2026-05-25 22:15:15,989 | DEBUG    | httpcore.http11      | send_request_body.complete
2026-05-25 22:15:15,989 | DEBUG    | httpcore.http11      | receive_response_headers.started request=<Request [b'HEAD']>
2026-05-25 22:15:16,140 | DEBUG    | httpcore.http11      | receive_response_headers.complete return_value=(b'HTTP/1.1', 404, b'Not Found', [(b'Content-Type', b'text/plain; charset=utf-8'), (b'Content-Length', b'15'), (b'Connection', b'keep-alive'), (b'Date', b'Mon, 25 May 2026 19:15:16 GMT'), (b'ETag', b'W/"f-mY2VvLxuxB7KhsoOdQTlMTccuAQ"'), (b'X-Powered-By', b'huggingface-moon'), (b'X-Request-Id', b'Root=1-6a149fc4-64dfbb354b54911f594d1d1d;af82830a-b2b7-431d-953b-d296a8b436ce'), (b'RateLimit', b'"resolvers";r=4988;t=39'), (b'RateLimit-Policy', b'"fixed window";"resolvers";q=5000;w=300'), (b'cross-origin-opener-policy', b'same-origin'), (b'Referrer-Policy', b'strict-origin-when-cross-origin'), (b'Access-Control-Max-Age', b'86400'), (b'Access-Control-Allow-Origin', b'https://huggingface.co'), (b'Vary', b'Origin'), (b'Access-Control-Expose-Headers', b'X-Repo-Commit,X-Request-Id,X-Error-Code,X-Error-Message,X-Total-Count,ETag,Link,Accept-Ranges,Content-Range,X-Linked-Size,X-Linked-ETag,X-Xet-Hash'), (b'X-Repo-Commit', b'e8f8c211226b894fcb81acc59f3b34ba3efd5f42'), (b'Accept-Ranges', b'bytes'), (b'X-Hub-Cache', b'MISS'), (b'X-Error-Code', b'EntryNotFound'), (b'X-Error-Message', b'Entry not found'), (b'X-Cache', b'Error from cloudfront'), (b'Via', b'1.1 823a9a919078d4b0125429d17ecbf27a.cloudfront.net (CloudFront)'), (b'X-Amz-Cf-Pop', b'HEL51-P2'), (b'X-Amz-Cf-Id', b'WTcJ5fSrgwtiJ5h5HLY84nBDU4IdM1JTMDUoxGdWzltwuIi7mHH4Rw==')])
2026-05-25 22:15:16,141 | INFO     | httpx                | HTTP Request: HEAD https://huggingface.co/sentence-transformers/paraphrase-multilingual-MiniLM-L12-v2/resolve/main/processor_config.json "HTTP/1.1 404 Not Found"
2026-05-25 22:15:16,141 | DEBUG    | httpcore.http11      | receive_response_body.started request=<Request [b'HEAD']>
2026-05-25 22:15:16,141 | DEBUG    | httpcore.http11      | receive_response_body.complete
2026-05-25 22:15:16,142 | DEBUG    | httpcore.http11      | response_closed.started
2026-05-25 22:15:16,142 | DEBUG    | httpcore.http11      | response_closed.complete
2026-05-25 22:15:16,148 | DEBUG    | httpcore.http11      | send_request_headers.started request=<Request [b'HEAD']>
2026-05-25 22:15:16,149 | DEBUG    | httpcore.http11      | send_request_headers.complete
2026-05-25 22:15:16,149 | DEBUG    | httpcore.http11      | send_request_body.started request=<Request [b'HEAD']>
2026-05-25 22:15:16,149 | DEBUG    | httpcore.http11      | send_request_body.complete
2026-05-25 22:15:16,149 | DEBUG    | httpcore.http11      | receive_response_headers.started request=<Request [b'HEAD']>
2026-05-25 22:15:16,305 | DEBUG    | httpcore.http11      | receive_response_headers.complete return_value=(b'HTTP/1.1', 404, b'Not Found', [(b'Content-Type', b'text/plain; charset=utf-8'), (b'Content-Length', b'15'), (b'Connection', b'keep-alive'), (b'Date', b'Mon, 25 May 2026 19:15:16 GMT'), (b'ETag', b'W/"f-mY2VvLxuxB7KhsoOdQTlMTccuAQ"'), (b'X-Powered-By', b'huggingface-moon'), (b'X-Request-Id', b'Root=1-6a149fc4-191607af4b8001b2403da887;72a6a75f-6e68-49de-96c4-998f065be15e'), (b'RateLimit', b'"resolvers";r=4987;t=39'), (b'RateLimit-Policy', b'"fixed window";"resolvers";q=5000;w=300'), (b'cross-origin-opener-policy', b'same-origin'), (b'Referrer-Policy', b'strict-origin-when-cross-origin'), (b'Access-Control-Max-Age', b'86400'), (b'Access-Control-Allow-Origin', b'https://huggingface.co'), (b'Vary', b'Origin'), (b'Access-Control-Expose-Headers', b'X-Repo-Commit,X-Request-Id,X-Error-Code,X-Error-Message,X-Total-Count,ETag,Link,Accept-Ranges,Content-Range,X-Linked-Size,X-Linked-ETag,X-Xet-Hash'), (b'X-Repo-Commit', b'e8f8c211226b894fcb81acc59f3b34ba3efd5f42'), (b'Accept-Ranges', b'bytes'), (b'X-Hub-Cache', b'MISS'), (b'X-Error-Code', b'EntryNotFound'), (b'X-Error-Message', b'Entry not found'), (b'X-Cache', b'Error from cloudfront'), (b'Via', b'1.1 823a9a919078d4b0125429d17ecbf27a.cloudfront.net (CloudFront)'), (b'X-Amz-Cf-Pop', b'HEL51-P2'), (b'X-Amz-Cf-Id', b'PEbm3-eDsxUANccdVcWE1NOq9sogIbwjtEfTlBnagygI6JTknPBgYw==')])
2026-05-25 22:15:16,306 | INFO     | httpx                | HTTP Request: HEAD https://huggingface.co/sentence-transformers/paraphrase-multilingual-MiniLM-L12-v2/resolve/main/preprocessor_config.json "HTTP/1.1 404 Not Found"
2026-05-25 22:15:16,306 | DEBUG    | httpcore.http11      | receive_response_body.started request=<Request [b'HEAD']>
2026-05-25 22:15:16,306 | DEBUG    | httpcore.http11      | receive_response_body.complete
2026-05-25 22:15:16,307 | DEBUG    | httpcore.http11      | response_closed.started
2026-05-25 22:15:16,307 | DEBUG    | httpcore.http11      | response_closed.complete
2026-05-25 22:15:16,312 | DEBUG    | httpcore.http11      | send_request_headers.started request=<Request [b'HEAD']>
2026-05-25 22:15:16,313 | DEBUG    | httpcore.http11      | send_request_headers.complete
2026-05-25 22:15:16,313 | DEBUG    | httpcore.http11      | send_request_body.started request=<Request [b'HEAD']>
2026-05-25 22:15:16,313 | DEBUG    | httpcore.http11      | send_request_body.complete
2026-05-25 22:15:16,313 | DEBUG    | httpcore.http11      | receive_response_headers.started request=<Request [b'HEAD']>
2026-05-25 22:15:16,467 | DEBUG    | httpcore.http11      | receive_response_headers.complete return_value=(b'HTTP/1.1', 404, b'Not Found', [(b'Content-Type', b'text/plain; charset=utf-8'), (b'Content-Length', b'15'), (b'Connection', b'keep-alive'), (b'Date', b'Mon, 25 May 2026 19:15:16 GMT'), (b'ETag', b'W/"f-mY2VvLxuxB7KhsoOdQTlMTccuAQ"'), (b'X-Powered-By', b'huggingface-moon'), (b'X-Request-Id', b'Root=1-6a149fc4-3d11e11911d7791a772eaad4;cce555d2-b604-4c6d-9bef-c3a087262855'), (b'RateLimit', b'"resolvers";r=4986;t=39'), (b'RateLimit-Policy', b'"fixed window";"resolvers";q=5000;w=300'), (b'cross-origin-opener-policy', b'same-origin'), (b'Referrer-Policy', b'strict-origin-when-cross-origin'), (b'Access-Control-Max-Age', b'86400'), (b'Access-Control-Allow-Origin', b'https://huggingface.co'), (b'Vary', b'Origin'), (b'Access-Control-Expose-Headers', b'X-Repo-Commit,X-Request-Id,X-Error-Code,X-Error-Message,X-Total-Count,ETag,Link,Accept-Ranges,Content-Range,X-Linked-Size,X-Linked-ETag,X-Xet-Hash'), (b'X-Repo-Commit', b'e8f8c211226b894fcb81acc59f3b34ba3efd5f42'), (b'Accept-Ranges', b'bytes'), (b'X-Hub-Cache', b'MISS'), (b'X-Error-Code', b'EntryNotFound'), (b'X-Error-Message', b'Entry not found'), (b'X-Cache', b'Error from cloudfront'), (b'Via', b'1.1 823a9a919078d4b0125429d17ecbf27a.cloudfront.net (CloudFront)'), (b'X-Amz-Cf-Pop', b'HEL51-P2'), (b'X-Amz-Cf-Id', b'xnW4mvXnApySR8YAdQ_n6lN7ZyNcVJrjzAJWgX1B0gKcjm2IjTDMCg==')])
2026-05-25 22:15:16,468 | INFO     | httpx                | HTTP Request: HEAD https://huggingface.co/sentence-transformers/paraphrase-multilingual-MiniLM-L12-v2/resolve/main/video_preprocessor_config.json "HTTP/1.1 404 Not Found"
2026-05-25 22:15:16,468 | DEBUG    | httpcore.http11      | receive_response_body.started request=<Request [b'HEAD']>
2026-05-25 22:15:16,468 | DEBUG    | httpcore.http11      | receive_response_body.complete
2026-05-25 22:15:16,468 | DEBUG    | httpcore.http11      | response_closed.started
2026-05-25 22:15:16,468 | DEBUG    | httpcore.http11      | response_closed.complete
2026-05-25 22:15:16,478 | DEBUG    | httpcore.http11      | send_request_headers.started request=<Request [b'HEAD']>
2026-05-25 22:15:16,478 | DEBUG    | httpcore.http11      | send_request_headers.complete
2026-05-25 22:15:16,479 | DEBUG    | httpcore.http11      | send_request_body.started request=<Request [b'HEAD']>
2026-05-25 22:15:16,479 | DEBUG    | httpcore.http11      | send_request_body.complete
2026-05-25 22:15:16,479 | DEBUG    | httpcore.http11      | receive_response_headers.started request=<Request [b'HEAD']>
2026-05-25 22:15:16,630 | DEBUG    | httpcore.http11      | receive_response_headers.complete return_value=(b'HTTP/1.1', 404, b'Not Found', [(b'Content-Type', b'text/plain; charset=utf-8'), (b'Content-Length', b'15'), (b'Connection', b'keep-alive'), (b'Date', b'Mon, 25 May 2026 19:15:16 GMT'), (b'ETag', b'W/"f-mY2VvLxuxB7KhsoOdQTlMTccuAQ"'), (b'X-Powered-By', b'huggingface-moon'), (b'X-Request-Id', b'Root=1-6a149fc4-77af66c5437fec93728c2130;0009e464-861d-48cd-a858-6ad7ff41245e'), (b'RateLimit', b'"resolvers";r=4985;t=39'), (b'RateLimit-Policy', b'"fixed window";"resolvers";q=5000;w=300'), (b'cross-origin-opener-policy', b'same-origin'), (b'Referrer-Policy', b'strict-origin-when-cross-origin'), (b'Access-Control-Max-Age', b'86400'), (b'Access-Control-Allow-Origin', b'https://huggingface.co'), (b'Vary', b'Origin'), (b'Access-Control-Expose-Headers', b'X-Repo-Commit,X-Request-Id,X-Error-Code,X-Error-Message,X-Total-Count,ETag,Link,Accept-Ranges,Content-Range,X-Linked-Size,X-Linked-ETag,X-Xet-Hash'), (b'X-Repo-Commit', b'e8f8c211226b894fcb81acc59f3b34ba3efd5f42'), (b'Accept-Ranges', b'bytes'), (b'X-Hub-Cache', b'MISS'), (b'X-Error-Code', b'EntryNotFound'), (b'X-Error-Message', b'Entry not found'), (b'X-Cache', b'Error from cloudfront'), (b'Via', b'1.1 823a9a919078d4b0125429d17ecbf27a.cloudfront.net (CloudFront)'), (b'X-Amz-Cf-Pop', b'HEL51-P2'), (b'X-Amz-Cf-Id', b'K8paR0MRH4CL__j2UudRPaS673iGfErYsWooFjDCmdVPASswxfb4WA==')])
2026-05-25 22:15:16,630 | INFO     | httpx                | HTTP Request: HEAD https://huggingface.co/sentence-transformers/paraphrase-multilingual-MiniLM-L12-v2/resolve/main/preprocessor_config.json "HTTP/1.1 404 Not Found"
2026-05-25 22:15:16,630 | DEBUG    | httpcore.http11      | receive_response_body.started request=<Request [b'HEAD']>
2026-05-25 22:15:16,630 | DEBUG    | httpcore.http11      | receive_response_body.complete
2026-05-25 22:15:16,631 | DEBUG    | httpcore.http11      | response_closed.started
2026-05-25 22:15:16,631 | DEBUG    | httpcore.http11      | response_closed.complete
2026-05-25 22:15:16,640 | DEBUG    | httpcore.http11      | send_request_headers.started request=<Request [b'HEAD']>
2026-05-25 22:15:16,640 | DEBUG    | httpcore.http11      | send_request_headers.complete
2026-05-25 22:15:16,641 | DEBUG    | httpcore.http11      | send_request_body.started request=<Request [b'HEAD']>
2026-05-25 22:15:16,641 | DEBUG    | httpcore.http11      | send_request_body.complete
2026-05-25 22:15:16,641 | DEBUG    | httpcore.http11      | receive_response_headers.started request=<Request [b'HEAD']>
2026-05-25 22:15:16,795 | DEBUG    | httpcore.http11      | receive_response_headers.complete return_value=(b'HTTP/1.1', 307, b'Temporary Redirect', [(b'Content-Type', b'text/plain; charset=utf-8'), (b'Content-Length', b'342'), (b'Connection', b'keep-alive'), (b'Date', b'Mon, 25 May 2026 19:15:16 GMT'), (b'Location', b'/api/resolve-cache/models/sentence-transformers/paraphrase-multilingual-MiniLM-L12-v2/e8f8c211226b894fcb81acc59f3b34ba3efd5f42/tokenizer_config.json?%2Fsentence-transformers%2Fparaphrase-multilingual-MiniLM-L12-v2%2Fresolve%2Fmain%2Ftokenizer_config.json=&etag=%223c1b565ae10a15a1d0c31096f834af2fd9359e91%22'), (b'X-Powered-By', b'huggingface-moon'), (b'X-Request-Id', b'Root=1-6a149fc4-2862e21d5e78ae8a5cf95cad;df3a1515-7431-4c8c-9467-954abfe0631c'), (b'RateLimit', b'"resolvers";r=4984;t=39'), (b'RateLimit-Policy', b'"fixed window";"resolvers";q=5000;w=300'), (b'cross-origin-opener-policy', b'same-origin'), (b'Referrer-Policy', b'strict-origin-when-cross-origin'), (b'Access-Control-Max-Age', b'86400'), (b'Access-Control-Allow-Origin', b'https://huggingface.co'), (b'Vary', b'Origin, Accept'), (b'Access-Control-Expose-Headers', b'X-Repo-Commit,X-Request-Id,X-Error-Code,X-Error-Message,X-Total-Count,ETag,Link,Accept-Ranges,Content-Range,X-Linked-Size,X-Linked-ETag,X-Xet-Hash'), (b'X-Repo-Commit', b'e8f8c211226b894fcb81acc59f3b34ba3efd5f42'), (b'Accept-Ranges', b'bytes'), (b'X-Hub-Cache', b'HIT'), (b'Content-Disposition', b'inline; filename*=UTF-8\'\'tokenizer_config.json; filename="tokenizer_config.json";'), (b'Content-Security-Policy', b"default-src 'none'; sandbox"), (b'X-Linked-ETag', b'"3c1b565ae10a15a1d0c31096f834af2fd9359e91"'), (b'X-Cache', b'Miss from cloudfront'), (b'Via', b'1.1 823a9a919078d4b0125429d17ecbf27a.cloudfront.net (CloudFront)'), (b'X-Amz-Cf-Pop', b'HEL51-P2'), (b'X-Amz-Cf-Id', b'oWIpF82_RFhvTB7VICj047rsvSgqg_fep9aYjP0Zc5umpYkPameNdw==')])
2026-05-25 22:15:16,796 | INFO     | httpx                | HTTP Request: HEAD https://huggingface.co/sentence-transformers/paraphrase-multilingual-MiniLM-L12-v2/resolve/main/tokenizer_config.json "HTTP/1.1 307 Temporary Redirect"
2026-05-25 22:15:16,797 | DEBUG    | httpcore.http11      | receive_response_body.started request=<Request [b'HEAD']>
2026-05-25 22:15:16,797 | DEBUG    | httpcore.http11      | receive_response_body.complete
2026-05-25 22:15:16,797 | DEBUG    | httpcore.http11      | response_closed.started
2026-05-25 22:15:16,797 | DEBUG    | httpcore.http11      | response_closed.complete
2026-05-25 22:15:16,798 | DEBUG    | httpcore.http11      | send_request_headers.started request=<Request [b'HEAD']>
2026-05-25 22:15:16,799 | DEBUG    | httpcore.http11      | send_request_headers.complete
2026-05-25 22:15:16,799 | DEBUG    | httpcore.http11      | send_request_body.started request=<Request [b'HEAD']>
2026-05-25 22:15:16,799 | DEBUG    | httpcore.http11      | send_request_body.complete
2026-05-25 22:15:16,800 | DEBUG    | httpcore.http11      | receive_response_headers.started request=<Request [b'HEAD']>
2026-05-25 22:15:16,823 | DEBUG    | httpcore.http11      | receive_response_headers.complete return_value=(b'HTTP/1.1', 200, b'OK', [(b'Content-Type', b'text/plain; charset=utf-8'), (b'Content-Length', b'526'), (b'Connection', b'keep-alive'), (b'Date', b'Sat, 23 May 2026 16:53:14 GMT'), (b'ETag', b'"3c1b565ae10a15a1d0c31096f834af2fd9359e91"'), (b'X-Powered-By', b'huggingface-moon'), (b'X-Request-Id', b'Root=1-6a11db7a-70d238d00dffb7f31218b60e;ddd9f2d2-5b8d-43bc-91fe-8e21de0f4647'), (b'RateLimit', b'"resolvers";r=4975;t=161'), (b'RateLimit-Policy', b'"fixed window";"resolvers";q=5000;w=300'), (b'cross-origin-opener-policy', b'same-origin'), (b'Referrer-Policy', b'strict-origin-when-cross-origin'), (b'Access-Control-Max-Age', b'86400'), (b'Access-Control-Allow-Origin', b'https://huggingface.co'), (b'Access-Control-Expose-Headers', b'X-Repo-Commit,X-Request-Id,X-Error-Code,X-Error-Message,X-Total-Count,ETag,Link,Accept-Ranges,Content-Range,X-Linked-Size,X-Linked-ETag,X-Xet-Hash'), (b'X-Repo-Commit', b'e8f8c211226b894fcb81acc59f3b34ba3efd5f42'), (b'Accept-Ranges', b'bytes'), (b'X-Hub-Cache', b'MISS'), (b'Content-Disposition', b'inline; filename*=UTF-8\'\'tokenizer_config.json; filename="tokenizer_config.json";'), (b'Content-Security-Policy', b"default-src 'none'; sandbox"), (b'Vary', b'Origin'), (b'X-Cache', b'Hit from cloudfront'), (b'Via', b'1.1 823a9a919078d4b0125429d17ecbf27a.cloudfront.net (CloudFront)'), (b'X-Amz-Cf-Pop', b'HEL51-P2'), (b'X-Amz-Cf-Id', b'd3aSZbNmlYdR72UxXyu55cvpLL8kGl4ugJOy12UXGB2L2kXYSibHNg=='), (b'Age', b'181322')])
2026-05-25 22:15:16,823 | INFO     | httpx                | HTTP Request: HEAD https://huggingface.co/api/resolve-cache/models/sentence-transformers/paraphrase-multilingual-MiniLM-L12-v2/e8f8c211226b894fcb81acc59f3b34ba3efd5f42/tokenizer_config.json "HTTP/1.1 200 OK"
2026-05-25 22:15:16,824 | DEBUG    | httpcore.http11      | receive_response_body.started request=<Request [b'HEAD']>
2026-05-25 22:15:16,824 | DEBUG    | httpcore.http11      | receive_response_body.complete
2026-05-25 22:15:16,824 | DEBUG    | httpcore.http11      | response_closed.started
2026-05-25 22:15:16,824 | DEBUG    | httpcore.http11      | response_closed.complete
2026-05-25 22:15:16,832 | DEBUG    | httpcore.http11      | send_request_headers.started request=<Request [b'HEAD']>
2026-05-25 22:15:16,832 | DEBUG    | httpcore.http11      | send_request_headers.complete
2026-05-25 22:15:16,832 | DEBUG    | httpcore.http11      | send_request_body.started request=<Request [b'HEAD']>
2026-05-25 22:15:16,832 | DEBUG    | httpcore.http11      | send_request_body.complete
2026-05-25 22:15:16,832 | DEBUG    | httpcore.http11      | receive_response_headers.started request=<Request [b'HEAD']>
2026-05-25 22:15:16,985 | DEBUG    | httpcore.http11      | receive_response_headers.complete return_value=(b'HTTP/1.1', 307, b'Temporary Redirect', [(b'Content-Type', b'text/plain; charset=utf-8'), (b'Content-Length', b'322'), (b'Connection', b'keep-alive'), (b'Date', b'Mon, 25 May 2026 19:15:16 GMT'), (b'Location', b'/api/resolve-cache/models/sentence-transformers/paraphrase-multilingual-MiniLM-L12-v2/e8f8c211226b894fcb81acc59f3b34ba3efd5f42/config.json?%2Fsentence-transformers%2Fparaphrase-multilingual-MiniLM-L12-v2%2Fresolve%2Fmain%2Fconfig.json=&etag=%22c06d5b49495f044e6380e68a60538be17a6bd5d1%22'), (b'X-Powered-By', b'huggingface-moon'), (b'X-Request-Id', b'Root=1-6a149fc4-6a9b5ee5247dd9fc2a3a41d2;8cfcaee7-646a-4d6e-be47-ee709f26bfaf'), (b'RateLimit', b'"resolvers";r=4983;t=39'), (b'RateLimit-Policy', b'"fixed window";"resolvers";q=5000;w=300'), (b'cross-origin-opener-policy', b'same-origin'), (b'Referrer-Policy', b'strict-origin-when-cross-origin'), (b'Access-Control-Max-Age', b'86400'), (b'Access-Control-Allow-Origin', b'https://huggingface.co'), (b'Vary', b'Origin, Accept'), (b'Access-Control-Expose-Headers', b'X-Repo-Commit,X-Request-Id,X-Error-Code,X-Error-Message,X-Total-Count,ETag,Link,Accept-Ranges,Content-Range,X-Linked-Size,X-Linked-ETag,X-Xet-Hash'), (b'X-Repo-Commit', b'e8f8c211226b894fcb81acc59f3b34ba3efd5f42'), (b'Accept-Ranges', b'bytes'), (b'X-Hub-Cache', b'HIT'), (b'Content-Disposition', b'inline; filename*=UTF-8\'\'config.json; filename="config.json";'), (b'Content-Security-Policy', b"default-src 'none'; sandbox"), (b'X-Linked-ETag', b'"c06d5b49495f044e6380e68a60538be17a6bd5d1"'), (b'X-Cache', b'Miss from cloudfront'), (b'Via', b'1.1 823a9a919078d4b0125429d17ecbf27a.cloudfront.net (CloudFront)'), (b'X-Amz-Cf-Pop', b'HEL51-P2'), (b'X-Amz-Cf-Id', b'dBgWa-AWw8Z0T17Qz7iwQh4rACF25GI0sBs3UUIFcltSL2gNR2aJpQ==')])
2026-05-25 22:15:16,985 | INFO     | httpx                | HTTP Request: HEAD https://huggingface.co/sentence-transformers/paraphrase-multilingual-MiniLM-L12-v2/resolve/main/config.json "HTTP/1.1 307 Temporary Redirect"
2026-05-25 22:15:16,986 | DEBUG    | httpcore.http11      | receive_response_body.started request=<Request [b'HEAD']>
2026-05-25 22:15:16,986 | DEBUG    | httpcore.http11      | receive_response_body.complete
2026-05-25 22:15:16,986 | DEBUG    | httpcore.http11      | response_closed.started
2026-05-25 22:15:16,986 | DEBUG    | httpcore.http11      | response_closed.complete
2026-05-25 22:15:16,987 | DEBUG    | httpcore.http11      | send_request_headers.started request=<Request [b'HEAD']>
2026-05-25 22:15:16,987 | DEBUG    | httpcore.http11      | send_request_headers.complete
2026-05-25 22:15:16,987 | DEBUG    | httpcore.http11      | send_request_body.started request=<Request [b'HEAD']>
2026-05-25 22:15:16,988 | DEBUG    | httpcore.http11      | send_request_body.complete
2026-05-25 22:15:16,988 | DEBUG    | httpcore.http11      | receive_response_headers.started request=<Request [b'HEAD']>
2026-05-25 22:15:17,014 | DEBUG    | httpcore.http11      | receive_response_headers.complete return_value=(b'HTTP/1.1', 200, b'OK', [(b'Content-Type', b'text/plain; charset=utf-8'), (b'Content-Length', b'645'), (b'Connection', b'keep-alive'), (b'Date', b'Sat, 23 May 2026 16:52:55 GMT'), (b'ETag', b'"c06d5b49495f044e6380e68a60538be17a6bd5d1"'), (b'X-Powered-By', b'huggingface-moon'), (b'X-Request-Id', b'Root=1-6a11db67-2ad77e595d0c35132f3135d5;4da4a2fd-bd36-4550-ac7d-380303f2f2bc'), (b'RateLimit', b'"resolvers";r=4983;t=180'), (b'RateLimit-Policy', b'"fixed window";"resolvers";q=5000;w=300'), (b'cross-origin-opener-policy', b'same-origin'), (b'Referrer-Policy', b'strict-origin-when-cross-origin'), (b'Access-Control-Max-Age', b'86400'), (b'Access-Control-Allow-Origin', b'https://huggingface.co'), (b'Access-Control-Expose-Headers', b'X-Repo-Commit,X-Request-Id,X-Error-Code,X-Error-Message,X-Total-Count,ETag,Link,Accept-Ranges,Content-Range,X-Linked-Size,X-Linked-ETag,X-Xet-Hash'), (b'X-Repo-Commit', b'e8f8c211226b894fcb81acc59f3b34ba3efd5f42'), (b'Accept-Ranges', b'bytes'), (b'X-Hub-Cache', b'MISS'), (b'Content-Disposition', b'inline; filename*=UTF-8\'\'config.json; filename="config.json";'), (b'Content-Security-Policy', b"default-src 'none'; sandbox"), (b'Vary', b'Origin'), (b'X-Cache', b'Hit from cloudfront'), (b'Via', b'1.1 823a9a919078d4b0125429d17ecbf27a.cloudfront.net (CloudFront)'), (b'X-Amz-Cf-Pop', b'HEL51-P2'), (b'X-Amz-Cf-Id', b'jqlILZNe87hmprHKGxXrT3zF7vMmUL3GFOJCfbn0fGVSiqtFQ8oytQ=='), (b'Age', b'181342')])
2026-05-25 22:15:17,015 | INFO     | httpx                | HTTP Request: HEAD https://huggingface.co/api/resolve-cache/models/sentence-transformers/paraphrase-multilingual-MiniLM-L12-v2/e8f8c211226b894fcb81acc59f3b34ba3efd5f42/config.json "HTTP/1.1 200 OK"
2026-05-25 22:15:17,015 | DEBUG    | httpcore.http11      | receive_response_body.started request=<Request [b'HEAD']>
2026-05-25 22:15:17,015 | DEBUG    | httpcore.http11      | receive_response_body.complete
2026-05-25 22:15:17,016 | DEBUG    | httpcore.http11      | response_closed.started
2026-05-25 22:15:17,016 | DEBUG    | httpcore.http11      | response_closed.complete
2026-05-25 22:15:17,036 | DEBUG    | httpcore.http11      | send_request_headers.started request=<Request [b'HEAD']>
2026-05-25 22:15:17,037 | DEBUG    | httpcore.http11      | send_request_headers.complete
2026-05-25 22:15:17,038 | DEBUG    | httpcore.http11      | send_request_body.started request=<Request [b'HEAD']>
2026-05-25 22:15:17,038 | DEBUG    | httpcore.http11      | send_request_body.complete
2026-05-25 22:15:17,038 | DEBUG    | httpcore.http11      | receive_response_headers.started request=<Request [b'HEAD']>
2026-05-25 22:15:17,187 | DEBUG    | httpcore.http11      | receive_response_headers.complete return_value=(b'HTTP/1.1', 307, b'Temporary Redirect', [(b'Content-Type', b'text/plain; charset=utf-8'), (b'Content-Length', b'322'), (b'Connection', b'keep-alive'), (b'Date', b'Mon, 25 May 2026 19:15:17 GMT'), (b'Location', b'/api/resolve-cache/models/sentence-transformers/paraphrase-multilingual-MiniLM-L12-v2/e8f8c211226b894fcb81acc59f3b34ba3efd5f42/config.json?%2Fsentence-transformers%2Fparaphrase-multilingual-MiniLM-L12-v2%2Fresolve%2Fmain%2Fconfig.json=&etag=%22c06d5b49495f044e6380e68a60538be17a6bd5d1%22'), (b'X-Powered-By', b'huggingface-moon'), (b'X-Request-Id', b'Root=1-6a149fc5-29c50a0b1a940475743be309;5202d4d6-5761-4a24-84e5-3d3a12dd7da0'), (b'RateLimit', b'"resolvers";r=4982;t=38'), (b'RateLimit-Policy', b'"fixed window";"resolvers";q=5000;w=300'), (b'cross-origin-opener-policy', b'same-origin'), (b'Referrer-Policy', b'strict-origin-when-cross-origin'), (b'Access-Control-Max-Age', b'86400'), (b'Access-Control-Allow-Origin', b'https://huggingface.co'), (b'Vary', b'Origin, Accept'), (b'Access-Control-Expose-Headers', b'X-Repo-Commit,X-Request-Id,X-Error-Code,X-Error-Message,X-Total-Count,ETag,Link,Accept-Ranges,Content-Range,X-Linked-Size,X-Linked-ETag,X-Xet-Hash'), (b'X-Repo-Commit', b'e8f8c211226b894fcb81acc59f3b34ba3efd5f42'), (b'Accept-Ranges', b'bytes'), (b'X-Hub-Cache', b'HIT'), (b'Content-Disposition', b'inline; filename*=UTF-8\'\'config.json; filename="config.json";'), (b'Content-Security-Policy', b"default-src 'none'; sandbox"), (b'X-Linked-ETag', b'"c06d5b49495f044e6380e68a60538be17a6bd5d1"'), (b'X-Cache', b'Miss from cloudfront'), (b'Via', b'1.1 823a9a919078d4b0125429d17ecbf27a.cloudfront.net (CloudFront)'), (b'X-Amz-Cf-Pop', b'HEL51-P2'), (b'X-Amz-Cf-Id', b'Wqj4aDuqEE2krR-Kz8Mxk9U159Lu_olcnhB-drJFJq11pHACewrWFA==')])
2026-05-25 22:15:17,187 | INFO     | httpx                | HTTP Request: HEAD https://huggingface.co/sentence-transformers/paraphrase-multilingual-MiniLM-L12-v2/resolve/main/config.json "HTTP/1.1 307 Temporary Redirect"
2026-05-25 22:15:17,188 | DEBUG    | httpcore.http11      | receive_response_body.started request=<Request [b'HEAD']>
2026-05-25 22:15:17,188 | DEBUG    | httpcore.http11      | receive_response_body.complete
2026-05-25 22:15:17,188 | DEBUG    | httpcore.http11      | response_closed.started
2026-05-25 22:15:17,188 | DEBUG    | httpcore.http11      | response_closed.complete
2026-05-25 22:15:17,189 | DEBUG    | httpcore.http11      | send_request_headers.started request=<Request [b'HEAD']>
2026-05-25 22:15:17,189 | DEBUG    | httpcore.http11      | send_request_headers.complete
2026-05-25 22:15:17,190 | DEBUG    | httpcore.http11      | send_request_body.started request=<Request [b'HEAD']>
2026-05-25 22:15:17,190 | DEBUG    | httpcore.http11      | send_request_body.complete
2026-05-25 22:15:17,190 | DEBUG    | httpcore.http11      | receive_response_headers.started request=<Request [b'HEAD']>
2026-05-25 22:15:17,216 | DEBUG    | httpcore.http11      | receive_response_headers.complete return_value=(b'HTTP/1.1', 200, b'OK', [(b'Content-Type', b'text/plain; charset=utf-8'), (b'Content-Length', b'645'), (b'Connection', b'keep-alive'), (b'Date', b'Sat, 23 May 2026 16:52:55 GMT'), (b'ETag', b'"c06d5b49495f044e6380e68a60538be17a6bd5d1"'), (b'X-Powered-By', b'huggingface-moon'), (b'X-Request-Id', b'Root=1-6a11db67-2ad77e595d0c35132f3135d5;4da4a2fd-bd36-4550-ac7d-380303f2f2bc'), (b'RateLimit', b'"resolvers";r=4983;t=180'), (b'RateLimit-Policy', b'"fixed window";"resolvers";q=5000;w=300'), (b'cross-origin-opener-policy', b'same-origin'), (b'Referrer-Policy', b'strict-origin-when-cross-origin'), (b'Access-Control-Max-Age', b'86400'), (b'Access-Control-Allow-Origin', b'https://huggingface.co'), (b'Access-Control-Expose-Headers', b'X-Repo-Commit,X-Request-Id,X-Error-Code,X-Error-Message,X-Total-Count,ETag,Link,Accept-Ranges,Content-Range,X-Linked-Size,X-Linked-ETag,X-Xet-Hash'), (b'X-Repo-Commit', b'e8f8c211226b894fcb81acc59f3b34ba3efd5f42'), (b'Accept-Ranges', b'bytes'), (b'X-Hub-Cache', b'MISS'), (b'Content-Disposition', b'inline; filename*=UTF-8\'\'config.json; filename="config.json";'), (b'Content-Security-Policy', b"default-src 'none'; sandbox"), (b'Vary', b'Origin'), (b'X-Cache', b'Hit from cloudfront'), (b'Via', b'1.1 823a9a919078d4b0125429d17ecbf27a.cloudfront.net (CloudFront)'), (b'X-Amz-Cf-Pop', b'HEL51-P2'), (b'X-Amz-Cf-Id', b'yKo_qXZdYgqBDraw2RJO5fnurJPsZII3aSvatlXyTVnhHQcaZnLeDw=='), (b'Age', b'181342')])
2026-05-25 22:15:17,217 | INFO     | httpx                | HTTP Request: HEAD https://huggingface.co/api/resolve-cache/models/sentence-transformers/paraphrase-multilingual-MiniLM-L12-v2/e8f8c211226b894fcb81acc59f3b34ba3efd5f42/config.json "HTTP/1.1 200 OK"
2026-05-25 22:15:17,218 | DEBUG    | httpcore.http11      | receive_response_body.started request=<Request [b'HEAD']>
2026-05-25 22:15:17,218 | DEBUG    | httpcore.http11      | receive_response_body.complete
2026-05-25 22:15:17,219 | DEBUG    | httpcore.http11      | response_closed.started
2026-05-25 22:15:17,220 | DEBUG    | httpcore.http11      | response_closed.complete
2026-05-25 22:15:17,238 | DEBUG    | httpcore.http11      | send_request_headers.started request=<Request [b'HEAD']>
2026-05-25 22:15:17,239 | DEBUG    | httpcore.http11      | send_request_headers.complete
2026-05-25 22:15:17,239 | DEBUG    | httpcore.http11      | send_request_body.started request=<Request [b'HEAD']>
2026-05-25 22:15:17,240 | DEBUG    | httpcore.http11      | send_request_body.complete
2026-05-25 22:15:17,240 | DEBUG    | httpcore.http11      | receive_response_headers.started request=<Request [b'HEAD']>
2026-05-25 22:15:17,395 | DEBUG    | httpcore.http11      | receive_response_headers.complete return_value=(b'HTTP/1.1', 307, b'Temporary Redirect', [(b'Content-Type', b'text/plain; charset=utf-8'), (b'Content-Length', b'342'), (b'Connection', b'keep-alive'), (b'Date', b'Mon, 25 May 2026 19:15:17 GMT'), (b'Location', b'/api/resolve-cache/models/sentence-transformers/paraphrase-multilingual-MiniLM-L12-v2/e8f8c211226b894fcb81acc59f3b34ba3efd5f42/tokenizer_config.json?%2Fsentence-transformers%2Fparaphrase-multilingual-MiniLM-L12-v2%2Fresolve%2Fmain%2Ftokenizer_config.json=&etag=%223c1b565ae10a15a1d0c31096f834af2fd9359e91%22'), (b'X-Powered-By', b'huggingface-moon'), (b'X-Request-Id', b'Root=1-6a149fc5-768dfe150226bf806f3af0e9;243a22a0-d67b-4476-88b2-bc8d4f955e41'), (b'RateLimit', b'"resolvers";r=4981;t=38'), (b'RateLimit-Policy', b'"fixed window";"resolvers";q=5000;w=300'), (b'cross-origin-opener-policy', b'same-origin'), (b'Referrer-Policy', b'strict-origin-when-cross-origin'), (b'Access-Control-Max-Age', b'86400'), (b'Access-Control-Allow-Origin', b'https://huggingface.co'), (b'Vary', b'Origin, Accept'), (b'Access-Control-Expose-Headers', b'X-Repo-Commit,X-Request-Id,X-Error-Code,X-Error-Message,X-Total-Count,ETag,Link,Accept-Ranges,Content-Range,X-Linked-Size,X-Linked-ETag,X-Xet-Hash'), (b'X-Repo-Commit', b'e8f8c211226b894fcb81acc59f3b34ba3efd5f42'), (b'Accept-Ranges', b'bytes'), (b'X-Hub-Cache', b'HIT'), (b'Content-Disposition', b'inline; filename*=UTF-8\'\'tokenizer_config.json; filename="tokenizer_config.json";'), (b'Content-Security-Policy', b"default-src 'none'; sandbox"), (b'X-Linked-ETag', b'"3c1b565ae10a15a1d0c31096f834af2fd9359e91"'), (b'X-Cache', b'Miss from cloudfront'), (b'Via', b'1.1 823a9a919078d4b0125429d17ecbf27a.cloudfront.net (CloudFront)'), (b'X-Amz-Cf-Pop', b'HEL51-P2'), (b'X-Amz-Cf-Id', b'MG1PUtd7vGHuvBrKC-sRyh6Ewe39qmO2BmjUcdpMQGWutlkLt-2HcA==')])
2026-05-25 22:15:17,396 | INFO     | httpx                | HTTP Request: HEAD https://huggingface.co/sentence-transformers/paraphrase-multilingual-MiniLM-L12-v2/resolve/main/tokenizer_config.json "HTTP/1.1 307 Temporary Redirect"
2026-05-25 22:15:17,396 | DEBUG    | httpcore.http11      | receive_response_body.started request=<Request [b'HEAD']>
2026-05-25 22:15:17,397 | DEBUG    | httpcore.http11      | receive_response_body.complete
2026-05-25 22:15:17,397 | DEBUG    | httpcore.http11      | response_closed.started
2026-05-25 22:15:17,397 | DEBUG    | httpcore.http11      | response_closed.complete
2026-05-25 22:15:17,397 | DEBUG    | httpcore.http11      | send_request_headers.started request=<Request [b'HEAD']>
2026-05-25 22:15:17,398 | DEBUG    | httpcore.http11      | send_request_headers.complete
2026-05-25 22:15:17,398 | DEBUG    | httpcore.http11      | send_request_body.started request=<Request [b'HEAD']>
2026-05-25 22:15:17,398 | DEBUG    | httpcore.http11      | send_request_body.complete
2026-05-25 22:15:17,398 | DEBUG    | httpcore.http11      | receive_response_headers.started request=<Request [b'HEAD']>
2026-05-25 22:15:17,421 | DEBUG    | httpcore.http11      | receive_response_headers.complete return_value=(b'HTTP/1.1', 200, b'OK', [(b'Content-Type', b'text/plain; charset=utf-8'), (b'Content-Length', b'526'), (b'Connection', b'keep-alive'), (b'Date', b'Sat, 23 May 2026 16:53:14 GMT'), (b'ETag', b'"3c1b565ae10a15a1d0c31096f834af2fd9359e91"'), (b'X-Powered-By', b'huggingface-moon'), (b'X-Request-Id', b'Root=1-6a11db7a-70d238d00dffb7f31218b60e;ddd9f2d2-5b8d-43bc-91fe-8e21de0f4647'), (b'RateLimit', b'"resolvers";r=4975;t=161'), (b'RateLimit-Policy', b'"fixed window";"resolvers";q=5000;w=300'), (b'cross-origin-opener-policy', b'same-origin'), (b'Referrer-Policy', b'strict-origin-when-cross-origin'), (b'Access-Control-Max-Age', b'86400'), (b'Access-Control-Allow-Origin', b'https://huggingface.co'), (b'Access-Control-Expose-Headers', b'X-Repo-Commit,X-Request-Id,X-Error-Code,X-Error-Message,X-Total-Count,ETag,Link,Accept-Ranges,Content-Range,X-Linked-Size,X-Linked-ETag,X-Xet-Hash'), (b'X-Repo-Commit', b'e8f8c211226b894fcb81acc59f3b34ba3efd5f42'), (b'Accept-Ranges', b'bytes'), (b'X-Hub-Cache', b'MISS'), (b'Content-Disposition', b'inline; filename*=UTF-8\'\'tokenizer_config.json; filename="tokenizer_config.json";'), (b'Content-Security-Policy', b"default-src 'none'; sandbox"), (b'Vary', b'Origin'), (b'X-Cache', b'Hit from cloudfront'), (b'Via', b'1.1 823a9a919078d4b0125429d17ecbf27a.cloudfront.net (CloudFront)'), (b'X-Amz-Cf-Pop', b'HEL51-P2'), (b'X-Amz-Cf-Id', b'aXesBKZu6E_AOlsf0aylyZPXf5BMX9PLVrelethMbNiVLKKXgvPvSQ=='), (b'Age', b'181323')])
2026-05-25 22:15:17,422 | INFO     | httpx                | HTTP Request: HEAD https://huggingface.co/api/resolve-cache/models/sentence-transformers/paraphrase-multilingual-MiniLM-L12-v2/e8f8c211226b894fcb81acc59f3b34ba3efd5f42/tokenizer_config.json "HTTP/1.1 200 OK"
2026-05-25 22:15:17,422 | DEBUG    | httpcore.http11      | receive_response_body.started request=<Request [b'HEAD']>
2026-05-25 22:15:17,422 | DEBUG    | httpcore.http11      | receive_response_body.complete
2026-05-25 22:15:17,422 | DEBUG    | httpcore.http11      | response_closed.started
2026-05-25 22:15:17,422 | DEBUG    | httpcore.http11      | response_closed.complete
2026-05-25 22:15:17,434 | DEBUG    | httpcore.http11      | send_request_headers.started request=<Request [b'HEAD']>
2026-05-25 22:15:17,435 | DEBUG    | httpcore.http11      | send_request_headers.complete
2026-05-25 22:15:17,435 | DEBUG    | httpcore.http11      | send_request_body.started request=<Request [b'HEAD']>
2026-05-25 22:15:17,435 | DEBUG    | httpcore.http11      | send_request_body.complete
2026-05-25 22:15:17,435 | DEBUG    | httpcore.http11      | receive_response_headers.started request=<Request [b'HEAD']>
2026-05-25 22:15:17,589 | DEBUG    | httpcore.http11      | receive_response_headers.complete return_value=(b'HTTP/1.1', 307, b'Temporary Redirect', [(b'Content-Type', b'text/plain; charset=utf-8'), (b'Content-Length', b'342'), (b'Connection', b'keep-alive'), (b'Date', b'Mon, 25 May 2026 19:15:17 GMT'), (b'Location', b'/api/resolve-cache/models/sentence-transformers/paraphrase-multilingual-MiniLM-L12-v2/e8f8c211226b894fcb81acc59f3b34ba3efd5f42/tokenizer_config.json?%2Fsentence-transformers%2Fparaphrase-multilingual-MiniLM-L12-v2%2Fresolve%2Fmain%2Ftokenizer_config.json=&etag=%223c1b565ae10a15a1d0c31096f834af2fd9359e91%22'), (b'X-Powered-By', b'huggingface-moon'), (b'X-Request-Id', b'Root=1-6a149fc5-778f9ba060d99830255587f7;1315972c-828c-44dc-ad64-6be48c255982'), (b'RateLimit', b'"resolvers";r=4980;t=38'), (b'RateLimit-Policy', b'"fixed window";"resolvers";q=5000;w=300'), (b'cross-origin-opener-policy', b'same-origin'), (b'Referrer-Policy', b'strict-origin-when-cross-origin'), (b'Access-Control-Max-Age', b'86400'), (b'Access-Control-Allow-Origin', b'https://huggingface.co'), (b'Vary', b'Origin, Accept'), (b'Access-Control-Expose-Headers', b'X-Repo-Commit,X-Request-Id,X-Error-Code,X-Error-Message,X-Total-Count,ETag,Link,Accept-Ranges,Content-Range,X-Linked-Size,X-Linked-ETag,X-Xet-Hash'), (b'X-Repo-Commit', b'e8f8c211226b894fcb81acc59f3b34ba3efd5f42'), (b'Accept-Ranges', b'bytes'), (b'X-Hub-Cache', b'HIT'), (b'Content-Disposition', b'inline; filename*=UTF-8\'\'tokenizer_config.json; filename="tokenizer_config.json";'), (b'Content-Security-Policy', b"default-src 'none'; sandbox"), (b'X-Linked-ETag', b'"3c1b565ae10a15a1d0c31096f834af2fd9359e91"'), (b'X-Cache', b'Miss from cloudfront'), (b'Via', b'1.1 823a9a919078d4b0125429d17ecbf27a.cloudfront.net (CloudFront)'), (b'X-Amz-Cf-Pop', b'HEL51-P2'), (b'X-Amz-Cf-Id', b'LJHTPNV6zJtvBdjt0jv5gyqLPXnIxx1t6smx3X885sCbJOpKbS_vDQ==')])
2026-05-25 22:15:17,589 | INFO     | httpx                | HTTP Request: HEAD https://huggingface.co/sentence-transformers/paraphrase-multilingual-MiniLM-L12-v2/resolve/main/tokenizer_config.json "HTTP/1.1 307 Temporary Redirect"
2026-05-25 22:15:17,590 | DEBUG    | httpcore.http11      | receive_response_body.started request=<Request [b'HEAD']>
2026-05-25 22:15:17,590 | DEBUG    | httpcore.http11      | receive_response_body.complete
2026-05-25 22:15:17,590 | DEBUG    | httpcore.http11      | response_closed.started
2026-05-25 22:15:17,590 | DEBUG    | httpcore.http11      | response_closed.complete
2026-05-25 22:15:17,590 | DEBUG    | httpcore.http11      | send_request_headers.started request=<Request [b'HEAD']>
2026-05-25 22:15:17,591 | DEBUG    | httpcore.http11      | send_request_headers.complete
2026-05-25 22:15:17,591 | DEBUG    | httpcore.http11      | send_request_body.started request=<Request [b'HEAD']>
2026-05-25 22:15:17,591 | DEBUG    | httpcore.http11      | send_request_body.complete
2026-05-25 22:15:17,591 | DEBUG    | httpcore.http11      | receive_response_headers.started request=<Request [b'HEAD']>
2026-05-25 22:15:17,614 | DEBUG    | httpcore.http11      | receive_response_headers.complete return_value=(b'HTTP/1.1', 200, b'OK', [(b'Content-Type', b'text/plain; charset=utf-8'), (b'Content-Length', b'526'), (b'Connection', b'keep-alive'), (b'Date', b'Sat, 23 May 2026 16:53:14 GMT'), (b'ETag', b'"3c1b565ae10a15a1d0c31096f834af2fd9359e91"'), (b'X-Powered-By', b'huggingface-moon'), (b'X-Request-Id', b'Root=1-6a11db7a-70d238d00dffb7f31218b60e;ddd9f2d2-5b8d-43bc-91fe-8e21de0f4647'), (b'RateLimit', b'"resolvers";r=4975;t=161'), (b'RateLimit-Policy', b'"fixed window";"resolvers";q=5000;w=300'), (b'cross-origin-opener-policy', b'same-origin'), (b'Referrer-Policy', b'strict-origin-when-cross-origin'), (b'Access-Control-Max-Age', b'86400'), (b'Access-Control-Allow-Origin', b'https://huggingface.co'), (b'Access-Control-Expose-Headers', b'X-Repo-Commit,X-Request-Id,X-Error-Code,X-Error-Message,X-Total-Count,ETag,Link,Accept-Ranges,Content-Range,X-Linked-Size,X-Linked-ETag,X-Xet-Hash'), (b'X-Repo-Commit', b'e8f8c211226b894fcb81acc59f3b34ba3efd5f42'), (b'Accept-Ranges', b'bytes'), (b'X-Hub-Cache', b'MISS'), (b'Content-Disposition', b'inline; filename*=UTF-8\'\'tokenizer_config.json; filename="tokenizer_config.json";'), (b'Content-Security-Policy', b"default-src 'none'; sandbox"), (b'Vary', b'Origin'), (b'X-Cache', b'Hit from cloudfront'), (b'Via', b'1.1 823a9a919078d4b0125429d17ecbf27a.cloudfront.net (CloudFront)'), (b'X-Amz-Cf-Pop', b'HEL51-P2'), (b'X-Amz-Cf-Id', b'_-kRLEudKLL-e67fCm5cw-_BFz_bKiz5DHGexuTpQrAW1jbhs6ZFlg=='), (b'Age', b'181323')])
2026-05-25 22:15:17,615 | INFO     | httpx                | HTTP Request: HEAD https://huggingface.co/api/resolve-cache/models/sentence-transformers/paraphrase-multilingual-MiniLM-L12-v2/e8f8c211226b894fcb81acc59f3b34ba3efd5f42/tokenizer_config.json "HTTP/1.1 200 OK"
2026-05-25 22:15:17,615 | DEBUG    | httpcore.http11      | receive_response_body.started request=<Request [b'HEAD']>
2026-05-25 22:15:17,615 | DEBUG    | httpcore.http11      | receive_response_body.complete
2026-05-25 22:15:17,615 | DEBUG    | httpcore.http11      | response_closed.started
2026-05-25 22:15:17,615 | DEBUG    | httpcore.http11      | response_closed.complete
2026-05-25 22:15:17,623 | DEBUG    | httpcore.http11      | send_request_headers.started request=<Request [b'GET']>
2026-05-25 22:15:17,623 | DEBUG    | httpcore.http11      | send_request_headers.complete
2026-05-25 22:15:17,623 | DEBUG    | httpcore.http11      | send_request_body.started request=<Request [b'GET']>
2026-05-25 22:15:17,623 | DEBUG    | httpcore.http11      | send_request_body.complete
2026-05-25 22:15:17,623 | DEBUG    | httpcore.http11      | receive_response_headers.started request=<Request [b'GET']>
2026-05-25 22:15:17,774 | DEBUG    | httpcore.http11      | receive_response_headers.complete return_value=(b'HTTP/1.1', 404, b'Not Found', [(b'Content-Type', b'application/json; charset=utf-8'), (b'Content-Length', b'64'), (b'Connection', b'keep-alive'), (b'Date', b'Mon, 25 May 2026 19:15:17 GMT'), (b'ETag', b'W/"40-09f9IAqP13xarAhQxFS2W8rvRkM"'), (b'X-Powered-By', b'huggingface-moon'), (b'X-Request-Id', b'Root=1-6a149fc5-339602c470ab142651811bef;ff09606d-01d0-40e0-a5bf-a9e0b89a1056'), (b'RateLimit', b'"api";r=997;t=38'), (b'RateLimit-Policy', b'"fixed window";"api";q=1000;w=300'), (b'cross-origin-opener-policy', b'same-origin'), (b'Referrer-Policy', b'strict-origin-when-cross-origin'), (b'Access-Control-Max-Age', b'86400'), (b'Access-Control-Allow-Origin', b'https://huggingface.co'), (b'Vary', b'Origin'), (b'Access-Control-Expose-Headers', b'X-Repo-Commit,X-Request-Id,X-Error-Code,X-Error-Message,X-Total-Count,ETag,Link,Accept-Ranges,Content-Range,X-Linked-Size,X-Linked-ETag,X-Xet-Hash'), (b'X-Error-Code', b'EntryNotFound'), (b'X-Error-Message', b'additional_chat_templates does not exist on "main"'), (b'X-Cache', b'Error from cloudfront'), (b'Via', b'1.1 823a9a919078d4b0125429d17ecbf27a.cloudfront.net (CloudFront)'), (b'X-Amz-Cf-Pop', b'HEL51-P2'), (b'X-Amz-Cf-Id', b'H7klEKIrMBrD3p3e-twPYG3-ZoRl_zscP6wPMo9sZIwaBgbxYD-HnQ==')])
2026-05-25 22:15:17,774 | INFO     | httpx                | HTTP Request: GET https://huggingface.co/api/models/sentence-transformers/paraphrase-multilingual-MiniLM-L12-v2/tree/main/additional_chat_templates?recursive=false&expand=false "HTTP/1.1 404 Not Found"
2026-05-25 22:15:17,775 | DEBUG    | httpcore.http11      | receive_response_body.started request=<Request [b'GET']>
2026-05-25 22:15:17,775 | DEBUG    | httpcore.http11      | receive_response_body.complete
2026-05-25 22:15:17,775 | DEBUG    | httpcore.http11      | response_closed.started
2026-05-25 22:15:17,775 | DEBUG    | httpcore.http11      | response_closed.complete
2026-05-25 22:15:17,780 | DEBUG    | httpcore.http11      | send_request_headers.started request=<Request [b'GET']>
2026-05-25 22:15:17,781 | DEBUG    | httpcore.http11      | send_request_headers.complete
2026-05-25 22:15:17,781 | DEBUG    | httpcore.http11      | send_request_body.started request=<Request [b'GET']>
2026-05-25 22:15:17,781 | DEBUG    | httpcore.http11      | send_request_body.complete
2026-05-25 22:15:17,782 | DEBUG    | httpcore.http11      | receive_response_headers.started request=<Request [b'GET']>
2026-05-25 22:15:17,937 | DEBUG    | httpcore.http11      | receive_response_headers.complete return_value=(b'HTTP/1.1', 200, b'OK', [(b'Content-Type', b'application/json; charset=utf-8'), (b'Transfer-Encoding', b'chunked'), (b'Connection', b'keep-alive'), (b'Date', b'Mon, 25 May 2026 19:15:17 GMT'), (b'content-encoding', b'gzip'), (b'ETag', b'W/"1a1a-eIPFSpQ81fGmZGh9OTetGAVBiHY"'), (b'X-Powered-By', b'huggingface-moon'), (b'X-Request-Id', b'Root=1-6a149fc5-474e92a4446ba31d18367815;87757aa9-1926-4594-a255-8025eec2fea0'), (b'RateLimit', b'"api";r=996;t=38'), (b'RateLimit-Policy', b'"fixed window";"api";q=1000;w=300'), (b'cross-origin-opener-policy', b'same-origin'), (b'Referrer-Policy', b'strict-origin-when-cross-origin'), (b'Access-Control-Max-Age', b'86400'), (b'Access-Control-Allow-Origin', b'https://huggingface.co'), (b'Vary', b'Origin'), (b'vary', b'Accept-Encoding'), (b'Access-Control-Expose-Headers', b'X-Repo-Commit,X-Request-Id,X-Error-Code,X-Error-Message,X-Total-Count,ETag,Link,Accept-Ranges,Content-Range,X-Linked-Size,X-Linked-ETag,X-Xet-Hash'), (b'X-Cache', b'Miss from cloudfront'), (b'Via', b'1.1 823a9a919078d4b0125429d17ecbf27a.cloudfront.net (CloudFront)'), (b'X-Amz-Cf-Pop', b'HEL51-P2'), (b'X-Amz-Cf-Id', b'dH-6iQUdlofz6VfdJYiBi_Y9lvF2e_b3gjtW4yFtvqOWym17F4D_Kw==')])
2026-05-25 22:15:17,940 | INFO     | httpx                | HTTP Request: GET https://huggingface.co/api/models/sentence-transformers/paraphrase-multilingual-MiniLM-L12-v2/tree/main?recursive=true&expand=false "HTTP/1.1 200 OK"
2026-05-25 22:15:17,941 | DEBUG    | httpcore.http11      | receive_response_body.started request=<Request [b'GET']>
2026-05-25 22:15:17,942 | DEBUG    | httpcore.http11      | receive_response_body.complete
2026-05-25 22:15:17,942 | DEBUG    | httpcore.http11      | response_closed.started
2026-05-25 22:15:17,945 | DEBUG    | httpcore.http11      | response_closed.complete
2026-05-25 22:15:20,416 | DEBUG    | httpcore.http11      | send_request_headers.started request=<Request [b'GET']>
2026-05-25 22:15:20,417 | DEBUG    | httpcore.http11      | send_request_headers.complete
2026-05-25 22:15:20,417 | DEBUG    | httpcore.http11      | send_request_body.started request=<Request [b'GET']>
2026-05-25 22:15:20,417 | DEBUG    | httpcore.http11      | send_request_body.complete
2026-05-25 22:15:20,417 | DEBUG    | httpcore.http11      | receive_response_headers.started request=<Request [b'GET']>
2026-05-25 22:15:20,576 | DEBUG    | httpcore.http11      | receive_response_headers.complete return_value=(b'HTTP/1.1', 200, b'OK', [(b'Content-Type', b'application/json; charset=utf-8'), (b'Transfer-Encoding', b'chunked'), (b'Connection', b'keep-alive'), (b'Date', b'Mon, 25 May 2026 19:15:20 GMT'), (b'content-encoding', b'gzip'), (b'ETag', b'W/"1820-g/rJpFe9OBkr6O7Kx71G367UNGE"'), (b'X-Powered-By', b'huggingface-moon'), (b'X-Request-Id', b'Root=1-6a149fc8-542518f250301559768deee5;408e2bf4-2e48-44e0-9b87-0dcdc6cc639e'), (b'RateLimit', b'"api";r=995;t=35'), (b'RateLimit-Policy', b'"fixed window";"api";q=1000;w=300'), (b'cross-origin-opener-policy', b'same-origin'), (b'Referrer-Policy', b'strict-origin-when-cross-origin'), (b'Access-Control-Max-Age', b'86400'), (b'Access-Control-Allow-Origin', b'https://huggingface.co'), (b'Vary', b'Origin'), (b'vary', b'Accept-Encoding'), (b'Access-Control-Expose-Headers', b'X-Repo-Commit,X-Request-Id,X-Error-Code,X-Error-Message,X-Total-Count,ETag,Link,Accept-Ranges,Content-Range,X-Linked-Size,X-Linked-ETag,X-Xet-Hash'), (b'X-Cache', b'Miss from cloudfront'), (b'Via', b'1.1 823a9a919078d4b0125429d17ecbf27a.cloudfront.net (CloudFront)'), (b'X-Amz-Cf-Pop', b'HEL51-P2'), (b'X-Amz-Cf-Id', b'WNhNH3MqMeNpk9fS5tceHDdrdcVoyDoBJqYhrAikmi0VAxcaEWBdZA==')])
2026-05-25 22:15:20,577 | INFO     | httpx                | HTTP Request: GET https://huggingface.co/api/models/sentence-transformers/paraphrase-multilingual-MiniLM-L12-v2 "HTTP/1.1 200 OK"
2026-05-25 22:15:20,577 | DEBUG    | httpcore.http11      | receive_response_body.started request=<Request [b'GET']>
2026-05-25 22:15:20,577 | DEBUG    | httpcore.http11      | receive_response_body.complete
2026-05-25 22:15:20,578 | DEBUG    | httpcore.http11      | response_closed.started
2026-05-25 22:15:20,578 | DEBUG    | httpcore.http11      | response_closed.complete
2026-05-25 22:15:20,869 | DEBUG    | sentence_transformers.base.modules.transformer | Active modality config: {'text': {'method': 'forward', 'method_output_name': 'last_hidden_state'}}
2026-05-25 22:15:20,873 | DEBUG    | httpcore.http11      | send_request_headers.started request=<Request [b'HEAD']>
2026-05-25 22:15:20,873 | DEBUG    | httpcore.http11      | send_request_headers.complete
2026-05-25 22:15:20,874 | DEBUG    | httpcore.http11      | send_request_body.started request=<Request [b'HEAD']>
2026-05-25 22:15:20,874 | DEBUG    | httpcore.http11      | send_request_body.complete
2026-05-25 22:15:20,875 | DEBUG    | httpcore.http11      | receive_response_headers.started request=<Request [b'HEAD']>
2026-05-25 22:15:21,025 | DEBUG    | httpcore.http11      | receive_response_headers.complete return_value=(b'HTTP/1.1', 307, b'Temporary Redirect', [(b'Content-Type', b'text/plain; charset=utf-8'), (b'Content-Length', b'346'), (b'Connection', b'keep-alive'), (b'Date', b'Mon, 25 May 2026 19:15:20 GMT'), (b'Location', b'/api/resolve-cache/models/sentence-transformers/paraphrase-multilingual-MiniLM-L12-v2/e8f8c211226b894fcb81acc59f3b34ba3efd5f42/1_Pooling%2Fconfig.json?%2Fsentence-transformers%2Fparaphrase-multilingual-MiniLM-L12-v2%2Fresolve%2Fmain%2F1_Pooling%2Fconfig.json=&etag=%22d1514c3162bbe87b343f565fadc62e6c06f04f03%22'), (b'X-Powered-By', b'huggingface-moon'), (b'X-Request-Id', b'Root=1-6a149fc8-404f06f5486efa6276ab5c6a;d2f89960-a06c-410c-bcef-18e4ee7254e1'), (b'RateLimit', b'"resolvers";r=4979;t=35'), (b'RateLimit-Policy', b'"fixed window";"resolvers";q=5000;w=300'), (b'cross-origin-opener-policy', b'same-origin'), (b'Referrer-Policy', b'strict-origin-when-cross-origin'), (b'Access-Control-Max-Age', b'86400'), (b'Access-Control-Allow-Origin', b'https://huggingface.co'), (b'Vary', b'Origin, Accept'), (b'Access-Control-Expose-Headers', b'X-Repo-Commit,X-Request-Id,X-Error-Code,X-Error-Message,X-Total-Count,ETag,Link,Accept-Ranges,Content-Range,X-Linked-Size,X-Linked-ETag,X-Xet-Hash'), (b'X-Repo-Commit', b'e8f8c211226b894fcb81acc59f3b34ba3efd5f42'), (b'Accept-Ranges', b'bytes'), (b'X-Hub-Cache', b'HIT'), (b'Content-Disposition', b'inline; filename*=UTF-8\'\'config.json; filename="config.json";'), (b'Content-Security-Policy', b"default-src 'none'; sandbox"), (b'X-Linked-ETag', b'"d1514c3162bbe87b343f565fadc62e6c06f04f03"'), (b'X-Cache', b'Miss from cloudfront'), (b'Via', b'1.1 823a9a919078d4b0125429d17ecbf27a.cloudfront.net (CloudFront)'), (b'X-Amz-Cf-Pop', b'HEL51-P2'), (b'X-Amz-Cf-Id', b'o4-919LKkFIX6SrkrJtAQiKQAqSDGt7DWlbO3injhEqs7vJDylTLdQ==')])
2026-05-25 22:15:21,026 | INFO     | httpx                | HTTP Request: HEAD https://huggingface.co/sentence-transformers/paraphrase-multilingual-MiniLM-L12-v2/resolve/main/1_Pooling/config.json "HTTP/1.1 307 Temporary Redirect"
2026-05-25 22:15:21,026 | DEBUG    | httpcore.http11      | receive_response_body.started request=<Request [b'HEAD']>
2026-05-25 22:15:21,026 | DEBUG    | httpcore.http11      | receive_response_body.complete
2026-05-25 22:15:21,027 | DEBUG    | httpcore.http11      | response_closed.started
2026-05-25 22:15:21,027 | DEBUG    | httpcore.http11      | response_closed.complete
2026-05-25 22:15:21,027 | DEBUG    | httpcore.http11      | send_request_headers.started request=<Request [b'HEAD']>
2026-05-25 22:15:21,028 | DEBUG    | httpcore.http11      | send_request_headers.complete
2026-05-25 22:15:21,028 | DEBUG    | httpcore.http11      | send_request_body.started request=<Request [b'HEAD']>
2026-05-25 22:15:21,028 | DEBUG    | httpcore.http11      | send_request_body.complete
2026-05-25 22:15:21,028 | DEBUG    | httpcore.http11      | receive_response_headers.started request=<Request [b'HEAD']>
2026-05-25 22:15:21,055 | DEBUG    | httpcore.http11      | receive_response_headers.complete return_value=(b'HTTP/1.1', 200, b'OK', [(b'Content-Type', b'text/plain; charset=utf-8'), (b'Content-Length', b'190'), (b'Connection', b'keep-alive'), (b'Date', b'Sat, 23 May 2026 16:53:20 GMT'), (b'ETag', b'"d1514c3162bbe87b343f565fadc62e6c06f04f03"'), (b'X-Powered-By', b'huggingface-moon'), (b'X-Request-Id', b'Root=1-6a11db80-47101ded522f1e9f41804de6;bb4c22d3-d12e-4dff-9a48-b8da9b2cd5e7'), (b'RateLimit', b'"resolvers";r=4961;t=155'), (b'RateLimit-Policy', b'"fixed window";"resolvers";q=5000;w=300'), (b'cross-origin-opener-policy', b'same-origin'), (b'Referrer-Policy', b'strict-origin-when-cross-origin'), (b'Access-Control-Max-Age', b'86400'), (b'Access-Control-Allow-Origin', b'https://huggingface.co'), (b'Access-Control-Expose-Headers', b'X-Repo-Commit,X-Request-Id,X-Error-Code,X-Error-Message,X-Total-Count,ETag,Link,Accept-Ranges,Content-Range,X-Linked-Size,X-Linked-ETag,X-Xet-Hash'), (b'X-Repo-Commit', b'e8f8c211226b894fcb81acc59f3b34ba3efd5f42'), (b'Accept-Ranges', b'bytes'), (b'X-Hub-Cache', b'MISS'), (b'Content-Disposition', b'inline; filename*=UTF-8\'\'config.json; filename="config.json";'), (b'Content-Security-Policy', b"default-src 'none'; sandbox"), (b'Vary', b'Origin'), (b'X-Cache', b'Hit from cloudfront'), (b'Via', b'1.1 823a9a919078d4b0125429d17ecbf27a.cloudfront.net (CloudFront)'), (b'X-Amz-Cf-Pop', b'HEL51-P2'), (b'X-Amz-Cf-Id', b'SjHNfLXNhnqmxIPisRgWk5QPvgnQtNdLbdwGTNrVu50iYHlFMirJ2Q=='), (b'Age', b'181321')])
2026-05-25 22:15:21,056 | INFO     | httpx                | HTTP Request: HEAD https://huggingface.co/api/resolve-cache/models/sentence-transformers/paraphrase-multilingual-MiniLM-L12-v2/e8f8c211226b894fcb81acc59f3b34ba3efd5f42/1_Pooling%2Fconfig.json "HTTP/1.1 200 OK"
2026-05-25 22:15:21,056 | DEBUG    | httpcore.http11      | receive_response_body.started request=<Request [b'HEAD']>
2026-05-25 22:15:21,056 | DEBUG    | httpcore.http11      | receive_response_body.complete
2026-05-25 22:15:21,057 | DEBUG    | httpcore.http11      | response_closed.started
2026-05-25 22:15:21,057 | DEBUG    | httpcore.http11      | response_closed.complete
2026-05-25 22:15:21,064 | DEBUG    | httpcore.http11      | send_request_headers.started request=<Request [b'GET']>
2026-05-25 22:15:21,066 | DEBUG    | httpcore.http11      | send_request_headers.complete
2026-05-25 22:15:21,066 | DEBUG    | httpcore.http11      | send_request_body.started request=<Request [b'GET']>
2026-05-25 22:15:21,066 | DEBUG    | httpcore.http11      | send_request_body.complete
2026-05-25 22:15:21,066 | DEBUG    | httpcore.http11      | receive_response_headers.started request=<Request [b'GET']>
2026-05-25 22:15:21,224 | DEBUG    | httpcore.http11      | receive_response_headers.complete return_value=(b'HTTP/1.1', 200, b'OK', [(b'Content-Type', b'application/json; charset=utf-8'), (b'Transfer-Encoding', b'chunked'), (b'Connection', b'keep-alive'), (b'Date', b'Mon, 25 May 2026 19:15:21 GMT'), (b'content-encoding', b'gzip'), (b'ETag', b'W/"1820-g/rJpFe9OBkr6O7Kx71G367UNGE"'), (b'X-Powered-By', b'huggingface-moon'), (b'X-Request-Id', b'Root=1-6a149fc9-20b24f390fb61c011c29cf13;224ef6be-c628-43aa-90de-a1e2a0e98460'), (b'RateLimit', b'"api";r=994;t=34'), (b'RateLimit-Policy', b'"fixed window";"api";q=1000;w=300'), (b'cross-origin-opener-policy', b'same-origin'), (b'Referrer-Policy', b'strict-origin-when-cross-origin'), (b'Access-Control-Max-Age', b'86400'), (b'Access-Control-Allow-Origin', b'https://huggingface.co'), (b'Vary', b'Origin'), (b'vary', b'Accept-Encoding'), (b'Access-Control-Expose-Headers', b'X-Repo-Commit,X-Request-Id,X-Error-Code,X-Error-Message,X-Total-Count,ETag,Link,Accept-Ranges,Content-Range,X-Linked-Size,X-Linked-ETag,X-Xet-Hash'), (b'X-Cache', b'Miss from cloudfront'), (b'Via', b'1.1 823a9a919078d4b0125429d17ecbf27a.cloudfront.net (CloudFront)'), (b'X-Amz-Cf-Pop', b'HEL51-P2'), (b'X-Amz-Cf-Id', b'8p5CmchurLQOUFBUbn6ONbUwai64_Y1kPjBb59FXshfOY3enL5mcjg==')])
2026-05-25 22:15:21,225 | INFO     | httpx                | HTTP Request: GET https://huggingface.co/api/models/sentence-transformers/paraphrase-multilingual-MiniLM-L12-v2 "HTTP/1.1 200 OK"
2026-05-25 22:15:21,225 | DEBUG    | httpcore.http11      | receive_response_body.started request=<Request [b'GET']>
2026-05-25 22:15:21,225 | DEBUG    | httpcore.http11      | receive_response_body.complete
2026-05-25 22:15:21,226 | DEBUG    | httpcore.http11      | response_closed.started
2026-05-25 22:15:21,226 | DEBUG    | httpcore.http11      | response_closed.complete
2026-05-25 22:15:21,232 | INFO     | modules.filter.stt_filter.should_shut_up.should_shut_up_model | ✓ ShouldShutUpModel initialized successfully
2026-05-25 22:15:21,232 | DEBUG    | modules.filter.stt_filter.stt_filter | ✓ Models loaded
2026-05-25 22:15:21,232 | INFO     | modules.filter.stt_filter.stt_filter | ✓ SttFilter initialized successfully
2026-05-25 22:15:21,233 | DEBUG    | modules.filter.filter | ✓ STT filter loaded
2026-05-25 22:15:21,233 | DEBUG    | modules.filter.filter | CV filter: Not yet implemented
2026-05-25 22:15:21,234 | DEBUG    | modules.filter.filter | System filter: Not yet implemented
2026-05-25 22:15:21,234 | INFO     | modules.filter.filter | ✓ Filter module initialized successfully
2026-05-25 22:15:21,234 | DEBUG    | modules.filter.filter | Dialogue continuation mode: False
2026-05-25 22:15:21,235 | DEBUG    | main_module          | ✓ Filter module loaded
2026-05-25 22:15:21,235 | DEBUG    | main_module          | Initializing Dispatcher module...
2026-05-25 22:15:21,235 | INFO     | modules.dispatcher.dispatcher | Initializing Dispatcher module...
2026-05-25 22:15:21,236 | DEBUG    | modules.dispatcher.dispatcher | Loading NeedMath model...
2026-05-25 22:15:21,236 | INFO     | modules.dispatcher.need_math | NeedMath classifier initialized
2026-05-25 22:15:21,236 | DEBUG    | modules.dispatcher.need_math | NeedMath is ready to filter mathematical expressions
2026-05-25 22:15:21,236 | DEBUG    | modules.dispatcher.dispatcher | ✓ NeedMath model loaded
2026-05-25 22:15:21,237 | DEBUG    | modules.dispatcher.dispatcher | Loading NeedConsole model...
2026-05-25 22:15:21,237 | INFO     | modules.dispatcher.need_console | NeedConsole classifier initialized
2026-05-25 22:15:21,237 | DEBUG    | modules.dispatcher.need_console | NeedConsole is ready to filter console commands
2026-05-25 22:15:21,238 | DEBUG    | modules.dispatcher.dispatcher | ✓ NeedConsole model loaded
2026-05-25 22:15:21,238 | INFO     | modules.dispatcher.dispatcher | ✓ Dispatcher initialized successfully
2026-05-25 22:15:21,238 | DEBUG    | main_module          | ✓ Dispatcher module loaded
2026-05-25 22:15:21,238 | DEBUG    | main_module          | Initializing PreProcess module...
2026-05-25 22:15:21,238 | INFO     | modules.pre_process.pre_process | PreProcess module initialized
2026-05-25 22:15:21,238 | DEBUG    | modules.pre_process.pre_process | PreProcess is ready to process input data
2026-05-25 22:15:21,238 | DEBUG    | main_module          | ✓ PreProcess module loaded
2026-05-25 22:15:21,239 | INFO     | main_module          | ✓ Core modules initialized successfully
2026-05-25 22:15:21,239 | INFO     | main_module          | Core data structure initialized | context_size=0 | modules_online={'stt': False, 'cv': False, 'sys': False}
2026-05-25 22:15:21,239 | INFO     | main_module          | ==================================================
2026-05-25 22:15:21,239 | INFO     | server               | ✓ Core service initialized successfully
2026-05-25 22:15:21,239 | INFO     | server               | Server ready to accept requests on port 8000
2026-05-25 22:15:21,239 | INFO     | server               | ============================================================
2026-05-25 22:15:21,342 | INFO     | uvicorn.error        | Started server process [7690]
2026-05-25 22:15:21,342 | INFO     | uvicorn.error        | Waiting for application startup.
2026-05-25 22:15:21,344 | INFO     | server               | ============================================================
2026-05-25 22:15:21,345 | INFO     | server               | CORE SERVICE STARTUP COMPLETED
2026-05-25 22:15:21,345 | INFO     | server               | ============================================================
2026-05-25 22:15:21,347 | INFO     | uvicorn.error        | Application startup complete.
2026-05-25 22:15:21,348 | INFO     | uvicorn.error        | Uvicorn running on http://127.0.0.1:8000 (Press CTRL+C to quit)
2026-05-25 22:15:56,580 | INFO     | server               | 📥 STT POST request received | lang=ru | text_len=27
2026-05-25 22:15:56,581 | DEBUG    | server               | STT request details | speaker=Владелец | text='Агат, включи свет в комнате...' if len(speach_info.text) > 100 else 'Агат, включи свет в комнате'
2026-05-25 22:15:56,581 | DEBUG    | server               | ✓ STT background task added to queue
2026-05-25 22:15:56,582 | INFO     | uvicorn.access       | 127.0.0.1:35232 - "POST /core/stt HTTP/1.1" 200
2026-05-25 22:15:56,583 | INFO     | main_module          | STT input received | speaker=Владелец | language=ru | text_len=27
2026-05-25 22:15:56,583 | DEBUG    | main_module          | STT input text: 'Агат, включи свет в комнате'
2026-05-25 22:15:56,583 | DEBUG    | main_module          | STT data updated | timestamp=1779736556.583668 | context_size=0
2026-05-25 22:15:56,583 | DEBUG    | main_module          | === Starting input filtering pipeline ===
2026-05-25 22:15:56,584 | DEBUG    | main_module          | Current context size: 0 elements
2026-05-25 22:15:56,584 | DEBUG    | main_module          | STT text: 'Агат, включи свет в комнате'
2026-05-25 22:15:56,584 | INFO     | main_module          | 🔍 Filtering input - Checking if answer is needed
2026-05-25 22:15:56,584 | DEBUG    | main_module          | Input STT text: 'Агат, включи свет в комнате'
2026-05-25 22:15:56,585 | DEBUG    | modules.filter.stt_filter.stt_filter | Checking if should shut up | input_text='Агат, включи свет в комнате...'
2026-05-25 22:15:56,585 | DEBUG    | modules.filter.stt_filter.stt_filter | Checking if should shut up...
2026-05-25 22:15:56,585 | DEBUG    | modules.filter.stt_filter.should_shut_up.should_shut_up_model | ShouldShutUpModel call | input_text='Агат, включи свет в комнате...'
2026-05-25 22:15:56,585 | DEBUG    | modules.filter.stt_filter.should_shut_up.should_shut_up_model | Pre-processing input...
2026-05-25 22:15:56,586 | DEBUG    | modules.filter.stt_filter.should_shut_up.should_shut_up_model | Pre-processing input...
2026-05-25 22:15:56,586 | DEBUG    | modules.filter.stt_filter.should_shut_up.should_shut_up_model | Pre-processing complete | output_len=27
2026-05-25 22:15:56,586 | DEBUG    | modules.filter.stt_filter.should_shut_up.should_shut_up_model | Pre-processing complete | processed_len=27
2026-05-25 22:15:56,586 | DEBUG    | modules.filter.stt_filter.should_shut_up.should_shut_up_model | Running model inference...
2026-05-25 22:15:57,065 | INFO     | modules.filter.stt_filter.should_shut_up.should_shut_up_model | ✓ Importance score calculated | score=0.000
2026-05-25 22:15:57,065 | DEBUG    | modules.filter.stt_filter.should_shut_up.should_shut_up_model | Processed input: Агат, включи свет в комнате
2026-05-25 22:15:57,065 | DEBUG    | modules.filter.stt_filter.stt_filter | Should shut up result: 0.0
2026-05-25 22:15:57,065 | DEBUG    | modules.filter.filter | === Starting parallel filtering ===
2026-05-25 22:15:57,065 | DEBUG    | modules.filter.filter | Creating STT filter thread...
2026-05-25 22:15:57,065 | DEBUG    | modules.filter.filter | Creating CV filter thread...
2026-05-25 22:15:57,066 | DEBUG    | modules.filter.filter | Creating System filter thread...
2026-05-25 22:15:57,066 | DEBUG    | modules.filter.filter | Starting all filter threads...
2026-05-25 22:15:57,066 | DEBUG    | modules.filter.filter | STT filter: Analyzing speech input...
2026-05-25 22:15:57,066 | DEBUG    | modules.filter.filter | Thread started: STT-Filter-Thread
2026-05-25 22:15:57,066 | DEBUG    | modules.filter.stt_filter.stt_filter | SttFilter called | input_text='Агат, включи свет в комнате...' | dialogue_continues=False
2026-05-25 22:15:57,066 | DEBUG    | modules.filter.filter | CV filter: Not yet implemented - marking as unimportant
2026-05-25 22:15:57,067 | DEBUG    | modules.filter.stt_filter.stt_filter | Dialogue not active - using higher threshold: 0.8
2026-05-25 22:15:57,067 | DEBUG    | modules.filter.filter | Thread started: CV-Filter-Thread
2026-05-25 22:15:57,067 | DEBUG    | modules.filter.stt_filter.stt_filter | Importance threshold: 0.8 (dialogue_continues=False)
2026-05-25 22:15:57,067 | DEBUG    | modules.filter.filter | System filter: Not yet implemented - marking as unimportant
2026-05-25 22:15:57,067 | DEBUG    | modules.filter.stt_filter.stt_filter | Checking importance | threshold=0.8 | context_size=0
2026-05-25 22:15:57,068 | DEBUG    | modules.filter.stt_filter.stt_filter | Dialogue not active - using empty context for evaluation
2026-05-25 22:15:57,067 | DEBUG    | modules.filter.filter | Thread started: Sys-Filter-Thread
2026-05-25 22:15:57,068 | DEBUG    | modules.filter.filter | Waiting for all filter threads to complete...
2026-05-25 22:15:57,068 | DEBUG    | modules.filter.stt_filter.stt_filter | Getting importance score from SttImpModel...
2026-05-25 22:15:57,068 | DEBUG    | modules.filter.stt_filter.imp_model.imp_model | SttImpModel call | input_text='N/A...' | context_size=0
2026-05-25 22:15:57,068 | DEBUG    | modules.filter.stt_filter.imp_model.imp_model | Pre-processing input...
2026-05-25 22:15:57,068 | DEBUG    | modules.filter.stt_filter.imp_model.imp_model | Pre-processing context...
2026-05-25 22:15:57,068 | DEBUG    | modules.filter.stt_filter.imp_model.imp_model | Processing context | size=0
2026-05-25 22:15:57,068 | DEBUG    | modules.filter.stt_filter.imp_model.imp_model | Adding current input | text='...'
2026-05-25 22:15:57,068 | DEBUG    | modules.filter.stt_filter.imp_model.imp_model | Pre-processing complete | output_len=7
2026-05-25 22:15:57,068 | DEBUG    | modules.filter.stt_filter.imp_model.imp_model | Pre-processing complete | processed_len=7
2026-05-25 22:15:57,069 | DEBUG    | modules.filter.stt_filter.imp_model.imp_model | Running model inference...
2026-05-25 22:15:57,119 | DEBUG    | modules.filter.stt_filter.imp_model.models.own_model.transformer.encoder.forward |     Encoder layer input: torch.Size([1, 512, 256]) (with padding mask)
2026-05-25 22:15:57,120 | DEBUG    | modules.filter.stt_filter.imp_model.models.own_model.transformer.pytorch_attention.attention |       MHA: Q=torch.Size([1, 512, 256]), K=torch.Size([1, 512, 256]), V=torch.Size([1, 512, 256])
2026-05-25 22:15:57,120 | DEBUG    | modules.filter.stt_filter.imp_model.models.own_model.transformer.pytorch_attention.attention |       Mask applied: torch.Size([1, 1, 1, 512])
2026-05-25 22:15:57,138 | DEBUG    | modules.filter.stt_filter.imp_model.models.own_model.transformer.encoder.forward |     Encoder layer output: torch.Size([1, 512, 256])
2026-05-25 22:15:57,138 | INFO     | modules.filter.stt_filter.imp_model.imp_model | ✓ Importance score calculated | score=0.016
2026-05-25 22:15:57,138 | DEBUG    | modules.filter.stt_filter.imp_model.imp_model | Processed input: /user ;
2026-05-25 22:15:57,138 | DEBUG    | modules.filter.stt_filter.stt_filter | ✓ Importance score obtained: 0.016
2026-05-25 22:15:57,139 | DEBUG    | modules.filter.stt_filter.stt_filter | Importance value: 0.016 | Threshold: 0.8 | Important: False
2026-05-25 22:15:57,139 | DEBUG    | modules.filter.stt_filter.stt_filter | Importance: False (threshold: 0.8)
2026-05-25 22:15:57,139 | DEBUG    | modules.filter.stt_filter.stt_filter | Dialogue state unchanged: False
2026-05-25 22:15:57,139 | DEBUG    | modules.filter.filter | STT filter result: False
2026-05-25 22:15:57,139 | DEBUG    | modules.filter.filter | Thread completed: STT-Filter-Thread
2026-05-25 22:15:57,139 | DEBUG    | modules.filter.filter | Thread completed: CV-Filter-Thread
2026-05-25 22:15:57,139 | DEBUG    | modules.filter.filter | Thread completed: Sys-Filter-Thread
2026-05-25 22:15:57,139 | DEBUG    | modules.filter.filter | === Filtering complete | Results: {'cv': False, 'sys': False, 'stt': False} ===
2026-05-25 22:15:57,140 | DEBUG    | main_module          | Filter importance results: {'cv': False, 'sys': False, 'stt': False}
2026-05-25 22:15:57,140 | DEBUG    | main_module          | Updating input importance flags
2026-05-25 22:15:57,140 | DEBUG    | main_module          | Input importance updated | stt=False | cv=False | sys=False
2026-05-25 22:15:57,140 | DEBUG    | main_module          | ✗ No important input detected
2026-05-25 22:15:57,140 | INFO     | main_module          | Filter decision | need_answer=False
2026-05-25 22:15:57,140 | DEBUG    | main_module          | ✗ Input rejected by filter
2026-05-25 22:15:57,140 | DEBUG    | main_module          | Filter importance: stt=False | cv=False | sys=False
2026-05-25 22:16:33,733 | INFO     | server               | 📥 STT POST request received | lang=ru | text_len=18
2026-05-25 22:16:33,733 | DEBUG    | server               | STT request details | speaker=Владелец | text='Как у тебя  дела? ...' if len(speach_info.text) > 100 else 'Как у тебя  дела? '
2026-05-25 22:16:33,733 | DEBUG    | server               | ✓ STT background task added to queue
2026-05-25 22:16:33,734 | INFO     | uvicorn.access       | 127.0.0.1:34914 - "POST /core/stt HTTP/1.1" 200
2026-05-25 22:16:33,734 | INFO     | main_module          | STT input received | speaker=Владелец | language=ru | text_len=18
2026-05-25 22:16:33,735 | DEBUG    | main_module          | STT input text: 'Как у тебя  дела? '
2026-05-25 22:16:33,735 | DEBUG    | main_module          | STT data updated | timestamp=1779736593.735392 | context_size=0
2026-05-25 22:16:33,735 | DEBUG    | main_module          | === Starting input filtering pipeline ===
2026-05-25 22:16:33,735 | DEBUG    | main_module          | Current context size: 0 elements
2026-05-25 22:16:33,736 | DEBUG    | main_module          | STT text: 'Как у тебя  дела? '
2026-05-25 22:16:33,736 | INFO     | main_module          | 🔍 Filtering input - Checking if answer is needed
2026-05-25 22:16:33,736 | DEBUG    | main_module          | Input STT text: 'Как у тебя  дела? '
2026-05-25 22:16:33,736 | DEBUG    | modules.filter.stt_filter.stt_filter | Checking if should shut up | input_text='Как у тебя  дела? ...'
2026-05-25 22:16:33,736 | DEBUG    | modules.filter.stt_filter.stt_filter | Checking if should shut up...
2026-05-25 22:16:33,737 | DEBUG    | modules.filter.stt_filter.should_shut_up.should_shut_up_model | ShouldShutUpModel call | input_text='Как у тебя  дела? ...'
2026-05-25 22:16:33,737 | DEBUG    | modules.filter.stt_filter.should_shut_up.should_shut_up_model | Pre-processing input...
2026-05-25 22:16:33,737 | DEBUG    | modules.filter.stt_filter.should_shut_up.should_shut_up_model | Pre-processing input...
2026-05-25 22:16:33,737 | DEBUG    | modules.filter.stt_filter.should_shut_up.should_shut_up_model | Pre-processing complete | output_len=18
2026-05-25 22:16:33,737 | DEBUG    | modules.filter.stt_filter.should_shut_up.should_shut_up_model | Pre-processing complete | processed_len=18
2026-05-25 22:16:33,738 | DEBUG    | modules.filter.stt_filter.should_shut_up.should_shut_up_model | Running model inference...
2026-05-25 22:16:33,863 | INFO     | modules.filter.stt_filter.should_shut_up.should_shut_up_model | ✓ Importance score calculated | score=0.000
2026-05-25 22:16:33,863 | DEBUG    | modules.filter.stt_filter.should_shut_up.should_shut_up_model | Processed input: Как у тебя  дела? 
2026-05-25 22:16:33,863 | DEBUG    | modules.filter.stt_filter.stt_filter | Should shut up result: 0.0
2026-05-25 22:16:33,863 | DEBUG    | modules.filter.filter | === Starting parallel filtering ===
2026-05-25 22:16:33,863 | DEBUG    | modules.filter.filter | Creating STT filter thread...
2026-05-25 22:16:33,863 | DEBUG    | modules.filter.filter | Creating CV filter thread...
2026-05-25 22:16:33,864 | DEBUG    | modules.filter.filter | Creating System filter thread...
2026-05-25 22:16:33,864 | DEBUG    | modules.filter.filter | Starting all filter threads...
2026-05-25 22:16:33,864 | DEBUG    | modules.filter.filter | STT filter: Analyzing speech input...
2026-05-25 22:16:33,864 | DEBUG    | modules.filter.filter | Thread started: STT-Filter-Thread
2026-05-25 22:16:33,864 | DEBUG    | modules.filter.stt_filter.stt_filter | SttFilter called | input_text='Как у тебя  дела? ...' | dialogue_continues=False
2026-05-25 22:16:33,864 | DEBUG    | modules.filter.filter | CV filter: Not yet implemented - marking as unimportant
2026-05-25 22:16:33,864 | DEBUG    | modules.filter.filter | Thread started: CV-Filter-Thread
2026-05-25 22:16:33,865 | DEBUG    | modules.filter.stt_filter.stt_filter | Dialogue not active - using higher threshold: 0.8
2026-05-25 22:16:33,865 | DEBUG    | modules.filter.filter | System filter: Not yet implemented - marking as unimportant
2026-05-25 22:16:33,865 | DEBUG    | modules.filter.filter | Thread started: Sys-Filter-Thread
2026-05-25 22:16:33,865 | DEBUG    | modules.filter.stt_filter.stt_filter | Importance threshold: 0.8 (dialogue_continues=False)
2026-05-25 22:16:33,865 | DEBUG    | modules.filter.filter | Waiting for all filter threads to complete...
2026-05-25 22:16:33,865 | DEBUG    | modules.filter.stt_filter.stt_filter | Checking importance | threshold=0.8 | context_size=0
2026-05-25 22:16:33,865 | DEBUG    | modules.filter.stt_filter.stt_filter | Dialogue not active - using empty context for evaluation
2026-05-25 22:16:33,866 | DEBUG    | modules.filter.stt_filter.stt_filter | Getting importance score from SttImpModel...
2026-05-25 22:16:33,866 | DEBUG    | modules.filter.stt_filter.imp_model.imp_model | SttImpModel call | input_text='N/A...' | context_size=0
2026-05-25 22:16:33,866 | DEBUG    | modules.filter.stt_filter.imp_model.imp_model | Pre-processing input...
2026-05-25 22:16:33,866 | DEBUG    | modules.filter.stt_filter.imp_model.imp_model | Pre-processing context...
2026-05-25 22:16:33,866 | DEBUG    | modules.filter.stt_filter.imp_model.imp_model | Processing context | size=0
2026-05-25 22:16:33,866 | DEBUG    | modules.filter.stt_filter.imp_model.imp_model | Adding current input | text='...'
2026-05-25 22:16:33,866 | DEBUG    | modules.filter.stt_filter.imp_model.imp_model | Pre-processing complete | output_len=7
2026-05-25 22:16:33,866 | DEBUG    | modules.filter.stt_filter.imp_model.imp_model | Pre-processing complete | processed_len=7
2026-05-25 22:16:33,866 | DEBUG    | modules.filter.stt_filter.imp_model.imp_model | Running model inference...
2026-05-25 22:16:33,877 | DEBUG    | modules.filter.stt_filter.imp_model.models.own_model.transformer.encoder.forward |     Encoder layer input: torch.Size([1, 512, 256]) (with padding mask)
2026-05-25 22:16:33,877 | DEBUG    | modules.filter.stt_filter.imp_model.models.own_model.transformer.pytorch_attention.attention |       MHA: Q=torch.Size([1, 512, 256]), K=torch.Size([1, 512, 256]), V=torch.Size([1, 512, 256])
2026-05-25 22:16:33,877 | DEBUG    | modules.filter.stt_filter.imp_model.models.own_model.transformer.pytorch_attention.attention |       Mask applied: torch.Size([1, 1, 1, 512])
2026-05-25 22:16:33,893 | DEBUG    | modules.filter.stt_filter.imp_model.models.own_model.transformer.encoder.forward |     Encoder layer output: torch.Size([1, 512, 256])
2026-05-25 22:16:33,893 | INFO     | modules.filter.stt_filter.imp_model.imp_model | ✓ Importance score calculated | score=0.016
2026-05-25 22:16:33,893 | DEBUG    | modules.filter.stt_filter.imp_model.imp_model | Processed input: /user ;
2026-05-25 22:16:33,893 | DEBUG    | modules.filter.stt_filter.stt_filter | ✓ Importance score obtained: 0.016
2026-05-25 22:16:33,893 | DEBUG    | modules.filter.stt_filter.stt_filter | Importance value: 0.016 | Threshold: 0.8 | Important: False
2026-05-25 22:16:33,893 | DEBUG    | modules.filter.stt_filter.stt_filter | Importance: False (threshold: 0.8)
2026-05-25 22:16:33,894 | DEBUG    | modules.filter.stt_filter.stt_filter | Dialogue state unchanged: False
2026-05-25 22:16:33,894 | DEBUG    | modules.filter.filter | STT filter result: False
2026-05-25 22:16:33,894 | DEBUG    | modules.filter.filter | Thread completed: STT-Filter-Thread
2026-05-25 22:16:33,894 | DEBUG    | modules.filter.filter | Thread completed: CV-Filter-Thread
2026-05-25 22:16:33,894 | DEBUG    | modules.filter.filter | Thread completed: Sys-Filter-Thread
2026-05-25 22:16:33,894 | DEBUG    | modules.filter.filter | === Filtering complete | Results: {'cv': False, 'sys': False, 'stt': False} ===
2026-05-25 22:16:33,894 | DEBUG    | main_module          | Filter importance results: {'cv': False, 'sys': False, 'stt': False}
2026-05-25 22:16:33,894 | DEBUG    | main_module          | Updating input importance flags
2026-05-25 22:16:33,894 | DEBUG    | main_module          | Input importance updated | stt=False | cv=False | sys=False
2026-05-25 22:16:33,894 | DEBUG    | main_module          | ✗ No important input detected
2026-05-25 22:16:33,895 | INFO     | main_module          | Filter decision | need_answer=False
2026-05-25 22:16:33,895 | DEBUG    | main_module          | ✗ Input rejected by filter
2026-05-25 22:16:33,895 | DEBUG    | main_module          | Filter importance: stt=False | cv=False | sys=False
2026-05-25 23:00:13,533 | INFO     | uvicorn.error        | Shutting down
2026-05-25 23:00:13,633 | INFO     | uvicorn.error        | Waiting for application shutdown.
2026-05-25 23:00:13,634 | INFO     | server               | ============================================================
2026-05-25 23:00:13,634 | INFO     | server               | CORE SERVICE SHUTTING DOWN
2026-05-25 23:00:13,634 | INFO     | server               | ============================================================
2026-05-25 23:00:13,634 | INFO     | uvicorn.error        | Application shutdown complete.
2026-05-25 23:00:13,634 | INFO     | uvicorn.error        | Finished server process [7690]
2026-05-25 23:00:13,636 | DEBUG    | httpcore.connection  | close.started
2026-05-25 23:00:13,636 | DEBUG    | httpcore.connection  | close.complete
