2026-05-25 13:19:17,519 | INFO     | server               | ============================================================
2026-05-25 13:19:17,519 | INFO     | server               | CORE SERVICE INITIALIZATION
2026-05-25 13:19:17,519 | INFO     | server               | ============================================================
2026-05-25 13:19:17,519 | INFO     | server               | Creating Core instance...
2026-05-25 13:19:17,520 | INFO     | main_module          | ==================================================
2026-05-25 13:19:17,520 | INFO     | main_module          | Core module initialization started
2026-05-25 13:19:17,520 | DEBUG    | main_module          | Initializing Filter module...
2026-05-25 13:19:17,520 | INFO     | modules.filter.filter | Initializing Filter module...
2026-05-25 13:19:17,520 | DEBUG    | modules.filter.filter | Loading STT filter model...
2026-05-25 13:19:17,520 | INFO     | modules.filter.stt_filter.stt_filter | Initializing SttFilter...
2026-05-25 13:19:17,520 | DEBUG    | modules.filter.stt_filter.stt_filter | Loading SttImpModel...
2026-05-25 13:19:17,520 | INFO     | modules.filter.stt_filter.imp_model.imp_model | Initializing SttImpModel...
2026-05-25 13:19:17,521 | DEBUG    | modules.filter.stt_filter.imp_model.imp_model | Loading Model...
2026-05-25 13:19:17,554 | INFO     | modules.filter.stt_filter.imp_model.models.own_model.transformer.pytorch_attention.init | MultiHeadAttention initialized
2026-05-25 13:19:17,554 | INFO     | modules.filter.stt_filter.imp_model.models.own_model.transformer.pytorch_attention.init | MultiHeadAttentionlConfig: d_model=256, heads=8
2026-05-25 13:19:17,557 | INFO     | modules.filter.stt_filter.imp_model.models.own_model.transformer.feedforward.init | Feedforward initialized
2026-05-25 13:19:17,557 | INFO     | modules.filter.stt_filter.imp_model.models.own_model.transformer.feedforward.init | FeedforwardlConfig: d_model=256, d_ff=1024
2026-05-25 13:19:17,558 | INFO     | modules.filter.stt_filter.imp_model.models.own_model.transformer.encoder.init | Encoder initialized
2026-05-25 13:19:17,558 | INFO     | modules.filter.stt_filter.imp_model.models.own_model.transformer.encoder.init | EncoderlConfig: d_model=256, heads=8, d_ff=1024, dropout=0.31622776601683794
2026-05-25 13:19:17,586 | DEBUG    | httpcore.connection  | connect_tcp.started host='huggingface.co' port=443 local_address=None timeout=10 socket_options=None
2026-05-25 13:19:17,626 | DEBUG    | httpcore.connection  | connect_tcp.complete return_value=<httpcore._backends.sync.SyncStream object at 0x7dafc6296170>
2026-05-25 13:19:17,626 | DEBUG    | httpcore.connection  | start_tls.started ssl_context=<ssl.SSLContext object at 0x7dafc62a2bc0> server_hostname='huggingface.co' timeout=10
2026-05-25 13:19:17,664 | DEBUG    | httpcore.connection  | start_tls.complete return_value=<httpcore._backends.sync.SyncStream object at 0x7dafc62962f0>
2026-05-25 13:19:17,665 | DEBUG    | httpcore.http11      | send_request_headers.started request=<Request [b'HEAD']>
2026-05-25 13:19:17,665 | DEBUG    | httpcore.http11      | send_request_headers.complete
2026-05-25 13:19:17,665 | DEBUG    | httpcore.http11      | send_request_body.started request=<Request [b'HEAD']>
2026-05-25 13:19:17,665 | DEBUG    | httpcore.http11      | send_request_body.complete
2026-05-25 13:19:17,665 | DEBUG    | httpcore.http11      | receive_response_headers.started request=<Request [b'HEAD']>
2026-05-25 13:19:17,820 | DEBUG    | httpcore.http11      | receive_response_headers.complete return_value=(b'HTTP/1.1', 307, b'Temporary Redirect', [(b'Content-Type', b'text/plain; charset=utf-8'), (b'Content-Length', b'238'), (b'Connection', b'keep-alive'), (b'Date', b'Mon, 25 May 2026 10:19:17 GMT'), (b'Location', b'/api/resolve-cache/models/boltuix/bert-lite/bc0e85c1c303ee38a6b4a7276ce7cf6d0581cce5/config.json?%2Fboltuix%2Fbert-lite%2Fresolve%2Fmain%2Fconfig.json=&etag=%2281ba83673fa0d07fc98d4ba418715df42ab28a6f%22'), (b'X-Powered-By', b'huggingface-moon'), (b'X-Request-Id', b'Root=1-6a142225-189e79cd587c1ee30e660c4a;5ad5383b-90d7-4b99-9f96-9c4265c3baa0'), (b'RateLimit', b'"resolvers";r=4978;t=98'), (b'RateLimit-Policy', b'"fixed window";"resolvers";q=5000;w=300'), (b'cross-origin-opener-policy', b'same-origin'), (b'Referrer-Policy', b'strict-origin-when-cross-origin'), (b'Access-Control-Max-Age', b'86400'), (b'Access-Control-Allow-Origin', b'https://huggingface.co'), (b'Vary', b'Origin, Accept'), (b'Access-Control-Expose-Headers', b'X-Repo-Commit,X-Request-Id,X-Error-Code,X-Error-Message,X-Total-Count,ETag,Link,Accept-Ranges,Content-Range,X-Linked-Size,X-Linked-ETag,X-Xet-Hash'), (b'X-Repo-Commit', b'bc0e85c1c303ee38a6b4a7276ce7cf6d0581cce5'), (b'Accept-Ranges', b'bytes'), (b'X-Hub-Cache', b'MISS'), (b'Content-Disposition', b'inline; filename*=UTF-8\'\'config.json; filename="config.json";'), (b'Content-Security-Policy', b"default-src 'none'; sandbox"), (b'X-Linked-ETag', b'"81ba83673fa0d07fc98d4ba418715df42ab28a6f"'), (b'X-Cache', b'Miss from cloudfront'), (b'Via', b'1.1 385cb8def78c1bb03b9aa3bd53bf1f06.cloudfront.net (CloudFront)'), (b'X-Amz-Cf-Pop', b'FRA50-P2'), (b'X-Amz-Cf-Id', b'HUcHGqiEIKWSOw9ErzKKBVMib7oTOecWaQCpxK2qTTaBkcBtPAEC7A==')])
2026-05-25 13:19:17,820 | INFO     | httpx                | HTTP Request: HEAD https://huggingface.co/boltuix/bert-lite/resolve/main/config.json "HTTP/1.1 307 Temporary Redirect"
2026-05-25 13:19:17,821 | DEBUG    | httpcore.http11      | receive_response_body.started request=<Request [b'HEAD']>
2026-05-25 13:19:17,821 | DEBUG    | httpcore.http11      | receive_response_body.complete
2026-05-25 13:19:17,821 | DEBUG    | httpcore.http11      | response_closed.started
2026-05-25 13:19:17,821 | DEBUG    | httpcore.http11      | response_closed.complete
2026-05-25 13:19:17,822 | DEBUG    | httpcore.http11      | send_request_headers.started request=<Request [b'HEAD']>
2026-05-25 13:19:17,822 | DEBUG    | httpcore.http11      | send_request_headers.complete
2026-05-25 13:19:17,822 | DEBUG    | httpcore.http11      | send_request_body.started request=<Request [b'HEAD']>
2026-05-25 13:19:17,822 | DEBUG    | httpcore.http11      | send_request_body.complete
2026-05-25 13:19:17,822 | DEBUG    | httpcore.http11      | receive_response_headers.started request=<Request [b'HEAD']>
2026-05-25 13:19:17,861 | DEBUG    | httpcore.http11      | receive_response_headers.complete return_value=(b'HTTP/1.1', 200, b'OK', [(b'Content-Type', b'text/plain; charset=utf-8'), (b'Content-Length', b'587'), (b'Connection', b'keep-alive'), (b'Date', b'Wed, 13 May 2026 12:33:48 GMT'), (b'ETag', b'"81ba83673fa0d07fc98d4ba418715df42ab28a6f"'), (b'X-Powered-By', b'huggingface-moon'), (b'X-Request-Id', b'Root=1-6a046fac-1335b433506b8b384391f3c6;adbfdde3-1218-4a8d-ac5d-f6fb77b28728'), (b'RateLimit', b'"resolvers";r=4998;t=127'), (b'RateLimit-Policy', b'"fixed window";"resolvers";q=5000;w=300'), (b'cross-origin-opener-policy', b'same-origin'), (b'Referrer-Policy', b'strict-origin-when-cross-origin'), (b'Access-Control-Max-Age', b'86400'), (b'Access-Control-Allow-Origin', b'https://huggingface.co'), (b'Access-Control-Expose-Headers', b'X-Repo-Commit,X-Request-Id,X-Error-Code,X-Error-Message,X-Total-Count,ETag,Link,Accept-Ranges,Content-Range,X-Linked-Size,X-Linked-ETag,X-Xet-Hash'), (b'X-Repo-Commit', b'bc0e85c1c303ee38a6b4a7276ce7cf6d0581cce5'), (b'Accept-Ranges', b'bytes'), (b'X-Hub-Cache', b'MISS'), (b'Content-Disposition', b'inline; filename*=UTF-8\'\'config.json; filename="config.json";'), (b'Content-Security-Policy', b"default-src 'none'; sandbox"), (b'Vary', b'Origin'), (b'X-Cache', b'Hit from cloudfront'), (b'Via', b'1.1 385cb8def78c1bb03b9aa3bd53bf1f06.cloudfront.net (CloudFront)'), (b'X-Amz-Cf-Pop', b'FRA50-P2'), (b'X-Amz-Cf-Id', b'maC9QWzvcwjNmoVeNlWNbThvEzRt4ERt9qmesE0JpvvHxsLU_gjIvQ=='), (b'Age', b'1028729')])
2026-05-25 13:19:17,862 | INFO     | httpx                | HTTP Request: HEAD https://huggingface.co/api/resolve-cache/models/boltuix/bert-lite/bc0e85c1c303ee38a6b4a7276ce7cf6d0581cce5/config.json "HTTP/1.1 200 OK"
2026-05-25 13:19:17,862 | DEBUG    | httpcore.http11      | receive_response_body.started request=<Request [b'HEAD']>
2026-05-25 13:19:17,862 | DEBUG    | httpcore.http11      | receive_response_body.complete
2026-05-25 13:19:17,862 | DEBUG    | httpcore.http11      | response_closed.started
2026-05-25 13:19:17,862 | DEBUG    | httpcore.http11      | response_closed.complete
2026-05-25 13:19:17,886 | DEBUG    | httpcore.http11      | send_request_headers.started request=<Request [b'HEAD']>
2026-05-25 13:19:17,886 | DEBUG    | httpcore.http11      | send_request_headers.complete
2026-05-25 13:19:17,886 | DEBUG    | httpcore.http11      | send_request_body.started request=<Request [b'HEAD']>
2026-05-25 13:19:17,886 | DEBUG    | httpcore.http11      | send_request_body.complete
2026-05-25 13:19:17,887 | DEBUG    | httpcore.http11      | receive_response_headers.started request=<Request [b'HEAD']>
2026-05-25 13:19:18,030 | DEBUG    | httpcore.http11      | receive_response_headers.complete return_value=(b'HTTP/1.1', 307, b'Temporary Redirect', [(b'Content-Type', b'text/plain; charset=utf-8'), (b'Content-Length', b'258'), (b'Connection', b'keep-alive'), (b'Date', b'Mon, 25 May 2026 10:19:17 GMT'), (b'Location', b'/api/resolve-cache/models/boltuix/bert-lite/bc0e85c1c303ee38a6b4a7276ce7cf6d0581cce5/tokenizer_config.json?%2Fboltuix%2Fbert-lite%2Fresolve%2Fmain%2Ftokenizer_config.json=&etag=%22d5c1bb83f067f79da262aed09cbefafcbe8b4805%22'), (b'X-Powered-By', b'huggingface-moon'), (b'X-Request-Id', b'Root=1-6a142225-3d7eceef32e055197a47dc10;e6456fe0-cfa3-4caa-9a12-996d162354ce'), (b'RateLimit', b'"resolvers";r=4977;t=98'), (b'RateLimit-Policy', b'"fixed window";"resolvers";q=5000;w=300'), (b'cross-origin-opener-policy', b'same-origin'), (b'Referrer-Policy', b'strict-origin-when-cross-origin'), (b'Access-Control-Max-Age', b'86400'), (b'Access-Control-Allow-Origin', b'https://huggingface.co'), (b'Vary', b'Origin, Accept'), (b'Access-Control-Expose-Headers', b'X-Repo-Commit,X-Request-Id,X-Error-Code,X-Error-Message,X-Total-Count,ETag,Link,Accept-Ranges,Content-Range,X-Linked-Size,X-Linked-ETag,X-Xet-Hash'), (b'X-Repo-Commit', b'bc0e85c1c303ee38a6b4a7276ce7cf6d0581cce5'), (b'Accept-Ranges', b'bytes'), (b'X-Hub-Cache', b'MISS'), (b'Content-Disposition', b'inline; filename*=UTF-8\'\'tokenizer_config.json; filename="tokenizer_config.json";'), (b'Content-Security-Policy', b"default-src 'none'; sandbox"), (b'X-Linked-ETag', b'"d5c1bb83f067f79da262aed09cbefafcbe8b4805"'), (b'X-Cache', b'Miss from cloudfront'), (b'Via', b'1.1 385cb8def78c1bb03b9aa3bd53bf1f06.cloudfront.net (CloudFront)'), (b'X-Amz-Cf-Pop', b'FRA50-P2'), (b'X-Amz-Cf-Id', b'POYKOd_u05sU67lPr6BhWEbLEeXX23X8V01OpGgr_3PhK0kp4Mu8pg==')])
2026-05-25 13:19:18,030 | INFO     | httpx                | HTTP Request: HEAD https://huggingface.co/boltuix/bert-lite/resolve/main/tokenizer_config.json "HTTP/1.1 307 Temporary Redirect"
2026-05-25 13:19:18,031 | DEBUG    | httpcore.http11      | receive_response_body.started request=<Request [b'HEAD']>
2026-05-25 13:19:18,031 | DEBUG    | httpcore.http11      | receive_response_body.complete
2026-05-25 13:19:18,031 | DEBUG    | httpcore.http11      | response_closed.started
2026-05-25 13:19:18,031 | DEBUG    | httpcore.http11      | response_closed.complete
2026-05-25 13:19:18,031 | DEBUG    | httpcore.http11      | send_request_headers.started request=<Request [b'HEAD']>
2026-05-25 13:19:18,032 | DEBUG    | httpcore.http11      | send_request_headers.complete
2026-05-25 13:19:18,032 | DEBUG    | httpcore.http11      | send_request_body.started request=<Request [b'HEAD']>
2026-05-25 13:19:18,032 | DEBUG    | httpcore.http11      | send_request_body.complete
2026-05-25 13:19:18,032 | DEBUG    | httpcore.http11      | receive_response_headers.started request=<Request [b'HEAD']>
2026-05-25 13:19:18,071 | DEBUG    | httpcore.http11      | receive_response_headers.complete return_value=(b'HTTP/1.1', 200, b'OK', [(b'Content-Type', b'text/plain; charset=utf-8'), (b'Content-Length', b'1300'), (b'Connection', b'keep-alive'), (b'Date', b'Wed, 13 May 2026 12:33:49 GMT'), (b'ETag', b'"d5c1bb83f067f79da262aed09cbefafcbe8b4805"'), (b'X-Powered-By', b'huggingface-moon'), (b'X-Request-Id', b'Root=1-6a046fad-0b06b5443de61d2216ce7b5e;c30943df-c246-4194-9edb-c69729443dee'), (b'RateLimit', b'"resolvers";r=4995;t=126'), (b'RateLimit-Policy', b'"fixed window";"resolvers";q=5000;w=300'), (b'cross-origin-opener-policy', b'same-origin'), (b'Referrer-Policy', b'strict-origin-when-cross-origin'), (b'Access-Control-Max-Age', b'86400'), (b'Access-Control-Allow-Origin', b'https://huggingface.co'), (b'Access-Control-Expose-Headers', b'X-Repo-Commit,X-Request-Id,X-Error-Code,X-Error-Message,X-Total-Count,ETag,Link,Accept-Ranges,Content-Range,X-Linked-Size,X-Linked-ETag,X-Xet-Hash'), (b'X-Repo-Commit', b'bc0e85c1c303ee38a6b4a7276ce7cf6d0581cce5'), (b'Accept-Ranges', b'bytes'), (b'X-Hub-Cache', b'MISS'), (b'Content-Disposition', b'inline; filename*=UTF-8\'\'tokenizer_config.json; filename="tokenizer_config.json";'), (b'Content-Security-Policy', b"default-src 'none'; sandbox"), (b'Vary', b'Origin'), (b'X-Cache', b'Hit from cloudfront'), (b'Via', b'1.1 385cb8def78c1bb03b9aa3bd53bf1f06.cloudfront.net (CloudFront)'), (b'X-Amz-Cf-Pop', b'FRA50-P2'), (b'X-Amz-Cf-Id', b'vhnwp1MwT8pfn3eQCcMj_qaM5yOzFIbPUrDAzgUD19je4Jox3Nb2Og=='), (b'Age', b'1028729')])
2026-05-25 13:19:18,071 | INFO     | httpx                | HTTP Request: HEAD https://huggingface.co/api/resolve-cache/models/boltuix/bert-lite/bc0e85c1c303ee38a6b4a7276ce7cf6d0581cce5/tokenizer_config.json "HTTP/1.1 200 OK"
2026-05-25 13:19:18,071 | DEBUG    | httpcore.http11      | receive_response_body.started request=<Request [b'HEAD']>
2026-05-25 13:19:18,071 | DEBUG    | httpcore.http11      | receive_response_body.complete
2026-05-25 13:19:18,072 | DEBUG    | httpcore.http11      | response_closed.started
2026-05-25 13:19:18,072 | DEBUG    | httpcore.http11      | response_closed.complete
2026-05-25 13:19:18,096 | DEBUG    | httpcore.http11      | send_request_headers.started request=<Request [b'GET']>
2026-05-25 13:19:18,096 | DEBUG    | httpcore.http11      | send_request_headers.complete
2026-05-25 13:19:18,097 | DEBUG    | httpcore.http11      | send_request_body.started request=<Request [b'GET']>
2026-05-25 13:19:18,097 | DEBUG    | httpcore.http11      | send_request_body.complete
2026-05-25 13:19:18,097 | DEBUG    | httpcore.http11      | receive_response_headers.started request=<Request [b'GET']>
2026-05-25 13:19:18,242 | DEBUG    | httpcore.http11      | receive_response_headers.complete return_value=(b'HTTP/1.1', 404, b'Not Found', [(b'Content-Type', b'application/json; charset=utf-8'), (b'Content-Length', b'64'), (b'Connection', b'keep-alive'), (b'Date', b'Mon, 25 May 2026 10:19:18 GMT'), (b'ETag', b'W/"40-09f9IAqP13xarAhQxFS2W8rvRkM"'), (b'X-Powered-By', b'huggingface-moon'), (b'X-Request-Id', b'Root=1-6a142226-3885d0273b856bad4d22b0b0;fa546d6b-6f96-43bb-8f90-f7a37f74c992'), (b'RateLimit', b'"api";r=993;t=97'), (b'RateLimit-Policy', b'"fixed window";"api";q=1000;w=300'), (b'cross-origin-opener-policy', b'same-origin'), (b'Referrer-Policy', b'strict-origin-when-cross-origin'), (b'Access-Control-Max-Age', b'86400'), (b'Access-Control-Allow-Origin', b'https://huggingface.co'), (b'Vary', b'Origin'), (b'Access-Control-Expose-Headers', b'X-Repo-Commit,X-Request-Id,X-Error-Code,X-Error-Message,X-Total-Count,ETag,Link,Accept-Ranges,Content-Range,X-Linked-Size,X-Linked-ETag,X-Xet-Hash'), (b'X-Error-Code', b'EntryNotFound'), (b'X-Error-Message', b'additional_chat_templates does not exist on "main"'), (b'X-Cache', b'Error from cloudfront'), (b'Via', b'1.1 385cb8def78c1bb03b9aa3bd53bf1f06.cloudfront.net (CloudFront)'), (b'X-Amz-Cf-Pop', b'FRA50-P2'), (b'X-Amz-Cf-Id', b'NPYWjgzBvhkdnf7aOX4l1TMgkOqlDNRUjQ8gJkITWyvgg8iFmb0yAg==')])
2026-05-25 13:19:18,242 | INFO     | httpx                | HTTP Request: GET https://huggingface.co/api/models/boltuix/bert-lite/tree/main/additional_chat_templates?recursive=false&expand=false "HTTP/1.1 404 Not Found"
2026-05-25 13:19:18,243 | DEBUG    | httpcore.http11      | receive_response_body.started request=<Request [b'GET']>
2026-05-25 13:19:18,243 | DEBUG    | httpcore.http11      | receive_response_body.complete
2026-05-25 13:19:18,243 | DEBUG    | httpcore.http11      | response_closed.started
2026-05-25 13:19:18,244 | DEBUG    | httpcore.http11      | response_closed.complete
2026-05-25 13:19:18,248 | DEBUG    | httpcore.http11      | send_request_headers.started request=<Request [b'GET']>
2026-05-25 13:19:18,249 | DEBUG    | httpcore.http11      | send_request_headers.complete
2026-05-25 13:19:18,249 | DEBUG    | httpcore.http11      | send_request_body.started request=<Request [b'GET']>
2026-05-25 13:19:18,249 | DEBUG    | httpcore.http11      | send_request_body.complete
2026-05-25 13:19:18,249 | DEBUG    | httpcore.http11      | receive_response_headers.started request=<Request [b'GET']>
2026-05-25 13:19:18,395 | DEBUG    | httpcore.http11      | receive_response_headers.complete return_value=(b'HTTP/1.1', 200, b'OK', [(b'Content-Type', b'application/json; charset=utf-8'), (b'Transfer-Encoding', b'chunked'), (b'Connection', b'keep-alive'), (b'Date', b'Mon, 25 May 2026 10:19:18 GMT'), (b'content-encoding', b'gzip'), (b'ETag', b'W/"3f4-p6e3v60yrWQMyQA/1oVBgtFThWc"'), (b'X-Powered-By', b'huggingface-moon'), (b'X-Request-Id', b'Root=1-6a142226-4cf353585dc3068547dc8468;fa813d3c-2414-433a-92df-8afea4d414d0'), (b'RateLimit', b'"api";r=992;t=97'), (b'RateLimit-Policy', b'"fixed window";"api";q=1000;w=300'), (b'cross-origin-opener-policy', b'same-origin'), (b'Referrer-Policy', b'strict-origin-when-cross-origin'), (b'Access-Control-Max-Age', b'86400'), (b'Access-Control-Allow-Origin', b'https://huggingface.co'), (b'Vary', b'Origin'), (b'vary', b'Accept-Encoding'), (b'Access-Control-Expose-Headers', b'X-Repo-Commit,X-Request-Id,X-Error-Code,X-Error-Message,X-Total-Count,ETag,Link,Accept-Ranges,Content-Range,X-Linked-Size,X-Linked-ETag,X-Xet-Hash'), (b'X-Cache', b'Miss from cloudfront'), (b'Via', b'1.1 385cb8def78c1bb03b9aa3bd53bf1f06.cloudfront.net (CloudFront)'), (b'X-Amz-Cf-Pop', b'FRA50-P2'), (b'X-Amz-Cf-Id', b'brG13-TVjAXTZ_fRaOOT2SCvPNI4MVJZbaXo4bMy6apoOh4Rb4lftQ==')])
2026-05-25 13:19:18,396 | INFO     | httpx                | HTTP Request: GET https://huggingface.co/api/models/boltuix/bert-lite/tree/main?recursive=true&expand=false "HTTP/1.1 200 OK"
2026-05-25 13:19:18,397 | DEBUG    | httpcore.http11      | receive_response_body.started request=<Request [b'GET']>
2026-05-25 13:19:18,397 | DEBUG    | httpcore.http11      | receive_response_body.complete
2026-05-25 13:19:18,397 | DEBUG    | httpcore.http11      | response_closed.started
2026-05-25 13:19:18,398 | DEBUG    | httpcore.http11      | response_closed.complete
2026-05-25 13:19:18,473 | DEBUG    | httpcore.http11      | send_request_headers.started request=<Request [b'HEAD']>
2026-05-25 13:19:18,473 | DEBUG    | httpcore.http11      | send_request_headers.complete
2026-05-25 13:19:18,473 | DEBUG    | httpcore.http11      | send_request_body.started request=<Request [b'HEAD']>
2026-05-25 13:19:18,473 | DEBUG    | httpcore.http11      | send_request_body.complete
2026-05-25 13:19:18,473 | DEBUG    | httpcore.http11      | receive_response_headers.started request=<Request [b'HEAD']>
2026-05-25 13:19:18,617 | DEBUG    | httpcore.http11      | receive_response_headers.complete return_value=(b'HTTP/1.1', 307, b'Temporary Redirect', [(b'Content-Type', b'text/plain; charset=utf-8'), (b'Content-Length', b'238'), (b'Connection', b'keep-alive'), (b'Date', b'Mon, 25 May 2026 10:19:18 GMT'), (b'Location', b'/api/resolve-cache/models/boltuix/bert-lite/bc0e85c1c303ee38a6b4a7276ce7cf6d0581cce5/config.json?%2Fboltuix%2Fbert-lite%2Fresolve%2Fmain%2Fconfig.json=&etag=%2281ba83673fa0d07fc98d4ba418715df42ab28a6f%22'), (b'X-Powered-By', b'huggingface-moon'), (b'X-Request-Id', b'Root=1-6a142226-03983e505b58f4fd2788c2a0;7ced1a26-7211-4d72-acb3-cafbc2e64752'), (b'RateLimit', b'"resolvers";r=4976;t=97'), (b'RateLimit-Policy', b'"fixed window";"resolvers";q=5000;w=300'), (b'cross-origin-opener-policy', b'same-origin'), (b'Referrer-Policy', b'strict-origin-when-cross-origin'), (b'Access-Control-Max-Age', b'86400'), (b'Access-Control-Allow-Origin', b'https://huggingface.co'), (b'Vary', b'Origin, Accept'), (b'Access-Control-Expose-Headers', b'X-Repo-Commit,X-Request-Id,X-Error-Code,X-Error-Message,X-Total-Count,ETag,Link,Accept-Ranges,Content-Range,X-Linked-Size,X-Linked-ETag,X-Xet-Hash'), (b'X-Repo-Commit', b'bc0e85c1c303ee38a6b4a7276ce7cf6d0581cce5'), (b'Accept-Ranges', b'bytes'), (b'X-Hub-Cache', b'MISS'), (b'Content-Disposition', b'inline; filename*=UTF-8\'\'config.json; filename="config.json";'), (b'Content-Security-Policy', b"default-src 'none'; sandbox"), (b'X-Linked-ETag', b'"81ba83673fa0d07fc98d4ba418715df42ab28a6f"'), (b'X-Cache', b'Miss from cloudfront'), (b'Via', b'1.1 385cb8def78c1bb03b9aa3bd53bf1f06.cloudfront.net (CloudFront)'), (b'X-Amz-Cf-Pop', b'FRA50-P2'), (b'X-Amz-Cf-Id', b'GtgROmgMvbRwXL8GmtVmi5_hFYvLwWN5JLYWPkTNPTTGUQxPb_Yz1Q==')])
2026-05-25 13:19:18,618 | INFO     | httpx                | HTTP Request: HEAD https://huggingface.co/boltuix/bert-lite/resolve/main/config.json "HTTP/1.1 307 Temporary Redirect"
2026-05-25 13:19:18,618 | DEBUG    | httpcore.http11      | receive_response_body.started request=<Request [b'HEAD']>
2026-05-25 13:19:18,619 | DEBUG    | httpcore.http11      | receive_response_body.complete
2026-05-25 13:19:18,619 | DEBUG    | httpcore.http11      | response_closed.started
2026-05-25 13:19:18,619 | DEBUG    | httpcore.http11      | response_closed.complete
2026-05-25 13:19:18,620 | DEBUG    | httpcore.http11      | send_request_headers.started request=<Request [b'HEAD']>
2026-05-25 13:19:18,621 | DEBUG    | httpcore.http11      | send_request_headers.complete
2026-05-25 13:19:18,621 | DEBUG    | httpcore.http11      | send_request_body.started request=<Request [b'HEAD']>
2026-05-25 13:19:18,621 | DEBUG    | httpcore.http11      | send_request_body.complete
2026-05-25 13:19:18,621 | DEBUG    | httpcore.http11      | receive_response_headers.started request=<Request [b'HEAD']>
2026-05-25 13:19:18,664 | DEBUG    | httpcore.http11      | receive_response_headers.complete return_value=(b'HTTP/1.1', 200, b'OK', [(b'Content-Type', b'text/plain; charset=utf-8'), (b'Content-Length', b'587'), (b'Connection', b'keep-alive'), (b'Date', b'Wed, 13 May 2026 12:33:48 GMT'), (b'ETag', b'"81ba83673fa0d07fc98d4ba418715df42ab28a6f"'), (b'X-Powered-By', b'huggingface-moon'), (b'X-Request-Id', b'Root=1-6a046fac-1335b433506b8b384391f3c6;adbfdde3-1218-4a8d-ac5d-f6fb77b28728'), (b'RateLimit', b'"resolvers";r=4998;t=127'), (b'RateLimit-Policy', b'"fixed window";"resolvers";q=5000;w=300'), (b'cross-origin-opener-policy', b'same-origin'), (b'Referrer-Policy', b'strict-origin-when-cross-origin'), (b'Access-Control-Max-Age', b'86400'), (b'Access-Control-Allow-Origin', b'https://huggingface.co'), (b'Access-Control-Expose-Headers', b'X-Repo-Commit,X-Request-Id,X-Error-Code,X-Error-Message,X-Total-Count,ETag,Link,Accept-Ranges,Content-Range,X-Linked-Size,X-Linked-ETag,X-Xet-Hash'), (b'X-Repo-Commit', b'bc0e85c1c303ee38a6b4a7276ce7cf6d0581cce5'), (b'Accept-Ranges', b'bytes'), (b'X-Hub-Cache', b'MISS'), (b'Content-Disposition', b'inline; filename*=UTF-8\'\'config.json; filename="config.json";'), (b'Content-Security-Policy', b"default-src 'none'; sandbox"), (b'Vary', b'Origin'), (b'X-Cache', b'Hit from cloudfront'), (b'Via', b'1.1 385cb8def78c1bb03b9aa3bd53bf1f06.cloudfront.net (CloudFront)'), (b'X-Amz-Cf-Pop', b'FRA50-P2'), (b'X-Amz-Cf-Id', b'QckpnZkBdxsrRi4k2KSWpYzcX3D_YFtbiBVsoyR-NFpQ_EDYR8-pkg=='), (b'Age', b'1028730')])
2026-05-25 13:19:18,665 | INFO     | httpx                | HTTP Request: HEAD https://huggingface.co/api/resolve-cache/models/boltuix/bert-lite/bc0e85c1c303ee38a6b4a7276ce7cf6d0581cce5/config.json "HTTP/1.1 200 OK"
2026-05-25 13:19:18,665 | DEBUG    | httpcore.http11      | receive_response_body.started request=<Request [b'HEAD']>
2026-05-25 13:19:18,665 | DEBUG    | httpcore.http11      | receive_response_body.complete
2026-05-25 13:19:18,666 | DEBUG    | httpcore.http11      | response_closed.started
2026-05-25 13:19:18,666 | DEBUG    | httpcore.http11      | response_closed.complete
2026-05-25 13:19:18,826 | INFO     | modules.filter.stt_filter.imp_model.imp_model | ✓ SttImpModel initialized successfully
2026-05-25 13:19:18,827 | DEBUG    | modules.filter.stt_filter.stt_filter | Loading ShouldShutUpModel...
2026-05-25 13:19:18,827 | INFO     | modules.filter.stt_filter.should_shut_up.should_shut_up_model | Initializing ShouldShutUpModel...
2026-05-25 13:19:18,827 | DEBUG    | modules.filter.stt_filter.should_shut_up.should_shut_up_model | Loading Model...
2026-05-25 13:19:18,844 | INFO     | sentence_transformers.base.model | No device provided, using cpu
2026-05-25 13:19:18,846 | DEBUG    | httpcore.http11      | send_request_headers.started request=<Request [b'HEAD']>
2026-05-25 13:19:18,846 | DEBUG    | httpcore.http11      | send_request_headers.complete
2026-05-25 13:19:18,846 | DEBUG    | httpcore.http11      | send_request_body.started request=<Request [b'HEAD']>
2026-05-25 13:19:18,846 | DEBUG    | httpcore.http11      | send_request_body.complete
2026-05-25 13:19:18,846 | DEBUG    | httpcore.http11      | receive_response_headers.started request=<Request [b'HEAD']>
2026-05-25 13:19:18,988 | DEBUG    | httpcore.http11      | receive_response_headers.complete return_value=(b'HTTP/1.1', 307, b'Temporary Redirect', [(b'Content-Type', b'text/plain; charset=utf-8'), (b'Content-Length', b'324'), (b'Connection', b'keep-alive'), (b'Date', b'Mon, 25 May 2026 10:19:18 GMT'), (b'Location', b'/api/resolve-cache/models/sentence-transformers/paraphrase-multilingual-MiniLM-L12-v2/e8f8c211226b894fcb81acc59f3b34ba3efd5f42/modules.json?%2Fsentence-transformers%2Fparaphrase-multilingual-MiniLM-L12-v2%2Fresolve%2Fmain%2Fmodules.json=&etag=%22f7640f94e81bb7f4f04daf1668850b38763a13d9%22'), (b'X-Powered-By', b'huggingface-moon'), (b'X-Request-Id', b'Root=1-6a142226-426eaebd1dd9a44e6fb2acd7;5393eb82-8a25-475b-bfb0-e960777f95e0'), (b'RateLimit', b'"resolvers";r=4975;t=97'), (b'RateLimit-Policy', b'"fixed window";"resolvers";q=5000;w=300'), (b'cross-origin-opener-policy', b'same-origin'), (b'Referrer-Policy', b'strict-origin-when-cross-origin'), (b'Access-Control-Max-Age', b'86400'), (b'Access-Control-Allow-Origin', b'https://huggingface.co'), (b'Vary', b'Origin, Accept'), (b'Access-Control-Expose-Headers', b'X-Repo-Commit,X-Request-Id,X-Error-Code,X-Error-Message,X-Total-Count,ETag,Link,Accept-Ranges,Content-Range,X-Linked-Size,X-Linked-ETag,X-Xet-Hash'), (b'X-Repo-Commit', b'e8f8c211226b894fcb81acc59f3b34ba3efd5f42'), (b'Accept-Ranges', b'bytes'), (b'X-Hub-Cache', b'HIT'), (b'Content-Disposition', b'inline; filename*=UTF-8\'\'modules.json; filename="modules.json";'), (b'Content-Security-Policy', b"default-src 'none'; sandbox"), (b'X-Linked-ETag', b'"f7640f94e81bb7f4f04daf1668850b38763a13d9"'), (b'X-Cache', b'Miss from cloudfront'), (b'Via', b'1.1 385cb8def78c1bb03b9aa3bd53bf1f06.cloudfront.net (CloudFront)'), (b'X-Amz-Cf-Pop', b'FRA50-P2'), (b'X-Amz-Cf-Id', b'jo2LPtYRYoDnEVRjCNkfpYrxmkFRtZtvj0Kb2m72lbcsgNsxVC5VWQ==')])
2026-05-25 13:19:18,989 | INFO     | httpx                | HTTP Request: HEAD https://huggingface.co/sentence-transformers/paraphrase-multilingual-MiniLM-L12-v2/resolve/main/modules.json "HTTP/1.1 307 Temporary Redirect"
2026-05-25 13:19:18,989 | DEBUG    | httpcore.http11      | receive_response_body.started request=<Request [b'HEAD']>
2026-05-25 13:19:18,989 | DEBUG    | httpcore.http11      | receive_response_body.complete
2026-05-25 13:19:18,990 | DEBUG    | httpcore.http11      | response_closed.started
2026-05-25 13:19:18,990 | DEBUG    | httpcore.http11      | response_closed.complete
2026-05-25 13:19:18,990 | DEBUG    | httpcore.http11      | send_request_headers.started request=<Request [b'HEAD']>
2026-05-25 13:19:18,991 | DEBUG    | httpcore.http11      | send_request_headers.complete
2026-05-25 13:19:18,991 | DEBUG    | httpcore.http11      | send_request_body.started request=<Request [b'HEAD']>
2026-05-25 13:19:18,991 | DEBUG    | httpcore.http11      | send_request_body.complete
2026-05-25 13:19:18,991 | DEBUG    | httpcore.http11      | receive_response_headers.started request=<Request [b'HEAD']>
2026-05-25 13:19:19,033 | DEBUG    | httpcore.http11      | receive_response_headers.complete return_value=(b'HTTP/1.1', 200, b'OK', [(b'Content-Type', b'text/plain; charset=utf-8'), (b'Content-Length', b'229'), (b'Connection', b'keep-alive'), (b'Date', b'Sat, 23 May 2026 16:52:52 GMT'), (b'ETag', b'"f7640f94e81bb7f4f04daf1668850b38763a13d9"'), (b'X-Powered-By', b'huggingface-moon'), (b'X-Request-Id', b'Root=1-6a11db64-353ecde50d764e0126445d81;a473582b-af0f-4ac3-9ef1-267fcb60c843'), (b'RateLimit', b'"resolvers";r=4998;t=183'), (b'RateLimit-Policy', b'"fixed window";"resolvers";q=5000;w=300'), (b'cross-origin-opener-policy', b'same-origin'), (b'Referrer-Policy', b'strict-origin-when-cross-origin'), (b'Access-Control-Max-Age', b'86400'), (b'Access-Control-Allow-Origin', b'https://huggingface.co'), (b'Access-Control-Expose-Headers', b'X-Repo-Commit,X-Request-Id,X-Error-Code,X-Error-Message,X-Total-Count,ETag,Link,Accept-Ranges,Content-Range,X-Linked-Size,X-Linked-ETag,X-Xet-Hash'), (b'X-Repo-Commit', b'e8f8c211226b894fcb81acc59f3b34ba3efd5f42'), (b'Accept-Ranges', b'bytes'), (b'X-Hub-Cache', b'MISS'), (b'Content-Disposition', b'inline; filename*=UTF-8\'\'modules.json; filename="modules.json";'), (b'Content-Security-Policy', b"default-src 'none'; sandbox"), (b'Vary', b'Origin'), (b'X-Cache', b'Hit from cloudfront'), (b'Via', b'1.1 385cb8def78c1bb03b9aa3bd53bf1f06.cloudfront.net (CloudFront)'), (b'X-Amz-Cf-Pop', b'FRA50-P2'), (b'X-Amz-Cf-Id', b'30un1iufTpBZLcR0hiuSiJO5wsLfPpMRbaaUHn976oT_K_GvBoBsBQ=='), (b'Age', b'149187')])
2026-05-25 13:19:19,034 | INFO     | httpx                | HTTP Request: HEAD https://huggingface.co/api/resolve-cache/models/sentence-transformers/paraphrase-multilingual-MiniLM-L12-v2/e8f8c211226b894fcb81acc59f3b34ba3efd5f42/modules.json "HTTP/1.1 200 OK"
2026-05-25 13:19:19,034 | DEBUG    | httpcore.http11      | receive_response_body.started request=<Request [b'HEAD']>
2026-05-25 13:19:19,034 | DEBUG    | httpcore.http11      | receive_response_body.complete
2026-05-25 13:19:19,034 | DEBUG    | httpcore.http11      | response_closed.started
2026-05-25 13:19:19,035 | DEBUG    | httpcore.http11      | response_closed.complete
2026-05-25 13:19:19,046 | DEBUG    | httpcore.http11      | send_request_headers.started request=<Request [b'HEAD']>
2026-05-25 13:19:19,047 | DEBUG    | httpcore.http11      | send_request_headers.complete
2026-05-25 13:19:19,047 | DEBUG    | httpcore.http11      | send_request_body.started request=<Request [b'HEAD']>
2026-05-25 13:19:19,048 | DEBUG    | httpcore.http11      | send_request_body.complete
2026-05-25 13:19:19,049 | DEBUG    | httpcore.http11      | receive_response_headers.started request=<Request [b'HEAD']>
2026-05-25 13:19:19,190 | DEBUG    | httpcore.http11      | receive_response_headers.complete return_value=(b'HTTP/1.1', 307, b'Temporary Redirect', [(b'Content-Type', b'text/plain; charset=utf-8'), (b'Content-Length', b'366'), (b'Connection', b'keep-alive'), (b'Date', b'Mon, 25 May 2026 10:19:19 GMT'), (b'Location', b'/api/resolve-cache/models/sentence-transformers/paraphrase-multilingual-MiniLM-L12-v2/e8f8c211226b894fcb81acc59f3b34ba3efd5f42/config_sentence_transformers.json?%2Fsentence-transformers%2Fparaphrase-multilingual-MiniLM-L12-v2%2Fresolve%2Fmain%2Fconfig_sentence_transformers.json=&etag=%22b974b349cb2d419ada11181750a733ff82f291ad%22'), (b'X-Powered-By', b'huggingface-moon'), (b'X-Request-Id', b'Root=1-6a142227-6826729a3fd7e37442d556d5;1107fb26-3bb3-49b3-b052-adf995716696'), (b'RateLimit', b'"resolvers";r=4974;t=96'), (b'RateLimit-Policy', b'"fixed window";"resolvers";q=5000;w=300'), (b'cross-origin-opener-policy', b'same-origin'), (b'Referrer-Policy', b'strict-origin-when-cross-origin'), (b'Access-Control-Max-Age', b'86400'), (b'Access-Control-Allow-Origin', b'https://huggingface.co'), (b'Vary', b'Origin, Accept'), (b'Access-Control-Expose-Headers', b'X-Repo-Commit,X-Request-Id,X-Error-Code,X-Error-Message,X-Total-Count,ETag,Link,Accept-Ranges,Content-Range,X-Linked-Size,X-Linked-ETag,X-Xet-Hash'), (b'X-Repo-Commit', b'e8f8c211226b894fcb81acc59f3b34ba3efd5f42'), (b'Accept-Ranges', b'bytes'), (b'X-Hub-Cache', b'HIT'), (b'Content-Disposition', b'inline; filename*=UTF-8\'\'config_sentence_transformers.json; filename="config_sentence_transformers.json";'), (b'Content-Security-Policy', b"default-src 'none'; sandbox"), (b'X-Linked-ETag', b'"b974b349cb2d419ada11181750a733ff82f291ad"'), (b'X-Cache', b'Miss from cloudfront'), (b'Via', b'1.1 385cb8def78c1bb03b9aa3bd53bf1f06.cloudfront.net (CloudFront)'), (b'X-Amz-Cf-Pop', b'FRA50-P2'), (b'X-Amz-Cf-Id', b'-Tn2-W0f1Id15o0GutICy6F-ti2XbTh5Q9AUfrojY4RmCmL_cl1eCg==')])
2026-05-25 13:19:19,190 | INFO     | httpx                | HTTP Request: HEAD https://huggingface.co/sentence-transformers/paraphrase-multilingual-MiniLM-L12-v2/resolve/main/config_sentence_transformers.json "HTTP/1.1 307 Temporary Redirect"
2026-05-25 13:19:19,191 | DEBUG    | httpcore.http11      | receive_response_body.started request=<Request [b'HEAD']>
2026-05-25 13:19:19,192 | DEBUG    | httpcore.http11      | receive_response_body.complete
2026-05-25 13:19:19,192 | DEBUG    | httpcore.http11      | response_closed.started
2026-05-25 13:19:19,192 | DEBUG    | httpcore.http11      | response_closed.complete
2026-05-25 13:19:19,193 | DEBUG    | httpcore.http11      | send_request_headers.started request=<Request [b'HEAD']>
2026-05-25 13:19:19,193 | DEBUG    | httpcore.http11      | send_request_headers.complete
2026-05-25 13:19:19,194 | DEBUG    | httpcore.http11      | send_request_body.started request=<Request [b'HEAD']>
2026-05-25 13:19:19,194 | DEBUG    | httpcore.http11      | send_request_body.complete
2026-05-25 13:19:19,194 | DEBUG    | httpcore.http11      | receive_response_headers.started request=<Request [b'HEAD']>
2026-05-25 13:19:19,239 | DEBUG    | httpcore.http11      | receive_response_headers.complete return_value=(b'HTTP/1.1', 200, b'OK', [(b'Content-Type', b'text/plain; charset=utf-8'), (b'Content-Length', b'122'), (b'Connection', b'keep-alive'), (b'Date', b'Sat, 23 May 2026 16:52:53 GMT'), (b'ETag', b'"b974b349cb2d419ada11181750a733ff82f291ad"'), (b'X-Powered-By', b'huggingface-moon'), (b'X-Request-Id', b'Root=1-6a11db65-79a2106567c39bc842553923;49233703-5220-402a-b592-23ef7e30c670'), (b'RateLimit', b'"resolvers";r=4995;t=182'), (b'RateLimit-Policy', b'"fixed window";"resolvers";q=5000;w=300'), (b'cross-origin-opener-policy', b'same-origin'), (b'Referrer-Policy', b'strict-origin-when-cross-origin'), (b'Access-Control-Max-Age', b'86400'), (b'Access-Control-Allow-Origin', b'https://huggingface.co'), (b'Access-Control-Expose-Headers', b'X-Repo-Commit,X-Request-Id,X-Error-Code,X-Error-Message,X-Total-Count,ETag,Link,Accept-Ranges,Content-Range,X-Linked-Size,X-Linked-ETag,X-Xet-Hash'), (b'X-Repo-Commit', b'e8f8c211226b894fcb81acc59f3b34ba3efd5f42'), (b'Accept-Ranges', b'bytes'), (b'X-Hub-Cache', b'MISS'), (b'Content-Disposition', b'inline; filename*=UTF-8\'\'config_sentence_transformers.json; filename="config_sentence_transformers.json";'), (b'Content-Security-Policy', b"default-src 'none'; sandbox"), (b'Vary', b'Origin'), (b'X-Cache', b'Hit from cloudfront'), (b'Via', b'1.1 385cb8def78c1bb03b9aa3bd53bf1f06.cloudfront.net (CloudFront)'), (b'X-Amz-Cf-Pop', b'FRA50-P2'), (b'X-Amz-Cf-Id', b'yXnP-vhyzftz05PdMkLz4wTTp10cPDVTd-ZHQA7jGEoKXehd6W5dcg=='), (b'Age', b'149186')])
2026-05-25 13:19:19,240 | INFO     | httpx                | HTTP Request: HEAD https://huggingface.co/api/resolve-cache/models/sentence-transformers/paraphrase-multilingual-MiniLM-L12-v2/e8f8c211226b894fcb81acc59f3b34ba3efd5f42/config_sentence_transformers.json "HTTP/1.1 200 OK"
2026-05-25 13:19:19,240 | DEBUG    | httpcore.http11      | receive_response_body.started request=<Request [b'HEAD']>
2026-05-25 13:19:19,241 | DEBUG    | httpcore.http11      | receive_response_body.complete
2026-05-25 13:19:19,241 | DEBUG    | httpcore.http11      | response_closed.started
2026-05-25 13:19:19,241 | DEBUG    | httpcore.http11      | response_closed.complete
2026-05-25 13:19:19,254 | INFO     | sentence_transformers.base.model | Loading SentenceTransformer model from sentence-transformers/paraphrase-multilingual-MiniLM-L12-v2.
2026-05-25 13:19:19,256 | DEBUG    | httpcore.http11      | send_request_headers.started request=<Request [b'HEAD']>
2026-05-25 13:19:19,257 | DEBUG    | httpcore.http11      | send_request_headers.complete
2026-05-25 13:19:19,257 | DEBUG    | httpcore.http11      | send_request_body.started request=<Request [b'HEAD']>
2026-05-25 13:19:19,258 | DEBUG    | httpcore.http11      | send_request_body.complete
2026-05-25 13:19:19,258 | DEBUG    | httpcore.http11      | receive_response_headers.started request=<Request [b'HEAD']>
2026-05-25 13:19:19,403 | DEBUG    | httpcore.http11      | receive_response_headers.complete return_value=(b'HTTP/1.1', 307, b'Temporary Redirect', [(b'Content-Type', b'text/plain; charset=utf-8'), (b'Content-Length', b'366'), (b'Connection', b'keep-alive'), (b'Date', b'Mon, 25 May 2026 10:19:19 GMT'), (b'Location', b'/api/resolve-cache/models/sentence-transformers/paraphrase-multilingual-MiniLM-L12-v2/e8f8c211226b894fcb81acc59f3b34ba3efd5f42/config_sentence_transformers.json?%2Fsentence-transformers%2Fparaphrase-multilingual-MiniLM-L12-v2%2Fresolve%2Fmain%2Fconfig_sentence_transformers.json=&etag=%22b974b349cb2d419ada11181750a733ff82f291ad%22'), (b'X-Powered-By', b'huggingface-moon'), (b'X-Request-Id', b'Root=1-6a142227-0019cf2551fb945f2b0d9ba3;2ccbb649-5891-4adf-9d18-7b1e38230dbf'), (b'RateLimit', b'"resolvers";r=4973;t=96'), (b'RateLimit-Policy', b'"fixed window";"resolvers";q=5000;w=300'), (b'cross-origin-opener-policy', b'same-origin'), (b'Referrer-Policy', b'strict-origin-when-cross-origin'), (b'Access-Control-Max-Age', b'86400'), (b'Access-Control-Allow-Origin', b'https://huggingface.co'), (b'Vary', b'Origin, Accept'), (b'Access-Control-Expose-Headers', b'X-Repo-Commit,X-Request-Id,X-Error-Code,X-Error-Message,X-Total-Count,ETag,Link,Accept-Ranges,Content-Range,X-Linked-Size,X-Linked-ETag,X-Xet-Hash'), (b'X-Repo-Commit', b'e8f8c211226b894fcb81acc59f3b34ba3efd5f42'), (b'Accept-Ranges', b'bytes'), (b'X-Hub-Cache', b'HIT'), (b'Content-Disposition', b'inline; filename*=UTF-8\'\'config_sentence_transformers.json; filename="config_sentence_transformers.json";'), (b'Content-Security-Policy', b"default-src 'none'; sandbox"), (b'X-Linked-ETag', b'"b974b349cb2d419ada11181750a733ff82f291ad"'), (b'X-Cache', b'Miss from cloudfront'), (b'Via', b'1.1 385cb8def78c1bb03b9aa3bd53bf1f06.cloudfront.net (CloudFront)'), (b'X-Amz-Cf-Pop', b'FRA50-P2'), (b'X-Amz-Cf-Id', b'kZ0jx2mGUonMwrgGwuoWJFu-avT7DsqREspH8AR8E0NI1dxrBGCmjw==')])
2026-05-25 13:19:19,404 | INFO     | httpx                | HTTP Request: HEAD https://huggingface.co/sentence-transformers/paraphrase-multilingual-MiniLM-L12-v2/resolve/main/config_sentence_transformers.json "HTTP/1.1 307 Temporary Redirect"
2026-05-25 13:19:19,405 | DEBUG    | httpcore.http11      | receive_response_body.started request=<Request [b'HEAD']>
2026-05-25 13:19:19,405 | DEBUG    | httpcore.http11      | receive_response_body.complete
2026-05-25 13:19:19,405 | DEBUG    | httpcore.http11      | response_closed.started
2026-05-25 13:19:19,406 | DEBUG    | httpcore.http11      | response_closed.complete
2026-05-25 13:19:19,407 | DEBUG    | httpcore.http11      | send_request_headers.started request=<Request [b'HEAD']>
2026-05-25 13:19:19,408 | DEBUG    | httpcore.http11      | send_request_headers.complete
2026-05-25 13:19:19,408 | DEBUG    | httpcore.http11      | send_request_body.started request=<Request [b'HEAD']>
2026-05-25 13:19:19,408 | DEBUG    | httpcore.http11      | send_request_body.complete
2026-05-25 13:19:19,409 | DEBUG    | httpcore.http11      | receive_response_headers.started request=<Request [b'HEAD']>
2026-05-25 13:19:19,447 | DEBUG    | httpcore.http11      | receive_response_headers.complete return_value=(b'HTTP/1.1', 200, b'OK', [(b'Content-Type', b'text/plain; charset=utf-8'), (b'Content-Length', b'122'), (b'Connection', b'keep-alive'), (b'Date', b'Sat, 23 May 2026 16:52:53 GMT'), (b'ETag', b'"b974b349cb2d419ada11181750a733ff82f291ad"'), (b'X-Powered-By', b'huggingface-moon'), (b'X-Request-Id', b'Root=1-6a11db65-79a2106567c39bc842553923;49233703-5220-402a-b592-23ef7e30c670'), (b'RateLimit', b'"resolvers";r=4995;t=182'), (b'RateLimit-Policy', b'"fixed window";"resolvers";q=5000;w=300'), (b'cross-origin-opener-policy', b'same-origin'), (b'Referrer-Policy', b'strict-origin-when-cross-origin'), (b'Access-Control-Max-Age', b'86400'), (b'Access-Control-Allow-Origin', b'https://huggingface.co'), (b'Access-Control-Expose-Headers', b'X-Repo-Commit,X-Request-Id,X-Error-Code,X-Error-Message,X-Total-Count,ETag,Link,Accept-Ranges,Content-Range,X-Linked-Size,X-Linked-ETag,X-Xet-Hash'), (b'X-Repo-Commit', b'e8f8c211226b894fcb81acc59f3b34ba3efd5f42'), (b'Accept-Ranges', b'bytes'), (b'X-Hub-Cache', b'MISS'), (b'Content-Disposition', b'inline; filename*=UTF-8\'\'config_sentence_transformers.json; filename="config_sentence_transformers.json";'), (b'Content-Security-Policy', b"default-src 'none'; sandbox"), (b'Vary', b'Origin'), (b'X-Cache', b'Hit from cloudfront'), (b'Via', b'1.1 385cb8def78c1bb03b9aa3bd53bf1f06.cloudfront.net (CloudFront)'), (b'X-Amz-Cf-Pop', b'FRA50-P2'), (b'X-Amz-Cf-Id', b'eq-rriynzuvAMtW-W1kq3NVQzLzG4VksLTX2yL3e-Y4oa3-DzxQpCQ=='), (b'Age', b'149186')])
2026-05-25 13:19:19,448 | INFO     | httpx                | HTTP Request: HEAD https://huggingface.co/api/resolve-cache/models/sentence-transformers/paraphrase-multilingual-MiniLM-L12-v2/e8f8c211226b894fcb81acc59f3b34ba3efd5f42/config_sentence_transformers.json "HTTP/1.1 200 OK"
2026-05-25 13:19:19,448 | DEBUG    | httpcore.http11      | receive_response_body.started request=<Request [b'HEAD']>
2026-05-25 13:19:19,448 | DEBUG    | httpcore.http11      | receive_response_body.complete
2026-05-25 13:19:19,449 | DEBUG    | httpcore.http11      | response_closed.started
2026-05-25 13:19:19,449 | DEBUG    | httpcore.http11      | response_closed.complete
2026-05-25 13:19:19,461 | DEBUG    | httpcore.http11      | send_request_headers.started request=<Request [b'HEAD']>
2026-05-25 13:19:19,462 | DEBUG    | httpcore.http11      | send_request_headers.complete
2026-05-25 13:19:19,462 | DEBUG    | httpcore.http11      | send_request_body.started request=<Request [b'HEAD']>
2026-05-25 13:19:19,463 | DEBUG    | httpcore.http11      | send_request_body.complete
2026-05-25 13:19:19,463 | DEBUG    | httpcore.http11      | receive_response_headers.started request=<Request [b'HEAD']>
2026-05-25 13:19:19,616 | DEBUG    | httpcore.http11      | receive_response_headers.complete return_value=(b'HTTP/1.1', 307, b'Temporary Redirect', [(b'Content-Type', b'text/plain; charset=utf-8'), (b'Content-Length', b'318'), (b'Connection', b'keep-alive'), (b'Date', b'Mon, 25 May 2026 10:19:19 GMT'), (b'Location', b'/api/resolve-cache/models/sentence-transformers/paraphrase-multilingual-MiniLM-L12-v2/e8f8c211226b894fcb81acc59f3b34ba3efd5f42/README.md?%2Fsentence-transformers%2Fparaphrase-multilingual-MiniLM-L12-v2%2Fresolve%2Fmain%2FREADME.md=&etag=%226bedb7f3622d56b7020f33ab93f6996d33242043%22'), (b'X-Powered-By', b'huggingface-moon'), (b'X-Request-Id', b'Root=1-6a142227-6bcb6b1d042fe7f73795eb2a;a6348358-46ca-4e5c-9c4c-dc9932c39389'), (b'RateLimit', b'"resolvers";r=4972;t=96'), (b'RateLimit-Policy', b'"fixed window";"resolvers";q=5000;w=300'), (b'cross-origin-opener-policy', b'same-origin'), (b'Referrer-Policy', b'strict-origin-when-cross-origin'), (b'Access-Control-Max-Age', b'86400'), (b'Access-Control-Allow-Origin', b'https://huggingface.co'), (b'Vary', b'Origin, Accept'), (b'Access-Control-Expose-Headers', b'X-Repo-Commit,X-Request-Id,X-Error-Code,X-Error-Message,X-Total-Count,ETag,Link,Accept-Ranges,Content-Range,X-Linked-Size,X-Linked-ETag,X-Xet-Hash'), (b'X-Repo-Commit', b'e8f8c211226b894fcb81acc59f3b34ba3efd5f42'), (b'Accept-Ranges', b'bytes'), (b'X-Hub-Cache', b'HIT'), (b'Content-Disposition', b'inline; filename*=UTF-8\'\'README.md; filename="README.md";'), (b'Content-Security-Policy', b"default-src 'none'; sandbox"), (b'X-Linked-ETag', b'"6bedb7f3622d56b7020f33ab93f6996d33242043"'), (b'X-Cache', b'Miss from cloudfront'), (b'Via', b'1.1 385cb8def78c1bb03b9aa3bd53bf1f06.cloudfront.net (CloudFront)'), (b'X-Amz-Cf-Pop', b'FRA50-P2'), (b'X-Amz-Cf-Id', b'1PPVlofT7dOUHCLIaEH591o6veCc-jgjZBEHJK3QBgRd54rxaNxPTA==')])
2026-05-25 13:19:19,617 | INFO     | httpx                | HTTP Request: HEAD https://huggingface.co/sentence-transformers/paraphrase-multilingual-MiniLM-L12-v2/resolve/main/README.md "HTTP/1.1 307 Temporary Redirect"
2026-05-25 13:19:19,618 | DEBUG    | httpcore.http11      | receive_response_body.started request=<Request [b'HEAD']>
2026-05-25 13:19:19,619 | DEBUG    | httpcore.http11      | receive_response_body.complete
2026-05-25 13:19:19,619 | DEBUG    | httpcore.http11      | response_closed.started
2026-05-25 13:19:19,619 | DEBUG    | httpcore.http11      | response_closed.complete
2026-05-25 13:19:19,620 | DEBUG    | httpcore.http11      | send_request_headers.started request=<Request [b'HEAD']>
2026-05-25 13:19:19,621 | DEBUG    | httpcore.http11      | send_request_headers.complete
2026-05-25 13:19:19,621 | DEBUG    | httpcore.http11      | send_request_body.started request=<Request [b'HEAD']>
2026-05-25 13:19:19,622 | DEBUG    | httpcore.http11      | send_request_body.complete
2026-05-25 13:19:19,622 | DEBUG    | httpcore.http11      | receive_response_headers.started request=<Request [b'HEAD']>
2026-05-25 13:19:19,664 | DEBUG    | httpcore.http11      | receive_response_headers.complete return_value=(b'HTTP/1.1', 200, b'OK', [(b'Content-Type', b'text/plain; charset=utf-8'), (b'Content-Length', b'3888'), (b'Connection', b'keep-alive'), (b'Date', b'Sat, 23 May 2026 16:52:53 GMT'), (b'ETag', b'"6bedb7f3622d56b7020f33ab93f6996d33242043"'), (b'X-Powered-By', b'huggingface-moon'), (b'X-Request-Id', b'Root=1-6a11db65-4cfbf9561b7961124d4e39b4;be8d98f2-79ce-44e0-a4df-99f4e638250c'), (b'RateLimit', b'"resolvers";r=4991;t=182'), (b'RateLimit-Policy', b'"fixed window";"resolvers";q=5000;w=300'), (b'cross-origin-opener-policy', b'same-origin'), (b'Referrer-Policy', b'strict-origin-when-cross-origin'), (b'Access-Control-Max-Age', b'86400'), (b'Access-Control-Allow-Origin', b'https://huggingface.co'), (b'Access-Control-Expose-Headers', b'X-Repo-Commit,X-Request-Id,X-Error-Code,X-Error-Message,X-Total-Count,ETag,Link,Accept-Ranges,Content-Range,X-Linked-Size,X-Linked-ETag,X-Xet-Hash'), (b'X-Repo-Commit', b'e8f8c211226b894fcb81acc59f3b34ba3efd5f42'), (b'Accept-Ranges', b'bytes'), (b'X-Hub-Cache', b'HIT'), (b'Content-Disposition', b'inline; filename*=UTF-8\'\'README.md; filename="README.md";'), (b'Content-Security-Policy', b"default-src 'none'; sandbox"), (b'Vary', b'Origin'), (b'X-Cache', b'Hit from cloudfront'), (b'Via', b'1.1 385cb8def78c1bb03b9aa3bd53bf1f06.cloudfront.net (CloudFront)'), (b'X-Amz-Cf-Pop', b'FRA50-P2'), (b'X-Amz-Cf-Id', b'Mg1eegXtphIY1Fmq32MXsSVT6RWxbc5-YdD3PsPD2tXD_NviuWTmdw=='), (b'Age', b'149186')])
2026-05-25 13:19:19,665 | INFO     | httpx                | HTTP Request: HEAD https://huggingface.co/api/resolve-cache/models/sentence-transformers/paraphrase-multilingual-MiniLM-L12-v2/e8f8c211226b894fcb81acc59f3b34ba3efd5f42/README.md "HTTP/1.1 200 OK"
2026-05-25 13:19:19,666 | DEBUG    | httpcore.http11      | receive_response_body.started request=<Request [b'HEAD']>
2026-05-25 13:19:19,666 | DEBUG    | httpcore.http11      | receive_response_body.complete
2026-05-25 13:19:19,666 | DEBUG    | httpcore.http11      | response_closed.started
2026-05-25 13:19:19,666 | DEBUG    | httpcore.http11      | response_closed.complete
2026-05-25 13:19:19,678 | DEBUG    | httpcore.http11      | send_request_headers.started request=<Request [b'HEAD']>
2026-05-25 13:19:19,678 | DEBUG    | httpcore.http11      | send_request_headers.complete
2026-05-25 13:19:19,678 | DEBUG    | httpcore.http11      | send_request_body.started request=<Request [b'HEAD']>
2026-05-25 13:19:19,679 | DEBUG    | httpcore.http11      | send_request_body.complete
2026-05-25 13:19:19,679 | DEBUG    | httpcore.http11      | receive_response_headers.started request=<Request [b'HEAD']>
2026-05-25 13:19:19,824 | DEBUG    | httpcore.http11      | receive_response_headers.complete return_value=(b'HTTP/1.1', 307, b'Temporary Redirect', [(b'Content-Type', b'text/plain; charset=utf-8'), (b'Content-Length', b'324'), (b'Connection', b'keep-alive'), (b'Date', b'Mon, 25 May 2026 10:19:19 GMT'), (b'Location', b'/api/resolve-cache/models/sentence-transformers/paraphrase-multilingual-MiniLM-L12-v2/e8f8c211226b894fcb81acc59f3b34ba3efd5f42/modules.json?%2Fsentence-transformers%2Fparaphrase-multilingual-MiniLM-L12-v2%2Fresolve%2Fmain%2Fmodules.json=&etag=%22f7640f94e81bb7f4f04daf1668850b38763a13d9%22'), (b'X-Powered-By', b'huggingface-moon'), (b'X-Request-Id', b'Root=1-6a142227-0af19fd239f4541b7b61a7d5;ac87bb8a-3129-4f9e-882c-9e7c71f8c5e1'), (b'RateLimit', b'"resolvers";r=4971;t=96'), (b'RateLimit-Policy', b'"fixed window";"resolvers";q=5000;w=300'), (b'cross-origin-opener-policy', b'same-origin'), (b'Referrer-Policy', b'strict-origin-when-cross-origin'), (b'Access-Control-Max-Age', b'86400'), (b'Access-Control-Allow-Origin', b'https://huggingface.co'), (b'Vary', b'Origin, Accept'), (b'Access-Control-Expose-Headers', b'X-Repo-Commit,X-Request-Id,X-Error-Code,X-Error-Message,X-Total-Count,ETag,Link,Accept-Ranges,Content-Range,X-Linked-Size,X-Linked-ETag,X-Xet-Hash'), (b'X-Repo-Commit', b'e8f8c211226b894fcb81acc59f3b34ba3efd5f42'), (b'Accept-Ranges', b'bytes'), (b'X-Hub-Cache', b'HIT'), (b'Content-Disposition', b'inline; filename*=UTF-8\'\'modules.json; filename="modules.json";'), (b'Content-Security-Policy', b"default-src 'none'; sandbox"), (b'X-Linked-ETag', b'"f7640f94e81bb7f4f04daf1668850b38763a13d9"'), (b'X-Cache', b'Miss from cloudfront'), (b'Via', b'1.1 385cb8def78c1bb03b9aa3bd53bf1f06.cloudfront.net (CloudFront)'), (b'X-Amz-Cf-Pop', b'FRA50-P2'), (b'X-Amz-Cf-Id', b'MsGZf-LJ_Bz-qgR8bsB4kxOXsuILMIt_E4woJtabhXfZ-AfaH_FqxQ==')])
2026-05-25 13:19:19,824 | INFO     | httpx                | HTTP Request: HEAD https://huggingface.co/sentence-transformers/paraphrase-multilingual-MiniLM-L12-v2/resolve/main/modules.json "HTTP/1.1 307 Temporary Redirect"
2026-05-25 13:19:19,825 | DEBUG    | httpcore.http11      | receive_response_body.started request=<Request [b'HEAD']>
2026-05-25 13:19:19,825 | DEBUG    | httpcore.http11      | receive_response_body.complete
2026-05-25 13:19:19,825 | DEBUG    | httpcore.http11      | response_closed.started
2026-05-25 13:19:19,825 | DEBUG    | httpcore.http11      | response_closed.complete
2026-05-25 13:19:19,826 | DEBUG    | httpcore.http11      | send_request_headers.started request=<Request [b'HEAD']>
2026-05-25 13:19:19,826 | DEBUG    | httpcore.http11      | send_request_headers.complete
2026-05-25 13:19:19,826 | DEBUG    | httpcore.http11      | send_request_body.started request=<Request [b'HEAD']>
2026-05-25 13:19:19,826 | DEBUG    | httpcore.http11      | send_request_body.complete
2026-05-25 13:19:19,826 | DEBUG    | httpcore.http11      | receive_response_headers.started request=<Request [b'HEAD']>
2026-05-25 13:19:19,865 | DEBUG    | httpcore.http11      | receive_response_headers.complete return_value=(b'HTTP/1.1', 200, b'OK', [(b'Content-Type', b'text/plain; charset=utf-8'), (b'Content-Length', b'229'), (b'Connection', b'keep-alive'), (b'Date', b'Sat, 23 May 2026 16:52:52 GMT'), (b'ETag', b'"f7640f94e81bb7f4f04daf1668850b38763a13d9"'), (b'X-Powered-By', b'huggingface-moon'), (b'X-Request-Id', b'Root=1-6a11db64-353ecde50d764e0126445d81;a473582b-af0f-4ac3-9ef1-267fcb60c843'), (b'RateLimit', b'"resolvers";r=4998;t=183'), (b'RateLimit-Policy', b'"fixed window";"resolvers";q=5000;w=300'), (b'cross-origin-opener-policy', b'same-origin'), (b'Referrer-Policy', b'strict-origin-when-cross-origin'), (b'Access-Control-Max-Age', b'86400'), (b'Access-Control-Allow-Origin', b'https://huggingface.co'), (b'Access-Control-Expose-Headers', b'X-Repo-Commit,X-Request-Id,X-Error-Code,X-Error-Message,X-Total-Count,ETag,Link,Accept-Ranges,Content-Range,X-Linked-Size,X-Linked-ETag,X-Xet-Hash'), (b'X-Repo-Commit', b'e8f8c211226b894fcb81acc59f3b34ba3efd5f42'), (b'Accept-Ranges', b'bytes'), (b'X-Hub-Cache', b'MISS'), (b'Content-Disposition', b'inline; filename*=UTF-8\'\'modules.json; filename="modules.json";'), (b'Content-Security-Policy', b"default-src 'none'; sandbox"), (b'Vary', b'Origin'), (b'X-Cache', b'Hit from cloudfront'), (b'Via', b'1.1 385cb8def78c1bb03b9aa3bd53bf1f06.cloudfront.net (CloudFront)'), (b'X-Amz-Cf-Pop', b'FRA50-P2'), (b'X-Amz-Cf-Id', b'ECr1b3cgl4-RfiwaGmxWBQniPh1A72NlSfAksyJ_vbYKpFsoWPnRDg=='), (b'Age', b'149187')])
2026-05-25 13:19:19,865 | INFO     | httpx                | HTTP Request: HEAD https://huggingface.co/api/resolve-cache/models/sentence-transformers/paraphrase-multilingual-MiniLM-L12-v2/e8f8c211226b894fcb81acc59f3b34ba3efd5f42/modules.json "HTTP/1.1 200 OK"
2026-05-25 13:19:19,865 | DEBUG    | httpcore.http11      | receive_response_body.started request=<Request [b'HEAD']>
2026-05-25 13:19:19,866 | DEBUG    | httpcore.http11      | receive_response_body.complete
2026-05-25 13:19:19,866 | DEBUG    | httpcore.http11      | response_closed.started
2026-05-25 13:19:19,866 | DEBUG    | httpcore.http11      | response_closed.complete
2026-05-25 13:19:19,877 | DEBUG    | httpcore.http11      | send_request_headers.started request=<Request [b'HEAD']>
2026-05-25 13:19:19,878 | DEBUG    | httpcore.http11      | send_request_headers.complete
2026-05-25 13:19:19,878 | DEBUG    | httpcore.http11      | send_request_body.started request=<Request [b'HEAD']>
2026-05-25 13:19:19,878 | DEBUG    | httpcore.http11      | send_request_body.complete
2026-05-25 13:19:19,879 | DEBUG    | httpcore.http11      | receive_response_headers.started request=<Request [b'HEAD']>
2026-05-25 13:19:20,026 | DEBUG    | httpcore.http11      | receive_response_headers.complete return_value=(b'HTTP/1.1', 307, b'Temporary Redirect', [(b'Content-Type', b'text/plain; charset=utf-8'), (b'Content-Length', b'350'), (b'Connection', b'keep-alive'), (b'Date', b'Mon, 25 May 2026 10:19:19 GMT'), (b'Location', b'/api/resolve-cache/models/sentence-transformers/paraphrase-multilingual-MiniLM-L12-v2/e8f8c211226b894fcb81acc59f3b34ba3efd5f42/sentence_bert_config.json?%2Fsentence-transformers%2Fparaphrase-multilingual-MiniLM-L12-v2%2Fresolve%2Fmain%2Fsentence_bert_config.json=&etag=%225fd10429389515d3e5cccdeda08cae5fea1ae82e%22'), (b'X-Powered-By', b'huggingface-moon'), (b'X-Request-Id', b'Root=1-6a142227-40b4efa1540faafb68e9de97;57d6c868-3cf0-434a-9df7-977d890343a5'), (b'RateLimit', b'"resolvers";r=4970;t=96'), (b'RateLimit-Policy', b'"fixed window";"resolvers";q=5000;w=300'), (b'cross-origin-opener-policy', b'same-origin'), (b'Referrer-Policy', b'strict-origin-when-cross-origin'), (b'Access-Control-Max-Age', b'86400'), (b'Access-Control-Allow-Origin', b'https://huggingface.co'), (b'Vary', b'Origin, Accept'), (b'Access-Control-Expose-Headers', b'X-Repo-Commit,X-Request-Id,X-Error-Code,X-Error-Message,X-Total-Count,ETag,Link,Accept-Ranges,Content-Range,X-Linked-Size,X-Linked-ETag,X-Xet-Hash'), (b'X-Repo-Commit', b'e8f8c211226b894fcb81acc59f3b34ba3efd5f42'), (b'Accept-Ranges', b'bytes'), (b'X-Hub-Cache', b'HIT'), (b'Content-Disposition', b'inline; filename*=UTF-8\'\'sentence_bert_config.json; filename="sentence_bert_config.json";'), (b'Content-Security-Policy', b"default-src 'none'; sandbox"), (b'X-Linked-ETag', b'"5fd10429389515d3e5cccdeda08cae5fea1ae82e"'), (b'X-Cache', b'Miss from cloudfront'), (b'Via', b'1.1 385cb8def78c1bb03b9aa3bd53bf1f06.cloudfront.net (CloudFront)'), (b'X-Amz-Cf-Pop', b'FRA50-P2'), (b'X-Amz-Cf-Id', b'AIFt0JvEYhuMiKm93a5dlYSPDDJGJ67fWohWB-7KDWO-c-WbZ7-udg==')])
2026-05-25 13:19:20,027 | INFO     | httpx                | HTTP Request: HEAD https://huggingface.co/sentence-transformers/paraphrase-multilingual-MiniLM-L12-v2/resolve/main/sentence_bert_config.json "HTTP/1.1 307 Temporary Redirect"
2026-05-25 13:19:20,028 | DEBUG    | httpcore.http11      | receive_response_body.started request=<Request [b'HEAD']>
2026-05-25 13:19:20,029 | DEBUG    | httpcore.http11      | receive_response_body.complete
2026-05-25 13:19:20,029 | DEBUG    | httpcore.http11      | response_closed.started
2026-05-25 13:19:20,029 | DEBUG    | httpcore.http11      | response_closed.complete
2026-05-25 13:19:20,030 | DEBUG    | httpcore.http11      | send_request_headers.started request=<Request [b'HEAD']>
2026-05-25 13:19:20,031 | DEBUG    | httpcore.http11      | send_request_headers.complete
2026-05-25 13:19:20,031 | DEBUG    | httpcore.http11      | send_request_body.started request=<Request [b'HEAD']>
2026-05-25 13:19:20,032 | DEBUG    | httpcore.http11      | send_request_body.complete
2026-05-25 13:19:20,032 | DEBUG    | httpcore.http11      | receive_response_headers.started request=<Request [b'HEAD']>
2026-05-25 13:19:20,076 | DEBUG    | httpcore.http11      | receive_response_headers.complete return_value=(b'HTTP/1.1', 200, b'OK', [(b'Content-Type', b'text/plain; charset=utf-8'), (b'Content-Length', b'53'), (b'Connection', b'keep-alive'), (b'Date', b'Sat, 23 May 2026 16:52:54 GMT'), (b'ETag', b'"5fd10429389515d3e5cccdeda08cae5fea1ae82e"'), (b'X-Powered-By', b'huggingface-moon'), (b'X-Request-Id', b'Root=1-6a11db66-63b5b0922ea7996a0f310dbf;a57418a0-b144-4cf6-a664-968ad2d7a2d6'), (b'RateLimit', b'"resolvers";r=4987;t=181'), (b'RateLimit-Policy', b'"fixed window";"resolvers";q=5000;w=300'), (b'cross-origin-opener-policy', b'same-origin'), (b'Referrer-Policy', b'strict-origin-when-cross-origin'), (b'Access-Control-Max-Age', b'86400'), (b'Access-Control-Allow-Origin', b'https://huggingface.co'), (b'Access-Control-Expose-Headers', b'X-Repo-Commit,X-Request-Id,X-Error-Code,X-Error-Message,X-Total-Count,ETag,Link,Accept-Ranges,Content-Range,X-Linked-Size,X-Linked-ETag,X-Xet-Hash'), (b'X-Repo-Commit', b'e8f8c211226b894fcb81acc59f3b34ba3efd5f42'), (b'Accept-Ranges', b'bytes'), (b'X-Hub-Cache', b'MISS'), (b'Content-Disposition', b'inline; filename*=UTF-8\'\'sentence_bert_config.json; filename="sentence_bert_config.json";'), (b'Content-Security-Policy', b"default-src 'none'; sandbox"), (b'Vary', b'Origin'), (b'X-Cache', b'Hit from cloudfront'), (b'Via', b'1.1 385cb8def78c1bb03b9aa3bd53bf1f06.cloudfront.net (CloudFront)'), (b'X-Amz-Cf-Pop', b'FRA50-P2'), (b'X-Amz-Cf-Id', b'jA4Nl_b7UjFYt1yz1386GaVWjKyzFuqPXWDExCOXgKTO7IFDqjISNw=='), (b'Age', b'149186')])
2026-05-25 13:19:20,076 | INFO     | httpx                | HTTP Request: HEAD https://huggingface.co/api/resolve-cache/models/sentence-transformers/paraphrase-multilingual-MiniLM-L12-v2/e8f8c211226b894fcb81acc59f3b34ba3efd5f42/sentence_bert_config.json "HTTP/1.1 200 OK"
2026-05-25 13:19:20,077 | DEBUG    | httpcore.http11      | receive_response_body.started request=<Request [b'HEAD']>
2026-05-25 13:19:20,077 | DEBUG    | httpcore.http11      | receive_response_body.complete
2026-05-25 13:19:20,077 | DEBUG    | httpcore.http11      | response_closed.started
2026-05-25 13:19:20,077 | DEBUG    | httpcore.http11      | response_closed.complete
2026-05-25 13:19:20,089 | DEBUG    | httpcore.http11      | send_request_headers.started request=<Request [b'HEAD']>
2026-05-25 13:19:20,090 | DEBUG    | httpcore.http11      | send_request_headers.complete
2026-05-25 13:19:20,090 | DEBUG    | httpcore.http11      | send_request_body.started request=<Request [b'HEAD']>
2026-05-25 13:19:20,091 | DEBUG    | httpcore.http11      | send_request_body.complete
2026-05-25 13:19:20,091 | DEBUG    | httpcore.http11      | receive_response_headers.started request=<Request [b'HEAD']>
2026-05-25 13:19:20,235 | DEBUG    | httpcore.http11      | receive_response_headers.complete return_value=(b'HTTP/1.1', 404, b'Not Found', [(b'Content-Type', b'text/plain; charset=utf-8'), (b'Content-Length', b'15'), (b'Connection', b'keep-alive'), (b'Date', b'Mon, 25 May 2026 10:19:20 GMT'), (b'ETag', b'W/"f-mY2VvLxuxB7KhsoOdQTlMTccuAQ"'), (b'X-Powered-By', b'huggingface-moon'), (b'X-Request-Id', b'Root=1-6a142228-324724b46f4fb6494ceed263;fc191bfe-3223-4736-92a3-f77378f1dfe0'), (b'RateLimit', b'"resolvers";r=4969;t=95'), (b'RateLimit-Policy', b'"fixed window";"resolvers";q=5000;w=300'), (b'cross-origin-opener-policy', b'same-origin'), (b'Referrer-Policy', b'strict-origin-when-cross-origin'), (b'Access-Control-Max-Age', b'86400'), (b'Access-Control-Allow-Origin', b'https://huggingface.co'), (b'Vary', b'Origin'), (b'Access-Control-Expose-Headers', b'X-Repo-Commit,X-Request-Id,X-Error-Code,X-Error-Message,X-Total-Count,ETag,Link,Accept-Ranges,Content-Range,X-Linked-Size,X-Linked-ETag,X-Xet-Hash'), (b'X-Repo-Commit', b'e8f8c211226b894fcb81acc59f3b34ba3efd5f42'), (b'Accept-Ranges', b'bytes'), (b'X-Hub-Cache', b'MISS'), (b'X-Error-Code', b'EntryNotFound'), (b'X-Error-Message', b'Entry not found'), (b'X-Cache', b'Error from cloudfront'), (b'Via', b'1.1 385cb8def78c1bb03b9aa3bd53bf1f06.cloudfront.net (CloudFront)'), (b'X-Amz-Cf-Pop', b'FRA50-P2'), (b'X-Amz-Cf-Id', b'njgTiAbVSmfWgSIZbp6RXdB66wy4ZQ1WbNTQ2gon-0_yqycogNbifQ==')])
2026-05-25 13:19:20,236 | INFO     | httpx                | HTTP Request: HEAD https://huggingface.co/sentence-transformers/paraphrase-multilingual-MiniLM-L12-v2/resolve/main/adapter_config.json "HTTP/1.1 404 Not Found"
2026-05-25 13:19:20,237 | DEBUG    | httpcore.http11      | receive_response_body.started request=<Request [b'HEAD']>
2026-05-25 13:19:20,237 | DEBUG    | httpcore.http11      | receive_response_body.complete
2026-05-25 13:19:20,237 | DEBUG    | httpcore.http11      | response_closed.started
2026-05-25 13:19:20,237 | DEBUG    | httpcore.http11      | response_closed.complete
2026-05-25 13:19:20,252 | DEBUG    | httpcore.http11      | send_request_headers.started request=<Request [b'HEAD']>
2026-05-25 13:19:20,252 | DEBUG    | httpcore.http11      | send_request_headers.complete
2026-05-25 13:19:20,252 | DEBUG    | httpcore.http11      | send_request_body.started request=<Request [b'HEAD']>
2026-05-25 13:19:20,253 | DEBUG    | httpcore.http11      | send_request_body.complete
2026-05-25 13:19:20,253 | DEBUG    | httpcore.http11      | receive_response_headers.started request=<Request [b'HEAD']>
2026-05-25 13:19:20,396 | DEBUG    | httpcore.http11      | receive_response_headers.complete return_value=(b'HTTP/1.1', 307, b'Temporary Redirect', [(b'Content-Type', b'text/plain; charset=utf-8'), (b'Content-Length', b'322'), (b'Connection', b'keep-alive'), (b'Date', b'Mon, 25 May 2026 10:19:20 GMT'), (b'Location', b'/api/resolve-cache/models/sentence-transformers/paraphrase-multilingual-MiniLM-L12-v2/e8f8c211226b894fcb81acc59f3b34ba3efd5f42/config.json?%2Fsentence-transformers%2Fparaphrase-multilingual-MiniLM-L12-v2%2Fresolve%2Fmain%2Fconfig.json=&etag=%22c06d5b49495f044e6380e68a60538be17a6bd5d1%22'), (b'X-Powered-By', b'huggingface-moon'), (b'X-Request-Id', b'Root=1-6a142228-6e9982a7759e76d3419dbd15;5026c169-d02a-4100-88be-c932dc6793e1'), (b'RateLimit', b'"resolvers";r=4968;t=95'), (b'RateLimit-Policy', b'"fixed window";"resolvers";q=5000;w=300'), (b'cross-origin-opener-policy', b'same-origin'), (b'Referrer-Policy', b'strict-origin-when-cross-origin'), (b'Access-Control-Max-Age', b'86400'), (b'Access-Control-Allow-Origin', b'https://huggingface.co'), (b'Vary', b'Origin, Accept'), (b'Access-Control-Expose-Headers', b'X-Repo-Commit,X-Request-Id,X-Error-Code,X-Error-Message,X-Total-Count,ETag,Link,Accept-Ranges,Content-Range,X-Linked-Size,X-Linked-ETag,X-Xet-Hash'), (b'X-Repo-Commit', b'e8f8c211226b894fcb81acc59f3b34ba3efd5f42'), (b'Accept-Ranges', b'bytes'), (b'X-Hub-Cache', b'HIT'), (b'Content-Disposition', b'inline; filename*=UTF-8\'\'config.json; filename="config.json";'), (b'Content-Security-Policy', b"default-src 'none'; sandbox"), (b'X-Linked-ETag', b'"c06d5b49495f044e6380e68a60538be17a6bd5d1"'), (b'X-Cache', b'Miss from cloudfront'), (b'Via', b'1.1 385cb8def78c1bb03b9aa3bd53bf1f06.cloudfront.net (CloudFront)'), (b'X-Amz-Cf-Pop', b'FRA50-P2'), (b'X-Amz-Cf-Id', b'XlhVvRZyGsjIC4QWQmaS_FQJ3XRyE_Lz-XQkuQyB1UIrjdF9Et0-qQ==')])
2026-05-25 13:19:20,396 | INFO     | httpx                | HTTP Request: HEAD https://huggingface.co/sentence-transformers/paraphrase-multilingual-MiniLM-L12-v2/resolve/main/config.json "HTTP/1.1 307 Temporary Redirect"
2026-05-25 13:19:20,397 | DEBUG    | httpcore.http11      | receive_response_body.started request=<Request [b'HEAD']>
2026-05-25 13:19:20,397 | DEBUG    | httpcore.http11      | receive_response_body.complete
2026-05-25 13:19:20,397 | DEBUG    | httpcore.http11      | response_closed.started
2026-05-25 13:19:20,398 | DEBUG    | httpcore.http11      | response_closed.complete
2026-05-25 13:19:20,399 | DEBUG    | httpcore.http11      | send_request_headers.started request=<Request [b'HEAD']>
2026-05-25 13:19:20,399 | DEBUG    | httpcore.http11      | send_request_headers.complete
2026-05-25 13:19:20,399 | DEBUG    | httpcore.http11      | send_request_body.started request=<Request [b'HEAD']>
2026-05-25 13:19:20,400 | DEBUG    | httpcore.http11      | send_request_body.complete
2026-05-25 13:19:20,400 | DEBUG    | httpcore.http11      | receive_response_headers.started request=<Request [b'HEAD']>
2026-05-25 13:19:20,440 | DEBUG    | httpcore.http11      | receive_response_headers.complete return_value=(b'HTTP/1.1', 200, b'OK', [(b'Content-Type', b'text/plain; charset=utf-8'), (b'Content-Length', b'645'), (b'Connection', b'keep-alive'), (b'Date', b'Sat, 23 May 2026 16:52:55 GMT'), (b'ETag', b'"c06d5b49495f044e6380e68a60538be17a6bd5d1"'), (b'X-Powered-By', b'huggingface-moon'), (b'X-Request-Id', b'Root=1-6a11db67-2ad77e595d0c35132f3135d5;4da4a2fd-bd36-4550-ac7d-380303f2f2bc'), (b'RateLimit', b'"resolvers";r=4983;t=180'), (b'RateLimit-Policy', b'"fixed window";"resolvers";q=5000;w=300'), (b'cross-origin-opener-policy', b'same-origin'), (b'Referrer-Policy', b'strict-origin-when-cross-origin'), (b'Access-Control-Max-Age', b'86400'), (b'Access-Control-Allow-Origin', b'https://huggingface.co'), (b'Access-Control-Expose-Headers', b'X-Repo-Commit,X-Request-Id,X-Error-Code,X-Error-Message,X-Total-Count,ETag,Link,Accept-Ranges,Content-Range,X-Linked-Size,X-Linked-ETag,X-Xet-Hash'), (b'X-Repo-Commit', b'e8f8c211226b894fcb81acc59f3b34ba3efd5f42'), (b'Accept-Ranges', b'bytes'), (b'X-Hub-Cache', b'MISS'), (b'Content-Disposition', b'inline; filename*=UTF-8\'\'config.json; filename="config.json";'), (b'Content-Security-Policy', b"default-src 'none'; sandbox"), (b'Vary', b'Origin'), (b'X-Cache', b'Hit from cloudfront'), (b'Via', b'1.1 385cb8def78c1bb03b9aa3bd53bf1f06.cloudfront.net (CloudFront)'), (b'X-Amz-Cf-Pop', b'FRA50-P2'), (b'X-Amz-Cf-Id', b'AmZIZs1R7r5Zv6OY_wpwS3TDDjXBb1tMOXppStefhnD2klgHfwBx-A=='), (b'Age', b'149185')])
2026-05-25 13:19:20,441 | INFO     | httpx                | HTTP Request: HEAD https://huggingface.co/api/resolve-cache/models/sentence-transformers/paraphrase-multilingual-MiniLM-L12-v2/e8f8c211226b894fcb81acc59f3b34ba3efd5f42/config.json "HTTP/1.1 200 OK"
2026-05-25 13:19:20,441 | DEBUG    | httpcore.http11      | receive_response_body.started request=<Request [b'HEAD']>
2026-05-25 13:19:20,441 | DEBUG    | httpcore.http11      | receive_response_body.complete
2026-05-25 13:19:20,442 | DEBUG    | httpcore.http11      | response_closed.started
2026-05-25 13:19:20,442 | DEBUG    | httpcore.http11      | response_closed.complete
2026-05-25 13:19:20,610 | DEBUG    | httpcore.http11      | send_request_headers.started request=<Request [b'HEAD']>
2026-05-25 13:19:20,610 | DEBUG    | httpcore.http11      | send_request_headers.complete
2026-05-25 13:19:20,610 | DEBUG    | httpcore.http11      | send_request_body.started request=<Request [b'HEAD']>
2026-05-25 13:19:20,610 | DEBUG    | httpcore.http11      | send_request_body.complete
2026-05-25 13:19:20,610 | DEBUG    | httpcore.http11      | receive_response_headers.started request=<Request [b'HEAD']>
2026-05-25 13:19:20,762 | DEBUG    | httpcore.http11      | receive_response_headers.complete return_value=(b'HTTP/1.1', 404, b'Not Found', [(b'Content-Type', b'text/plain; charset=utf-8'), (b'Content-Length', b'15'), (b'Connection', b'keep-alive'), (b'Date', b'Mon, 25 May 2026 10:19:20 GMT'), (b'ETag', b'W/"f-mY2VvLxuxB7KhsoOdQTlMTccuAQ"'), (b'X-Powered-By', b'huggingface-moon'), (b'X-Request-Id', b'Root=1-6a142228-32d60741355da6b26d7040c6;7481dd27-40d7-4f20-8a50-ce2b72b6ee0c'), (b'RateLimit', b'"resolvers";r=4967;t=95'), (b'RateLimit-Policy', b'"fixed window";"resolvers";q=5000;w=300'), (b'cross-origin-opener-policy', b'same-origin'), (b'Referrer-Policy', b'strict-origin-when-cross-origin'), (b'Access-Control-Max-Age', b'86400'), (b'Access-Control-Allow-Origin', b'https://huggingface.co'), (b'Vary', b'Origin'), (b'Access-Control-Expose-Headers', b'X-Repo-Commit,X-Request-Id,X-Error-Code,X-Error-Message,X-Total-Count,ETag,Link,Accept-Ranges,Content-Range,X-Linked-Size,X-Linked-ETag,X-Xet-Hash'), (b'X-Repo-Commit', b'e8f8c211226b894fcb81acc59f3b34ba3efd5f42'), (b'Accept-Ranges', b'bytes'), (b'X-Hub-Cache', b'MISS'), (b'X-Error-Code', b'EntryNotFound'), (b'X-Error-Message', b'Entry not found'), (b'X-Cache', b'Error from cloudfront'), (b'Via', b'1.1 385cb8def78c1bb03b9aa3bd53bf1f06.cloudfront.net (CloudFront)'), (b'X-Amz-Cf-Pop', b'FRA50-P2'), (b'X-Amz-Cf-Id', b'UKp_JWreKcNb8dg1dzwsGjjkpfZw1WAbrdYywDNxXk7wmTPF5guEiA==')])
2026-05-25 13:19:20,762 | INFO     | httpx                | HTTP Request: HEAD https://huggingface.co/sentence-transformers/paraphrase-multilingual-MiniLM-L12-v2/resolve/main/processor_config.json "HTTP/1.1 404 Not Found"
2026-05-25 13:19:20,763 | DEBUG    | httpcore.http11      | receive_response_body.started request=<Request [b'HEAD']>
2026-05-25 13:19:20,763 | DEBUG    | httpcore.http11      | receive_response_body.complete
2026-05-25 13:19:20,763 | DEBUG    | httpcore.http11      | response_closed.started
2026-05-25 13:19:20,763 | DEBUG    | httpcore.http11      | response_closed.complete
2026-05-25 13:19:20,775 | DEBUG    | httpcore.http11      | send_request_headers.started request=<Request [b'HEAD']>
2026-05-25 13:19:20,775 | DEBUG    | httpcore.http11      | send_request_headers.complete
2026-05-25 13:19:20,776 | DEBUG    | httpcore.http11      | send_request_body.started request=<Request [b'HEAD']>
2026-05-25 13:19:20,776 | DEBUG    | httpcore.http11      | send_request_body.complete
2026-05-25 13:19:20,776 | DEBUG    | httpcore.http11      | receive_response_headers.started request=<Request [b'HEAD']>
2026-05-25 13:19:20,930 | DEBUG    | httpcore.http11      | receive_response_headers.complete return_value=(b'HTTP/1.1', 404, b'Not Found', [(b'Content-Type', b'text/plain; charset=utf-8'), (b'Content-Length', b'15'), (b'Connection', b'keep-alive'), (b'Date', b'Mon, 25 May 2026 10:19:20 GMT'), (b'ETag', b'W/"f-mY2VvLxuxB7KhsoOdQTlMTccuAQ"'), (b'X-Powered-By', b'huggingface-moon'), (b'X-Request-Id', b'Root=1-6a142228-061237756ce8c7eb408d5516;9057ef6e-cd3f-4346-af51-2b805637a959'), (b'RateLimit', b'"resolvers";r=4966;t=95'), (b'RateLimit-Policy', b'"fixed window";"resolvers";q=5000;w=300'), (b'cross-origin-opener-policy', b'same-origin'), (b'Referrer-Policy', b'strict-origin-when-cross-origin'), (b'Access-Control-Max-Age', b'86400'), (b'Access-Control-Allow-Origin', b'https://huggingface.co'), (b'Vary', b'Origin'), (b'Access-Control-Expose-Headers', b'X-Repo-Commit,X-Request-Id,X-Error-Code,X-Error-Message,X-Total-Count,ETag,Link,Accept-Ranges,Content-Range,X-Linked-Size,X-Linked-ETag,X-Xet-Hash'), (b'X-Repo-Commit', b'e8f8c211226b894fcb81acc59f3b34ba3efd5f42'), (b'Accept-Ranges', b'bytes'), (b'X-Hub-Cache', b'MISS'), (b'X-Error-Code', b'EntryNotFound'), (b'X-Error-Message', b'Entry not found'), (b'X-Cache', b'Error from cloudfront'), (b'Via', b'1.1 385cb8def78c1bb03b9aa3bd53bf1f06.cloudfront.net (CloudFront)'), (b'X-Amz-Cf-Pop', b'FRA50-P2'), (b'X-Amz-Cf-Id', b'sycNJkISjIVmS62zQLGHza-njAktd38husryeAFOu9BKiimnaFBy3g==')])
2026-05-25 13:19:20,931 | INFO     | httpx                | HTTP Request: HEAD https://huggingface.co/sentence-transformers/paraphrase-multilingual-MiniLM-L12-v2/resolve/main/preprocessor_config.json "HTTP/1.1 404 Not Found"
2026-05-25 13:19:20,931 | DEBUG    | httpcore.http11      | receive_response_body.started request=<Request [b'HEAD']>
2026-05-25 13:19:20,931 | DEBUG    | httpcore.http11      | receive_response_body.complete
2026-05-25 13:19:20,931 | DEBUG    | httpcore.http11      | response_closed.started
2026-05-25 13:19:20,931 | DEBUG    | httpcore.http11      | response_closed.complete
2026-05-25 13:19:20,938 | DEBUG    | httpcore.http11      | send_request_headers.started request=<Request [b'HEAD']>
2026-05-25 13:19:20,940 | DEBUG    | httpcore.http11      | send_request_headers.complete
2026-05-25 13:19:20,940 | DEBUG    | httpcore.http11      | send_request_body.started request=<Request [b'HEAD']>
2026-05-25 13:19:20,941 | DEBUG    | httpcore.http11      | send_request_body.complete
2026-05-25 13:19:20,943 | DEBUG    | httpcore.http11      | receive_response_headers.started request=<Request [b'HEAD']>
2026-05-25 13:19:21,085 | DEBUG    | httpcore.http11      | receive_response_headers.complete return_value=(b'HTTP/1.1', 404, b'Not Found', [(b'Content-Type', b'text/plain; charset=utf-8'), (b'Content-Length', b'15'), (b'Connection', b'keep-alive'), (b'Date', b'Mon, 25 May 2026 10:19:21 GMT'), (b'ETag', b'W/"f-mY2VvLxuxB7KhsoOdQTlMTccuAQ"'), (b'X-Powered-By', b'huggingface-moon'), (b'X-Request-Id', b'Root=1-6a142229-2f8b55795351de275e9829a6;7c8eb9f0-3495-4312-a842-21293563ac5d'), (b'RateLimit', b'"resolvers";r=4965;t=94'), (b'RateLimit-Policy', b'"fixed window";"resolvers";q=5000;w=300'), (b'cross-origin-opener-policy', b'same-origin'), (b'Referrer-Policy', b'strict-origin-when-cross-origin'), (b'Access-Control-Max-Age', b'86400'), (b'Access-Control-Allow-Origin', b'https://huggingface.co'), (b'Vary', b'Origin'), (b'Access-Control-Expose-Headers', b'X-Repo-Commit,X-Request-Id,X-Error-Code,X-Error-Message,X-Total-Count,ETag,Link,Accept-Ranges,Content-Range,X-Linked-Size,X-Linked-ETag,X-Xet-Hash'), (b'X-Repo-Commit', b'e8f8c211226b894fcb81acc59f3b34ba3efd5f42'), (b'Accept-Ranges', b'bytes'), (b'X-Hub-Cache', b'MISS'), (b'X-Error-Code', b'EntryNotFound'), (b'X-Error-Message', b'Entry not found'), (b'X-Cache', b'Error from cloudfront'), (b'Via', b'1.1 385cb8def78c1bb03b9aa3bd53bf1f06.cloudfront.net (CloudFront)'), (b'X-Amz-Cf-Pop', b'FRA50-P2'), (b'X-Amz-Cf-Id', b's7lv4kvaXjwRlygSwtgSpFndhmyOCP-SC9US4LTMpX7ANq_bqKreSQ==')])
2026-05-25 13:19:21,086 | INFO     | httpx                | HTTP Request: HEAD https://huggingface.co/sentence-transformers/paraphrase-multilingual-MiniLM-L12-v2/resolve/main/video_preprocessor_config.json "HTTP/1.1 404 Not Found"
2026-05-25 13:19:21,086 | DEBUG    | httpcore.http11      | receive_response_body.started request=<Request [b'HEAD']>
2026-05-25 13:19:21,086 | DEBUG    | httpcore.http11      | receive_response_body.complete
2026-05-25 13:19:21,086 | DEBUG    | httpcore.http11      | response_closed.started
2026-05-25 13:19:21,086 | DEBUG    | httpcore.http11      | response_closed.complete
2026-05-25 13:19:21,098 | DEBUG    | httpcore.http11      | send_request_headers.started request=<Request [b'HEAD']>
2026-05-25 13:19:21,098 | DEBUG    | httpcore.http11      | send_request_headers.complete
2026-05-25 13:19:21,098 | DEBUG    | httpcore.http11      | send_request_body.started request=<Request [b'HEAD']>
2026-05-25 13:19:21,099 | DEBUG    | httpcore.http11      | send_request_body.complete
2026-05-25 13:19:21,099 | DEBUG    | httpcore.http11      | receive_response_headers.started request=<Request [b'HEAD']>
2026-05-25 13:19:21,245 | DEBUG    | httpcore.http11      | receive_response_headers.complete return_value=(b'HTTP/1.1', 404, b'Not Found', [(b'Content-Type', b'text/plain; charset=utf-8'), (b'Content-Length', b'15'), (b'Connection', b'keep-alive'), (b'Date', b'Mon, 25 May 2026 10:19:21 GMT'), (b'ETag', b'W/"f-mY2VvLxuxB7KhsoOdQTlMTccuAQ"'), (b'X-Powered-By', b'huggingface-moon'), (b'X-Request-Id', b'Root=1-6a142229-17641a7b67d699b078c2f05a;5fc1b6ee-46ae-428f-9e12-ef0d844faa30'), (b'RateLimit', b'"resolvers";r=4964;t=94'), (b'RateLimit-Policy', b'"fixed window";"resolvers";q=5000;w=300'), (b'cross-origin-opener-policy', b'same-origin'), (b'Referrer-Policy', b'strict-origin-when-cross-origin'), (b'Access-Control-Max-Age', b'86400'), (b'Access-Control-Allow-Origin', b'https://huggingface.co'), (b'Vary', b'Origin'), (b'Access-Control-Expose-Headers', b'X-Repo-Commit,X-Request-Id,X-Error-Code,X-Error-Message,X-Total-Count,ETag,Link,Accept-Ranges,Content-Range,X-Linked-Size,X-Linked-ETag,X-Xet-Hash'), (b'X-Repo-Commit', b'e8f8c211226b894fcb81acc59f3b34ba3efd5f42'), (b'Accept-Ranges', b'bytes'), (b'X-Hub-Cache', b'MISS'), (b'X-Error-Code', b'EntryNotFound'), (b'X-Error-Message', b'Entry not found'), (b'X-Cache', b'Error from cloudfront'), (b'Via', b'1.1 385cb8def78c1bb03b9aa3bd53bf1f06.cloudfront.net (CloudFront)'), (b'X-Amz-Cf-Pop', b'FRA50-P2'), (b'X-Amz-Cf-Id', b'3EJkplfvXdutRXzFVYy6d70OCOpyzlchk2tBOQBW9DCGj_GxL_G8GA==')])
2026-05-25 13:19:21,245 | INFO     | httpx                | HTTP Request: HEAD https://huggingface.co/sentence-transformers/paraphrase-multilingual-MiniLM-L12-v2/resolve/main/preprocessor_config.json "HTTP/1.1 404 Not Found"
2026-05-25 13:19:21,246 | DEBUG    | httpcore.http11      | receive_response_body.started request=<Request [b'HEAD']>
2026-05-25 13:19:21,246 | DEBUG    | httpcore.http11      | receive_response_body.complete
2026-05-25 13:19:21,246 | DEBUG    | httpcore.http11      | response_closed.started
2026-05-25 13:19:21,246 | DEBUG    | httpcore.http11      | response_closed.complete
2026-05-25 13:19:21,254 | DEBUG    | httpcore.http11      | send_request_headers.started request=<Request [b'HEAD']>
2026-05-25 13:19:21,256 | DEBUG    | httpcore.http11      | send_request_headers.complete
2026-05-25 13:19:21,257 | DEBUG    | httpcore.http11      | send_request_body.started request=<Request [b'HEAD']>
2026-05-25 13:19:21,257 | DEBUG    | httpcore.http11      | send_request_body.complete
2026-05-25 13:19:21,257 | DEBUG    | httpcore.http11      | receive_response_headers.started request=<Request [b'HEAD']>
2026-05-25 13:19:21,399 | DEBUG    | httpcore.http11      | receive_response_headers.complete return_value=(b'HTTP/1.1', 307, b'Temporary Redirect', [(b'Content-Type', b'text/plain; charset=utf-8'), (b'Content-Length', b'342'), (b'Connection', b'keep-alive'), (b'Date', b'Mon, 25 May 2026 10:19:21 GMT'), (b'Location', b'/api/resolve-cache/models/sentence-transformers/paraphrase-multilingual-MiniLM-L12-v2/e8f8c211226b894fcb81acc59f3b34ba3efd5f42/tokenizer_config.json?%2Fsentence-transformers%2Fparaphrase-multilingual-MiniLM-L12-v2%2Fresolve%2Fmain%2Ftokenizer_config.json=&etag=%223c1b565ae10a15a1d0c31096f834af2fd9359e91%22'), (b'X-Powered-By', b'huggingface-moon'), (b'X-Request-Id', b'Root=1-6a142229-296de8171632463f7772d586;e83df375-8e97-45c2-a37b-e9344c458f71'), (b'RateLimit', b'"resolvers";r=4963;t=94'), (b'RateLimit-Policy', b'"fixed window";"resolvers";q=5000;w=300'), (b'cross-origin-opener-policy', b'same-origin'), (b'Referrer-Policy', b'strict-origin-when-cross-origin'), (b'Access-Control-Max-Age', b'86400'), (b'Access-Control-Allow-Origin', b'https://huggingface.co'), (b'Vary', b'Origin, Accept'), (b'Access-Control-Expose-Headers', b'X-Repo-Commit,X-Request-Id,X-Error-Code,X-Error-Message,X-Total-Count,ETag,Link,Accept-Ranges,Content-Range,X-Linked-Size,X-Linked-ETag,X-Xet-Hash'), (b'X-Repo-Commit', b'e8f8c211226b894fcb81acc59f3b34ba3efd5f42'), (b'Accept-Ranges', b'bytes'), (b'X-Hub-Cache', b'HIT'), (b'Content-Disposition', b'inline; filename*=UTF-8\'\'tokenizer_config.json; filename="tokenizer_config.json";'), (b'Content-Security-Policy', b"default-src 'none'; sandbox"), (b'X-Linked-ETag', b'"3c1b565ae10a15a1d0c31096f834af2fd9359e91"'), (b'X-Cache', b'Miss from cloudfront'), (b'Via', b'1.1 385cb8def78c1bb03b9aa3bd53bf1f06.cloudfront.net (CloudFront)'), (b'X-Amz-Cf-Pop', b'FRA50-P2'), (b'X-Amz-Cf-Id', b'kh1oAN8bBDpplGeov8G9p6os2vz_kozgPmviylyFrkff3TcMaoAUkQ==')])
2026-05-25 13:19:21,400 | INFO     | httpx                | HTTP Request: HEAD https://huggingface.co/sentence-transformers/paraphrase-multilingual-MiniLM-L12-v2/resolve/main/tokenizer_config.json "HTTP/1.1 307 Temporary Redirect"
2026-05-25 13:19:21,401 | DEBUG    | httpcore.http11      | receive_response_body.started request=<Request [b'HEAD']>
2026-05-25 13:19:21,401 | DEBUG    | httpcore.http11      | receive_response_body.complete
2026-05-25 13:19:21,402 | DEBUG    | httpcore.http11      | response_closed.started
2026-05-25 13:19:21,402 | DEBUG    | httpcore.http11      | response_closed.complete
2026-05-25 13:19:21,403 | DEBUG    | httpcore.http11      | send_request_headers.started request=<Request [b'HEAD']>
2026-05-25 13:19:21,403 | DEBUG    | httpcore.http11      | send_request_headers.complete
2026-05-25 13:19:21,403 | DEBUG    | httpcore.http11      | send_request_body.started request=<Request [b'HEAD']>
2026-05-25 13:19:21,404 | DEBUG    | httpcore.http11      | send_request_body.complete
2026-05-25 13:19:21,404 | DEBUG    | httpcore.http11      | receive_response_headers.started request=<Request [b'HEAD']>
2026-05-25 13:19:21,444 | DEBUG    | httpcore.http11      | receive_response_headers.complete return_value=(b'HTTP/1.1', 200, b'OK', [(b'Content-Type', b'text/plain; charset=utf-8'), (b'Content-Length', b'526'), (b'Connection', b'keep-alive'), (b'Date', b'Sat, 23 May 2026 16:53:14 GMT'), (b'ETag', b'"3c1b565ae10a15a1d0c31096f834af2fd9359e91"'), (b'X-Powered-By', b'huggingface-moon'), (b'X-Request-Id', b'Root=1-6a11db7a-70d238d00dffb7f31218b60e;ddd9f2d2-5b8d-43bc-91fe-8e21de0f4647'), (b'RateLimit', b'"resolvers";r=4975;t=161'), (b'RateLimit-Policy', b'"fixed window";"resolvers";q=5000;w=300'), (b'cross-origin-opener-policy', b'same-origin'), (b'Referrer-Policy', b'strict-origin-when-cross-origin'), (b'Access-Control-Max-Age', b'86400'), (b'Access-Control-Allow-Origin', b'https://huggingface.co'), (b'Access-Control-Expose-Headers', b'X-Repo-Commit,X-Request-Id,X-Error-Code,X-Error-Message,X-Total-Count,ETag,Link,Accept-Ranges,Content-Range,X-Linked-Size,X-Linked-ETag,X-Xet-Hash'), (b'X-Repo-Commit', b'e8f8c211226b894fcb81acc59f3b34ba3efd5f42'), (b'Accept-Ranges', b'bytes'), (b'X-Hub-Cache', b'MISS'), (b'Content-Disposition', b'inline; filename*=UTF-8\'\'tokenizer_config.json; filename="tokenizer_config.json";'), (b'Content-Security-Policy', b"default-src 'none'; sandbox"), (b'Vary', b'Origin'), (b'X-Cache', b'Hit from cloudfront'), (b'Via', b'1.1 385cb8def78c1bb03b9aa3bd53bf1f06.cloudfront.net (CloudFront)'), (b'X-Amz-Cf-Pop', b'FRA50-P2'), (b'X-Amz-Cf-Id', b'zVY3_RQ8slOyk2tgCg_cR8o0steqyLBOuPJg8ZJErLgXzUF7-GU2Uw=='), (b'Age', b'149167')])
2026-05-25 13:19:21,445 | INFO     | httpx                | HTTP Request: HEAD https://huggingface.co/api/resolve-cache/models/sentence-transformers/paraphrase-multilingual-MiniLM-L12-v2/e8f8c211226b894fcb81acc59f3b34ba3efd5f42/tokenizer_config.json "HTTP/1.1 200 OK"
2026-05-25 13:19:21,445 | DEBUG    | httpcore.http11      | receive_response_body.started request=<Request [b'HEAD']>
2026-05-25 13:19:21,446 | DEBUG    | httpcore.http11      | receive_response_body.complete
2026-05-25 13:19:21,446 | DEBUG    | httpcore.http11      | response_closed.started
2026-05-25 13:19:21,446 | DEBUG    | httpcore.http11      | response_closed.complete
2026-05-25 13:19:21,465 | DEBUG    | httpcore.http11      | send_request_headers.started request=<Request [b'HEAD']>
2026-05-25 13:19:21,465 | DEBUG    | httpcore.http11      | send_request_headers.complete
2026-05-25 13:19:21,466 | DEBUG    | httpcore.http11      | send_request_body.started request=<Request [b'HEAD']>
2026-05-25 13:19:21,466 | DEBUG    | httpcore.http11      | send_request_body.complete
2026-05-25 13:19:21,466 | DEBUG    | httpcore.http11      | receive_response_headers.started request=<Request [b'HEAD']>
2026-05-25 13:19:21,610 | DEBUG    | httpcore.http11      | receive_response_headers.complete return_value=(b'HTTP/1.1', 307, b'Temporary Redirect', [(b'Content-Type', b'text/plain; charset=utf-8'), (b'Content-Length', b'322'), (b'Connection', b'keep-alive'), (b'Date', b'Mon, 25 May 2026 10:19:21 GMT'), (b'Location', b'/api/resolve-cache/models/sentence-transformers/paraphrase-multilingual-MiniLM-L12-v2/e8f8c211226b894fcb81acc59f3b34ba3efd5f42/config.json?%2Fsentence-transformers%2Fparaphrase-multilingual-MiniLM-L12-v2%2Fresolve%2Fmain%2Fconfig.json=&etag=%22c06d5b49495f044e6380e68a60538be17a6bd5d1%22'), (b'X-Powered-By', b'huggingface-moon'), (b'X-Request-Id', b'Root=1-6a142229-795789fb639b59be224f65c2;4fa75106-fd57-4755-b7df-007ee76423c4'), (b'RateLimit', b'"resolvers";r=4962;t=94'), (b'RateLimit-Policy', b'"fixed window";"resolvers";q=5000;w=300'), (b'cross-origin-opener-policy', b'same-origin'), (b'Referrer-Policy', b'strict-origin-when-cross-origin'), (b'Access-Control-Max-Age', b'86400'), (b'Access-Control-Allow-Origin', b'https://huggingface.co'), (b'Vary', b'Origin, Accept'), (b'Access-Control-Expose-Headers', b'X-Repo-Commit,X-Request-Id,X-Error-Code,X-Error-Message,X-Total-Count,ETag,Link,Accept-Ranges,Content-Range,X-Linked-Size,X-Linked-ETag,X-Xet-Hash'), (b'X-Repo-Commit', b'e8f8c211226b894fcb81acc59f3b34ba3efd5f42'), (b'Accept-Ranges', b'bytes'), (b'X-Hub-Cache', b'HIT'), (b'Content-Disposition', b'inline; filename*=UTF-8\'\'config.json; filename="config.json";'), (b'Content-Security-Policy', b"default-src 'none'; sandbox"), (b'X-Linked-ETag', b'"c06d5b49495f044e6380e68a60538be17a6bd5d1"'), (b'X-Cache', b'Miss from cloudfront'), (b'Via', b'1.1 385cb8def78c1bb03b9aa3bd53bf1f06.cloudfront.net (CloudFront)'), (b'X-Amz-Cf-Pop', b'FRA50-P2'), (b'X-Amz-Cf-Id', b'hbbuJLCTffBc3Y_Pz1hoRtVSQtHMTn31S4_ie6qJeoOCEip3ikZz6w==')])
2026-05-25 13:19:21,611 | INFO     | httpx                | HTTP Request: HEAD https://huggingface.co/sentence-transformers/paraphrase-multilingual-MiniLM-L12-v2/resolve/main/config.json "HTTP/1.1 307 Temporary Redirect"
2026-05-25 13:19:21,612 | DEBUG    | httpcore.http11      | receive_response_body.started request=<Request [b'HEAD']>
2026-05-25 13:19:21,612 | DEBUG    | httpcore.http11      | receive_response_body.complete
2026-05-25 13:19:21,612 | DEBUG    | httpcore.http11      | response_closed.started
2026-05-25 13:19:21,613 | DEBUG    | httpcore.http11      | response_closed.complete
2026-05-25 13:19:21,613 | DEBUG    | httpcore.http11      | send_request_headers.started request=<Request [b'HEAD']>
2026-05-25 13:19:21,614 | DEBUG    | httpcore.http11      | send_request_headers.complete
2026-05-25 13:19:21,614 | DEBUG    | httpcore.http11      | send_request_body.started request=<Request [b'HEAD']>
2026-05-25 13:19:21,614 | DEBUG    | httpcore.http11      | send_request_body.complete
2026-05-25 13:19:21,614 | DEBUG    | httpcore.http11      | receive_response_headers.started request=<Request [b'HEAD']>
2026-05-25 13:19:21,653 | DEBUG    | httpcore.http11      | receive_response_headers.complete return_value=(b'HTTP/1.1', 200, b'OK', [(b'Content-Type', b'text/plain; charset=utf-8'), (b'Content-Length', b'645'), (b'Connection', b'keep-alive'), (b'Date', b'Sat, 23 May 2026 16:52:55 GMT'), (b'ETag', b'"c06d5b49495f044e6380e68a60538be17a6bd5d1"'), (b'X-Powered-By', b'huggingface-moon'), (b'X-Request-Id', b'Root=1-6a11db67-2ad77e595d0c35132f3135d5;4da4a2fd-bd36-4550-ac7d-380303f2f2bc'), (b'RateLimit', b'"resolvers";r=4983;t=180'), (b'RateLimit-Policy', b'"fixed window";"resolvers";q=5000;w=300'), (b'cross-origin-opener-policy', b'same-origin'), (b'Referrer-Policy', b'strict-origin-when-cross-origin'), (b'Access-Control-Max-Age', b'86400'), (b'Access-Control-Allow-Origin', b'https://huggingface.co'), (b'Access-Control-Expose-Headers', b'X-Repo-Commit,X-Request-Id,X-Error-Code,X-Error-Message,X-Total-Count,ETag,Link,Accept-Ranges,Content-Range,X-Linked-Size,X-Linked-ETag,X-Xet-Hash'), (b'X-Repo-Commit', b'e8f8c211226b894fcb81acc59f3b34ba3efd5f42'), (b'Accept-Ranges', b'bytes'), (b'X-Hub-Cache', b'MISS'), (b'Content-Disposition', b'inline; filename*=UTF-8\'\'config.json; filename="config.json";'), (b'Content-Security-Policy', b"default-src 'none'; sandbox"), (b'Vary', b'Origin'), (b'X-Cache', b'Hit from cloudfront'), (b'Via', b'1.1 385cb8def78c1bb03b9aa3bd53bf1f06.cloudfront.net (CloudFront)'), (b'X-Amz-Cf-Pop', b'FRA50-P2'), (b'X-Amz-Cf-Id', b'EjduLJQgdK3JdxZJlHiHRn3fc2Mqm8QJSyKk9AYE6j0eaftSdmAGCg=='), (b'Age', b'149186')])
2026-05-25 13:19:21,654 | INFO     | httpx                | HTTP Request: HEAD https://huggingface.co/api/resolve-cache/models/sentence-transformers/paraphrase-multilingual-MiniLM-L12-v2/e8f8c211226b894fcb81acc59f3b34ba3efd5f42/config.json "HTTP/1.1 200 OK"
2026-05-25 13:19:21,654 | DEBUG    | httpcore.http11      | receive_response_body.started request=<Request [b'HEAD']>
2026-05-25 13:19:21,654 | DEBUG    | httpcore.http11      | receive_response_body.complete
2026-05-25 13:19:21,655 | DEBUG    | httpcore.http11      | response_closed.started
2026-05-25 13:19:21,655 | DEBUG    | httpcore.http11      | response_closed.complete
2026-05-25 13:19:21,673 | DEBUG    | httpcore.http11      | send_request_headers.started request=<Request [b'HEAD']>
2026-05-25 13:19:21,674 | DEBUG    | httpcore.http11      | send_request_headers.complete
2026-05-25 13:19:21,674 | DEBUG    | httpcore.http11      | send_request_body.started request=<Request [b'HEAD']>
2026-05-25 13:19:21,674 | DEBUG    | httpcore.http11      | send_request_body.complete
2026-05-25 13:19:21,675 | DEBUG    | httpcore.http11      | receive_response_headers.started request=<Request [b'HEAD']>
2026-05-25 13:19:21,819 | DEBUG    | httpcore.http11      | receive_response_headers.complete return_value=(b'HTTP/1.1', 307, b'Temporary Redirect', [(b'Content-Type', b'text/plain; charset=utf-8'), (b'Content-Length', b'322'), (b'Connection', b'keep-alive'), (b'Date', b'Mon, 25 May 2026 10:19:21 GMT'), (b'Location', b'/api/resolve-cache/models/sentence-transformers/paraphrase-multilingual-MiniLM-L12-v2/e8f8c211226b894fcb81acc59f3b34ba3efd5f42/config.json?%2Fsentence-transformers%2Fparaphrase-multilingual-MiniLM-L12-v2%2Fresolve%2Fmain%2Fconfig.json=&etag=%22c06d5b49495f044e6380e68a60538be17a6bd5d1%22'), (b'X-Powered-By', b'huggingface-moon'), (b'X-Request-Id', b'Root=1-6a142229-66136e6a6ca785766deff243;1e2c4fdf-0950-4850-903c-05a87fa6fed5'), (b'RateLimit', b'"resolvers";r=4961;t=94'), (b'RateLimit-Policy', b'"fixed window";"resolvers";q=5000;w=300'), (b'cross-origin-opener-policy', b'same-origin'), (b'Referrer-Policy', b'strict-origin-when-cross-origin'), (b'Access-Control-Max-Age', b'86400'), (b'Access-Control-Allow-Origin', b'https://huggingface.co'), (b'Vary', b'Origin, Accept'), (b'Access-Control-Expose-Headers', b'X-Repo-Commit,X-Request-Id,X-Error-Code,X-Error-Message,X-Total-Count,ETag,Link,Accept-Ranges,Content-Range,X-Linked-Size,X-Linked-ETag,X-Xet-Hash'), (b'X-Repo-Commit', b'e8f8c211226b894fcb81acc59f3b34ba3efd5f42'), (b'Accept-Ranges', b'bytes'), (b'X-Hub-Cache', b'HIT'), (b'Content-Disposition', b'inline; filename*=UTF-8\'\'config.json; filename="config.json";'), (b'Content-Security-Policy', b"default-src 'none'; sandbox"), (b'X-Linked-ETag', b'"c06d5b49495f044e6380e68a60538be17a6bd5d1"'), (b'X-Cache', b'Miss from cloudfront'), (b'Via', b'1.1 385cb8def78c1bb03b9aa3bd53bf1f06.cloudfront.net (CloudFront)'), (b'X-Amz-Cf-Pop', b'FRA50-P2'), (b'X-Amz-Cf-Id', b'fEDkC19HQt-e_kTQJOmEPgGOX1R2h6kP1s-PpaUCdQW353zb2tsh-Q==')])
2026-05-25 13:19:21,819 | INFO     | httpx                | HTTP Request: HEAD https://huggingface.co/sentence-transformers/paraphrase-multilingual-MiniLM-L12-v2/resolve/main/config.json "HTTP/1.1 307 Temporary Redirect"
2026-05-25 13:19:21,820 | DEBUG    | httpcore.http11      | receive_response_body.started request=<Request [b'HEAD']>
2026-05-25 13:19:21,820 | DEBUG    | httpcore.http11      | receive_response_body.complete
2026-05-25 13:19:21,821 | DEBUG    | httpcore.http11      | response_closed.started
2026-05-25 13:19:21,821 | DEBUG    | httpcore.http11      | response_closed.complete
2026-05-25 13:19:21,822 | DEBUG    | httpcore.http11      | send_request_headers.started request=<Request [b'HEAD']>
2026-05-25 13:19:21,823 | DEBUG    | httpcore.http11      | send_request_headers.complete
2026-05-25 13:19:21,823 | DEBUG    | httpcore.http11      | send_request_body.started request=<Request [b'HEAD']>
2026-05-25 13:19:21,823 | DEBUG    | httpcore.http11      | send_request_body.complete
2026-05-25 13:19:21,824 | DEBUG    | httpcore.http11      | receive_response_headers.started request=<Request [b'HEAD']>
2026-05-25 13:19:21,862 | DEBUG    | httpcore.http11      | receive_response_headers.complete return_value=(b'HTTP/1.1', 200, b'OK', [(b'Content-Type', b'text/plain; charset=utf-8'), (b'Content-Length', b'645'), (b'Connection', b'keep-alive'), (b'Date', b'Sat, 23 May 2026 16:52:55 GMT'), (b'ETag', b'"c06d5b49495f044e6380e68a60538be17a6bd5d1"'), (b'X-Powered-By', b'huggingface-moon'), (b'X-Request-Id', b'Root=1-6a11db67-2ad77e595d0c35132f3135d5;4da4a2fd-bd36-4550-ac7d-380303f2f2bc'), (b'RateLimit', b'"resolvers";r=4983;t=180'), (b'RateLimit-Policy', b'"fixed window";"resolvers";q=5000;w=300'), (b'cross-origin-opener-policy', b'same-origin'), (b'Referrer-Policy', b'strict-origin-when-cross-origin'), (b'Access-Control-Max-Age', b'86400'), (b'Access-Control-Allow-Origin', b'https://huggingface.co'), (b'Access-Control-Expose-Headers', b'X-Repo-Commit,X-Request-Id,X-Error-Code,X-Error-Message,X-Total-Count,ETag,Link,Accept-Ranges,Content-Range,X-Linked-Size,X-Linked-ETag,X-Xet-Hash'), (b'X-Repo-Commit', b'e8f8c211226b894fcb81acc59f3b34ba3efd5f42'), (b'Accept-Ranges', b'bytes'), (b'X-Hub-Cache', b'MISS'), (b'Content-Disposition', b'inline; filename*=UTF-8\'\'config.json; filename="config.json";'), (b'Content-Security-Policy', b"default-src 'none'; sandbox"), (b'Vary', b'Origin'), (b'X-Cache', b'Hit from cloudfront'), (b'Via', b'1.1 385cb8def78c1bb03b9aa3bd53bf1f06.cloudfront.net (CloudFront)'), (b'X-Amz-Cf-Pop', b'FRA50-P2'), (b'X-Amz-Cf-Id', b'zvfZYV-FOpEM3EocKXL86m58NbDdSF3Lkm8BnDtVEPvXPyub99a7zA=='), (b'Age', b'149186')])
2026-05-25 13:19:21,863 | INFO     | httpx                | HTTP Request: HEAD https://huggingface.co/api/resolve-cache/models/sentence-transformers/paraphrase-multilingual-MiniLM-L12-v2/e8f8c211226b894fcb81acc59f3b34ba3efd5f42/config.json "HTTP/1.1 200 OK"
2026-05-25 13:19:21,864 | DEBUG    | httpcore.http11      | receive_response_body.started request=<Request [b'HEAD']>
2026-05-25 13:19:21,864 | DEBUG    | httpcore.http11      | receive_response_body.complete
2026-05-25 13:19:21,864 | DEBUG    | httpcore.http11      | response_closed.started
2026-05-25 13:19:21,864 | DEBUG    | httpcore.http11      | response_closed.complete
2026-05-25 13:19:21,881 | DEBUG    | httpcore.http11      | send_request_headers.started request=<Request [b'HEAD']>
2026-05-25 13:19:21,881 | DEBUG    | httpcore.http11      | send_request_headers.complete
2026-05-25 13:19:21,882 | DEBUG    | httpcore.http11      | send_request_body.started request=<Request [b'HEAD']>
2026-05-25 13:19:21,882 | DEBUG    | httpcore.http11      | send_request_body.complete
2026-05-25 13:19:21,882 | DEBUG    | httpcore.http11      | receive_response_headers.started request=<Request [b'HEAD']>
2026-05-25 13:19:22,024 | DEBUG    | httpcore.http11      | receive_response_headers.complete return_value=(b'HTTP/1.1', 307, b'Temporary Redirect', [(b'Content-Type', b'text/plain; charset=utf-8'), (b'Content-Length', b'342'), (b'Connection', b'keep-alive'), (b'Date', b'Mon, 25 May 2026 10:19:21 GMT'), (b'Location', b'/api/resolve-cache/models/sentence-transformers/paraphrase-multilingual-MiniLM-L12-v2/e8f8c211226b894fcb81acc59f3b34ba3efd5f42/tokenizer_config.json?%2Fsentence-transformers%2Fparaphrase-multilingual-MiniLM-L12-v2%2Fresolve%2Fmain%2Ftokenizer_config.json=&etag=%223c1b565ae10a15a1d0c31096f834af2fd9359e91%22'), (b'X-Powered-By', b'huggingface-moon'), (b'X-Request-Id', b'Root=1-6a142229-78ab0eea5914062d65dc2512;8814d6ea-83e4-44d1-a45c-d8db3fff20f8'), (b'RateLimit', b'"resolvers";r=4960;t=94'), (b'RateLimit-Policy', b'"fixed window";"resolvers";q=5000;w=300'), (b'cross-origin-opener-policy', b'same-origin'), (b'Referrer-Policy', b'strict-origin-when-cross-origin'), (b'Access-Control-Max-Age', b'86400'), (b'Access-Control-Allow-Origin', b'https://huggingface.co'), (b'Vary', b'Origin, Accept'), (b'Access-Control-Expose-Headers', b'X-Repo-Commit,X-Request-Id,X-Error-Code,X-Error-Message,X-Total-Count,ETag,Link,Accept-Ranges,Content-Range,X-Linked-Size,X-Linked-ETag,X-Xet-Hash'), (b'X-Repo-Commit', b'e8f8c211226b894fcb81acc59f3b34ba3efd5f42'), (b'Accept-Ranges', b'bytes'), (b'X-Hub-Cache', b'HIT'), (b'Content-Disposition', b'inline; filename*=UTF-8\'\'tokenizer_config.json; filename="tokenizer_config.json";'), (b'Content-Security-Policy', b"default-src 'none'; sandbox"), (b'X-Linked-ETag', b'"3c1b565ae10a15a1d0c31096f834af2fd9359e91"'), (b'X-Cache', b'Miss from cloudfront'), (b'Via', b'1.1 385cb8def78c1bb03b9aa3bd53bf1f06.cloudfront.net (CloudFront)'), (b'X-Amz-Cf-Pop', b'FRA50-P2'), (b'X-Amz-Cf-Id', b'Jq8XeJw693bs3U0DdEw1HVQ9t1BReYOts7XQ8FZqjz4y5y9k1hlcMQ==')])
2026-05-25 13:19:22,025 | INFO     | httpx                | HTTP Request: HEAD https://huggingface.co/sentence-transformers/paraphrase-multilingual-MiniLM-L12-v2/resolve/main/tokenizer_config.json "HTTP/1.1 307 Temporary Redirect"
2026-05-25 13:19:22,026 | DEBUG    | httpcore.http11      | receive_response_body.started request=<Request [b'HEAD']>
2026-05-25 13:19:22,026 | DEBUG    | httpcore.http11      | receive_response_body.complete
2026-05-25 13:19:22,026 | DEBUG    | httpcore.http11      | response_closed.started
2026-05-25 13:19:22,026 | DEBUG    | httpcore.http11      | response_closed.complete
2026-05-25 13:19:22,027 | DEBUG    | httpcore.http11      | send_request_headers.started request=<Request [b'HEAD']>
2026-05-25 13:19:22,028 | DEBUG    | httpcore.http11      | send_request_headers.complete
2026-05-25 13:19:22,028 | DEBUG    | httpcore.http11      | send_request_body.started request=<Request [b'HEAD']>
2026-05-25 13:19:22,028 | DEBUG    | httpcore.http11      | send_request_body.complete
2026-05-25 13:19:22,028 | DEBUG    | httpcore.http11      | receive_response_headers.started request=<Request [b'HEAD']>
2026-05-25 13:19:22,066 | DEBUG    | httpcore.http11      | receive_response_headers.complete return_value=(b'HTTP/1.1', 200, b'OK', [(b'Content-Type', b'text/plain; charset=utf-8'), (b'Content-Length', b'526'), (b'Connection', b'keep-alive'), (b'Date', b'Sat, 23 May 2026 16:53:14 GMT'), (b'ETag', b'"3c1b565ae10a15a1d0c31096f834af2fd9359e91"'), (b'X-Powered-By', b'huggingface-moon'), (b'X-Request-Id', b'Root=1-6a11db7a-70d238d00dffb7f31218b60e;ddd9f2d2-5b8d-43bc-91fe-8e21de0f4647'), (b'RateLimit', b'"resolvers";r=4975;t=161'), (b'RateLimit-Policy', b'"fixed window";"resolvers";q=5000;w=300'), (b'cross-origin-opener-policy', b'same-origin'), (b'Referrer-Policy', b'strict-origin-when-cross-origin'), (b'Access-Control-Max-Age', b'86400'), (b'Access-Control-Allow-Origin', b'https://huggingface.co'), (b'Access-Control-Expose-Headers', b'X-Repo-Commit,X-Request-Id,X-Error-Code,X-Error-Message,X-Total-Count,ETag,Link,Accept-Ranges,Content-Range,X-Linked-Size,X-Linked-ETag,X-Xet-Hash'), (b'X-Repo-Commit', b'e8f8c211226b894fcb81acc59f3b34ba3efd5f42'), (b'Accept-Ranges', b'bytes'), (b'X-Hub-Cache', b'MISS'), (b'Content-Disposition', b'inline; filename*=UTF-8\'\'tokenizer_config.json; filename="tokenizer_config.json";'), (b'Content-Security-Policy', b"default-src 'none'; sandbox"), (b'Vary', b'Origin'), (b'X-Cache', b'Hit from cloudfront'), (b'Via', b'1.1 385cb8def78c1bb03b9aa3bd53bf1f06.cloudfront.net (CloudFront)'), (b'X-Amz-Cf-Pop', b'FRA50-P2'), (b'X-Amz-Cf-Id', b'5zZkC9_1uVXJgVnOEfj2sEWreu8fXfBMHQztMHnM1LZsVC30gcRTfQ=='), (b'Age', b'149168')])
2026-05-25 13:19:22,067 | INFO     | httpx                | HTTP Request: HEAD https://huggingface.co/api/resolve-cache/models/sentence-transformers/paraphrase-multilingual-MiniLM-L12-v2/e8f8c211226b894fcb81acc59f3b34ba3efd5f42/tokenizer_config.json "HTTP/1.1 200 OK"
2026-05-25 13:19:22,067 | DEBUG    | httpcore.http11      | receive_response_body.started request=<Request [b'HEAD']>
2026-05-25 13:19:22,067 | DEBUG    | httpcore.http11      | receive_response_body.complete
2026-05-25 13:19:22,068 | DEBUG    | httpcore.http11      | response_closed.started
2026-05-25 13:19:22,068 | DEBUG    | httpcore.http11      | response_closed.complete
2026-05-25 13:19:22,084 | DEBUG    | httpcore.http11      | send_request_headers.started request=<Request [b'HEAD']>
2026-05-25 13:19:22,085 | DEBUG    | httpcore.http11      | send_request_headers.complete
2026-05-25 13:19:22,086 | DEBUG    | httpcore.http11      | send_request_body.started request=<Request [b'HEAD']>
2026-05-25 13:19:22,086 | DEBUG    | httpcore.http11      | send_request_body.complete
2026-05-25 13:19:22,087 | DEBUG    | httpcore.http11      | receive_response_headers.started request=<Request [b'HEAD']>
2026-05-25 13:19:22,226 | DEBUG    | httpcore.http11      | receive_response_headers.complete return_value=(b'HTTP/1.1', 307, b'Temporary Redirect', [(b'Content-Type', b'text/plain; charset=utf-8'), (b'Content-Length', b'342'), (b'Connection', b'keep-alive'), (b'Date', b'Mon, 25 May 2026 10:19:22 GMT'), (b'Location', b'/api/resolve-cache/models/sentence-transformers/paraphrase-multilingual-MiniLM-L12-v2/e8f8c211226b894fcb81acc59f3b34ba3efd5f42/tokenizer_config.json?%2Fsentence-transformers%2Fparaphrase-multilingual-MiniLM-L12-v2%2Fresolve%2Fmain%2Ftokenizer_config.json=&etag=%223c1b565ae10a15a1d0c31096f834af2fd9359e91%22'), (b'X-Powered-By', b'huggingface-moon'), (b'X-Request-Id', b'Root=1-6a14222a-5b32584c53a2845d589812ca;159a9ebd-0fc2-4314-aca6-6bb70ec36c52'), (b'RateLimit', b'"resolvers";r=4959;t=93'), (b'RateLimit-Policy', b'"fixed window";"resolvers";q=5000;w=300'), (b'cross-origin-opener-policy', b'same-origin'), (b'Referrer-Policy', b'strict-origin-when-cross-origin'), (b'Access-Control-Max-Age', b'86400'), (b'Access-Control-Allow-Origin', b'https://huggingface.co'), (b'Vary', b'Origin, Accept'), (b'Access-Control-Expose-Headers', b'X-Repo-Commit,X-Request-Id,X-Error-Code,X-Error-Message,X-Total-Count,ETag,Link,Accept-Ranges,Content-Range,X-Linked-Size,X-Linked-ETag,X-Xet-Hash'), (b'X-Repo-Commit', b'e8f8c211226b894fcb81acc59f3b34ba3efd5f42'), (b'Accept-Ranges', b'bytes'), (b'X-Hub-Cache', b'HIT'), (b'Content-Disposition', b'inline; filename*=UTF-8\'\'tokenizer_config.json; filename="tokenizer_config.json";'), (b'Content-Security-Policy', b"default-src 'none'; sandbox"), (b'X-Linked-ETag', b'"3c1b565ae10a15a1d0c31096f834af2fd9359e91"'), (b'X-Cache', b'Miss from cloudfront'), (b'Via', b'1.1 385cb8def78c1bb03b9aa3bd53bf1f06.cloudfront.net (CloudFront)'), (b'X-Amz-Cf-Pop', b'FRA50-P2'), (b'X-Amz-Cf-Id', b'r8cUi9HQzk-pnIsPERJ5tZbYFMOj19GJi49vrxt7zzXwrjBDmwfO0w==')])
2026-05-25 13:19:22,227 | INFO     | httpx                | HTTP Request: HEAD https://huggingface.co/sentence-transformers/paraphrase-multilingual-MiniLM-L12-v2/resolve/main/tokenizer_config.json "HTTP/1.1 307 Temporary Redirect"
2026-05-25 13:19:22,227 | DEBUG    | httpcore.http11      | receive_response_body.started request=<Request [b'HEAD']>
2026-05-25 13:19:22,227 | DEBUG    | httpcore.http11      | receive_response_body.complete
2026-05-25 13:19:22,227 | DEBUG    | httpcore.http11      | response_closed.started
2026-05-25 13:19:22,228 | DEBUG    | httpcore.http11      | response_closed.complete
2026-05-25 13:19:22,228 | DEBUG    | httpcore.http11      | send_request_headers.started request=<Request [b'HEAD']>
2026-05-25 13:19:22,229 | DEBUG    | httpcore.http11      | send_request_headers.complete
2026-05-25 13:19:22,229 | DEBUG    | httpcore.http11      | send_request_body.started request=<Request [b'HEAD']>
2026-05-25 13:19:22,229 | DEBUG    | httpcore.http11      | send_request_body.complete
2026-05-25 13:19:22,230 | DEBUG    | httpcore.http11      | receive_response_headers.started request=<Request [b'HEAD']>
2026-05-25 13:19:22,267 | DEBUG    | httpcore.http11      | receive_response_headers.complete return_value=(b'HTTP/1.1', 200, b'OK', [(b'Content-Type', b'text/plain; charset=utf-8'), (b'Content-Length', b'526'), (b'Connection', b'keep-alive'), (b'Date', b'Sat, 23 May 2026 16:53:14 GMT'), (b'ETag', b'"3c1b565ae10a15a1d0c31096f834af2fd9359e91"'), (b'X-Powered-By', b'huggingface-moon'), (b'X-Request-Id', b'Root=1-6a11db7a-70d238d00dffb7f31218b60e;ddd9f2d2-5b8d-43bc-91fe-8e21de0f4647'), (b'RateLimit', b'"resolvers";r=4975;t=161'), (b'RateLimit-Policy', b'"fixed window";"resolvers";q=5000;w=300'), (b'cross-origin-opener-policy', b'same-origin'), (b'Referrer-Policy', b'strict-origin-when-cross-origin'), (b'Access-Control-Max-Age', b'86400'), (b'Access-Control-Allow-Origin', b'https://huggingface.co'), (b'Access-Control-Expose-Headers', b'X-Repo-Commit,X-Request-Id,X-Error-Code,X-Error-Message,X-Total-Count,ETag,Link,Accept-Ranges,Content-Range,X-Linked-Size,X-Linked-ETag,X-Xet-Hash'), (b'X-Repo-Commit', b'e8f8c211226b894fcb81acc59f3b34ba3efd5f42'), (b'Accept-Ranges', b'bytes'), (b'X-Hub-Cache', b'MISS'), (b'Content-Disposition', b'inline; filename*=UTF-8\'\'tokenizer_config.json; filename="tokenizer_config.json";'), (b'Content-Security-Policy', b"default-src 'none'; sandbox"), (b'Vary', b'Origin'), (b'X-Cache', b'Hit from cloudfront'), (b'Via', b'1.1 385cb8def78c1bb03b9aa3bd53bf1f06.cloudfront.net (CloudFront)'), (b'X-Amz-Cf-Pop', b'FRA50-P2'), (b'X-Amz-Cf-Id', b'84fQ7wW1uWvY7TQE8W6Rjvb4fh2LahBu5zR2WT_McV2uY0FmmlWn0g=='), (b'Age', b'149168')])
2026-05-25 13:19:22,268 | INFO     | httpx                | HTTP Request: HEAD https://huggingface.co/api/resolve-cache/models/sentence-transformers/paraphrase-multilingual-MiniLM-L12-v2/e8f8c211226b894fcb81acc59f3b34ba3efd5f42/tokenizer_config.json "HTTP/1.1 200 OK"
2026-05-25 13:19:22,268 | DEBUG    | httpcore.http11      | receive_response_body.started request=<Request [b'HEAD']>
2026-05-25 13:19:22,268 | DEBUG    | httpcore.http11      | receive_response_body.complete
2026-05-25 13:19:22,268 | DEBUG    | httpcore.http11      | response_closed.started
2026-05-25 13:19:22,268 | DEBUG    | httpcore.http11      | response_closed.complete
2026-05-25 13:19:22,288 | DEBUG    | httpcore.http11      | send_request_headers.started request=<Request [b'GET']>
2026-05-25 13:19:22,289 | DEBUG    | httpcore.http11      | send_request_headers.complete
2026-05-25 13:19:22,289 | DEBUG    | httpcore.http11      | send_request_body.started request=<Request [b'GET']>
2026-05-25 13:19:22,290 | DEBUG    | httpcore.http11      | send_request_body.complete
2026-05-25 13:19:22,290 | DEBUG    | httpcore.http11      | receive_response_headers.started request=<Request [b'GET']>
2026-05-25 13:19:22,436 | DEBUG    | httpcore.http11      | receive_response_headers.complete return_value=(b'HTTP/1.1', 404, b'Not Found', [(b'Content-Type', b'application/json; charset=utf-8'), (b'Content-Length', b'64'), (b'Connection', b'keep-alive'), (b'Date', b'Mon, 25 May 2026 10:19:22 GMT'), (b'ETag', b'W/"40-09f9IAqP13xarAhQxFS2W8rvRkM"'), (b'X-Powered-By', b'huggingface-moon'), (b'X-Request-Id', b'Root=1-6a14222a-3f84bc752ccc679a66e85be4;c12dd9fd-12a4-4e26-bb92-d1dba9b44855'), (b'RateLimit', b'"api";r=991;t=93'), (b'RateLimit-Policy', b'"fixed window";"api";q=1000;w=300'), (b'cross-origin-opener-policy', b'same-origin'), (b'Referrer-Policy', b'strict-origin-when-cross-origin'), (b'Access-Control-Max-Age', b'86400'), (b'Access-Control-Allow-Origin', b'https://huggingface.co'), (b'Vary', b'Origin'), (b'Access-Control-Expose-Headers', b'X-Repo-Commit,X-Request-Id,X-Error-Code,X-Error-Message,X-Total-Count,ETag,Link,Accept-Ranges,Content-Range,X-Linked-Size,X-Linked-ETag,X-Xet-Hash'), (b'X-Error-Code', b'EntryNotFound'), (b'X-Error-Message', b'additional_chat_templates does not exist on "main"'), (b'X-Cache', b'Error from cloudfront'), (b'Via', b'1.1 385cb8def78c1bb03b9aa3bd53bf1f06.cloudfront.net (CloudFront)'), (b'X-Amz-Cf-Pop', b'FRA50-P2'), (b'X-Amz-Cf-Id', b'iSD0XTJxF1sxoT2wcU8THMGDIRVYBoNwFku-gfD5T4rSbEIWKR14ig==')])
2026-05-25 13:19:22,436 | INFO     | httpx                | HTTP Request: GET https://huggingface.co/api/models/sentence-transformers/paraphrase-multilingual-MiniLM-L12-v2/tree/main/additional_chat_templates?recursive=false&expand=false "HTTP/1.1 404 Not Found"
2026-05-25 13:19:22,437 | DEBUG    | httpcore.http11      | receive_response_body.started request=<Request [b'GET']>
2026-05-25 13:19:22,437 | DEBUG    | httpcore.http11      | receive_response_body.complete
2026-05-25 13:19:22,437 | DEBUG    | httpcore.http11      | response_closed.started
2026-05-25 13:19:22,437 | DEBUG    | httpcore.http11      | response_closed.complete
2026-05-25 13:19:22,442 | DEBUG    | httpcore.http11      | send_request_headers.started request=<Request [b'GET']>
2026-05-25 13:19:22,442 | DEBUG    | httpcore.http11      | send_request_headers.complete
2026-05-25 13:19:22,442 | DEBUG    | httpcore.http11      | send_request_body.started request=<Request [b'GET']>
2026-05-25 13:19:22,443 | DEBUG    | httpcore.http11      | send_request_body.complete
2026-05-25 13:19:22,443 | DEBUG    | httpcore.http11      | receive_response_headers.started request=<Request [b'GET']>
2026-05-25 13:19:22,589 | DEBUG    | httpcore.http11      | receive_response_headers.complete return_value=(b'HTTP/1.1', 200, b'OK', [(b'Content-Type', b'application/json; charset=utf-8'), (b'Transfer-Encoding', b'chunked'), (b'Connection', b'keep-alive'), (b'Date', b'Mon, 25 May 2026 10:19:22 GMT'), (b'content-encoding', b'gzip'), (b'ETag', b'W/"1a1a-eIPFSpQ81fGmZGh9OTetGAVBiHY"'), (b'X-Powered-By', b'huggingface-moon'), (b'X-Request-Id', b'Root=1-6a14222a-716706c864863d8e75225539;7a1992cf-aaea-4332-84dc-cd6df1cde91c'), (b'RateLimit', b'"api";r=990;t=93'), (b'RateLimit-Policy', b'"fixed window";"api";q=1000;w=300'), (b'cross-origin-opener-policy', b'same-origin'), (b'Referrer-Policy', b'strict-origin-when-cross-origin'), (b'Access-Control-Max-Age', b'86400'), (b'Access-Control-Allow-Origin', b'https://huggingface.co'), (b'Vary', b'Origin'), (b'vary', b'Accept-Encoding'), (b'Access-Control-Expose-Headers', b'X-Repo-Commit,X-Request-Id,X-Error-Code,X-Error-Message,X-Total-Count,ETag,Link,Accept-Ranges,Content-Range,X-Linked-Size,X-Linked-ETag,X-Xet-Hash'), (b'X-Cache', b'Miss from cloudfront'), (b'Via', b'1.1 385cb8def78c1bb03b9aa3bd53bf1f06.cloudfront.net (CloudFront)'), (b'X-Amz-Cf-Pop', b'FRA50-P2'), (b'X-Amz-Cf-Id', b'fx98y8lIO_AMWwpy3b_3LkwqKc_C-OLkyByK4tFM7zF4Whm-eYmaRw==')])
2026-05-25 13:19:22,590 | INFO     | httpx                | HTTP Request: GET https://huggingface.co/api/models/sentence-transformers/paraphrase-multilingual-MiniLM-L12-v2/tree/main?recursive=true&expand=false "HTTP/1.1 200 OK"
2026-05-25 13:19:22,590 | DEBUG    | httpcore.http11      | receive_response_body.started request=<Request [b'GET']>
2026-05-25 13:19:22,591 | DEBUG    | httpcore.http11      | receive_response_body.complete
2026-05-25 13:19:22,591 | DEBUG    | httpcore.http11      | response_closed.started
2026-05-25 13:19:22,591 | DEBUG    | httpcore.http11      | response_closed.complete
2026-05-25 13:19:24,272 | DEBUG    | httpcore.http11      | send_request_headers.started request=<Request [b'GET']>
2026-05-25 13:19:24,272 | DEBUG    | httpcore.http11      | send_request_headers.complete
2026-05-25 13:19:24,272 | DEBUG    | httpcore.http11      | send_request_body.started request=<Request [b'GET']>
2026-05-25 13:19:24,272 | DEBUG    | httpcore.http11      | send_request_body.complete
2026-05-25 13:19:24,272 | DEBUG    | httpcore.http11      | receive_response_headers.started request=<Request [b'GET']>
2026-05-25 13:19:24,418 | DEBUG    | httpcore.http11      | receive_response_headers.complete return_value=(b'HTTP/1.1', 200, b'OK', [(b'Content-Type', b'application/json; charset=utf-8'), (b'Transfer-Encoding', b'chunked'), (b'Connection', b'keep-alive'), (b'Date', b'Mon, 25 May 2026 10:19:24 GMT'), (b'content-encoding', b'gzip'), (b'ETag', b'W/"1820-g/rJpFe9OBkr6O7Kx71G367UNGE"'), (b'X-Powered-By', b'huggingface-moon'), (b'X-Request-Id', b'Root=1-6a14222c-7c9a79fa28f112e5636ab29c;83b06f72-1176-4480-a645-50b30289e91c'), (b'RateLimit', b'"api";r=989;t=91'), (b'RateLimit-Policy', b'"fixed window";"api";q=1000;w=300'), (b'cross-origin-opener-policy', b'same-origin'), (b'Referrer-Policy', b'strict-origin-when-cross-origin'), (b'Access-Control-Max-Age', b'86400'), (b'Access-Control-Allow-Origin', b'https://huggingface.co'), (b'Vary', b'Origin'), (b'vary', b'Accept-Encoding'), (b'Access-Control-Expose-Headers', b'X-Repo-Commit,X-Request-Id,X-Error-Code,X-Error-Message,X-Total-Count,ETag,Link,Accept-Ranges,Content-Range,X-Linked-Size,X-Linked-ETag,X-Xet-Hash'), (b'X-Cache', b'Miss from cloudfront'), (b'Via', b'1.1 385cb8def78c1bb03b9aa3bd53bf1f06.cloudfront.net (CloudFront)'), (b'X-Amz-Cf-Pop', b'FRA50-P2'), (b'X-Amz-Cf-Id', b'IhpRMR6duHfXp5rmqfs0iaudAwLg89zNA7W_KH-8OsGs6OHIc0ZEkw==')])
2026-05-25 13:19:24,419 | INFO     | httpx                | HTTP Request: GET https://huggingface.co/api/models/sentence-transformers/paraphrase-multilingual-MiniLM-L12-v2 "HTTP/1.1 200 OK"
2026-05-25 13:19:24,419 | DEBUG    | httpcore.http11      | receive_response_body.started request=<Request [b'GET']>
2026-05-25 13:19:24,420 | DEBUG    | httpcore.http11      | receive_response_body.complete
2026-05-25 13:19:24,420 | DEBUG    | httpcore.http11      | response_closed.started
2026-05-25 13:19:24,420 | DEBUG    | httpcore.http11      | response_closed.complete
2026-05-25 13:19:24,591 | DEBUG    | sentence_transformers.base.modules.transformer | Active modality config: {'text': {'method': 'forward', 'method_output_name': 'last_hidden_state'}}
2026-05-25 13:19:24,593 | DEBUG    | httpcore.http11      | send_request_headers.started request=<Request [b'HEAD']>
2026-05-25 13:19:24,593 | DEBUG    | httpcore.http11      | send_request_headers.complete
2026-05-25 13:19:24,593 | DEBUG    | httpcore.http11      | send_request_body.started request=<Request [b'HEAD']>
2026-05-25 13:19:24,593 | DEBUG    | httpcore.http11      | send_request_body.complete
2026-05-25 13:19:24,594 | DEBUG    | httpcore.http11      | receive_response_headers.started request=<Request [b'HEAD']>
2026-05-25 13:19:24,738 | DEBUG    | httpcore.http11      | receive_response_headers.complete return_value=(b'HTTP/1.1', 307, b'Temporary Redirect', [(b'Content-Type', b'text/plain; charset=utf-8'), (b'Content-Length', b'346'), (b'Connection', b'keep-alive'), (b'Date', b'Mon, 25 May 2026 10:19:24 GMT'), (b'Location', b'/api/resolve-cache/models/sentence-transformers/paraphrase-multilingual-MiniLM-L12-v2/e8f8c211226b894fcb81acc59f3b34ba3efd5f42/1_Pooling%2Fconfig.json?%2Fsentence-transformers%2Fparaphrase-multilingual-MiniLM-L12-v2%2Fresolve%2Fmain%2F1_Pooling%2Fconfig.json=&etag=%22d1514c3162bbe87b343f565fadc62e6c06f04f03%22'), (b'X-Powered-By', b'huggingface-moon'), (b'X-Request-Id', b'Root=1-6a14222c-248ff127552f6bf6038e03e7;997617eb-6cea-4966-a686-3667504e9927'), (b'RateLimit', b'"resolvers";r=4958;t=91'), (b'RateLimit-Policy', b'"fixed window";"resolvers";q=5000;w=300'), (b'cross-origin-opener-policy', b'same-origin'), (b'Referrer-Policy', b'strict-origin-when-cross-origin'), (b'Access-Control-Max-Age', b'86400'), (b'Access-Control-Allow-Origin', b'https://huggingface.co'), (b'Vary', b'Origin, Accept'), (b'Access-Control-Expose-Headers', b'X-Repo-Commit,X-Request-Id,X-Error-Code,X-Error-Message,X-Total-Count,ETag,Link,Accept-Ranges,Content-Range,X-Linked-Size,X-Linked-ETag,X-Xet-Hash'), (b'X-Repo-Commit', b'e8f8c211226b894fcb81acc59f3b34ba3efd5f42'), (b'Accept-Ranges', b'bytes'), (b'X-Hub-Cache', b'HIT'), (b'Content-Disposition', b'inline; filename*=UTF-8\'\'config.json; filename="config.json";'), (b'Content-Security-Policy', b"default-src 'none'; sandbox"), (b'X-Linked-ETag', b'"d1514c3162bbe87b343f565fadc62e6c06f04f03"'), (b'X-Cache', b'Miss from cloudfront'), (b'Via', b'1.1 385cb8def78c1bb03b9aa3bd53bf1f06.cloudfront.net (CloudFront)'), (b'X-Amz-Cf-Pop', b'FRA50-P2'), (b'X-Amz-Cf-Id', b'SlUMg1B1k0rLkM-I-bHKWaegbQU6Pg4mS8paFz9eqbD_kBfUVU5ISw==')])
2026-05-25 13:19:24,738 | INFO     | httpx                | HTTP Request: HEAD https://huggingface.co/sentence-transformers/paraphrase-multilingual-MiniLM-L12-v2/resolve/main/1_Pooling/config.json "HTTP/1.1 307 Temporary Redirect"
2026-05-25 13:19:24,739 | DEBUG    | httpcore.http11      | receive_response_body.started request=<Request [b'HEAD']>
2026-05-25 13:19:24,739 | DEBUG    | httpcore.http11      | receive_response_body.complete
2026-05-25 13:19:24,739 | DEBUG    | httpcore.http11      | response_closed.started
2026-05-25 13:19:24,739 | DEBUG    | httpcore.http11      | response_closed.complete
2026-05-25 13:19:24,740 | DEBUG    | httpcore.http11      | send_request_headers.started request=<Request [b'HEAD']>
2026-05-25 13:19:24,740 | DEBUG    | httpcore.http11      | send_request_headers.complete
2026-05-25 13:19:24,740 | DEBUG    | httpcore.http11      | send_request_body.started request=<Request [b'HEAD']>
2026-05-25 13:19:24,740 | DEBUG    | httpcore.http11      | send_request_body.complete
2026-05-25 13:19:24,740 | DEBUG    | httpcore.http11      | receive_response_headers.started request=<Request [b'HEAD']>
2026-05-25 13:19:24,784 | DEBUG    | httpcore.http11      | receive_response_headers.complete return_value=(b'HTTP/1.1', 200, b'OK', [(b'Content-Type', b'text/plain; charset=utf-8'), (b'Content-Length', b'190'), (b'Connection', b'keep-alive'), (b'Date', b'Sat, 23 May 2026 16:53:20 GMT'), (b'ETag', b'"d1514c3162bbe87b343f565fadc62e6c06f04f03"'), (b'X-Powered-By', b'huggingface-moon'), (b'X-Request-Id', b'Root=1-6a11db80-47101ded522f1e9f41804de6;bb4c22d3-d12e-4dff-9a48-b8da9b2cd5e7'), (b'RateLimit', b'"resolvers";r=4961;t=155'), (b'RateLimit-Policy', b'"fixed window";"resolvers";q=5000;w=300'), (b'cross-origin-opener-policy', b'same-origin'), (b'Referrer-Policy', b'strict-origin-when-cross-origin'), (b'Access-Control-Max-Age', b'86400'), (b'Access-Control-Allow-Origin', b'https://huggingface.co'), (b'Access-Control-Expose-Headers', b'X-Repo-Commit,X-Request-Id,X-Error-Code,X-Error-Message,X-Total-Count,ETag,Link,Accept-Ranges,Content-Range,X-Linked-Size,X-Linked-ETag,X-Xet-Hash'), (b'X-Repo-Commit', b'e8f8c211226b894fcb81acc59f3b34ba3efd5f42'), (b'Accept-Ranges', b'bytes'), (b'X-Hub-Cache', b'MISS'), (b'Content-Disposition', b'inline; filename*=UTF-8\'\'config.json; filename="config.json";'), (b'Content-Security-Policy', b"default-src 'none'; sandbox"), (b'Vary', b'Origin'), (b'X-Cache', b'Hit from cloudfront'), (b'Via', b'1.1 385cb8def78c1bb03b9aa3bd53bf1f06.cloudfront.net (CloudFront)'), (b'X-Amz-Cf-Pop', b'FRA50-P2'), (b'X-Amz-Cf-Id', b'JfEFl0QK7j-M7imwQ5284_ILwcO7a6yyU4T6atDFr5v4rU14Qmb55A=='), (b'Age', b'149164')])
2026-05-25 13:19:24,785 | INFO     | httpx                | HTTP Request: HEAD https://huggingface.co/api/resolve-cache/models/sentence-transformers/paraphrase-multilingual-MiniLM-L12-v2/e8f8c211226b894fcb81acc59f3b34ba3efd5f42/1_Pooling%2Fconfig.json "HTTP/1.1 200 OK"
2026-05-25 13:19:24,785 | DEBUG    | httpcore.http11      | receive_response_body.started request=<Request [b'HEAD']>
2026-05-25 13:19:24,785 | DEBUG    | httpcore.http11      | receive_response_body.complete
2026-05-25 13:19:24,785 | DEBUG    | httpcore.http11      | response_closed.started
2026-05-25 13:19:24,785 | DEBUG    | httpcore.http11      | response_closed.complete
2026-05-25 13:19:24,797 | DEBUG    | httpcore.http11      | send_request_headers.started request=<Request [b'GET']>
2026-05-25 13:19:24,799 | DEBUG    | httpcore.http11      | send_request_headers.complete
2026-05-25 13:19:24,799 | DEBUG    | httpcore.http11      | send_request_body.started request=<Request [b'GET']>
2026-05-25 13:19:24,799 | DEBUG    | httpcore.http11      | send_request_body.complete
2026-05-25 13:19:24,800 | DEBUG    | httpcore.http11      | receive_response_headers.started request=<Request [b'GET']>
2026-05-25 13:19:24,944 | DEBUG    | httpcore.http11      | receive_response_headers.complete return_value=(b'HTTP/1.1', 200, b'OK', [(b'Content-Type', b'application/json; charset=utf-8'), (b'Transfer-Encoding', b'chunked'), (b'Connection', b'keep-alive'), (b'Date', b'Mon, 25 May 2026 10:19:24 GMT'), (b'content-encoding', b'gzip'), (b'ETag', b'W/"1820-g/rJpFe9OBkr6O7Kx71G367UNGE"'), (b'X-Powered-By', b'huggingface-moon'), (b'X-Request-Id', b'Root=1-6a14222c-4c2d1df91df1e45909ea18ca;591704b9-630e-4d3a-9139-8d8b6906a12a'), (b'RateLimit', b'"api";r=988;t=91'), (b'RateLimit-Policy', b'"fixed window";"api";q=1000;w=300'), (b'cross-origin-opener-policy', b'same-origin'), (b'Referrer-Policy', b'strict-origin-when-cross-origin'), (b'Access-Control-Max-Age', b'86400'), (b'Access-Control-Allow-Origin', b'https://huggingface.co'), (b'Vary', b'Origin'), (b'vary', b'Accept-Encoding'), (b'Access-Control-Expose-Headers', b'X-Repo-Commit,X-Request-Id,X-Error-Code,X-Error-Message,X-Total-Count,ETag,Link,Accept-Ranges,Content-Range,X-Linked-Size,X-Linked-ETag,X-Xet-Hash'), (b'X-Cache', b'Miss from cloudfront'), (b'Via', b'1.1 385cb8def78c1bb03b9aa3bd53bf1f06.cloudfront.net (CloudFront)'), (b'X-Amz-Cf-Pop', b'FRA50-P2'), (b'X-Amz-Cf-Id', b'stLVXqjNRvIdx1w2jzQ2BFOMIFcsfeP1KUtJl4nZWEdcROhm-56Mkg==')])
2026-05-25 13:19:24,945 | INFO     | httpx                | HTTP Request: GET https://huggingface.co/api/models/sentence-transformers/paraphrase-multilingual-MiniLM-L12-v2 "HTTP/1.1 200 OK"
2026-05-25 13:19:24,945 | DEBUG    | httpcore.http11      | receive_response_body.started request=<Request [b'GET']>
2026-05-25 13:19:24,946 | DEBUG    | httpcore.http11      | receive_response_body.complete
2026-05-25 13:19:24,947 | DEBUG    | httpcore.http11      | response_closed.started
2026-05-25 13:19:24,947 | DEBUG    | httpcore.http11      | response_closed.complete
2026-05-25 13:19:24,957 | INFO     | modules.filter.stt_filter.should_shut_up.should_shut_up_model | ✓ ShouldShutUpModel initialized successfully
2026-05-25 13:19:24,957 | DEBUG    | modules.filter.stt_filter.stt_filter | ✓ Models loaded
2026-05-25 13:19:24,958 | INFO     | modules.filter.stt_filter.stt_filter | ✓ SttFilter initialized successfully
2026-05-25 13:19:24,958 | DEBUG    | modules.filter.filter | ✓ STT filter loaded
2026-05-25 13:19:24,958 | DEBUG    | modules.filter.filter | CV filter: Not yet implemented
2026-05-25 13:19:24,958 | DEBUG    | modules.filter.filter | System filter: Not yet implemented
2026-05-25 13:19:24,959 | INFO     | modules.filter.filter | ✓ Filter module initialized successfully
2026-05-25 13:19:24,959 | DEBUG    | modules.filter.filter | Dialogue continuation mode: False
2026-05-25 13:19:24,959 | DEBUG    | main_module          | ✓ Filter module loaded
2026-05-25 13:19:24,959 | DEBUG    | main_module          | Initializing Dispatcher module...
2026-05-25 13:19:24,959 | INFO     | modules.dispatcher.dispatcher | Initializing Dispatcher module...
2026-05-25 13:19:24,960 | DEBUG    | modules.dispatcher.dispatcher | Loading NeedMath model...
2026-05-25 13:19:24,960 | INFO     | modules.dispatcher.need_math | NeedMath classifier initialized
2026-05-25 13:19:24,960 | DEBUG    | modules.dispatcher.need_math | NeedMath is ready to filter mathematical expressions
2026-05-25 13:19:24,960 | DEBUG    | modules.dispatcher.dispatcher | ✓ NeedMath model loaded
2026-05-25 13:19:24,960 | DEBUG    | modules.dispatcher.dispatcher | Loading NeedConsole model...
2026-05-25 13:19:24,961 | INFO     | modules.dispatcher.need_console | NeedConsole classifier initialized
2026-05-25 13:19:24,961 | DEBUG    | modules.dispatcher.need_console | NeedConsole is ready to filter console commands
2026-05-25 13:19:24,961 | DEBUG    | modules.dispatcher.dispatcher | ✓ NeedConsole model loaded
2026-05-25 13:19:24,961 | INFO     | modules.dispatcher.dispatcher | ✓ Dispatcher initialized successfully
2026-05-25 13:19:24,961 | DEBUG    | main_module          | ✓ Dispatcher module loaded
2026-05-25 13:19:24,962 | DEBUG    | main_module          | Initializing PreProcess module...
2026-05-25 13:19:24,962 | INFO     | modules.pre_process.pre_process | PreProcess module initialized
2026-05-25 13:19:24,962 | DEBUG    | modules.pre_process.pre_process | PreProcess is ready to process input data
2026-05-25 13:19:24,962 | DEBUG    | main_module          | ✓ PreProcess module loaded
2026-05-25 13:19:24,963 | INFO     | main_module          | ✓ Core modules initialized successfully
2026-05-25 13:19:24,963 | INFO     | main_module          | Core data structure initialized | context_size=0 | modules_online={'stt': False, 'cv': False, 'sys': False}
2026-05-25 13:19:24,963 | INFO     | main_module          | ==================================================
2026-05-25 13:19:24,964 | INFO     | server               | ✓ Core service initialized successfully
2026-05-25 13:19:24,964 | INFO     | server               | Server ready to accept requests on port 8000
2026-05-25 13:19:24,964 | INFO     | server               | ============================================================
2026-05-25 13:19:25,023 | INFO     | uvicorn.error        | Started server process [8996]
2026-05-25 13:19:25,023 | INFO     | uvicorn.error        | Waiting for application startup.
2026-05-25 13:19:25,025 | INFO     | server               | ============================================================
2026-05-25 13:19:25,025 | INFO     | server               | CORE SERVICE STARTUP COMPLETED
2026-05-25 13:19:25,025 | INFO     | server               | ============================================================
2026-05-25 13:19:25,025 | INFO     | uvicorn.error        | Application startup complete.
2026-05-25 13:19:25,025 | INFO     | uvicorn.error        | Uvicorn running on http://127.0.0.1:8000 (Press CTRL+C to quit)
2026-05-25 13:19:58,536 | INFO     | server               | 📥 STT POST request received | lang=ru | text_len=18
2026-05-25 13:19:58,536 | DEBUG    | server               | STT request details | speaker=Владелец | text='Помолчи пожалуйста...' if len(speach_info.text) > 100 else 'Помолчи пожалуйста'
2026-05-25 13:19:58,536 | DEBUG    | server               | ✓ STT background task added to queue
2026-05-25 13:19:58,537 | INFO     | uvicorn.access       | 127.0.0.1:36482 - "POST /core/stt HTTP/1.1" 200
2026-05-25 13:19:58,538 | INFO     | main_module          | STT input received | speaker=Владелец | language=ru | text_len=18
2026-05-25 13:19:58,538 | DEBUG    | main_module          | STT input text: 'Помолчи пожалуйста'
2026-05-25 13:19:58,538 | DEBUG    | main_module          | STT data updated | timestamp=1779704398.538763 | context_size=0
2026-05-25 13:19:58,538 | DEBUG    | main_module          | === Starting input filtering pipeline ===
2026-05-25 13:19:58,539 | DEBUG    | main_module          | Current context size: 0 elements
2026-05-25 13:19:58,539 | DEBUG    | main_module          | STT text: 'Помолчи пожалуйста'
2026-05-25 13:19:58,539 | INFO     | main_module          | 🔍 Filtering input - Checking if answer is needed
2026-05-25 13:19:58,539 | DEBUG    | main_module          | Input STT text: 'Помолчи пожалуйста'
2026-05-25 13:19:58,539 | DEBUG    | modules.filter.stt_filter.stt_filter | Checking if should shut up | input_text='Помолчи пожалуйста...'
2026-05-25 13:19:58,539 | DEBUG    | modules.filter.stt_filter.stt_filter | Checking if should shut up...
2026-05-25 13:19:58,539 | DEBUG    | modules.filter.stt_filter.should_shut_up.should_shut_up_model | ShouldShutUpModel call | input_text='Помолчи пожалуйста...'
2026-05-25 13:19:58,540 | DEBUG    | modules.filter.stt_filter.should_shut_up.should_shut_up_model | Pre-processing input...
2026-05-25 13:19:58,540 | DEBUG    | modules.filter.stt_filter.should_shut_up.should_shut_up_model | Pre-processing input...
2026-05-25 13:19:58,540 | DEBUG    | modules.filter.stt_filter.should_shut_up.should_shut_up_model | Pre-processing complete | output_len=18
2026-05-25 13:19:58,540 | DEBUG    | modules.filter.stt_filter.should_shut_up.should_shut_up_model | Pre-processing complete | processed_len=18
2026-05-25 13:19:58,540 | DEBUG    | modules.filter.stt_filter.should_shut_up.should_shut_up_model | Running model inference...
2026-05-25 13:19:58,578 | INFO     | modules.filter.stt_filter.should_shut_up.should_shut_up_model | ✓ Importance score calculated | score=1.000
2026-05-25 13:19:58,578 | DEBUG    | modules.filter.stt_filter.should_shut_up.should_shut_up_model | Processed input: Помолчи пожалуйста
2026-05-25 13:19:58,578 | DEBUG    | modules.filter.stt_filter.stt_filter | Should shut up result: 1.0
2026-05-25 13:19:58,578 | INFO     | modules.filter.stt_filter.stt_filter | 🔇 Should shut up condition detected
2026-05-25 13:19:58,578 | DEBUG    | modules.filter.stt_filter.stt_filter | Dialogue state unchanged: False
2026-05-25 13:19:58,578 | INFO     | main_module          | Filter decision | need_answer=False
2026-05-25 13:19:58,579 | DEBUG    | main_module          | ✗ Input rejected by filter
2026-05-25 13:19:58,579 | DEBUG    | main_module          | Filter importance: stt=False | cv=False | sys=False
2026-05-25 13:20:16,021 | INFO     | server               | 📥 STT POST request received | lang=ru | text_len=29
2026-05-25 13:20:16,022 | DEBUG    | server               | STT request details | speaker=Владелец | text='Включи режим энергосбережения...' if len(speach_info.text) > 100 else 'Включи режим энергосбережения'
2026-05-25 13:20:16,022 | DEBUG    | server               | ✓ STT background task added to queue
2026-05-25 13:20:16,022 | INFO     | uvicorn.access       | 127.0.0.1:45676 - "POST /core/stt HTTP/1.1" 200
2026-05-25 13:20:16,024 | INFO     | main_module          | STT input received | speaker=Владелец | language=ru | text_len=29
2026-05-25 13:20:16,025 | DEBUG    | main_module          | STT input text: 'Включи режим энергосбережения'
2026-05-25 13:20:16,025 | DEBUG    | main_module          | STT data updated | timestamp=1779704416.025705 | context_size=0
2026-05-25 13:20:16,025 | DEBUG    | main_module          | === Starting input filtering pipeline ===
2026-05-25 13:20:16,026 | DEBUG    | main_module          | Current context size: 0 elements
2026-05-25 13:20:16,026 | DEBUG    | main_module          | STT text: 'Включи режим энергосбережения'
2026-05-25 13:20:16,026 | INFO     | main_module          | 🔍 Filtering input - Checking if answer is needed
2026-05-25 13:20:16,026 | DEBUG    | main_module          | Input STT text: 'Включи режим энергосбережения'
2026-05-25 13:20:16,026 | DEBUG    | modules.filter.stt_filter.stt_filter | Checking if should shut up | input_text='Включи режим энергосбережения...'
2026-05-25 13:20:16,026 | DEBUG    | modules.filter.stt_filter.stt_filter | Checking if should shut up...
2026-05-25 13:20:16,027 | DEBUG    | modules.filter.stt_filter.should_shut_up.should_shut_up_model | ShouldShutUpModel call | input_text='Включи режим энергосбережения...'
2026-05-25 13:20:16,027 | DEBUG    | modules.filter.stt_filter.should_shut_up.should_shut_up_model | Pre-processing input...
2026-05-25 13:20:16,027 | DEBUG    | modules.filter.stt_filter.should_shut_up.should_shut_up_model | Pre-processing input...
2026-05-25 13:20:16,027 | DEBUG    | modules.filter.stt_filter.should_shut_up.should_shut_up_model | Pre-processing complete | output_len=29
2026-05-25 13:20:16,027 | DEBUG    | modules.filter.stt_filter.should_shut_up.should_shut_up_model | Pre-processing complete | processed_len=29
2026-05-25 13:20:16,027 | DEBUG    | modules.filter.stt_filter.should_shut_up.should_shut_up_model | Running model inference...
2026-05-25 13:20:16,156 | INFO     | modules.filter.stt_filter.should_shut_up.should_shut_up_model | ✓ Importance score calculated | score=0.000
2026-05-25 13:20:16,157 | DEBUG    | modules.filter.stt_filter.should_shut_up.should_shut_up_model | Processed input: Включи режим энергосбережения
2026-05-25 13:20:16,157 | DEBUG    | modules.filter.stt_filter.stt_filter | Should shut up result: 0.0
2026-05-25 13:20:16,157 | DEBUG    | modules.filter.filter | === Starting parallel filtering ===
2026-05-25 13:20:16,157 | DEBUG    | modules.filter.filter | Creating STT filter thread...
2026-05-25 13:20:16,158 | DEBUG    | modules.filter.filter | Creating CV filter thread...
2026-05-25 13:20:16,158 | DEBUG    | modules.filter.filter | Creating System filter thread...
2026-05-25 13:20:16,158 | DEBUG    | modules.filter.filter | Starting all filter threads...
2026-05-25 13:20:16,159 | DEBUG    | modules.filter.filter | STT filter: Analyzing speech input...
2026-05-25 13:20:16,159 | DEBUG    | modules.filter.filter | Thread started: STT-Filter-Thread
2026-05-25 13:20:16,159 | DEBUG    | modules.filter.stt_filter.stt_filter | SttFilter called | input_text='Включи режим энергосбережения...' | dialogue_continues=False
2026-05-25 13:20:16,159 | DEBUG    | modules.filter.filter | CV filter: Not yet implemented - marking as unimportant
2026-05-25 13:20:16,159 | DEBUG    | modules.filter.filter | Thread started: CV-Filter-Thread
2026-05-25 13:20:16,159 | DEBUG    | modules.filter.stt_filter.stt_filter | Dialogue not active - using higher threshold: 0.8
2026-05-25 13:20:16,160 | DEBUG    | modules.filter.filter | System filter: Not yet implemented - marking as unimportant
2026-05-25 13:20:16,160 | DEBUG    | modules.filter.filter | Thread started: Sys-Filter-Thread
2026-05-25 13:20:16,160 | DEBUG    | modules.filter.stt_filter.stt_filter | Importance threshold: 0.8 (dialogue_continues=False)
2026-05-25 13:20:16,163 | DEBUG    | modules.filter.filter | Waiting for all filter threads to complete...
2026-05-25 13:20:16,163 | DEBUG    | modules.filter.stt_filter.stt_filter | Checking importance | threshold=0.8 | context_size=0
2026-05-25 13:20:16,163 | DEBUG    | modules.filter.stt_filter.stt_filter | Dialogue not active - using empty context for evaluation
2026-05-25 13:20:16,164 | DEBUG    | modules.filter.stt_filter.stt_filter | Getting importance score from SttImpModel...
2026-05-25 13:20:16,164 | DEBUG    | modules.filter.stt_filter.imp_model.imp_model | SttImpModel call | input_text='N/A...' | context_size=0
2026-05-25 13:20:16,164 | DEBUG    | modules.filter.stt_filter.imp_model.imp_model | Pre-processing input...
2026-05-25 13:20:16,164 | DEBUG    | modules.filter.stt_filter.imp_model.imp_model | Pre-processing context...
2026-05-25 13:20:16,164 | DEBUG    | modules.filter.stt_filter.imp_model.imp_model | Processing context | size=0
2026-05-25 13:20:16,165 | DEBUG    | modules.filter.stt_filter.imp_model.imp_model | Adding current input | text='...'
2026-05-25 13:20:16,165 | DEBUG    | modules.filter.stt_filter.imp_model.imp_model | Pre-processing complete | output_len=7
2026-05-25 13:20:16,165 | DEBUG    | modules.filter.stt_filter.imp_model.imp_model | Pre-processing complete | processed_len=7
2026-05-25 13:20:16,165 | DEBUG    | modules.filter.stt_filter.imp_model.imp_model | Running model inference...
2026-05-25 13:20:16,178 | DEBUG    | modules.filter.stt_filter.imp_model.models.own_model.transformer.encoder.forward |     Encoder layer input: torch.Size([1, 512, 256]) (with padding mask)
2026-05-25 13:20:16,178 | DEBUG    | modules.filter.stt_filter.imp_model.models.own_model.transformer.pytorch_attention.attention |       MHA: Q=torch.Size([1, 512, 256]), K=torch.Size([1, 512, 256]), V=torch.Size([1, 512, 256])
2026-05-25 13:20:16,178 | DEBUG    | modules.filter.stt_filter.imp_model.models.own_model.transformer.pytorch_attention.attention |       Mask applied: torch.Size([1, 1, 1, 512])
2026-05-25 13:20:16,191 | DEBUG    | modules.filter.stt_filter.imp_model.models.own_model.transformer.encoder.forward |     Encoder layer output: torch.Size([1, 512, 256])
2026-05-25 13:20:16,192 | INFO     | modules.filter.stt_filter.imp_model.imp_model | ✓ Importance score calculated | score=0.016
2026-05-25 13:20:16,192 | DEBUG    | modules.filter.stt_filter.imp_model.imp_model | Processed input: /user ;
2026-05-25 13:20:16,192 | DEBUG    | modules.filter.stt_filter.stt_filter | ✓ Importance score obtained: 0.016
2026-05-25 13:20:16,192 | DEBUG    | modules.filter.stt_filter.stt_filter | Importance value: 0.016 | Threshold: 0.8 | Important: False
2026-05-25 13:20:16,192 | DEBUG    | modules.filter.stt_filter.stt_filter | Importance: False (threshold: 0.8)
2026-05-25 13:20:16,192 | DEBUG    | modules.filter.stt_filter.stt_filter | Dialogue state unchanged: False
2026-05-25 13:20:16,192 | DEBUG    | modules.filter.filter | STT filter result: False
2026-05-25 13:20:16,193 | DEBUG    | modules.filter.filter | Thread completed: STT-Filter-Thread
2026-05-25 13:20:16,193 | DEBUG    | modules.filter.filter | Thread completed: CV-Filter-Thread
2026-05-25 13:20:16,193 | DEBUG    | modules.filter.filter | Thread completed: Sys-Filter-Thread
2026-05-25 13:20:16,193 | DEBUG    | modules.filter.filter | === Filtering complete | Results: {'cv': False, 'sys': False, 'stt': False} ===
2026-05-25 13:20:16,193 | DEBUG    | main_module          | Filter importance results: {'cv': False, 'sys': False, 'stt': False}
2026-05-25 13:20:16,193 | DEBUG    | main_module          | Updating input importance flags
2026-05-25 13:20:16,193 | DEBUG    | main_module          | Input importance updated | stt=False | cv=False | sys=False
2026-05-25 13:20:16,193 | DEBUG    | main_module          | ✗ No important input detected
2026-05-25 13:20:16,193 | INFO     | main_module          | Filter decision | need_answer=False
2026-05-25 13:20:16,193 | DEBUG    | main_module          | ✗ Input rejected by filter
2026-05-25 13:20:16,193 | DEBUG    | main_module          | Filter importance: stt=False | cv=False | sys=False
2026-05-25 13:27:01,235 | INFO     | uvicorn.error        | Shutting down
2026-05-25 13:27:01,336 | INFO     | uvicorn.error        | Waiting for application shutdown.
2026-05-25 13:27:01,336 | INFO     | server               | ============================================================
2026-05-25 13:27:01,336 | INFO     | server               | CORE SERVICE SHUTTING DOWN
2026-05-25 13:27:01,336 | INFO     | server               | ============================================================
2026-05-25 13:27:01,336 | INFO     | uvicorn.error        | Application shutdown complete.
2026-05-25 13:27:01,336 | INFO     | uvicorn.error        | Finished server process [8996]
2026-05-25 13:27:01,338 | DEBUG    | httpcore.connection  | close.started
2026-05-25 13:27:01,338 | DEBUG    | httpcore.connection  | close.complete
