2026-05-26 11:09:10,322 | INFO     | server               | ============================================================
2026-05-26 11:09:10,322 | INFO     | server               | CORE SERVICE INITIALIZATION
2026-05-26 11:09:10,322 | INFO     | server               | ============================================================
2026-05-26 11:09:10,323 | INFO     | server               | Creating Core instance...
2026-05-26 11:09:10,324 | INFO     | main_module          | ==================================================
2026-05-26 11:09:10,324 | INFO     | main_module          | Core module initialization started
2026-05-26 11:09:10,324 | DEBUG    | main_module          | Initializing Filter module...
2026-05-26 11:09:10,324 | INFO     | modules.filter.filter | Initializing Filter module...
2026-05-26 11:09:10,324 | DEBUG    | modules.filter.filter | Loading STT filter model...
2026-05-26 11:09:10,325 | INFO     | modules.filter.stt_filter.stt_filter | Initializing SttFilter...
2026-05-26 11:09:10,325 | DEBUG    | modules.filter.stt_filter.stt_filter | Loading SttImpModel...
2026-05-26 11:09:10,325 | INFO     | modules.filter.stt_filter.imp_model.imp_model | Initializing SttImpModel...
2026-05-26 11:09:10,325 | DEBUG    | modules.filter.stt_filter.imp_model.imp_model | Loading Model...
2026-05-26 11:09:11,044 | INFO     | modules.filter.stt_filter.imp_model.models.own_model.transformer.pytorch_attention.init | MultiHeadAttention initialized
2026-05-26 11:09:11,045 | INFO     | modules.filter.stt_filter.imp_model.models.own_model.transformer.pytorch_attention.init | MultiHeadAttentionlConfig: d_model=256, heads=8
2026-05-26 11:09:11,049 | INFO     | modules.filter.stt_filter.imp_model.models.own_model.transformer.feedforward.init | Feedforward initialized
2026-05-26 11:09:11,049 | INFO     | modules.filter.stt_filter.imp_model.models.own_model.transformer.feedforward.init | FeedforwardlConfig: d_model=256, d_ff=1024
2026-05-26 11:09:11,107 | INFO     | modules.filter.stt_filter.imp_model.models.own_model.transformer.encoder.init | Encoder initialized
2026-05-26 11:09:11,108 | INFO     | modules.filter.stt_filter.imp_model.models.own_model.transformer.encoder.init | EncoderlConfig: d_model=256, heads=8, d_ff=1024, dropout=0.31622776601683794
2026-05-26 11:09:11,142 | DEBUG    | httpcore.connection  | connect_tcp.started host='huggingface.co' port=443 local_address=None timeout=10 socket_options=None
2026-05-26 11:09:11,177 | DEBUG    | httpcore.connection  | connect_tcp.complete return_value=<httpcore._backends.sync.SyncStream object at 0x7e99d6f4a140>
2026-05-26 11:09:11,177 | DEBUG    | httpcore.connection  | start_tls.started ssl_context=<ssl.SSLContext object at 0x7e99d6f5ac40> server_hostname='huggingface.co' timeout=10
2026-05-26 11:09:11,209 | DEBUG    | httpcore.connection  | start_tls.complete return_value=<httpcore._backends.sync.SyncStream object at 0x7e99d6f4a290>
2026-05-26 11:09:11,210 | DEBUG    | httpcore.http11      | send_request_headers.started request=<Request [b'HEAD']>
2026-05-26 11:09:11,211 | DEBUG    | httpcore.http11      | send_request_headers.complete
2026-05-26 11:09:11,211 | DEBUG    | httpcore.http11      | send_request_body.started request=<Request [b'HEAD']>
2026-05-26 11:09:11,212 | DEBUG    | httpcore.http11      | send_request_body.complete
2026-05-26 11:09:11,212 | DEBUG    | httpcore.http11      | receive_response_headers.started request=<Request [b'HEAD']>
2026-05-26 11:09:11,378 | DEBUG    | httpcore.http11      | receive_response_headers.complete return_value=(b'HTTP/1.1', 307, b'Temporary Redirect', [(b'Content-Type', b'text/plain; charset=utf-8'), (b'Content-Length', b'238'), (b'Connection', b'keep-alive'), (b'Date', b'Tue, 26 May 2026 08:09:11 GMT'), (b'Location', b'/api/resolve-cache/models/boltuix/bert-lite/bc0e85c1c303ee38a6b4a7276ce7cf6d0581cce5/config.json?%2Fboltuix%2Fbert-lite%2Fresolve%2Fmain%2Fconfig.json=&etag=%2281ba83673fa0d07fc98d4ba418715df42ab28a6f%22'), (b'X-Powered-By', b'huggingface-moon'), (b'X-Request-Id', b'Root=1-6a155527-236f9e5d2b031a3f089b5163;7fe8de48-0f57-4d43-8db3-4919f05bd758'), (b'RateLimit', b'"resolvers";r=4999;t=104'), (b'RateLimit-Policy', b'"fixed window";"resolvers";q=5000;w=300'), (b'cross-origin-opener-policy', b'same-origin'), (b'Referrer-Policy', b'strict-origin-when-cross-origin'), (b'Access-Control-Max-Age', b'86400'), (b'Access-Control-Allow-Origin', b'https://huggingface.co'), (b'Vary', b'Origin, Accept'), (b'Access-Control-Expose-Headers', b'X-Repo-Commit,X-Request-Id,X-Error-Code,X-Error-Message,X-Total-Count,ETag,Link,Accept-Ranges,Content-Range,X-Linked-Size,X-Linked-ETag,X-Xet-Hash'), (b'X-Repo-Commit', b'bc0e85c1c303ee38a6b4a7276ce7cf6d0581cce5'), (b'Accept-Ranges', b'bytes'), (b'X-Hub-Cache', b'MISS'), (b'Content-Disposition', b'inline; filename*=UTF-8\'\'config.json; filename="config.json";'), (b'Content-Security-Policy', b"default-src 'none'; sandbox"), (b'X-Linked-ETag', b'"81ba83673fa0d07fc98d4ba418715df42ab28a6f"'), (b'X-Cache', b'Miss from cloudfront'), (b'Via', b'1.1 ab6a84dec80a9cf174a125243a0b7be2.cloudfront.net (CloudFront)'), (b'X-Amz-Cf-Pop', b'HEL51-P2'), (b'X-Amz-Cf-Id', b'JCcuKbWzbgr3hV8BkQ4wft5rfZCQODDDy2OcjoQURyU502D8vuEsIA==')])
2026-05-26 11:09:11,380 | INFO     | httpx                | HTTP Request: HEAD https://huggingface.co/boltuix/bert-lite/resolve/main/config.json "HTTP/1.1 307 Temporary Redirect"
2026-05-26 11:09:11,380 | DEBUG    | httpcore.http11      | receive_response_body.started request=<Request [b'HEAD']>
2026-05-26 11:09:11,381 | DEBUG    | httpcore.http11      | receive_response_body.complete
2026-05-26 11:09:11,381 | DEBUG    | httpcore.http11      | response_closed.started
2026-05-26 11:09:11,381 | DEBUG    | httpcore.http11      | response_closed.complete
2026-05-26 11:09:11,381 | DEBUG    | httpcore.http11      | send_request_headers.started request=<Request [b'HEAD']>
2026-05-26 11:09:11,382 | DEBUG    | httpcore.http11      | send_request_headers.complete
2026-05-26 11:09:11,382 | DEBUG    | httpcore.http11      | send_request_body.started request=<Request [b'HEAD']>
2026-05-26 11:09:11,384 | DEBUG    | httpcore.http11      | send_request_body.complete
2026-05-26 11:09:11,384 | DEBUG    | httpcore.http11      | receive_response_headers.started request=<Request [b'HEAD']>
2026-05-26 11:09:11,411 | DEBUG    | httpcore.http11      | receive_response_headers.complete return_value=(b'HTTP/1.1', 200, b'OK', [(b'Content-Type', b'text/plain; charset=utf-8'), (b'Content-Length', b'587'), (b'Connection', b'keep-alive'), (b'Date', b'Wed, 13 May 2026 12:33:48 GMT'), (b'ETag', b'"81ba83673fa0d07fc98d4ba418715df42ab28a6f"'), (b'X-Powered-By', b'huggingface-moon'), (b'X-Request-Id', b'Root=1-6a046fac-1335b433506b8b384391f3c6;adbfdde3-1218-4a8d-ac5d-f6fb77b28728'), (b'RateLimit', b'"resolvers";r=4998;t=127'), (b'RateLimit-Policy', b'"fixed window";"resolvers";q=5000;w=300'), (b'cross-origin-opener-policy', b'same-origin'), (b'Referrer-Policy', b'strict-origin-when-cross-origin'), (b'Access-Control-Max-Age', b'86400'), (b'Access-Control-Allow-Origin', b'https://huggingface.co'), (b'Access-Control-Expose-Headers', b'X-Repo-Commit,X-Request-Id,X-Error-Code,X-Error-Message,X-Total-Count,ETag,Link,Accept-Ranges,Content-Range,X-Linked-Size,X-Linked-ETag,X-Xet-Hash'), (b'X-Repo-Commit', b'bc0e85c1c303ee38a6b4a7276ce7cf6d0581cce5'), (b'Accept-Ranges', b'bytes'), (b'X-Hub-Cache', b'MISS'), (b'Content-Disposition', b'inline; filename*=UTF-8\'\'config.json; filename="config.json";'), (b'Content-Security-Policy', b"default-src 'none'; sandbox"), (b'Vary', b'Origin'), (b'X-Cache', b'Hit from cloudfront'), (b'Via', b'1.1 ab6a84dec80a9cf174a125243a0b7be2.cloudfront.net (CloudFront)'), (b'X-Amz-Cf-Pop', b'HEL51-P2'), (b'X-Amz-Cf-Id', b'KjMWZ188YDYiFGCH45wNc-PO69oe14zxWy4S2-Boaa5pKY8kx_2Zrg=='), (b'Age', b'1107323')])
2026-05-26 11:09:11,412 | INFO     | httpx                | HTTP Request: HEAD https://huggingface.co/api/resolve-cache/models/boltuix/bert-lite/bc0e85c1c303ee38a6b4a7276ce7cf6d0581cce5/config.json "HTTP/1.1 200 OK"
2026-05-26 11:09:11,412 | DEBUG    | httpcore.http11      | receive_response_body.started request=<Request [b'HEAD']>
2026-05-26 11:09:11,413 | DEBUG    | httpcore.http11      | receive_response_body.complete
2026-05-26 11:09:11,413 | DEBUG    | httpcore.http11      | response_closed.started
2026-05-26 11:09:11,414 | DEBUG    | httpcore.http11      | response_closed.complete
2026-05-26 11:09:11,465 | DEBUG    | httpcore.http11      | send_request_headers.started request=<Request [b'HEAD']>
2026-05-26 11:09:11,465 | DEBUG    | httpcore.http11      | send_request_headers.complete
2026-05-26 11:09:11,465 | DEBUG    | httpcore.http11      | send_request_body.started request=<Request [b'HEAD']>
2026-05-26 11:09:11,466 | DEBUG    | httpcore.http11      | send_request_body.complete
2026-05-26 11:09:11,466 | DEBUG    | httpcore.http11      | receive_response_headers.started request=<Request [b'HEAD']>
2026-05-26 11:09:11,622 | DEBUG    | httpcore.http11      | receive_response_headers.complete return_value=(b'HTTP/1.1', 307, b'Temporary Redirect', [(b'Content-Type', b'text/plain; charset=utf-8'), (b'Content-Length', b'258'), (b'Connection', b'keep-alive'), (b'Date', b'Tue, 26 May 2026 08:09:11 GMT'), (b'Location', b'/api/resolve-cache/models/boltuix/bert-lite/bc0e85c1c303ee38a6b4a7276ce7cf6d0581cce5/tokenizer_config.json?%2Fboltuix%2Fbert-lite%2Fresolve%2Fmain%2Ftokenizer_config.json=&etag=%22d5c1bb83f067f79da262aed09cbefafcbe8b4805%22'), (b'X-Powered-By', b'huggingface-moon'), (b'X-Request-Id', b'Root=1-6a155527-1df806657a3a282b6ff5ec08;1da3fb32-f319-4406-85d2-95f80a7d2bfb'), (b'RateLimit', b'"resolvers";r=4998;t=104'), (b'RateLimit-Policy', b'"fixed window";"resolvers";q=5000;w=300'), (b'cross-origin-opener-policy', b'same-origin'), (b'Referrer-Policy', b'strict-origin-when-cross-origin'), (b'Access-Control-Max-Age', b'86400'), (b'Access-Control-Allow-Origin', b'https://huggingface.co'), (b'Vary', b'Origin, Accept'), (b'Access-Control-Expose-Headers', b'X-Repo-Commit,X-Request-Id,X-Error-Code,X-Error-Message,X-Total-Count,ETag,Link,Accept-Ranges,Content-Range,X-Linked-Size,X-Linked-ETag,X-Xet-Hash'), (b'X-Repo-Commit', b'bc0e85c1c303ee38a6b4a7276ce7cf6d0581cce5'), (b'Accept-Ranges', b'bytes'), (b'X-Hub-Cache', b'MISS'), (b'Content-Disposition', b'inline; filename*=UTF-8\'\'tokenizer_config.json; filename="tokenizer_config.json";'), (b'Content-Security-Policy', b"default-src 'none'; sandbox"), (b'X-Linked-ETag', b'"d5c1bb83f067f79da262aed09cbefafcbe8b4805"'), (b'X-Cache', b'Miss from cloudfront'), (b'Via', b'1.1 ab6a84dec80a9cf174a125243a0b7be2.cloudfront.net (CloudFront)'), (b'X-Amz-Cf-Pop', b'HEL51-P2'), (b'X-Amz-Cf-Id', b'D2l_Ov6weZciKhEPoV3AgI5G5Qw2DtKp7-1fdjrmbWEb4ykpKjQlHw==')])
2026-05-26 11:09:11,623 | INFO     | httpx                | HTTP Request: HEAD https://huggingface.co/boltuix/bert-lite/resolve/main/tokenizer_config.json "HTTP/1.1 307 Temporary Redirect"
2026-05-26 11:09:11,624 | DEBUG    | httpcore.http11      | receive_response_body.started request=<Request [b'HEAD']>
2026-05-26 11:09:11,624 | DEBUG    | httpcore.http11      | receive_response_body.complete
2026-05-26 11:09:11,624 | DEBUG    | httpcore.http11      | response_closed.started
2026-05-26 11:09:11,624 | DEBUG    | httpcore.http11      | response_closed.complete
2026-05-26 11:09:11,625 | DEBUG    | httpcore.http11      | send_request_headers.started request=<Request [b'HEAD']>
2026-05-26 11:09:11,625 | DEBUG    | httpcore.http11      | send_request_headers.complete
2026-05-26 11:09:11,625 | DEBUG    | httpcore.http11      | send_request_body.started request=<Request [b'HEAD']>
2026-05-26 11:09:11,625 | DEBUG    | httpcore.http11      | send_request_body.complete
2026-05-26 11:09:11,625 | DEBUG    | httpcore.http11      | receive_response_headers.started request=<Request [b'HEAD']>
2026-05-26 11:09:11,654 | DEBUG    | httpcore.http11      | receive_response_headers.complete return_value=(b'HTTP/1.1', 200, b'OK', [(b'Content-Type', b'text/plain; charset=utf-8'), (b'Content-Length', b'1300'), (b'Connection', b'keep-alive'), (b'Date', b'Wed, 13 May 2026 12:33:49 GMT'), (b'ETag', b'"d5c1bb83f067f79da262aed09cbefafcbe8b4805"'), (b'X-Powered-By', b'huggingface-moon'), (b'X-Request-Id', b'Root=1-6a046fad-0b06b5443de61d2216ce7b5e;c30943df-c246-4194-9edb-c69729443dee'), (b'RateLimit', b'"resolvers";r=4995;t=126'), (b'RateLimit-Policy', b'"fixed window";"resolvers";q=5000;w=300'), (b'cross-origin-opener-policy', b'same-origin'), (b'Referrer-Policy', b'strict-origin-when-cross-origin'), (b'Access-Control-Max-Age', b'86400'), (b'Access-Control-Allow-Origin', b'https://huggingface.co'), (b'Access-Control-Expose-Headers', b'X-Repo-Commit,X-Request-Id,X-Error-Code,X-Error-Message,X-Total-Count,ETag,Link,Accept-Ranges,Content-Range,X-Linked-Size,X-Linked-ETag,X-Xet-Hash'), (b'X-Repo-Commit', b'bc0e85c1c303ee38a6b4a7276ce7cf6d0581cce5'), (b'Accept-Ranges', b'bytes'), (b'X-Hub-Cache', b'MISS'), (b'Content-Disposition', b'inline; filename*=UTF-8\'\'tokenizer_config.json; filename="tokenizer_config.json";'), (b'Content-Security-Policy', b"default-src 'none'; sandbox"), (b'Vary', b'Origin'), (b'X-Cache', b'Hit from cloudfront'), (b'Via', b'1.1 ab6a84dec80a9cf174a125243a0b7be2.cloudfront.net (CloudFront)'), (b'X-Amz-Cf-Pop', b'HEL51-P2'), (b'X-Amz-Cf-Id', b'wgxn0Zk5n3Yx36D1HMZ4m_GUTTEp8teKs8OHSKeXt95HHZuy_Y-6AQ=='), (b'Age', b'1107322')])
2026-05-26 11:09:11,655 | INFO     | httpx                | HTTP Request: HEAD https://huggingface.co/api/resolve-cache/models/boltuix/bert-lite/bc0e85c1c303ee38a6b4a7276ce7cf6d0581cce5/tokenizer_config.json "HTTP/1.1 200 OK"
2026-05-26 11:09:11,655 | DEBUG    | httpcore.http11      | receive_response_body.started request=<Request [b'HEAD']>
2026-05-26 11:09:11,655 | DEBUG    | httpcore.http11      | receive_response_body.complete
2026-05-26 11:09:11,655 | DEBUG    | httpcore.http11      | response_closed.started
2026-05-26 11:09:11,655 | DEBUG    | httpcore.http11      | response_closed.complete
2026-05-26 11:09:11,686 | DEBUG    | httpcore.http11      | send_request_headers.started request=<Request [b'GET']>
2026-05-26 11:09:11,686 | DEBUG    | httpcore.http11      | send_request_headers.complete
2026-05-26 11:09:11,686 | DEBUG    | httpcore.http11      | send_request_body.started request=<Request [b'GET']>
2026-05-26 11:09:11,686 | DEBUG    | httpcore.http11      | send_request_body.complete
2026-05-26 11:09:11,687 | DEBUG    | httpcore.http11      | receive_response_headers.started request=<Request [b'GET']>
2026-05-26 11:09:11,856 | DEBUG    | httpcore.http11      | receive_response_headers.complete return_value=(b'HTTP/1.1', 404, b'Not Found', [(b'Content-Type', b'application/json; charset=utf-8'), (b'Content-Length', b'64'), (b'Connection', b'keep-alive'), (b'Date', b'Tue, 26 May 2026 08:09:11 GMT'), (b'ETag', b'W/"40-09f9IAqP13xarAhQxFS2W8rvRkM"'), (b'X-Powered-By', b'huggingface-moon'), (b'X-Request-Id', b'Root=1-6a155527-0e1567cf4180c4b31adb6d73;7b1ba51c-7ebe-4d16-ab7b-0e04d3f49c27'), (b'RateLimit', b'"api";r=999;t=104'), (b'RateLimit-Policy', b'"fixed window";"api";q=1000;w=300'), (b'cross-origin-opener-policy', b'same-origin'), (b'Referrer-Policy', b'strict-origin-when-cross-origin'), (b'Access-Control-Max-Age', b'86400'), (b'Access-Control-Allow-Origin', b'https://huggingface.co'), (b'Vary', b'Origin'), (b'Access-Control-Expose-Headers', b'X-Repo-Commit,X-Request-Id,X-Error-Code,X-Error-Message,X-Total-Count,ETag,Link,Accept-Ranges,Content-Range,X-Linked-Size,X-Linked-ETag,X-Xet-Hash'), (b'X-Error-Code', b'EntryNotFound'), (b'X-Error-Message', b'additional_chat_templates does not exist on "main"'), (b'X-Cache', b'Error from cloudfront'), (b'Via', b'1.1 ab6a84dec80a9cf174a125243a0b7be2.cloudfront.net (CloudFront)'), (b'X-Amz-Cf-Pop', b'HEL51-P2'), (b'X-Amz-Cf-Id', b'BNERrz8RVdI1nBOotDAEMvobJhlZBWH7pZBmGVy-67yOEyyu2lKnrw==')])
2026-05-26 11:09:11,856 | INFO     | httpx                | HTTP Request: GET https://huggingface.co/api/models/boltuix/bert-lite/tree/main/additional_chat_templates?recursive=false&expand=false "HTTP/1.1 404 Not Found"
2026-05-26 11:09:11,857 | DEBUG    | httpcore.http11      | receive_response_body.started request=<Request [b'GET']>
2026-05-26 11:09:11,857 | DEBUG    | httpcore.http11      | receive_response_body.complete
2026-05-26 11:09:11,857 | DEBUG    | httpcore.http11      | response_closed.started
2026-05-26 11:09:11,857 | DEBUG    | httpcore.http11      | response_closed.complete
2026-05-26 11:09:11,860 | DEBUG    | httpcore.http11      | send_request_headers.started request=<Request [b'GET']>
2026-05-26 11:09:11,861 | DEBUG    | httpcore.http11      | send_request_headers.complete
2026-05-26 11:09:11,861 | DEBUG    | httpcore.http11      | send_request_body.started request=<Request [b'GET']>
2026-05-26 11:09:11,862 | DEBUG    | httpcore.http11      | send_request_body.complete
2026-05-26 11:09:11,864 | DEBUG    | httpcore.http11      | receive_response_headers.started request=<Request [b'GET']>
2026-05-26 11:09:12,028 | DEBUG    | httpcore.http11      | receive_response_headers.complete return_value=(b'HTTP/1.1', 200, b'OK', [(b'Content-Type', b'application/json; charset=utf-8'), (b'Transfer-Encoding', b'chunked'), (b'Connection', b'keep-alive'), (b'Date', b'Tue, 26 May 2026 08:09:11 GMT'), (b'content-encoding', b'gzip'), (b'ETag', b'W/"3f4-p6e3v60yrWQMyQA/1oVBgtFThWc"'), (b'X-Powered-By', b'huggingface-moon'), (b'X-Request-Id', b'Root=1-6a155527-6cffd36f63b0e4533945d963;994f6829-1c04-4d07-9569-55405523b380'), (b'RateLimit', b'"api";r=998;t=104'), (b'RateLimit-Policy', b'"fixed window";"api";q=1000;w=300'), (b'cross-origin-opener-policy', b'same-origin'), (b'Referrer-Policy', b'strict-origin-when-cross-origin'), (b'Access-Control-Max-Age', b'86400'), (b'Access-Control-Allow-Origin', b'https://huggingface.co'), (b'Vary', b'Origin'), (b'vary', b'Accept-Encoding'), (b'Access-Control-Expose-Headers', b'X-Repo-Commit,X-Request-Id,X-Error-Code,X-Error-Message,X-Total-Count,ETag,Link,Accept-Ranges,Content-Range,X-Linked-Size,X-Linked-ETag,X-Xet-Hash'), (b'X-Cache', b'Miss from cloudfront'), (b'Via', b'1.1 ab6a84dec80a9cf174a125243a0b7be2.cloudfront.net (CloudFront)'), (b'X-Amz-Cf-Pop', b'HEL51-P2'), (b'X-Amz-Cf-Id', b'nmlbsgbjS8EAme9dR3241NkC4Yzp-hdJFgdcqY8jTFUNNoLlSZOPng==')])
2026-05-26 11:09:12,030 | INFO     | httpx                | HTTP Request: GET https://huggingface.co/api/models/boltuix/bert-lite/tree/main?recursive=true&expand=false "HTTP/1.1 200 OK"
2026-05-26 11:09:12,031 | DEBUG    | httpcore.http11      | receive_response_body.started request=<Request [b'GET']>
2026-05-26 11:09:12,031 | DEBUG    | httpcore.http11      | receive_response_body.complete
2026-05-26 11:09:12,032 | DEBUG    | httpcore.http11      | response_closed.started
2026-05-26 11:09:12,032 | DEBUG    | httpcore.http11      | response_closed.complete
2026-05-26 11:09:12,149 | DEBUG    | httpcore.http11      | send_request_headers.started request=<Request [b'HEAD']>
2026-05-26 11:09:12,150 | DEBUG    | httpcore.http11      | send_request_headers.complete
2026-05-26 11:09:12,152 | DEBUG    | httpcore.http11      | send_request_body.started request=<Request [b'HEAD']>
2026-05-26 11:09:12,152 | DEBUG    | httpcore.http11      | send_request_body.complete
2026-05-26 11:09:12,152 | DEBUG    | httpcore.http11      | receive_response_headers.started request=<Request [b'HEAD']>
2026-05-26 11:09:12,307 | DEBUG    | httpcore.http11      | receive_response_headers.complete return_value=(b'HTTP/1.1', 307, b'Temporary Redirect', [(b'Content-Type', b'text/plain; charset=utf-8'), (b'Content-Length', b'238'), (b'Connection', b'keep-alive'), (b'Date', b'Tue, 26 May 2026 08:09:12 GMT'), (b'Location', b'/api/resolve-cache/models/boltuix/bert-lite/bc0e85c1c303ee38a6b4a7276ce7cf6d0581cce5/config.json?%2Fboltuix%2Fbert-lite%2Fresolve%2Fmain%2Fconfig.json=&etag=%2281ba83673fa0d07fc98d4ba418715df42ab28a6f%22'), (b'X-Powered-By', b'huggingface-moon'), (b'X-Request-Id', b'Root=1-6a155528-5b5333906e7853a7316bca4e;3f7e4964-eb5f-4d54-89a8-ac867e73cfc3'), (b'RateLimit', b'"resolvers";r=4997;t=103'), (b'RateLimit-Policy', b'"fixed window";"resolvers";q=5000;w=300'), (b'cross-origin-opener-policy', b'same-origin'), (b'Referrer-Policy', b'strict-origin-when-cross-origin'), (b'Access-Control-Max-Age', b'86400'), (b'Access-Control-Allow-Origin', b'https://huggingface.co'), (b'Vary', b'Origin, Accept'), (b'Access-Control-Expose-Headers', b'X-Repo-Commit,X-Request-Id,X-Error-Code,X-Error-Message,X-Total-Count,ETag,Link,Accept-Ranges,Content-Range,X-Linked-Size,X-Linked-ETag,X-Xet-Hash'), (b'X-Repo-Commit', b'bc0e85c1c303ee38a6b4a7276ce7cf6d0581cce5'), (b'Accept-Ranges', b'bytes'), (b'X-Hub-Cache', b'MISS'), (b'Content-Disposition', b'inline; filename*=UTF-8\'\'config.json; filename="config.json";'), (b'Content-Security-Policy', b"default-src 'none'; sandbox"), (b'X-Linked-ETag', b'"81ba83673fa0d07fc98d4ba418715df42ab28a6f"'), (b'X-Cache', b'Miss from cloudfront'), (b'Via', b'1.1 ab6a84dec80a9cf174a125243a0b7be2.cloudfront.net (CloudFront)'), (b'X-Amz-Cf-Pop', b'HEL51-P2'), (b'X-Amz-Cf-Id', b'Abpq0dkSrbPA8j6uoj0QnM_ybPRsuBWf5Adq4mREODeKmmnyHnsMbA==')])
2026-05-26 11:09:12,309 | INFO     | httpx                | HTTP Request: HEAD https://huggingface.co/boltuix/bert-lite/resolve/main/config.json "HTTP/1.1 307 Temporary Redirect"
2026-05-26 11:09:12,309 | DEBUG    | httpcore.http11      | receive_response_body.started request=<Request [b'HEAD']>
2026-05-26 11:09:12,309 | DEBUG    | httpcore.http11      | receive_response_body.complete
2026-05-26 11:09:12,309 | DEBUG    | httpcore.http11      | response_closed.started
2026-05-26 11:09:12,309 | DEBUG    | httpcore.http11      | response_closed.complete
2026-05-26 11:09:12,310 | DEBUG    | httpcore.http11      | send_request_headers.started request=<Request [b'HEAD']>
2026-05-26 11:09:12,310 | DEBUG    | httpcore.http11      | send_request_headers.complete
2026-05-26 11:09:12,310 | DEBUG    | httpcore.http11      | send_request_body.started request=<Request [b'HEAD']>
2026-05-26 11:09:12,310 | DEBUG    | httpcore.http11      | send_request_body.complete
2026-05-26 11:09:12,310 | DEBUG    | httpcore.http11      | receive_response_headers.started request=<Request [b'HEAD']>
2026-05-26 11:09:12,339 | DEBUG    | httpcore.http11      | receive_response_headers.complete return_value=(b'HTTP/1.1', 200, b'OK', [(b'Content-Type', b'text/plain; charset=utf-8'), (b'Content-Length', b'587'), (b'Connection', b'keep-alive'), (b'Date', b'Wed, 13 May 2026 12:33:48 GMT'), (b'ETag', b'"81ba83673fa0d07fc98d4ba418715df42ab28a6f"'), (b'X-Powered-By', b'huggingface-moon'), (b'X-Request-Id', b'Root=1-6a046fac-1335b433506b8b384391f3c6;adbfdde3-1218-4a8d-ac5d-f6fb77b28728'), (b'RateLimit', b'"resolvers";r=4998;t=127'), (b'RateLimit-Policy', b'"fixed window";"resolvers";q=5000;w=300'), (b'cross-origin-opener-policy', b'same-origin'), (b'Referrer-Policy', b'strict-origin-when-cross-origin'), (b'Access-Control-Max-Age', b'86400'), (b'Access-Control-Allow-Origin', b'https://huggingface.co'), (b'Access-Control-Expose-Headers', b'X-Repo-Commit,X-Request-Id,X-Error-Code,X-Error-Message,X-Total-Count,ETag,Link,Accept-Ranges,Content-Range,X-Linked-Size,X-Linked-ETag,X-Xet-Hash'), (b'X-Repo-Commit', b'bc0e85c1c303ee38a6b4a7276ce7cf6d0581cce5'), (b'Accept-Ranges', b'bytes'), (b'X-Hub-Cache', b'MISS'), (b'Content-Disposition', b'inline; filename*=UTF-8\'\'config.json; filename="config.json";'), (b'Content-Security-Policy', b"default-src 'none'; sandbox"), (b'Vary', b'Origin'), (b'X-Cache', b'Hit from cloudfront'), (b'Via', b'1.1 ab6a84dec80a9cf174a125243a0b7be2.cloudfront.net (CloudFront)'), (b'X-Amz-Cf-Pop', b'HEL51-P2'), (b'X-Amz-Cf-Id', b'HqBMma4ylGfP5O9Qf_v8NcrZQt020gPX569KPLqs91tdBzxEU7Nz7Q=='), (b'Age', b'1107324')])
2026-05-26 11:09:12,339 | INFO     | httpx                | HTTP Request: HEAD https://huggingface.co/api/resolve-cache/models/boltuix/bert-lite/bc0e85c1c303ee38a6b4a7276ce7cf6d0581cce5/config.json "HTTP/1.1 200 OK"
2026-05-26 11:09:12,339 | DEBUG    | httpcore.http11      | receive_response_body.started request=<Request [b'HEAD']>
2026-05-26 11:09:12,340 | DEBUG    | httpcore.http11      | receive_response_body.complete
2026-05-26 11:09:12,340 | DEBUG    | httpcore.http11      | response_closed.started
2026-05-26 11:09:12,340 | DEBUG    | httpcore.http11      | response_closed.complete
2026-05-26 11:09:12,847 | INFO     | modules.filter.stt_filter.imp_model.imp_model | ✓ SttImpModel initialized successfully
2026-05-26 11:09:12,848 | DEBUG    | modules.filter.stt_filter.stt_filter | Loading ShouldShutUpModel...
2026-05-26 11:09:12,849 | INFO     | modules.filter.stt_filter.should_shut_up.should_shut_up_model | Initializing ShouldShutUpModel...
2026-05-26 11:09:12,849 | DEBUG    | modules.filter.stt_filter.should_shut_up.should_shut_up_model | Loading Model...
2026-05-26 11:09:12,914 | INFO     | sentence_transformers.base.model | No device provided, using cpu
2026-05-26 11:09:12,917 | DEBUG    | httpcore.http11      | send_request_headers.started request=<Request [b'HEAD']>
2026-05-26 11:09:12,917 | DEBUG    | httpcore.http11      | send_request_headers.complete
2026-05-26 11:09:12,917 | DEBUG    | httpcore.http11      | send_request_body.started request=<Request [b'HEAD']>
2026-05-26 11:09:12,918 | DEBUG    | httpcore.http11      | send_request_body.complete
2026-05-26 11:09:12,918 | DEBUG    | httpcore.http11      | receive_response_headers.started request=<Request [b'HEAD']>
2026-05-26 11:09:13,072 | DEBUG    | httpcore.http11      | receive_response_headers.complete return_value=(b'HTTP/1.1', 307, b'Temporary Redirect', [(b'Content-Type', b'text/plain; charset=utf-8'), (b'Content-Length', b'324'), (b'Connection', b'keep-alive'), (b'Date', b'Tue, 26 May 2026 08:09:13 GMT'), (b'Location', b'/api/resolve-cache/models/sentence-transformers/paraphrase-multilingual-MiniLM-L12-v2/e8f8c211226b894fcb81acc59f3b34ba3efd5f42/modules.json?%2Fsentence-transformers%2Fparaphrase-multilingual-MiniLM-L12-v2%2Fresolve%2Fmain%2Fmodules.json=&etag=%22f7640f94e81bb7f4f04daf1668850b38763a13d9%22'), (b'X-Powered-By', b'huggingface-moon'), (b'X-Request-Id', b'Root=1-6a155529-4e81fb8165cadc9057333e08;28ca65dd-82b1-4cfc-8376-84a6f1472a19'), (b'RateLimit', b'"resolvers";r=4996;t=102'), (b'RateLimit-Policy', b'"fixed window";"resolvers";q=5000;w=300'), (b'cross-origin-opener-policy', b'same-origin'), (b'Referrer-Policy', b'strict-origin-when-cross-origin'), (b'Access-Control-Max-Age', b'86400'), (b'Access-Control-Allow-Origin', b'https://huggingface.co'), (b'Vary', b'Origin, Accept'), (b'Access-Control-Expose-Headers', b'X-Repo-Commit,X-Request-Id,X-Error-Code,X-Error-Message,X-Total-Count,ETag,Link,Accept-Ranges,Content-Range,X-Linked-Size,X-Linked-ETag,X-Xet-Hash'), (b'X-Repo-Commit', b'e8f8c211226b894fcb81acc59f3b34ba3efd5f42'), (b'Accept-Ranges', b'bytes'), (b'X-Hub-Cache', b'HIT'), (b'Content-Disposition', b'inline; filename*=UTF-8\'\'modules.json; filename="modules.json";'), (b'Content-Security-Policy', b"default-src 'none'; sandbox"), (b'X-Linked-ETag', b'"f7640f94e81bb7f4f04daf1668850b38763a13d9"'), (b'X-Cache', b'Miss from cloudfront'), (b'Via', b'1.1 ab6a84dec80a9cf174a125243a0b7be2.cloudfront.net (CloudFront)'), (b'X-Amz-Cf-Pop', b'HEL51-P2'), (b'X-Amz-Cf-Id', b'IB5EDy44RcHmqQH_mNWzohce97yd9ubObvfq4K0aWMtJBrsprBnDig==')])
2026-05-26 11:09:13,073 | INFO     | httpx                | HTTP Request: HEAD https://huggingface.co/sentence-transformers/paraphrase-multilingual-MiniLM-L12-v2/resolve/main/modules.json "HTTP/1.1 307 Temporary Redirect"
2026-05-26 11:09:13,073 | DEBUG    | httpcore.http11      | receive_response_body.started request=<Request [b'HEAD']>
2026-05-26 11:09:13,074 | DEBUG    | httpcore.http11      | receive_response_body.complete
2026-05-26 11:09:13,074 | DEBUG    | httpcore.http11      | response_closed.started
2026-05-26 11:09:13,074 | DEBUG    | httpcore.http11      | response_closed.complete
2026-05-26 11:09:13,075 | DEBUG    | httpcore.http11      | send_request_headers.started request=<Request [b'HEAD']>
2026-05-26 11:09:13,075 | DEBUG    | httpcore.http11      | send_request_headers.complete
2026-05-26 11:09:13,075 | DEBUG    | httpcore.http11      | send_request_body.started request=<Request [b'HEAD']>
2026-05-26 11:09:13,076 | DEBUG    | httpcore.http11      | send_request_body.complete
2026-05-26 11:09:13,076 | DEBUG    | httpcore.http11      | receive_response_headers.started request=<Request [b'HEAD']>
2026-05-26 11:09:13,104 | DEBUG    | httpcore.http11      | receive_response_headers.complete return_value=(b'HTTP/1.1', 200, b'OK', [(b'Content-Type', b'text/plain; charset=utf-8'), (b'Content-Length', b'229'), (b'Connection', b'keep-alive'), (b'Date', b'Sat, 23 May 2026 16:52:52 GMT'), (b'ETag', b'"f7640f94e81bb7f4f04daf1668850b38763a13d9"'), (b'X-Powered-By', b'huggingface-moon'), (b'X-Request-Id', b'Root=1-6a11db64-353ecde50d764e0126445d81;a473582b-af0f-4ac3-9ef1-267fcb60c843'), (b'RateLimit', b'"resolvers";r=4998;t=183'), (b'RateLimit-Policy', b'"fixed window";"resolvers";q=5000;w=300'), (b'cross-origin-opener-policy', b'same-origin'), (b'Referrer-Policy', b'strict-origin-when-cross-origin'), (b'Access-Control-Max-Age', b'86400'), (b'Access-Control-Allow-Origin', b'https://huggingface.co'), (b'Access-Control-Expose-Headers', b'X-Repo-Commit,X-Request-Id,X-Error-Code,X-Error-Message,X-Total-Count,ETag,Link,Accept-Ranges,Content-Range,X-Linked-Size,X-Linked-ETag,X-Xet-Hash'), (b'X-Repo-Commit', b'e8f8c211226b894fcb81acc59f3b34ba3efd5f42'), (b'Accept-Ranges', b'bytes'), (b'X-Hub-Cache', b'MISS'), (b'Content-Disposition', b'inline; filename*=UTF-8\'\'modules.json; filename="modules.json";'), (b'Content-Security-Policy', b"default-src 'none'; sandbox"), (b'Vary', b'Origin'), (b'X-Cache', b'Hit from cloudfront'), (b'Via', b'1.1 ab6a84dec80a9cf174a125243a0b7be2.cloudfront.net (CloudFront)'), (b'X-Amz-Cf-Pop', b'HEL51-P2'), (b'X-Amz-Cf-Id', b'Ikb8284bT2A2LV9rzGf_N7YL_IxIK49HQGFrTsIAH2A7MC8Qt1Qk3g=='), (b'Age', b'227781')])
2026-05-26 11:09:13,106 | INFO     | httpx                | HTTP Request: HEAD https://huggingface.co/api/resolve-cache/models/sentence-transformers/paraphrase-multilingual-MiniLM-L12-v2/e8f8c211226b894fcb81acc59f3b34ba3efd5f42/modules.json "HTTP/1.1 200 OK"
2026-05-26 11:09:13,106 | DEBUG    | httpcore.http11      | receive_response_body.started request=<Request [b'HEAD']>
2026-05-26 11:09:13,107 | DEBUG    | httpcore.http11      | receive_response_body.complete
2026-05-26 11:09:13,107 | DEBUG    | httpcore.http11      | response_closed.started
2026-05-26 11:09:13,108 | DEBUG    | httpcore.http11      | response_closed.complete
2026-05-26 11:09:13,117 | DEBUG    | httpcore.http11      | send_request_headers.started request=<Request [b'HEAD']>
2026-05-26 11:09:13,120 | DEBUG    | httpcore.http11      | send_request_headers.complete
2026-05-26 11:09:13,120 | DEBUG    | httpcore.http11      | send_request_body.started request=<Request [b'HEAD']>
2026-05-26 11:09:13,120 | DEBUG    | httpcore.http11      | send_request_body.complete
2026-05-26 11:09:13,120 | DEBUG    | httpcore.http11      | receive_response_headers.started request=<Request [b'HEAD']>
2026-05-26 11:09:13,278 | DEBUG    | httpcore.http11      | receive_response_headers.complete return_value=(b'HTTP/1.1', 307, b'Temporary Redirect', [(b'Content-Type', b'text/plain; charset=utf-8'), (b'Content-Length', b'366'), (b'Connection', b'keep-alive'), (b'Date', b'Tue, 26 May 2026 08:09:13 GMT'), (b'Location', b'/api/resolve-cache/models/sentence-transformers/paraphrase-multilingual-MiniLM-L12-v2/e8f8c211226b894fcb81acc59f3b34ba3efd5f42/config_sentence_transformers.json?%2Fsentence-transformers%2Fparaphrase-multilingual-MiniLM-L12-v2%2Fresolve%2Fmain%2Fconfig_sentence_transformers.json=&etag=%22b974b349cb2d419ada11181750a733ff82f291ad%22'), (b'X-Powered-By', b'huggingface-moon'), (b'X-Request-Id', b'Root=1-6a155529-04dbff7c37a72ca54cc2a61b;bc8dab90-0955-41cc-b475-46d8b6e9dccf'), (b'RateLimit', b'"resolvers";r=4995;t=102'), (b'RateLimit-Policy', b'"fixed window";"resolvers";q=5000;w=300'), (b'cross-origin-opener-policy', b'same-origin'), (b'Referrer-Policy', b'strict-origin-when-cross-origin'), (b'Access-Control-Max-Age', b'86400'), (b'Access-Control-Allow-Origin', b'https://huggingface.co'), (b'Vary', b'Origin, Accept'), (b'Access-Control-Expose-Headers', b'X-Repo-Commit,X-Request-Id,X-Error-Code,X-Error-Message,X-Total-Count,ETag,Link,Accept-Ranges,Content-Range,X-Linked-Size,X-Linked-ETag,X-Xet-Hash'), (b'X-Repo-Commit', b'e8f8c211226b894fcb81acc59f3b34ba3efd5f42'), (b'Accept-Ranges', b'bytes'), (b'X-Hub-Cache', b'HIT'), (b'Content-Disposition', b'inline; filename*=UTF-8\'\'config_sentence_transformers.json; filename="config_sentence_transformers.json";'), (b'Content-Security-Policy', b"default-src 'none'; sandbox"), (b'X-Linked-ETag', b'"b974b349cb2d419ada11181750a733ff82f291ad"'), (b'X-Cache', b'Miss from cloudfront'), (b'Via', b'1.1 ab6a84dec80a9cf174a125243a0b7be2.cloudfront.net (CloudFront)'), (b'X-Amz-Cf-Pop', b'HEL51-P2'), (b'X-Amz-Cf-Id', b'EELaOlqjz7tC6wje_GyJXMDfZ1TCr8ONurTxh7Bb4p27-WlVw__4dw==')])
2026-05-26 11:09:13,280 | INFO     | httpx                | HTTP Request: HEAD https://huggingface.co/sentence-transformers/paraphrase-multilingual-MiniLM-L12-v2/resolve/main/config_sentence_transformers.json "HTTP/1.1 307 Temporary Redirect"
2026-05-26 11:09:13,281 | DEBUG    | httpcore.http11      | receive_response_body.started request=<Request [b'HEAD']>
2026-05-26 11:09:13,282 | DEBUG    | httpcore.http11      | receive_response_body.complete
2026-05-26 11:09:13,282 | DEBUG    | httpcore.http11      | response_closed.started
2026-05-26 11:09:13,282 | DEBUG    | httpcore.http11      | response_closed.complete
2026-05-26 11:09:13,283 | DEBUG    | httpcore.http11      | send_request_headers.started request=<Request [b'HEAD']>
2026-05-26 11:09:13,284 | DEBUG    | httpcore.http11      | send_request_headers.complete
2026-05-26 11:09:13,284 | DEBUG    | httpcore.http11      | send_request_body.started request=<Request [b'HEAD']>
2026-05-26 11:09:13,284 | DEBUG    | httpcore.http11      | send_request_body.complete
2026-05-26 11:09:13,284 | DEBUG    | httpcore.http11      | receive_response_headers.started request=<Request [b'HEAD']>
2026-05-26 11:09:13,313 | DEBUG    | httpcore.http11      | receive_response_headers.complete return_value=(b'HTTP/1.1', 200, b'OK', [(b'Content-Type', b'text/plain; charset=utf-8'), (b'Content-Length', b'122'), (b'Connection', b'keep-alive'), (b'Date', b'Sat, 23 May 2026 16:52:53 GMT'), (b'ETag', b'"b974b349cb2d419ada11181750a733ff82f291ad"'), (b'X-Powered-By', b'huggingface-moon'), (b'X-Request-Id', b'Root=1-6a11db65-79a2106567c39bc842553923;49233703-5220-402a-b592-23ef7e30c670'), (b'RateLimit', b'"resolvers";r=4995;t=182'), (b'RateLimit-Policy', b'"fixed window";"resolvers";q=5000;w=300'), (b'cross-origin-opener-policy', b'same-origin'), (b'Referrer-Policy', b'strict-origin-when-cross-origin'), (b'Access-Control-Max-Age', b'86400'), (b'Access-Control-Allow-Origin', b'https://huggingface.co'), (b'Access-Control-Expose-Headers', b'X-Repo-Commit,X-Request-Id,X-Error-Code,X-Error-Message,X-Total-Count,ETag,Link,Accept-Ranges,Content-Range,X-Linked-Size,X-Linked-ETag,X-Xet-Hash'), (b'X-Repo-Commit', b'e8f8c211226b894fcb81acc59f3b34ba3efd5f42'), (b'Accept-Ranges', b'bytes'), (b'X-Hub-Cache', b'MISS'), (b'Content-Disposition', b'inline; filename*=UTF-8\'\'config_sentence_transformers.json; filename="config_sentence_transformers.json";'), (b'Content-Security-Policy', b"default-src 'none'; sandbox"), (b'Vary', b'Origin'), (b'X-Cache', b'Hit from cloudfront'), (b'Via', b'1.1 ab6a84dec80a9cf174a125243a0b7be2.cloudfront.net (CloudFront)'), (b'X-Amz-Cf-Pop', b'HEL51-P2'), (b'X-Amz-Cf-Id', b'EVcA7V0ZXsQyN-HMXumPoV9C2Lq7ZCmJpfz92TLDVRU1aPZ2jBYluw=='), (b'Age', b'227780')])
2026-05-26 11:09:13,313 | INFO     | httpx                | HTTP Request: HEAD https://huggingface.co/api/resolve-cache/models/sentence-transformers/paraphrase-multilingual-MiniLM-L12-v2/e8f8c211226b894fcb81acc59f3b34ba3efd5f42/config_sentence_transformers.json "HTTP/1.1 200 OK"
2026-05-26 11:09:13,313 | DEBUG    | httpcore.http11      | receive_response_body.started request=<Request [b'HEAD']>
2026-05-26 11:09:13,314 | DEBUG    | httpcore.http11      | receive_response_body.complete
2026-05-26 11:09:13,314 | DEBUG    | httpcore.http11      | response_closed.started
2026-05-26 11:09:13,314 | DEBUG    | httpcore.http11      | response_closed.complete
2026-05-26 11:09:13,323 | INFO     | sentence_transformers.base.model | Loading SentenceTransformer model from sentence-transformers/paraphrase-multilingual-MiniLM-L12-v2.
2026-05-26 11:09:13,324 | DEBUG    | httpcore.http11      | send_request_headers.started request=<Request [b'HEAD']>
2026-05-26 11:09:13,325 | DEBUG    | httpcore.http11      | send_request_headers.complete
2026-05-26 11:09:13,325 | DEBUG    | httpcore.http11      | send_request_body.started request=<Request [b'HEAD']>
2026-05-26 11:09:13,326 | DEBUG    | httpcore.http11      | send_request_body.complete
2026-05-26 11:09:13,326 | DEBUG    | httpcore.http11      | receive_response_headers.started request=<Request [b'HEAD']>
2026-05-26 11:09:13,482 | DEBUG    | httpcore.http11      | receive_response_headers.complete return_value=(b'HTTP/1.1', 307, b'Temporary Redirect', [(b'Content-Type', b'text/plain; charset=utf-8'), (b'Content-Length', b'366'), (b'Connection', b'keep-alive'), (b'Date', b'Tue, 26 May 2026 08:09:13 GMT'), (b'Location', b'/api/resolve-cache/models/sentence-transformers/paraphrase-multilingual-MiniLM-L12-v2/e8f8c211226b894fcb81acc59f3b34ba3efd5f42/config_sentence_transformers.json?%2Fsentence-transformers%2Fparaphrase-multilingual-MiniLM-L12-v2%2Fresolve%2Fmain%2Fconfig_sentence_transformers.json=&etag=%22b974b349cb2d419ada11181750a733ff82f291ad%22'), (b'X-Powered-By', b'huggingface-moon'), (b'X-Request-Id', b'Root=1-6a155529-75630f413d48c9ef05e0e979;8e5e54dd-5f9b-467e-bdb8-efab6ce69807'), (b'RateLimit', b'"resolvers";r=4994;t=102'), (b'RateLimit-Policy', b'"fixed window";"resolvers";q=5000;w=300'), (b'cross-origin-opener-policy', b'same-origin'), (b'Referrer-Policy', b'strict-origin-when-cross-origin'), (b'Access-Control-Max-Age', b'86400'), (b'Access-Control-Allow-Origin', b'https://huggingface.co'), (b'Vary', b'Origin, Accept'), (b'Access-Control-Expose-Headers', b'X-Repo-Commit,X-Request-Id,X-Error-Code,X-Error-Message,X-Total-Count,ETag,Link,Accept-Ranges,Content-Range,X-Linked-Size,X-Linked-ETag,X-Xet-Hash'), (b'X-Repo-Commit', b'e8f8c211226b894fcb81acc59f3b34ba3efd5f42'), (b'Accept-Ranges', b'bytes'), (b'X-Hub-Cache', b'HIT'), (b'Content-Disposition', b'inline; filename*=UTF-8\'\'config_sentence_transformers.json; filename="config_sentence_transformers.json";'), (b'Content-Security-Policy', b"default-src 'none'; sandbox"), (b'X-Linked-ETag', b'"b974b349cb2d419ada11181750a733ff82f291ad"'), (b'X-Cache', b'Miss from cloudfront'), (b'Via', b'1.1 ab6a84dec80a9cf174a125243a0b7be2.cloudfront.net (CloudFront)'), (b'X-Amz-Cf-Pop', b'HEL51-P2'), (b'X-Amz-Cf-Id', b'c2uuzfvt-GjN-PfdEoMTYREUU022XIG_l20RRnqy6VjkhA0uexzDLw==')])
2026-05-26 11:09:13,484 | INFO     | httpx                | HTTP Request: HEAD https://huggingface.co/sentence-transformers/paraphrase-multilingual-MiniLM-L12-v2/resolve/main/config_sentence_transformers.json "HTTP/1.1 307 Temporary Redirect"
2026-05-26 11:09:13,485 | DEBUG    | httpcore.http11      | receive_response_body.started request=<Request [b'HEAD']>
2026-05-26 11:09:13,486 | DEBUG    | httpcore.http11      | receive_response_body.complete
2026-05-26 11:09:13,486 | DEBUG    | httpcore.http11      | response_closed.started
2026-05-26 11:09:13,486 | DEBUG    | httpcore.http11      | response_closed.complete
2026-05-26 11:09:13,487 | DEBUG    | httpcore.http11      | send_request_headers.started request=<Request [b'HEAD']>
2026-05-26 11:09:13,491 | DEBUG    | httpcore.http11      | send_request_headers.complete
2026-05-26 11:09:13,491 | DEBUG    | httpcore.http11      | send_request_body.started request=<Request [b'HEAD']>
2026-05-26 11:09:13,491 | DEBUG    | httpcore.http11      | send_request_body.complete
2026-05-26 11:09:13,491 | DEBUG    | httpcore.http11      | receive_response_headers.started request=<Request [b'HEAD']>
2026-05-26 11:09:13,520 | DEBUG    | httpcore.http11      | receive_response_headers.complete return_value=(b'HTTP/1.1', 200, b'OK', [(b'Content-Type', b'text/plain; charset=utf-8'), (b'Content-Length', b'122'), (b'Connection', b'keep-alive'), (b'Date', b'Sat, 23 May 2026 16:52:53 GMT'), (b'ETag', b'"b974b349cb2d419ada11181750a733ff82f291ad"'), (b'X-Powered-By', b'huggingface-moon'), (b'X-Request-Id', b'Root=1-6a11db65-79a2106567c39bc842553923;49233703-5220-402a-b592-23ef7e30c670'), (b'RateLimit', b'"resolvers";r=4995;t=182'), (b'RateLimit-Policy', b'"fixed window";"resolvers";q=5000;w=300'), (b'cross-origin-opener-policy', b'same-origin'), (b'Referrer-Policy', b'strict-origin-when-cross-origin'), (b'Access-Control-Max-Age', b'86400'), (b'Access-Control-Allow-Origin', b'https://huggingface.co'), (b'Access-Control-Expose-Headers', b'X-Repo-Commit,X-Request-Id,X-Error-Code,X-Error-Message,X-Total-Count,ETag,Link,Accept-Ranges,Content-Range,X-Linked-Size,X-Linked-ETag,X-Xet-Hash'), (b'X-Repo-Commit', b'e8f8c211226b894fcb81acc59f3b34ba3efd5f42'), (b'Accept-Ranges', b'bytes'), (b'X-Hub-Cache', b'MISS'), (b'Content-Disposition', b'inline; filename*=UTF-8\'\'config_sentence_transformers.json; filename="config_sentence_transformers.json";'), (b'Content-Security-Policy', b"default-src 'none'; sandbox"), (b'Vary', b'Origin'), (b'X-Cache', b'Hit from cloudfront'), (b'Via', b'1.1 ab6a84dec80a9cf174a125243a0b7be2.cloudfront.net (CloudFront)'), (b'X-Amz-Cf-Pop', b'HEL51-P2'), (b'X-Amz-Cf-Id', b'pDB3zrgoI_FJPGVH_Vnzl6IXlNzGWaLXlIfbYEKklICsRhVRG8aK9Q=='), (b'Age', b'227780')])
2026-05-26 11:09:13,520 | INFO     | httpx                | HTTP Request: HEAD https://huggingface.co/api/resolve-cache/models/sentence-transformers/paraphrase-multilingual-MiniLM-L12-v2/e8f8c211226b894fcb81acc59f3b34ba3efd5f42/config_sentence_transformers.json "HTTP/1.1 200 OK"
2026-05-26 11:09:13,521 | DEBUG    | httpcore.http11      | receive_response_body.started request=<Request [b'HEAD']>
2026-05-26 11:09:13,521 | DEBUG    | httpcore.http11      | receive_response_body.complete
2026-05-26 11:09:13,521 | DEBUG    | httpcore.http11      | response_closed.started
2026-05-26 11:09:13,521 | DEBUG    | httpcore.http11      | response_closed.complete
2026-05-26 11:09:13,531 | DEBUG    | httpcore.http11      | send_request_headers.started request=<Request [b'HEAD']>
2026-05-26 11:09:13,532 | DEBUG    | httpcore.http11      | send_request_headers.complete
2026-05-26 11:09:13,532 | DEBUG    | httpcore.http11      | send_request_body.started request=<Request [b'HEAD']>
2026-05-26 11:09:13,532 | DEBUG    | httpcore.http11      | send_request_body.complete
2026-05-26 11:09:13,532 | DEBUG    | httpcore.http11      | receive_response_headers.started request=<Request [b'HEAD']>
2026-05-26 11:09:13,685 | DEBUG    | httpcore.http11      | receive_response_headers.complete return_value=(b'HTTP/1.1', 307, b'Temporary Redirect', [(b'Content-Type', b'text/plain; charset=utf-8'), (b'Content-Length', b'318'), (b'Connection', b'keep-alive'), (b'Date', b'Tue, 26 May 2026 08:09:13 GMT'), (b'Location', b'/api/resolve-cache/models/sentence-transformers/paraphrase-multilingual-MiniLM-L12-v2/e8f8c211226b894fcb81acc59f3b34ba3efd5f42/README.md?%2Fsentence-transformers%2Fparaphrase-multilingual-MiniLM-L12-v2%2Fresolve%2Fmain%2FREADME.md=&etag=%226bedb7f3622d56b7020f33ab93f6996d33242043%22'), (b'X-Powered-By', b'huggingface-moon'), (b'X-Request-Id', b'Root=1-6a155529-1b3357d43200b1322af57837;79d10edb-badb-4279-83d2-2f9f194304bf'), (b'RateLimit', b'"resolvers";r=4993;t=102'), (b'RateLimit-Policy', b'"fixed window";"resolvers";q=5000;w=300'), (b'cross-origin-opener-policy', b'same-origin'), (b'Referrer-Policy', b'strict-origin-when-cross-origin'), (b'Access-Control-Max-Age', b'86400'), (b'Access-Control-Allow-Origin', b'https://huggingface.co'), (b'Vary', b'Origin, Accept'), (b'Access-Control-Expose-Headers', b'X-Repo-Commit,X-Request-Id,X-Error-Code,X-Error-Message,X-Total-Count,ETag,Link,Accept-Ranges,Content-Range,X-Linked-Size,X-Linked-ETag,X-Xet-Hash'), (b'X-Repo-Commit', b'e8f8c211226b894fcb81acc59f3b34ba3efd5f42'), (b'Accept-Ranges', b'bytes'), (b'X-Hub-Cache', b'HIT'), (b'Content-Disposition', b'inline; filename*=UTF-8\'\'README.md; filename="README.md";'), (b'Content-Security-Policy', b"default-src 'none'; sandbox"), (b'X-Linked-ETag', b'"6bedb7f3622d56b7020f33ab93f6996d33242043"'), (b'X-Cache', b'Miss from cloudfront'), (b'Via', b'1.1 ab6a84dec80a9cf174a125243a0b7be2.cloudfront.net (CloudFront)'), (b'X-Amz-Cf-Pop', b'HEL51-P2'), (b'X-Amz-Cf-Id', b'xyT1HUI8jxbLXO008nN6haljSFxNICgzz3Bw14p8M5vWgK7JQ7PerA==')])
2026-05-26 11:09:13,690 | INFO     | httpx                | HTTP Request: HEAD https://huggingface.co/sentence-transformers/paraphrase-multilingual-MiniLM-L12-v2/resolve/main/README.md "HTTP/1.1 307 Temporary Redirect"
2026-05-26 11:09:13,690 | DEBUG    | httpcore.http11      | receive_response_body.started request=<Request [b'HEAD']>
2026-05-26 11:09:13,690 | DEBUG    | httpcore.http11      | receive_response_body.complete
2026-05-26 11:09:13,691 | DEBUG    | httpcore.http11      | response_closed.started
2026-05-26 11:09:13,691 | DEBUG    | httpcore.http11      | response_closed.complete
2026-05-26 11:09:13,691 | DEBUG    | httpcore.http11      | send_request_headers.started request=<Request [b'HEAD']>
2026-05-26 11:09:13,691 | DEBUG    | httpcore.http11      | send_request_headers.complete
2026-05-26 11:09:13,692 | DEBUG    | httpcore.http11      | send_request_body.started request=<Request [b'HEAD']>
2026-05-26 11:09:13,692 | DEBUG    | httpcore.http11      | send_request_body.complete
2026-05-26 11:09:13,692 | DEBUG    | httpcore.http11      | receive_response_headers.started request=<Request [b'HEAD']>
2026-05-26 11:09:13,720 | DEBUG    | httpcore.http11      | receive_response_headers.complete return_value=(b'HTTP/1.1', 200, b'OK', [(b'Content-Type', b'text/plain; charset=utf-8'), (b'Content-Length', b'3888'), (b'Connection', b'keep-alive'), (b'Date', b'Sat, 23 May 2026 16:52:53 GMT'), (b'ETag', b'"6bedb7f3622d56b7020f33ab93f6996d33242043"'), (b'X-Powered-By', b'huggingface-moon'), (b'X-Request-Id', b'Root=1-6a11db65-4cfbf9561b7961124d4e39b4;be8d98f2-79ce-44e0-a4df-99f4e638250c'), (b'RateLimit', b'"resolvers";r=4991;t=182'), (b'RateLimit-Policy', b'"fixed window";"resolvers";q=5000;w=300'), (b'cross-origin-opener-policy', b'same-origin'), (b'Referrer-Policy', b'strict-origin-when-cross-origin'), (b'Access-Control-Max-Age', b'86400'), (b'Access-Control-Allow-Origin', b'https://huggingface.co'), (b'Access-Control-Expose-Headers', b'X-Repo-Commit,X-Request-Id,X-Error-Code,X-Error-Message,X-Total-Count,ETag,Link,Accept-Ranges,Content-Range,X-Linked-Size,X-Linked-ETag,X-Xet-Hash'), (b'X-Repo-Commit', b'e8f8c211226b894fcb81acc59f3b34ba3efd5f42'), (b'Accept-Ranges', b'bytes'), (b'X-Hub-Cache', b'HIT'), (b'Content-Disposition', b'inline; filename*=UTF-8\'\'README.md; filename="README.md";'), (b'Content-Security-Policy', b"default-src 'none'; sandbox"), (b'Vary', b'Origin'), (b'X-Cache', b'Hit from cloudfront'), (b'Via', b'1.1 ab6a84dec80a9cf174a125243a0b7be2.cloudfront.net (CloudFront)'), (b'X-Amz-Cf-Pop', b'HEL51-P2'), (b'X-Amz-Cf-Id', b'b-Xybp9FA8Km0neOiD0PQyZCcXZIo4PdwT2xEEisxnDaxhOpgPgJJw=='), (b'Age', b'227780')])
2026-05-26 11:09:13,721 | INFO     | httpx                | HTTP Request: HEAD https://huggingface.co/api/resolve-cache/models/sentence-transformers/paraphrase-multilingual-MiniLM-L12-v2/e8f8c211226b894fcb81acc59f3b34ba3efd5f42/README.md "HTTP/1.1 200 OK"
2026-05-26 11:09:13,721 | DEBUG    | httpcore.http11      | receive_response_body.started request=<Request [b'HEAD']>
2026-05-26 11:09:13,721 | DEBUG    | httpcore.http11      | receive_response_body.complete
2026-05-26 11:09:13,721 | DEBUG    | httpcore.http11      | response_closed.started
2026-05-26 11:09:13,721 | DEBUG    | httpcore.http11      | response_closed.complete
2026-05-26 11:09:13,733 | DEBUG    | httpcore.http11      | send_request_headers.started request=<Request [b'HEAD']>
2026-05-26 11:09:13,733 | DEBUG    | httpcore.http11      | send_request_headers.complete
2026-05-26 11:09:13,734 | DEBUG    | httpcore.http11      | send_request_body.started request=<Request [b'HEAD']>
2026-05-26 11:09:13,734 | DEBUG    | httpcore.http11      | send_request_body.complete
2026-05-26 11:09:13,734 | DEBUG    | httpcore.http11      | receive_response_headers.started request=<Request [b'HEAD']>
2026-05-26 11:09:13,896 | DEBUG    | httpcore.http11      | receive_response_headers.complete return_value=(b'HTTP/1.1', 307, b'Temporary Redirect', [(b'Content-Type', b'text/plain; charset=utf-8'), (b'Content-Length', b'324'), (b'Connection', b'keep-alive'), (b'Date', b'Tue, 26 May 2026 08:09:13 GMT'), (b'Location', b'/api/resolve-cache/models/sentence-transformers/paraphrase-multilingual-MiniLM-L12-v2/e8f8c211226b894fcb81acc59f3b34ba3efd5f42/modules.json?%2Fsentence-transformers%2Fparaphrase-multilingual-MiniLM-L12-v2%2Fresolve%2Fmain%2Fmodules.json=&etag=%22f7640f94e81bb7f4f04daf1668850b38763a13d9%22'), (b'X-Powered-By', b'huggingface-moon'), (b'X-Request-Id', b'Root=1-6a155529-1274a0e576b1cb5903cabb1a;23406f6f-2251-4114-8a9c-c2250ea69982'), (b'RateLimit', b'"resolvers";r=4992;t=102'), (b'RateLimit-Policy', b'"fixed window";"resolvers";q=5000;w=300'), (b'cross-origin-opener-policy', b'same-origin'), (b'Referrer-Policy', b'strict-origin-when-cross-origin'), (b'Access-Control-Max-Age', b'86400'), (b'Access-Control-Allow-Origin', b'https://huggingface.co'), (b'Vary', b'Origin, Accept'), (b'Access-Control-Expose-Headers', b'X-Repo-Commit,X-Request-Id,X-Error-Code,X-Error-Message,X-Total-Count,ETag,Link,Accept-Ranges,Content-Range,X-Linked-Size,X-Linked-ETag,X-Xet-Hash'), (b'X-Repo-Commit', b'e8f8c211226b894fcb81acc59f3b34ba3efd5f42'), (b'Accept-Ranges', b'bytes'), (b'X-Hub-Cache', b'HIT'), (b'Content-Disposition', b'inline; filename*=UTF-8\'\'modules.json; filename="modules.json";'), (b'Content-Security-Policy', b"default-src 'none'; sandbox"), (b'X-Linked-ETag', b'"f7640f94e81bb7f4f04daf1668850b38763a13d9"'), (b'X-Cache', b'Miss from cloudfront'), (b'Via', b'1.1 ab6a84dec80a9cf174a125243a0b7be2.cloudfront.net (CloudFront)'), (b'X-Amz-Cf-Pop', b'HEL51-P2'), (b'X-Amz-Cf-Id', b'tD1NSFCFBI1FmEZCVuHxTfLh6R1rXkFBcn1HoiOd1vZh81m3itPlgg==')])
2026-05-26 11:09:13,897 | INFO     | httpx                | HTTP Request: HEAD https://huggingface.co/sentence-transformers/paraphrase-multilingual-MiniLM-L12-v2/resolve/main/modules.json "HTTP/1.1 307 Temporary Redirect"
2026-05-26 11:09:13,898 | DEBUG    | httpcore.http11      | receive_response_body.started request=<Request [b'HEAD']>
2026-05-26 11:09:13,898 | DEBUG    | httpcore.http11      | receive_response_body.complete
2026-05-26 11:09:13,898 | DEBUG    | httpcore.http11      | response_closed.started
2026-05-26 11:09:13,898 | DEBUG    | httpcore.http11      | response_closed.complete
2026-05-26 11:09:13,899 | DEBUG    | httpcore.http11      | send_request_headers.started request=<Request [b'HEAD']>
2026-05-26 11:09:13,899 | DEBUG    | httpcore.http11      | send_request_headers.complete
2026-05-26 11:09:13,899 | DEBUG    | httpcore.http11      | send_request_body.started request=<Request [b'HEAD']>
2026-05-26 11:09:13,899 | DEBUG    | httpcore.http11      | send_request_body.complete
2026-05-26 11:09:13,899 | DEBUG    | httpcore.http11      | receive_response_headers.started request=<Request [b'HEAD']>
2026-05-26 11:09:13,928 | DEBUG    | httpcore.http11      | receive_response_headers.complete return_value=(b'HTTP/1.1', 200, b'OK', [(b'Content-Type', b'text/plain; charset=utf-8'), (b'Content-Length', b'229'), (b'Connection', b'keep-alive'), (b'Date', b'Sat, 23 May 2026 16:52:52 GMT'), (b'ETag', b'"f7640f94e81bb7f4f04daf1668850b38763a13d9"'), (b'X-Powered-By', b'huggingface-moon'), (b'X-Request-Id', b'Root=1-6a11db64-353ecde50d764e0126445d81;a473582b-af0f-4ac3-9ef1-267fcb60c843'), (b'RateLimit', b'"resolvers";r=4998;t=183'), (b'RateLimit-Policy', b'"fixed window";"resolvers";q=5000;w=300'), (b'cross-origin-opener-policy', b'same-origin'), (b'Referrer-Policy', b'strict-origin-when-cross-origin'), (b'Access-Control-Max-Age', b'86400'), (b'Access-Control-Allow-Origin', b'https://huggingface.co'), (b'Access-Control-Expose-Headers', b'X-Repo-Commit,X-Request-Id,X-Error-Code,X-Error-Message,X-Total-Count,ETag,Link,Accept-Ranges,Content-Range,X-Linked-Size,X-Linked-ETag,X-Xet-Hash'), (b'X-Repo-Commit', b'e8f8c211226b894fcb81acc59f3b34ba3efd5f42'), (b'Accept-Ranges', b'bytes'), (b'X-Hub-Cache', b'MISS'), (b'Content-Disposition', b'inline; filename*=UTF-8\'\'modules.json; filename="modules.json";'), (b'Content-Security-Policy', b"default-src 'none'; sandbox"), (b'Vary', b'Origin'), (b'X-Cache', b'Hit from cloudfront'), (b'Via', b'1.1 ab6a84dec80a9cf174a125243a0b7be2.cloudfront.net (CloudFront)'), (b'X-Amz-Cf-Pop', b'HEL51-P2'), (b'X-Amz-Cf-Id', b'TrUz7L1_W0AL1jzMBzLvWsJabJfemGj5mmhMLfl78KYYIXz0hzeaWQ=='), (b'Age', b'227781')])
2026-05-26 11:09:13,929 | INFO     | httpx                | HTTP Request: HEAD https://huggingface.co/api/resolve-cache/models/sentence-transformers/paraphrase-multilingual-MiniLM-L12-v2/e8f8c211226b894fcb81acc59f3b34ba3efd5f42/modules.json "HTTP/1.1 200 OK"
2026-05-26 11:09:13,929 | DEBUG    | httpcore.http11      | receive_response_body.started request=<Request [b'HEAD']>
2026-05-26 11:09:13,929 | DEBUG    | httpcore.http11      | receive_response_body.complete
2026-05-26 11:09:13,929 | DEBUG    | httpcore.http11      | response_closed.started
2026-05-26 11:09:13,929 | DEBUG    | httpcore.http11      | response_closed.complete
2026-05-26 11:09:13,941 | DEBUG    | httpcore.http11      | send_request_headers.started request=<Request [b'HEAD']>
2026-05-26 11:09:13,941 | DEBUG    | httpcore.http11      | send_request_headers.complete
2026-05-26 11:09:13,941 | DEBUG    | httpcore.http11      | send_request_body.started request=<Request [b'HEAD']>
2026-05-26 11:09:13,941 | DEBUG    | httpcore.http11      | send_request_body.complete
2026-05-26 11:09:13,941 | DEBUG    | httpcore.http11      | receive_response_headers.started request=<Request [b'HEAD']>
2026-05-26 11:09:14,103 | DEBUG    | httpcore.http11      | receive_response_headers.complete return_value=(b'HTTP/1.1', 307, b'Temporary Redirect', [(b'Content-Type', b'text/plain; charset=utf-8'), (b'Content-Length', b'350'), (b'Connection', b'keep-alive'), (b'Date', b'Tue, 26 May 2026 08:09:14 GMT'), (b'Location', b'/api/resolve-cache/models/sentence-transformers/paraphrase-multilingual-MiniLM-L12-v2/e8f8c211226b894fcb81acc59f3b34ba3efd5f42/sentence_bert_config.json?%2Fsentence-transformers%2Fparaphrase-multilingual-MiniLM-L12-v2%2Fresolve%2Fmain%2Fsentence_bert_config.json=&etag=%225fd10429389515d3e5cccdeda08cae5fea1ae82e%22'), (b'X-Powered-By', b'huggingface-moon'), (b'X-Request-Id', b'Root=1-6a15552a-745e0643121d8b9c3bc411ea;3733f847-97f0-4728-97d5-04be608ba55e'), (b'RateLimit', b'"resolvers";r=4991;t=101'), (b'RateLimit-Policy', b'"fixed window";"resolvers";q=5000;w=300'), (b'cross-origin-opener-policy', b'same-origin'), (b'Referrer-Policy', b'strict-origin-when-cross-origin'), (b'Access-Control-Max-Age', b'86400'), (b'Access-Control-Allow-Origin', b'https://huggingface.co'), (b'Vary', b'Origin, Accept'), (b'Access-Control-Expose-Headers', b'X-Repo-Commit,X-Request-Id,X-Error-Code,X-Error-Message,X-Total-Count,ETag,Link,Accept-Ranges,Content-Range,X-Linked-Size,X-Linked-ETag,X-Xet-Hash'), (b'X-Repo-Commit', b'e8f8c211226b894fcb81acc59f3b34ba3efd5f42'), (b'Accept-Ranges', b'bytes'), (b'X-Hub-Cache', b'HIT'), (b'Content-Disposition', b'inline; filename*=UTF-8\'\'sentence_bert_config.json; filename="sentence_bert_config.json";'), (b'Content-Security-Policy', b"default-src 'none'; sandbox"), (b'X-Linked-ETag', b'"5fd10429389515d3e5cccdeda08cae5fea1ae82e"'), (b'X-Cache', b'Miss from cloudfront'), (b'Via', b'1.1 ab6a84dec80a9cf174a125243a0b7be2.cloudfront.net (CloudFront)'), (b'X-Amz-Cf-Pop', b'HEL51-P2'), (b'X-Amz-Cf-Id', b'OLKQQDPgPfMl4wIis1iMmNTRHaVd5L9I7FZq4hKEhUc3iddbATkAgw==')])
2026-05-26 11:09:14,104 | INFO     | httpx                | HTTP Request: HEAD https://huggingface.co/sentence-transformers/paraphrase-multilingual-MiniLM-L12-v2/resolve/main/sentence_bert_config.json "HTTP/1.1 307 Temporary Redirect"
2026-05-26 11:09:14,105 | DEBUG    | httpcore.http11      | receive_response_body.started request=<Request [b'HEAD']>
2026-05-26 11:09:14,105 | DEBUG    | httpcore.http11      | receive_response_body.complete
2026-05-26 11:09:14,105 | DEBUG    | httpcore.http11      | response_closed.started
2026-05-26 11:09:14,105 | DEBUG    | httpcore.http11      | response_closed.complete
2026-05-26 11:09:14,106 | DEBUG    | httpcore.http11      | send_request_headers.started request=<Request [b'HEAD']>
2026-05-26 11:09:14,106 | DEBUG    | httpcore.http11      | send_request_headers.complete
2026-05-26 11:09:14,107 | DEBUG    | httpcore.http11      | send_request_body.started request=<Request [b'HEAD']>
2026-05-26 11:09:14,107 | DEBUG    | httpcore.http11      | send_request_body.complete
2026-05-26 11:09:14,107 | DEBUG    | httpcore.http11      | receive_response_headers.started request=<Request [b'HEAD']>
2026-05-26 11:09:14,135 | DEBUG    | httpcore.http11      | receive_response_headers.complete return_value=(b'HTTP/1.1', 200, b'OK', [(b'Content-Type', b'text/plain; charset=utf-8'), (b'Content-Length', b'53'), (b'Connection', b'keep-alive'), (b'Date', b'Sat, 23 May 2026 16:52:54 GMT'), (b'ETag', b'"5fd10429389515d3e5cccdeda08cae5fea1ae82e"'), (b'X-Powered-By', b'huggingface-moon'), (b'X-Request-Id', b'Root=1-6a11db66-63b5b0922ea7996a0f310dbf;a57418a0-b144-4cf6-a664-968ad2d7a2d6'), (b'RateLimit', b'"resolvers";r=4987;t=181'), (b'RateLimit-Policy', b'"fixed window";"resolvers";q=5000;w=300'), (b'cross-origin-opener-policy', b'same-origin'), (b'Referrer-Policy', b'strict-origin-when-cross-origin'), (b'Access-Control-Max-Age', b'86400'), (b'Access-Control-Allow-Origin', b'https://huggingface.co'), (b'Access-Control-Expose-Headers', b'X-Repo-Commit,X-Request-Id,X-Error-Code,X-Error-Message,X-Total-Count,ETag,Link,Accept-Ranges,Content-Range,X-Linked-Size,X-Linked-ETag,X-Xet-Hash'), (b'X-Repo-Commit', b'e8f8c211226b894fcb81acc59f3b34ba3efd5f42'), (b'Accept-Ranges', b'bytes'), (b'X-Hub-Cache', b'MISS'), (b'Content-Disposition', b'inline; filename*=UTF-8\'\'sentence_bert_config.json; filename="sentence_bert_config.json";'), (b'Content-Security-Policy', b"default-src 'none'; sandbox"), (b'Vary', b'Origin'), (b'X-Cache', b'Hit from cloudfront'), (b'Via', b'1.1 ab6a84dec80a9cf174a125243a0b7be2.cloudfront.net (CloudFront)'), (b'X-Amz-Cf-Pop', b'HEL51-P2'), (b'X-Amz-Cf-Id', b'Ns21YBr2Pr9dTteZRVuUfzE8GzQJ1wsYNusQa5R0h0GwyImFYQScJg=='), (b'Age', b'227780')])
2026-05-26 11:09:14,136 | INFO     | httpx                | HTTP Request: HEAD https://huggingface.co/api/resolve-cache/models/sentence-transformers/paraphrase-multilingual-MiniLM-L12-v2/e8f8c211226b894fcb81acc59f3b34ba3efd5f42/sentence_bert_config.json "HTTP/1.1 200 OK"
2026-05-26 11:09:14,136 | DEBUG    | httpcore.http11      | receive_response_body.started request=<Request [b'HEAD']>
2026-05-26 11:09:14,136 | DEBUG    | httpcore.http11      | receive_response_body.complete
2026-05-26 11:09:14,137 | DEBUG    | httpcore.http11      | response_closed.started
2026-05-26 11:09:14,137 | DEBUG    | httpcore.http11      | response_closed.complete
2026-05-26 11:09:14,147 | DEBUG    | httpcore.http11      | send_request_headers.started request=<Request [b'HEAD']>
2026-05-26 11:09:14,148 | DEBUG    | httpcore.http11      | send_request_headers.complete
2026-05-26 11:09:14,148 | DEBUG    | httpcore.http11      | send_request_body.started request=<Request [b'HEAD']>
2026-05-26 11:09:14,148 | DEBUG    | httpcore.http11      | send_request_body.complete
2026-05-26 11:09:14,149 | DEBUG    | httpcore.http11      | receive_response_headers.started request=<Request [b'HEAD']>
2026-05-26 11:09:14,307 | DEBUG    | httpcore.http11      | receive_response_headers.complete return_value=(b'HTTP/1.1', 404, b'Not Found', [(b'Content-Type', b'text/plain; charset=utf-8'), (b'Content-Length', b'15'), (b'Connection', b'keep-alive'), (b'Date', b'Tue, 26 May 2026 08:09:14 GMT'), (b'ETag', b'W/"f-mY2VvLxuxB7KhsoOdQTlMTccuAQ"'), (b'X-Powered-By', b'huggingface-moon'), (b'X-Request-Id', b'Root=1-6a15552a-76b733186e3c5e8666b51aed;8ea70a59-68f2-414a-9098-a7c60d2be969'), (b'RateLimit', b'"resolvers";r=4990;t=101'), (b'RateLimit-Policy', b'"fixed window";"resolvers";q=5000;w=300'), (b'cross-origin-opener-policy', b'same-origin'), (b'Referrer-Policy', b'strict-origin-when-cross-origin'), (b'Access-Control-Max-Age', b'86400'), (b'Access-Control-Allow-Origin', b'https://huggingface.co'), (b'Vary', b'Origin'), (b'Access-Control-Expose-Headers', b'X-Repo-Commit,X-Request-Id,X-Error-Code,X-Error-Message,X-Total-Count,ETag,Link,Accept-Ranges,Content-Range,X-Linked-Size,X-Linked-ETag,X-Xet-Hash'), (b'X-Repo-Commit', b'e8f8c211226b894fcb81acc59f3b34ba3efd5f42'), (b'Accept-Ranges', b'bytes'), (b'X-Hub-Cache', b'MISS'), (b'X-Error-Code', b'EntryNotFound'), (b'X-Error-Message', b'Entry not found'), (b'X-Cache', b'Error from cloudfront'), (b'Via', b'1.1 ab6a84dec80a9cf174a125243a0b7be2.cloudfront.net (CloudFront)'), (b'X-Amz-Cf-Pop', b'HEL51-P2'), (b'X-Amz-Cf-Id', b'NhTTQAhHWIVFeUV4tPNxIJMPggLQbyPq5VeN_qqA7b6RBtDjKJLAig==')])
2026-05-26 11:09:14,308 | INFO     | httpx                | HTTP Request: HEAD https://huggingface.co/sentence-transformers/paraphrase-multilingual-MiniLM-L12-v2/resolve/main/adapter_config.json "HTTP/1.1 404 Not Found"
2026-05-26 11:09:14,308 | DEBUG    | httpcore.http11      | receive_response_body.started request=<Request [b'HEAD']>
2026-05-26 11:09:14,308 | DEBUG    | httpcore.http11      | receive_response_body.complete
2026-05-26 11:09:14,309 | DEBUG    | httpcore.http11      | response_closed.started
2026-05-26 11:09:14,309 | DEBUG    | httpcore.http11      | response_closed.complete
2026-05-26 11:09:14,317 | DEBUG    | httpcore.http11      | send_request_headers.started request=<Request [b'HEAD']>
2026-05-26 11:09:14,317 | DEBUG    | httpcore.http11      | send_request_headers.complete
2026-05-26 11:09:14,317 | DEBUG    | httpcore.http11      | send_request_body.started request=<Request [b'HEAD']>
2026-05-26 11:09:14,317 | DEBUG    | httpcore.http11      | send_request_body.complete
2026-05-26 11:09:14,317 | DEBUG    | httpcore.http11      | receive_response_headers.started request=<Request [b'HEAD']>
2026-05-26 11:09:14,472 | DEBUG    | httpcore.http11      | receive_response_headers.complete return_value=(b'HTTP/1.1', 307, b'Temporary Redirect', [(b'Content-Type', b'text/plain; charset=utf-8'), (b'Content-Length', b'322'), (b'Connection', b'keep-alive'), (b'Date', b'Tue, 26 May 2026 08:09:14 GMT'), (b'Location', b'/api/resolve-cache/models/sentence-transformers/paraphrase-multilingual-MiniLM-L12-v2/e8f8c211226b894fcb81acc59f3b34ba3efd5f42/config.json?%2Fsentence-transformers%2Fparaphrase-multilingual-MiniLM-L12-v2%2Fresolve%2Fmain%2Fconfig.json=&etag=%22c06d5b49495f044e6380e68a60538be17a6bd5d1%22'), (b'X-Powered-By', b'huggingface-moon'), (b'X-Request-Id', b'Root=1-6a15552a-4430e4e76e6926ba6493eb41;48832190-7b59-48f5-9dc6-560ef870c02b'), (b'RateLimit', b'"resolvers";r=4989;t=101'), (b'RateLimit-Policy', b'"fixed window";"resolvers";q=5000;w=300'), (b'cross-origin-opener-policy', b'same-origin'), (b'Referrer-Policy', b'strict-origin-when-cross-origin'), (b'Access-Control-Max-Age', b'86400'), (b'Access-Control-Allow-Origin', b'https://huggingface.co'), (b'Vary', b'Origin, Accept'), (b'Access-Control-Expose-Headers', b'X-Repo-Commit,X-Request-Id,X-Error-Code,X-Error-Message,X-Total-Count,ETag,Link,Accept-Ranges,Content-Range,X-Linked-Size,X-Linked-ETag,X-Xet-Hash'), (b'X-Repo-Commit', b'e8f8c211226b894fcb81acc59f3b34ba3efd5f42'), (b'Accept-Ranges', b'bytes'), (b'X-Hub-Cache', b'HIT'), (b'Content-Disposition', b'inline; filename*=UTF-8\'\'config.json; filename="config.json";'), (b'Content-Security-Policy', b"default-src 'none'; sandbox"), (b'X-Linked-ETag', b'"c06d5b49495f044e6380e68a60538be17a6bd5d1"'), (b'X-Cache', b'Miss from cloudfront'), (b'Via', b'1.1 ab6a84dec80a9cf174a125243a0b7be2.cloudfront.net (CloudFront)'), (b'X-Amz-Cf-Pop', b'HEL51-P2'), (b'X-Amz-Cf-Id', b'g3iJQqdK4l57rltFRdtlq1TbHsbkIuKTUf2xQ1_7sk_cDciA0OF0Pw==')])
2026-05-26 11:09:14,474 | INFO     | httpx                | HTTP Request: HEAD https://huggingface.co/sentence-transformers/paraphrase-multilingual-MiniLM-L12-v2/resolve/main/config.json "HTTP/1.1 307 Temporary Redirect"
2026-05-26 11:09:14,475 | DEBUG    | httpcore.http11      | receive_response_body.started request=<Request [b'HEAD']>
2026-05-26 11:09:14,475 | DEBUG    | httpcore.http11      | receive_response_body.complete
2026-05-26 11:09:14,475 | DEBUG    | httpcore.http11      | response_closed.started
2026-05-26 11:09:14,476 | DEBUG    | httpcore.http11      | response_closed.complete
2026-05-26 11:09:14,477 | DEBUG    | httpcore.http11      | send_request_headers.started request=<Request [b'HEAD']>
2026-05-26 11:09:14,477 | DEBUG    | httpcore.http11      | send_request_headers.complete
2026-05-26 11:09:14,477 | DEBUG    | httpcore.http11      | send_request_body.started request=<Request [b'HEAD']>
2026-05-26 11:09:14,478 | DEBUG    | httpcore.http11      | send_request_body.complete
2026-05-26 11:09:14,479 | DEBUG    | httpcore.http11      | receive_response_headers.started request=<Request [b'HEAD']>
2026-05-26 11:09:14,506 | DEBUG    | httpcore.http11      | receive_response_headers.complete return_value=(b'HTTP/1.1', 200, b'OK', [(b'Content-Type', b'text/plain; charset=utf-8'), (b'Content-Length', b'645'), (b'Connection', b'keep-alive'), (b'Date', b'Sat, 23 May 2026 16:52:55 GMT'), (b'ETag', b'"c06d5b49495f044e6380e68a60538be17a6bd5d1"'), (b'X-Powered-By', b'huggingface-moon'), (b'X-Request-Id', b'Root=1-6a11db67-2ad77e595d0c35132f3135d5;4da4a2fd-bd36-4550-ac7d-380303f2f2bc'), (b'RateLimit', b'"resolvers";r=4983;t=180'), (b'RateLimit-Policy', b'"fixed window";"resolvers";q=5000;w=300'), (b'cross-origin-opener-policy', b'same-origin'), (b'Referrer-Policy', b'strict-origin-when-cross-origin'), (b'Access-Control-Max-Age', b'86400'), (b'Access-Control-Allow-Origin', b'https://huggingface.co'), (b'Access-Control-Expose-Headers', b'X-Repo-Commit,X-Request-Id,X-Error-Code,X-Error-Message,X-Total-Count,ETag,Link,Accept-Ranges,Content-Range,X-Linked-Size,X-Linked-ETag,X-Xet-Hash'), (b'X-Repo-Commit', b'e8f8c211226b894fcb81acc59f3b34ba3efd5f42'), (b'Accept-Ranges', b'bytes'), (b'X-Hub-Cache', b'MISS'), (b'Content-Disposition', b'inline; filename*=UTF-8\'\'config.json; filename="config.json";'), (b'Content-Security-Policy', b"default-src 'none'; sandbox"), (b'Vary', b'Origin'), (b'X-Cache', b'Hit from cloudfront'), (b'Via', b'1.1 ab6a84dec80a9cf174a125243a0b7be2.cloudfront.net (CloudFront)'), (b'X-Amz-Cf-Pop', b'HEL51-P2'), (b'X-Amz-Cf-Id', b'WxtS76nIhBUvzuvmW8hLzYidoAj37aF4DqL0miPAVqanrZihQsL_7Q=='), (b'Age', b'227779')])
2026-05-26 11:09:14,509 | INFO     | httpx                | HTTP Request: HEAD https://huggingface.co/api/resolve-cache/models/sentence-transformers/paraphrase-multilingual-MiniLM-L12-v2/e8f8c211226b894fcb81acc59f3b34ba3efd5f42/config.json "HTTP/1.1 200 OK"
2026-05-26 11:09:14,509 | DEBUG    | httpcore.http11      | receive_response_body.started request=<Request [b'HEAD']>
2026-05-26 11:09:14,509 | DEBUG    | httpcore.http11      | receive_response_body.complete
2026-05-26 11:09:14,510 | DEBUG    | httpcore.http11      | response_closed.started
2026-05-26 11:09:14,510 | DEBUG    | httpcore.http11      | response_closed.complete
2026-05-26 11:09:15,164 | DEBUG    | httpcore.http11      | send_request_headers.started request=<Request [b'HEAD']>
2026-05-26 11:09:15,164 | DEBUG    | httpcore.http11      | send_request_headers.complete
2026-05-26 11:09:15,164 | DEBUG    | httpcore.http11      | send_request_body.started request=<Request [b'HEAD']>
2026-05-26 11:09:15,165 | DEBUG    | httpcore.http11      | send_request_body.complete
2026-05-26 11:09:15,165 | DEBUG    | httpcore.http11      | receive_response_headers.started request=<Request [b'HEAD']>
2026-05-26 11:09:15,321 | DEBUG    | httpcore.http11      | receive_response_headers.complete return_value=(b'HTTP/1.1', 404, b'Not Found', [(b'Content-Type', b'text/plain; charset=utf-8'), (b'Content-Length', b'15'), (b'Connection', b'keep-alive'), (b'Date', b'Tue, 26 May 2026 08:09:15 GMT'), (b'ETag', b'W/"f-mY2VvLxuxB7KhsoOdQTlMTccuAQ"'), (b'X-Powered-By', b'huggingface-moon'), (b'X-Request-Id', b'Root=1-6a15552b-1ca269f45f6d514663c181b0;884eb952-7c8a-45bf-9b5b-bfe5f9806e55'), (b'RateLimit', b'"resolvers";r=4988;t=100'), (b'RateLimit-Policy', b'"fixed window";"resolvers";q=5000;w=300'), (b'cross-origin-opener-policy', b'same-origin'), (b'Referrer-Policy', b'strict-origin-when-cross-origin'), (b'Access-Control-Max-Age', b'86400'), (b'Access-Control-Allow-Origin', b'https://huggingface.co'), (b'Vary', b'Origin'), (b'Access-Control-Expose-Headers', b'X-Repo-Commit,X-Request-Id,X-Error-Code,X-Error-Message,X-Total-Count,ETag,Link,Accept-Ranges,Content-Range,X-Linked-Size,X-Linked-ETag,X-Xet-Hash'), (b'X-Repo-Commit', b'e8f8c211226b894fcb81acc59f3b34ba3efd5f42'), (b'Accept-Ranges', b'bytes'), (b'X-Hub-Cache', b'MISS'), (b'X-Error-Code', b'EntryNotFound'), (b'X-Error-Message', b'Entry not found'), (b'X-Cache', b'Error from cloudfront'), (b'Via', b'1.1 ab6a84dec80a9cf174a125243a0b7be2.cloudfront.net (CloudFront)'), (b'X-Amz-Cf-Pop', b'HEL51-P2'), (b'X-Amz-Cf-Id', b'lKHT1nWM9OGWmjlej6SfuGPEYJnL2l0tY04nNmdshRRuHL_FgKlUzQ==')])
2026-05-26 11:09:15,323 | INFO     | httpx                | HTTP Request: HEAD https://huggingface.co/sentence-transformers/paraphrase-multilingual-MiniLM-L12-v2/resolve/main/processor_config.json "HTTP/1.1 404 Not Found"
2026-05-26 11:09:15,323 | DEBUG    | httpcore.http11      | receive_response_body.started request=<Request [b'HEAD']>
2026-05-26 11:09:15,323 | DEBUG    | httpcore.http11      | receive_response_body.complete
2026-05-26 11:09:15,323 | DEBUG    | httpcore.http11      | response_closed.started
2026-05-26 11:09:15,323 | DEBUG    | httpcore.http11      | response_closed.complete
2026-05-26 11:09:15,331 | DEBUG    | httpcore.http11      | send_request_headers.started request=<Request [b'HEAD']>
2026-05-26 11:09:15,331 | DEBUG    | httpcore.http11      | send_request_headers.complete
2026-05-26 11:09:15,333 | DEBUG    | httpcore.http11      | send_request_body.started request=<Request [b'HEAD']>
2026-05-26 11:09:15,333 | DEBUG    | httpcore.http11      | send_request_body.complete
2026-05-26 11:09:15,333 | DEBUG    | httpcore.http11      | receive_response_headers.started request=<Request [b'HEAD']>
2026-05-26 11:09:15,490 | DEBUG    | httpcore.http11      | receive_response_headers.complete return_value=(b'HTTP/1.1', 404, b'Not Found', [(b'Content-Type', b'text/plain; charset=utf-8'), (b'Content-Length', b'15'), (b'Connection', b'keep-alive'), (b'Date', b'Tue, 26 May 2026 08:09:15 GMT'), (b'ETag', b'W/"f-mY2VvLxuxB7KhsoOdQTlMTccuAQ"'), (b'X-Powered-By', b'huggingface-moon'), (b'X-Request-Id', b'Root=1-6a15552b-0f498ec2091d547931ac6a09;80fc025f-afee-4761-afdf-ce82b9c1fd72'), (b'RateLimit', b'"resolvers";r=4987;t=100'), (b'RateLimit-Policy', b'"fixed window";"resolvers";q=5000;w=300'), (b'cross-origin-opener-policy', b'same-origin'), (b'Referrer-Policy', b'strict-origin-when-cross-origin'), (b'Access-Control-Max-Age', b'86400'), (b'Access-Control-Allow-Origin', b'https://huggingface.co'), (b'Vary', b'Origin'), (b'Access-Control-Expose-Headers', b'X-Repo-Commit,X-Request-Id,X-Error-Code,X-Error-Message,X-Total-Count,ETag,Link,Accept-Ranges,Content-Range,X-Linked-Size,X-Linked-ETag,X-Xet-Hash'), (b'X-Repo-Commit', b'e8f8c211226b894fcb81acc59f3b34ba3efd5f42'), (b'Accept-Ranges', b'bytes'), (b'X-Hub-Cache', b'MISS'), (b'X-Error-Code', b'EntryNotFound'), (b'X-Error-Message', b'Entry not found'), (b'X-Cache', b'Error from cloudfront'), (b'Via', b'1.1 ab6a84dec80a9cf174a125243a0b7be2.cloudfront.net (CloudFront)'), (b'X-Amz-Cf-Pop', b'HEL51-P2'), (b'X-Amz-Cf-Id', b'jtTAj-A71fO0oyPZLNo1fSATRLHcX6yPoO3Og75iCodkrX5zBS_vyw==')])
2026-05-26 11:09:15,493 | INFO     | httpx                | HTTP Request: HEAD https://huggingface.co/sentence-transformers/paraphrase-multilingual-MiniLM-L12-v2/resolve/main/preprocessor_config.json "HTTP/1.1 404 Not Found"
2026-05-26 11:09:15,493 | DEBUG    | httpcore.http11      | receive_response_body.started request=<Request [b'HEAD']>
2026-05-26 11:09:15,493 | DEBUG    | httpcore.http11      | receive_response_body.complete
2026-05-26 11:09:15,493 | DEBUG    | httpcore.http11      | response_closed.started
2026-05-26 11:09:15,493 | DEBUG    | httpcore.http11      | response_closed.complete
2026-05-26 11:09:15,502 | DEBUG    | httpcore.http11      | send_request_headers.started request=<Request [b'HEAD']>
2026-05-26 11:09:15,503 | DEBUG    | httpcore.http11      | send_request_headers.complete
2026-05-26 11:09:15,503 | DEBUG    | httpcore.http11      | send_request_body.started request=<Request [b'HEAD']>
2026-05-26 11:09:15,504 | DEBUG    | httpcore.http11      | send_request_body.complete
2026-05-26 11:09:15,504 | DEBUG    | httpcore.http11      | receive_response_headers.started request=<Request [b'HEAD']>
2026-05-26 11:09:15,661 | DEBUG    | httpcore.http11      | receive_response_headers.complete return_value=(b'HTTP/1.1', 404, b'Not Found', [(b'Content-Type', b'text/plain; charset=utf-8'), (b'Content-Length', b'15'), (b'Connection', b'keep-alive'), (b'Date', b'Tue, 26 May 2026 08:09:15 GMT'), (b'ETag', b'W/"f-mY2VvLxuxB7KhsoOdQTlMTccuAQ"'), (b'X-Powered-By', b'huggingface-moon'), (b'X-Request-Id', b'Root=1-6a15552b-0ccc04844759961b1eefcb92;bdf185f3-93ed-44b8-b4e3-217262777548'), (b'RateLimit', b'"resolvers";r=4986;t=100'), (b'RateLimit-Policy', b'"fixed window";"resolvers";q=5000;w=300'), (b'cross-origin-opener-policy', b'same-origin'), (b'Referrer-Policy', b'strict-origin-when-cross-origin'), (b'Access-Control-Max-Age', b'86400'), (b'Access-Control-Allow-Origin', b'https://huggingface.co'), (b'Vary', b'Origin'), (b'Access-Control-Expose-Headers', b'X-Repo-Commit,X-Request-Id,X-Error-Code,X-Error-Message,X-Total-Count,ETag,Link,Accept-Ranges,Content-Range,X-Linked-Size,X-Linked-ETag,X-Xet-Hash'), (b'X-Repo-Commit', b'e8f8c211226b894fcb81acc59f3b34ba3efd5f42'), (b'Accept-Ranges', b'bytes'), (b'X-Hub-Cache', b'MISS'), (b'X-Error-Code', b'EntryNotFound'), (b'X-Error-Message', b'Entry not found'), (b'X-Cache', b'Error from cloudfront'), (b'Via', b'1.1 ab6a84dec80a9cf174a125243a0b7be2.cloudfront.net (CloudFront)'), (b'X-Amz-Cf-Pop', b'HEL51-P2'), (b'X-Amz-Cf-Id', b'w2ApCm39QOJwRyCaUxo0ZnXF3DDFYqX9t-0TzEYcvoVCnwK9yd4Xlg==')])
2026-05-26 11:09:15,662 | INFO     | httpx                | HTTP Request: HEAD https://huggingface.co/sentence-transformers/paraphrase-multilingual-MiniLM-L12-v2/resolve/main/video_preprocessor_config.json "HTTP/1.1 404 Not Found"
2026-05-26 11:09:15,662 | DEBUG    | httpcore.http11      | receive_response_body.started request=<Request [b'HEAD']>
2026-05-26 11:09:15,662 | DEBUG    | httpcore.http11      | receive_response_body.complete
2026-05-26 11:09:15,663 | DEBUG    | httpcore.http11      | response_closed.started
2026-05-26 11:09:15,663 | DEBUG    | httpcore.http11      | response_closed.complete
2026-05-26 11:09:15,675 | DEBUG    | httpcore.http11      | send_request_headers.started request=<Request [b'HEAD']>
2026-05-26 11:09:15,675 | DEBUG    | httpcore.http11      | send_request_headers.complete
2026-05-26 11:09:15,675 | DEBUG    | httpcore.http11      | send_request_body.started request=<Request [b'HEAD']>
2026-05-26 11:09:15,676 | DEBUG    | httpcore.http11      | send_request_body.complete
2026-05-26 11:09:15,676 | DEBUG    | httpcore.http11      | receive_response_headers.started request=<Request [b'HEAD']>
2026-05-26 11:09:15,833 | DEBUG    | httpcore.http11      | receive_response_headers.complete return_value=(b'HTTP/1.1', 404, b'Not Found', [(b'Content-Type', b'text/plain; charset=utf-8'), (b'Content-Length', b'15'), (b'Connection', b'keep-alive'), (b'Date', b'Tue, 26 May 2026 08:09:15 GMT'), (b'ETag', b'W/"f-mY2VvLxuxB7KhsoOdQTlMTccuAQ"'), (b'X-Powered-By', b'huggingface-moon'), (b'X-Request-Id', b'Root=1-6a15552b-366d60bf18acc4133232747d;b26785a3-38ca-49dd-b877-b2eadec88762'), (b'RateLimit', b'"resolvers";r=4985;t=100'), (b'RateLimit-Policy', b'"fixed window";"resolvers";q=5000;w=300'), (b'cross-origin-opener-policy', b'same-origin'), (b'Referrer-Policy', b'strict-origin-when-cross-origin'), (b'Access-Control-Max-Age', b'86400'), (b'Access-Control-Allow-Origin', b'https://huggingface.co'), (b'Vary', b'Origin'), (b'Access-Control-Expose-Headers', b'X-Repo-Commit,X-Request-Id,X-Error-Code,X-Error-Message,X-Total-Count,ETag,Link,Accept-Ranges,Content-Range,X-Linked-Size,X-Linked-ETag,X-Xet-Hash'), (b'X-Repo-Commit', b'e8f8c211226b894fcb81acc59f3b34ba3efd5f42'), (b'Accept-Ranges', b'bytes'), (b'X-Hub-Cache', b'MISS'), (b'X-Error-Code', b'EntryNotFound'), (b'X-Error-Message', b'Entry not found'), (b'X-Cache', b'Error from cloudfront'), (b'Via', b'1.1 ab6a84dec80a9cf174a125243a0b7be2.cloudfront.net (CloudFront)'), (b'X-Amz-Cf-Pop', b'HEL51-P2'), (b'X-Amz-Cf-Id', b'z6dHIbnKMUkwi59lqltXNogGdmr4s-JdrtUbTsgVVhmCeBL5ozZ2_A==')])
2026-05-26 11:09:15,834 | INFO     | httpx                | HTTP Request: HEAD https://huggingface.co/sentence-transformers/paraphrase-multilingual-MiniLM-L12-v2/resolve/main/preprocessor_config.json "HTTP/1.1 404 Not Found"
2026-05-26 11:09:15,835 | DEBUG    | httpcore.http11      | receive_response_body.started request=<Request [b'HEAD']>
2026-05-26 11:09:15,835 | DEBUG    | httpcore.http11      | receive_response_body.complete
2026-05-26 11:09:15,835 | DEBUG    | httpcore.http11      | response_closed.started
2026-05-26 11:09:15,835 | DEBUG    | httpcore.http11      | response_closed.complete
2026-05-26 11:09:15,840 | DEBUG    | httpcore.http11      | send_request_headers.started request=<Request [b'HEAD']>
2026-05-26 11:09:15,841 | DEBUG    | httpcore.http11      | send_request_headers.complete
2026-05-26 11:09:15,841 | DEBUG    | httpcore.http11      | send_request_body.started request=<Request [b'HEAD']>
2026-05-26 11:09:15,841 | DEBUG    | httpcore.http11      | send_request_body.complete
2026-05-26 11:09:15,841 | DEBUG    | httpcore.http11      | receive_response_headers.started request=<Request [b'HEAD']>
2026-05-26 11:09:16,005 | DEBUG    | httpcore.http11      | receive_response_headers.complete return_value=(b'HTTP/1.1', 307, b'Temporary Redirect', [(b'Content-Type', b'text/plain; charset=utf-8'), (b'Content-Length', b'342'), (b'Connection', b'keep-alive'), (b'Date', b'Tue, 26 May 2026 08:09:15 GMT'), (b'Location', b'/api/resolve-cache/models/sentence-transformers/paraphrase-multilingual-MiniLM-L12-v2/e8f8c211226b894fcb81acc59f3b34ba3efd5f42/tokenizer_config.json?%2Fsentence-transformers%2Fparaphrase-multilingual-MiniLM-L12-v2%2Fresolve%2Fmain%2Ftokenizer_config.json=&etag=%223c1b565ae10a15a1d0c31096f834af2fd9359e91%22'), (b'X-Powered-By', b'huggingface-moon'), (b'X-Request-Id', b'Root=1-6a15552b-463b926c0e54842e43e4d7f6;b356a5ce-cd28-4cbc-a205-90d2d27f748a'), (b'RateLimit', b'"resolvers";r=4984;t=100'), (b'RateLimit-Policy', b'"fixed window";"resolvers";q=5000;w=300'), (b'cross-origin-opener-policy', b'same-origin'), (b'Referrer-Policy', b'strict-origin-when-cross-origin'), (b'Access-Control-Max-Age', b'86400'), (b'Access-Control-Allow-Origin', b'https://huggingface.co'), (b'Vary', b'Origin, Accept'), (b'Access-Control-Expose-Headers', b'X-Repo-Commit,X-Request-Id,X-Error-Code,X-Error-Message,X-Total-Count,ETag,Link,Accept-Ranges,Content-Range,X-Linked-Size,X-Linked-ETag,X-Xet-Hash'), (b'X-Repo-Commit', b'e8f8c211226b894fcb81acc59f3b34ba3efd5f42'), (b'Accept-Ranges', b'bytes'), (b'X-Hub-Cache', b'HIT'), (b'Content-Disposition', b'inline; filename*=UTF-8\'\'tokenizer_config.json; filename="tokenizer_config.json";'), (b'Content-Security-Policy', b"default-src 'none'; sandbox"), (b'X-Linked-ETag', b'"3c1b565ae10a15a1d0c31096f834af2fd9359e91"'), (b'X-Cache', b'Miss from cloudfront'), (b'Via', b'1.1 ab6a84dec80a9cf174a125243a0b7be2.cloudfront.net (CloudFront)'), (b'X-Amz-Cf-Pop', b'HEL51-P2'), (b'X-Amz-Cf-Id', b'MshwaT_J2fdMWVWLNeqwIIXXBu5Ft_uJhAP7ryF2fW4CEb1I26trFw==')])
2026-05-26 11:09:16,005 | INFO     | httpx                | HTTP Request: HEAD https://huggingface.co/sentence-transformers/paraphrase-multilingual-MiniLM-L12-v2/resolve/main/tokenizer_config.json "HTTP/1.1 307 Temporary Redirect"
2026-05-26 11:09:16,006 | DEBUG    | httpcore.http11      | receive_response_body.started request=<Request [b'HEAD']>
2026-05-26 11:09:16,006 | DEBUG    | httpcore.http11      | receive_response_body.complete
2026-05-26 11:09:16,006 | DEBUG    | httpcore.http11      | response_closed.started
2026-05-26 11:09:16,006 | DEBUG    | httpcore.http11      | response_closed.complete
2026-05-26 11:09:16,007 | DEBUG    | httpcore.http11      | send_request_headers.started request=<Request [b'HEAD']>
2026-05-26 11:09:16,008 | DEBUG    | httpcore.http11      | send_request_headers.complete
2026-05-26 11:09:16,008 | DEBUG    | httpcore.http11      | send_request_body.started request=<Request [b'HEAD']>
2026-05-26 11:09:16,008 | DEBUG    | httpcore.http11      | send_request_body.complete
2026-05-26 11:09:16,008 | DEBUG    | httpcore.http11      | receive_response_headers.started request=<Request [b'HEAD']>
2026-05-26 11:09:16,037 | DEBUG    | httpcore.http11      | receive_response_headers.complete return_value=(b'HTTP/1.1', 200, b'OK', [(b'Content-Type', b'text/plain; charset=utf-8'), (b'Content-Length', b'526'), (b'Connection', b'keep-alive'), (b'Date', b'Sat, 23 May 2026 16:53:14 GMT'), (b'ETag', b'"3c1b565ae10a15a1d0c31096f834af2fd9359e91"'), (b'X-Powered-By', b'huggingface-moon'), (b'X-Request-Id', b'Root=1-6a11db7a-70d238d00dffb7f31218b60e;ddd9f2d2-5b8d-43bc-91fe-8e21de0f4647'), (b'RateLimit', b'"resolvers";r=4975;t=161'), (b'RateLimit-Policy', b'"fixed window";"resolvers";q=5000;w=300'), (b'cross-origin-opener-policy', b'same-origin'), (b'Referrer-Policy', b'strict-origin-when-cross-origin'), (b'Access-Control-Max-Age', b'86400'), (b'Access-Control-Allow-Origin', b'https://huggingface.co'), (b'Access-Control-Expose-Headers', b'X-Repo-Commit,X-Request-Id,X-Error-Code,X-Error-Message,X-Total-Count,ETag,Link,Accept-Ranges,Content-Range,X-Linked-Size,X-Linked-ETag,X-Xet-Hash'), (b'X-Repo-Commit', b'e8f8c211226b894fcb81acc59f3b34ba3efd5f42'), (b'Accept-Ranges', b'bytes'), (b'X-Hub-Cache', b'MISS'), (b'Content-Disposition', b'inline; filename*=UTF-8\'\'tokenizer_config.json; filename="tokenizer_config.json";'), (b'Content-Security-Policy', b"default-src 'none'; sandbox"), (b'Vary', b'Origin'), (b'X-Cache', b'Hit from cloudfront'), (b'Via', b'1.1 ab6a84dec80a9cf174a125243a0b7be2.cloudfront.net (CloudFront)'), (b'X-Amz-Cf-Pop', b'HEL51-P2'), (b'X-Amz-Cf-Id', b'DCOODeHmP0oyvkh51oIvxN1hfgorJ7LaEd6Duoqr6wGWYY4fqeGtyg=='), (b'Age', b'227762')])
2026-05-26 11:09:16,038 | INFO     | httpx                | HTTP Request: HEAD https://huggingface.co/api/resolve-cache/models/sentence-transformers/paraphrase-multilingual-MiniLM-L12-v2/e8f8c211226b894fcb81acc59f3b34ba3efd5f42/tokenizer_config.json "HTTP/1.1 200 OK"
2026-05-26 11:09:16,039 | DEBUG    | httpcore.http11      | receive_response_body.started request=<Request [b'HEAD']>
2026-05-26 11:09:16,039 | DEBUG    | httpcore.http11      | receive_response_body.complete
2026-05-26 11:09:16,039 | DEBUG    | httpcore.http11      | response_closed.started
2026-05-26 11:09:16,039 | DEBUG    | httpcore.http11      | response_closed.complete
2026-05-26 11:09:16,047 | DEBUG    | httpcore.http11      | send_request_headers.started request=<Request [b'HEAD']>
2026-05-26 11:09:16,048 | DEBUG    | httpcore.http11      | send_request_headers.complete
2026-05-26 11:09:16,048 | DEBUG    | httpcore.http11      | send_request_body.started request=<Request [b'HEAD']>
2026-05-26 11:09:16,048 | DEBUG    | httpcore.http11      | send_request_body.complete
2026-05-26 11:09:16,048 | DEBUG    | httpcore.http11      | receive_response_headers.started request=<Request [b'HEAD']>
2026-05-26 11:09:16,202 | DEBUG    | httpcore.http11      | receive_response_headers.complete return_value=(b'HTTP/1.1', 307, b'Temporary Redirect', [(b'Content-Type', b'text/plain; charset=utf-8'), (b'Content-Length', b'322'), (b'Connection', b'keep-alive'), (b'Date', b'Tue, 26 May 2026 08:09:16 GMT'), (b'Location', b'/api/resolve-cache/models/sentence-transformers/paraphrase-multilingual-MiniLM-L12-v2/e8f8c211226b894fcb81acc59f3b34ba3efd5f42/config.json?%2Fsentence-transformers%2Fparaphrase-multilingual-MiniLM-L12-v2%2Fresolve%2Fmain%2Fconfig.json=&etag=%22c06d5b49495f044e6380e68a60538be17a6bd5d1%22'), (b'X-Powered-By', b'huggingface-moon'), (b'X-Request-Id', b'Root=1-6a15552c-1c3565f44adeaf2e1aedad9d;452862ee-7984-433b-9707-d3968e5372da'), (b'RateLimit', b'"resolvers";r=4983;t=99'), (b'RateLimit-Policy', b'"fixed window";"resolvers";q=5000;w=300'), (b'cross-origin-opener-policy', b'same-origin'), (b'Referrer-Policy', b'strict-origin-when-cross-origin'), (b'Access-Control-Max-Age', b'86400'), (b'Access-Control-Allow-Origin', b'https://huggingface.co'), (b'Vary', b'Origin, Accept'), (b'Access-Control-Expose-Headers', b'X-Repo-Commit,X-Request-Id,X-Error-Code,X-Error-Message,X-Total-Count,ETag,Link,Accept-Ranges,Content-Range,X-Linked-Size,X-Linked-ETag,X-Xet-Hash'), (b'X-Repo-Commit', b'e8f8c211226b894fcb81acc59f3b34ba3efd5f42'), (b'Accept-Ranges', b'bytes'), (b'X-Hub-Cache', b'HIT'), (b'Content-Disposition', b'inline; filename*=UTF-8\'\'config.json; filename="config.json";'), (b'Content-Security-Policy', b"default-src 'none'; sandbox"), (b'X-Linked-ETag', b'"c06d5b49495f044e6380e68a60538be17a6bd5d1"'), (b'X-Cache', b'Miss from cloudfront'), (b'Via', b'1.1 ab6a84dec80a9cf174a125243a0b7be2.cloudfront.net (CloudFront)'), (b'X-Amz-Cf-Pop', b'HEL51-P2'), (b'X-Amz-Cf-Id', b'9rn2h0vD7oOhN48ogDB795WK3higfVzbKeVxGkmIYRDw_B-agp4VKQ==')])
2026-05-26 11:09:16,204 | INFO     | httpx                | HTTP Request: HEAD https://huggingface.co/sentence-transformers/paraphrase-multilingual-MiniLM-L12-v2/resolve/main/config.json "HTTP/1.1 307 Temporary Redirect"
2026-05-26 11:09:16,204 | DEBUG    | httpcore.http11      | receive_response_body.started request=<Request [b'HEAD']>
2026-05-26 11:09:16,205 | DEBUG    | httpcore.http11      | receive_response_body.complete
2026-05-26 11:09:16,205 | DEBUG    | httpcore.http11      | response_closed.started
2026-05-26 11:09:16,205 | DEBUG    | httpcore.http11      | response_closed.complete
2026-05-26 11:09:16,205 | DEBUG    | httpcore.http11      | send_request_headers.started request=<Request [b'HEAD']>
2026-05-26 11:09:16,206 | DEBUG    | httpcore.http11      | send_request_headers.complete
2026-05-26 11:09:16,206 | DEBUG    | httpcore.http11      | send_request_body.started request=<Request [b'HEAD']>
2026-05-26 11:09:16,206 | DEBUG    | httpcore.http11      | send_request_body.complete
2026-05-26 11:09:16,206 | DEBUG    | httpcore.http11      | receive_response_headers.started request=<Request [b'HEAD']>
2026-05-26 11:09:16,235 | DEBUG    | httpcore.http11      | receive_response_headers.complete return_value=(b'HTTP/1.1', 200, b'OK', [(b'Content-Type', b'text/plain; charset=utf-8'), (b'Content-Length', b'645'), (b'Connection', b'keep-alive'), (b'Date', b'Sat, 23 May 2026 16:52:55 GMT'), (b'ETag', b'"c06d5b49495f044e6380e68a60538be17a6bd5d1"'), (b'X-Powered-By', b'huggingface-moon'), (b'X-Request-Id', b'Root=1-6a11db67-2ad77e595d0c35132f3135d5;4da4a2fd-bd36-4550-ac7d-380303f2f2bc'), (b'RateLimit', b'"resolvers";r=4983;t=180'), (b'RateLimit-Policy', b'"fixed window";"resolvers";q=5000;w=300'), (b'cross-origin-opener-policy', b'same-origin'), (b'Referrer-Policy', b'strict-origin-when-cross-origin'), (b'Access-Control-Max-Age', b'86400'), (b'Access-Control-Allow-Origin', b'https://huggingface.co'), (b'Access-Control-Expose-Headers', b'X-Repo-Commit,X-Request-Id,X-Error-Code,X-Error-Message,X-Total-Count,ETag,Link,Accept-Ranges,Content-Range,X-Linked-Size,X-Linked-ETag,X-Xet-Hash'), (b'X-Repo-Commit', b'e8f8c211226b894fcb81acc59f3b34ba3efd5f42'), (b'Accept-Ranges', b'bytes'), (b'X-Hub-Cache', b'MISS'), (b'Content-Disposition', b'inline; filename*=UTF-8\'\'config.json; filename="config.json";'), (b'Content-Security-Policy', b"default-src 'none'; sandbox"), (b'Vary', b'Origin'), (b'X-Cache', b'Hit from cloudfront'), (b'Via', b'1.1 ab6a84dec80a9cf174a125243a0b7be2.cloudfront.net (CloudFront)'), (b'X-Amz-Cf-Pop', b'HEL51-P2'), (b'X-Amz-Cf-Id', b'F_q690IrCsl_4qBPI6LIqhekfY3zmbGlbjJb1iqwl726gHeH-_wBPw=='), (b'Age', b'227781')])
2026-05-26 11:09:16,236 | INFO     | httpx                | HTTP Request: HEAD https://huggingface.co/api/resolve-cache/models/sentence-transformers/paraphrase-multilingual-MiniLM-L12-v2/e8f8c211226b894fcb81acc59f3b34ba3efd5f42/config.json "HTTP/1.1 200 OK"
2026-05-26 11:09:16,236 | DEBUG    | httpcore.http11      | receive_response_body.started request=<Request [b'HEAD']>
2026-05-26 11:09:16,236 | DEBUG    | httpcore.http11      | receive_response_body.complete
2026-05-26 11:09:16,237 | DEBUG    | httpcore.http11      | response_closed.started
2026-05-26 11:09:16,237 | DEBUG    | httpcore.http11      | response_closed.complete
2026-05-26 11:09:16,250 | DEBUG    | httpcore.http11      | send_request_headers.started request=<Request [b'HEAD']>
2026-05-26 11:09:16,250 | DEBUG    | httpcore.http11      | send_request_headers.complete
2026-05-26 11:09:16,250 | DEBUG    | httpcore.http11      | send_request_body.started request=<Request [b'HEAD']>
2026-05-26 11:09:16,251 | DEBUG    | httpcore.http11      | send_request_body.complete
2026-05-26 11:09:16,251 | DEBUG    | httpcore.http11      | receive_response_headers.started request=<Request [b'HEAD']>
2026-05-26 11:09:16,406 | DEBUG    | httpcore.http11      | receive_response_headers.complete return_value=(b'HTTP/1.1', 307, b'Temporary Redirect', [(b'Content-Type', b'text/plain; charset=utf-8'), (b'Content-Length', b'322'), (b'Connection', b'keep-alive'), (b'Date', b'Tue, 26 May 2026 08:09:16 GMT'), (b'Location', b'/api/resolve-cache/models/sentence-transformers/paraphrase-multilingual-MiniLM-L12-v2/e8f8c211226b894fcb81acc59f3b34ba3efd5f42/config.json?%2Fsentence-transformers%2Fparaphrase-multilingual-MiniLM-L12-v2%2Fresolve%2Fmain%2Fconfig.json=&etag=%22c06d5b49495f044e6380e68a60538be17a6bd5d1%22'), (b'X-Powered-By', b'huggingface-moon'), (b'X-Request-Id', b'Root=1-6a15552c-6bbb0e7a748d537d3ad3179e;52adf55a-a4ec-46e2-8d10-20da68b53179'), (b'RateLimit', b'"resolvers";r=4982;t=99'), (b'RateLimit-Policy', b'"fixed window";"resolvers";q=5000;w=300'), (b'cross-origin-opener-policy', b'same-origin'), (b'Referrer-Policy', b'strict-origin-when-cross-origin'), (b'Access-Control-Max-Age', b'86400'), (b'Access-Control-Allow-Origin', b'https://huggingface.co'), (b'Vary', b'Origin, Accept'), (b'Access-Control-Expose-Headers', b'X-Repo-Commit,X-Request-Id,X-Error-Code,X-Error-Message,X-Total-Count,ETag,Link,Accept-Ranges,Content-Range,X-Linked-Size,X-Linked-ETag,X-Xet-Hash'), (b'X-Repo-Commit', b'e8f8c211226b894fcb81acc59f3b34ba3efd5f42'), (b'Accept-Ranges', b'bytes'), (b'X-Hub-Cache', b'HIT'), (b'Content-Disposition', b'inline; filename*=UTF-8\'\'config.json; filename="config.json";'), (b'Content-Security-Policy', b"default-src 'none'; sandbox"), (b'X-Linked-ETag', b'"c06d5b49495f044e6380e68a60538be17a6bd5d1"'), (b'X-Cache', b'Miss from cloudfront'), (b'Via', b'1.1 ab6a84dec80a9cf174a125243a0b7be2.cloudfront.net (CloudFront)'), (b'X-Amz-Cf-Pop', b'HEL51-P2'), (b'X-Amz-Cf-Id', b'qg7--QCrpB1jnmFhJ_jJ9-OO7foZhO-wpXA689ydyaKe81DaMfXMfw==')])
2026-05-26 11:09:16,407 | INFO     | httpx                | HTTP Request: HEAD https://huggingface.co/sentence-transformers/paraphrase-multilingual-MiniLM-L12-v2/resolve/main/config.json "HTTP/1.1 307 Temporary Redirect"
2026-05-26 11:09:16,407 | DEBUG    | httpcore.http11      | receive_response_body.started request=<Request [b'HEAD']>
2026-05-26 11:09:16,409 | DEBUG    | httpcore.http11      | receive_response_body.complete
2026-05-26 11:09:16,410 | DEBUG    | httpcore.http11      | response_closed.started
2026-05-26 11:09:16,410 | DEBUG    | httpcore.http11      | response_closed.complete
2026-05-26 11:09:16,413 | DEBUG    | httpcore.http11      | send_request_headers.started request=<Request [b'HEAD']>
2026-05-26 11:09:16,414 | DEBUG    | httpcore.http11      | send_request_headers.complete
2026-05-26 11:09:16,414 | DEBUG    | httpcore.http11      | send_request_body.started request=<Request [b'HEAD']>
2026-05-26 11:09:16,414 | DEBUG    | httpcore.http11      | send_request_body.complete
2026-05-26 11:09:16,414 | DEBUG    | httpcore.http11      | receive_response_headers.started request=<Request [b'HEAD']>
2026-05-26 11:09:16,443 | DEBUG    | httpcore.http11      | receive_response_headers.complete return_value=(b'HTTP/1.1', 200, b'OK', [(b'Content-Type', b'text/plain; charset=utf-8'), (b'Content-Length', b'645'), (b'Connection', b'keep-alive'), (b'Date', b'Sat, 23 May 2026 16:52:55 GMT'), (b'ETag', b'"c06d5b49495f044e6380e68a60538be17a6bd5d1"'), (b'X-Powered-By', b'huggingface-moon'), (b'X-Request-Id', b'Root=1-6a11db67-2ad77e595d0c35132f3135d5;4da4a2fd-bd36-4550-ac7d-380303f2f2bc'), (b'RateLimit', b'"resolvers";r=4983;t=180'), (b'RateLimit-Policy', b'"fixed window";"resolvers";q=5000;w=300'), (b'cross-origin-opener-policy', b'same-origin'), (b'Referrer-Policy', b'strict-origin-when-cross-origin'), (b'Access-Control-Max-Age', b'86400'), (b'Access-Control-Allow-Origin', b'https://huggingface.co'), (b'Access-Control-Expose-Headers', b'X-Repo-Commit,X-Request-Id,X-Error-Code,X-Error-Message,X-Total-Count,ETag,Link,Accept-Ranges,Content-Range,X-Linked-Size,X-Linked-ETag,X-Xet-Hash'), (b'X-Repo-Commit', b'e8f8c211226b894fcb81acc59f3b34ba3efd5f42'), (b'Accept-Ranges', b'bytes'), (b'X-Hub-Cache', b'MISS'), (b'Content-Disposition', b'inline; filename*=UTF-8\'\'config.json; filename="config.json";'), (b'Content-Security-Policy', b"default-src 'none'; sandbox"), (b'Vary', b'Origin'), (b'X-Cache', b'Hit from cloudfront'), (b'Via', b'1.1 ab6a84dec80a9cf174a125243a0b7be2.cloudfront.net (CloudFront)'), (b'X-Amz-Cf-Pop', b'HEL51-P2'), (b'X-Amz-Cf-Id', b'JAcGhEZtKAunBQR1GF77qFCFRvm2cHWMQBm-7htiIfTYc9fyvdyULQ=='), (b'Age', b'227781')])
2026-05-26 11:09:16,443 | INFO     | httpx                | HTTP Request: HEAD https://huggingface.co/api/resolve-cache/models/sentence-transformers/paraphrase-multilingual-MiniLM-L12-v2/e8f8c211226b894fcb81acc59f3b34ba3efd5f42/config.json "HTTP/1.1 200 OK"
2026-05-26 11:09:16,443 | DEBUG    | httpcore.http11      | receive_response_body.started request=<Request [b'HEAD']>
2026-05-26 11:09:16,443 | DEBUG    | httpcore.http11      | receive_response_body.complete
2026-05-26 11:09:16,444 | DEBUG    | httpcore.http11      | response_closed.started
2026-05-26 11:09:16,444 | DEBUG    | httpcore.http11      | response_closed.complete
2026-05-26 11:09:16,454 | DEBUG    | httpcore.http11      | send_request_headers.started request=<Request [b'HEAD']>
2026-05-26 11:09:16,454 | DEBUG    | httpcore.http11      | send_request_headers.complete
2026-05-26 11:09:16,455 | DEBUG    | httpcore.http11      | send_request_body.started request=<Request [b'HEAD']>
2026-05-26 11:09:16,455 | DEBUG    | httpcore.http11      | send_request_body.complete
2026-05-26 11:09:16,455 | DEBUG    | httpcore.http11      | receive_response_headers.started request=<Request [b'HEAD']>
2026-05-26 11:09:16,609 | DEBUG    | httpcore.http11      | receive_response_headers.complete return_value=(b'HTTP/1.1', 307, b'Temporary Redirect', [(b'Content-Type', b'text/plain; charset=utf-8'), (b'Content-Length', b'342'), (b'Connection', b'keep-alive'), (b'Date', b'Tue, 26 May 2026 08:09:16 GMT'), (b'Location', b'/api/resolve-cache/models/sentence-transformers/paraphrase-multilingual-MiniLM-L12-v2/e8f8c211226b894fcb81acc59f3b34ba3efd5f42/tokenizer_config.json?%2Fsentence-transformers%2Fparaphrase-multilingual-MiniLM-L12-v2%2Fresolve%2Fmain%2Ftokenizer_config.json=&etag=%223c1b565ae10a15a1d0c31096f834af2fd9359e91%22'), (b'X-Powered-By', b'huggingface-moon'), (b'X-Request-Id', b'Root=1-6a15552c-4b672fed53983bcf3ad6cbe7;2ed04bd9-0c63-4e58-82c1-9c3aa69aeccf'), (b'RateLimit', b'"resolvers";r=4981;t=99'), (b'RateLimit-Policy', b'"fixed window";"resolvers";q=5000;w=300'), (b'cross-origin-opener-policy', b'same-origin'), (b'Referrer-Policy', b'strict-origin-when-cross-origin'), (b'Access-Control-Max-Age', b'86400'), (b'Access-Control-Allow-Origin', b'https://huggingface.co'), (b'Vary', b'Origin, Accept'), (b'Access-Control-Expose-Headers', b'X-Repo-Commit,X-Request-Id,X-Error-Code,X-Error-Message,X-Total-Count,ETag,Link,Accept-Ranges,Content-Range,X-Linked-Size,X-Linked-ETag,X-Xet-Hash'), (b'X-Repo-Commit', b'e8f8c211226b894fcb81acc59f3b34ba3efd5f42'), (b'Accept-Ranges', b'bytes'), (b'X-Hub-Cache', b'HIT'), (b'Content-Disposition', b'inline; filename*=UTF-8\'\'tokenizer_config.json; filename="tokenizer_config.json";'), (b'Content-Security-Policy', b"default-src 'none'; sandbox"), (b'X-Linked-ETag', b'"3c1b565ae10a15a1d0c31096f834af2fd9359e91"'), (b'X-Cache', b'Miss from cloudfront'), (b'Via', b'1.1 ab6a84dec80a9cf174a125243a0b7be2.cloudfront.net (CloudFront)'), (b'X-Amz-Cf-Pop', b'HEL51-P2'), (b'X-Amz-Cf-Id', b'gsnno_GPy2QdYjCUBVszJPsdRfxQgYKU46vaxiWDKpt91KS1PB9qNg==')])
2026-05-26 11:09:16,610 | INFO     | httpx                | HTTP Request: HEAD https://huggingface.co/sentence-transformers/paraphrase-multilingual-MiniLM-L12-v2/resolve/main/tokenizer_config.json "HTTP/1.1 307 Temporary Redirect"
2026-05-26 11:09:16,614 | DEBUG    | httpcore.http11      | receive_response_body.started request=<Request [b'HEAD']>
2026-05-26 11:09:16,614 | DEBUG    | httpcore.http11      | receive_response_body.complete
2026-05-26 11:09:16,615 | DEBUG    | httpcore.http11      | response_closed.started
2026-05-26 11:09:16,615 | DEBUG    | httpcore.http11      | response_closed.complete
2026-05-26 11:09:16,615 | DEBUG    | httpcore.http11      | send_request_headers.started request=<Request [b'HEAD']>
2026-05-26 11:09:16,616 | DEBUG    | httpcore.http11      | send_request_headers.complete
2026-05-26 11:09:16,616 | DEBUG    | httpcore.http11      | send_request_body.started request=<Request [b'HEAD']>
2026-05-26 11:09:16,616 | DEBUG    | httpcore.http11      | send_request_body.complete
2026-05-26 11:09:16,616 | DEBUG    | httpcore.http11      | receive_response_headers.started request=<Request [b'HEAD']>
2026-05-26 11:09:16,644 | DEBUG    | httpcore.http11      | receive_response_headers.complete return_value=(b'HTTP/1.1', 200, b'OK', [(b'Content-Type', b'text/plain; charset=utf-8'), (b'Content-Length', b'526'), (b'Connection', b'keep-alive'), (b'Date', b'Sat, 23 May 2026 16:53:14 GMT'), (b'ETag', b'"3c1b565ae10a15a1d0c31096f834af2fd9359e91"'), (b'X-Powered-By', b'huggingface-moon'), (b'X-Request-Id', b'Root=1-6a11db7a-70d238d00dffb7f31218b60e;ddd9f2d2-5b8d-43bc-91fe-8e21de0f4647'), (b'RateLimit', b'"resolvers";r=4975;t=161'), (b'RateLimit-Policy', b'"fixed window";"resolvers";q=5000;w=300'), (b'cross-origin-opener-policy', b'same-origin'), (b'Referrer-Policy', b'strict-origin-when-cross-origin'), (b'Access-Control-Max-Age', b'86400'), (b'Access-Control-Allow-Origin', b'https://huggingface.co'), (b'Access-Control-Expose-Headers', b'X-Repo-Commit,X-Request-Id,X-Error-Code,X-Error-Message,X-Total-Count,ETag,Link,Accept-Ranges,Content-Range,X-Linked-Size,X-Linked-ETag,X-Xet-Hash'), (b'X-Repo-Commit', b'e8f8c211226b894fcb81acc59f3b34ba3efd5f42'), (b'Accept-Ranges', b'bytes'), (b'X-Hub-Cache', b'MISS'), (b'Content-Disposition', b'inline; filename*=UTF-8\'\'tokenizer_config.json; filename="tokenizer_config.json";'), (b'Content-Security-Policy', b"default-src 'none'; sandbox"), (b'Vary', b'Origin'), (b'X-Cache', b'Hit from cloudfront'), (b'Via', b'1.1 ab6a84dec80a9cf174a125243a0b7be2.cloudfront.net (CloudFront)'), (b'X-Amz-Cf-Pop', b'HEL51-P2'), (b'X-Amz-Cf-Id', b'BCY7aP4YpcFQyxAi16m0cpxT0i-Rn3_Pm2Ug6cwZsBvCzj7PWoxdzw=='), (b'Age', b'227762')])
2026-05-26 11:09:16,645 | INFO     | httpx                | HTTP Request: HEAD https://huggingface.co/api/resolve-cache/models/sentence-transformers/paraphrase-multilingual-MiniLM-L12-v2/e8f8c211226b894fcb81acc59f3b34ba3efd5f42/tokenizer_config.json "HTTP/1.1 200 OK"
2026-05-26 11:09:16,645 | DEBUG    | httpcore.http11      | receive_response_body.started request=<Request [b'HEAD']>
2026-05-26 11:09:16,645 | DEBUG    | httpcore.http11      | receive_response_body.complete
2026-05-26 11:09:16,645 | DEBUG    | httpcore.http11      | response_closed.started
2026-05-26 11:09:16,645 | DEBUG    | httpcore.http11      | response_closed.complete
2026-05-26 11:09:16,660 | DEBUG    | httpcore.http11      | send_request_headers.started request=<Request [b'HEAD']>
2026-05-26 11:09:16,660 | DEBUG    | httpcore.http11      | send_request_headers.complete
2026-05-26 11:09:16,661 | DEBUG    | httpcore.http11      | send_request_body.started request=<Request [b'HEAD']>
2026-05-26 11:09:16,663 | DEBUG    | httpcore.http11      | send_request_body.complete
2026-05-26 11:09:16,663 | DEBUG    | httpcore.http11      | receive_response_headers.started request=<Request [b'HEAD']>
2026-05-26 11:09:16,819 | DEBUG    | httpcore.http11      | receive_response_headers.complete return_value=(b'HTTP/1.1', 307, b'Temporary Redirect', [(b'Content-Type', b'text/plain; charset=utf-8'), (b'Content-Length', b'342'), (b'Connection', b'keep-alive'), (b'Date', b'Tue, 26 May 2026 08:09:16 GMT'), (b'Location', b'/api/resolve-cache/models/sentence-transformers/paraphrase-multilingual-MiniLM-L12-v2/e8f8c211226b894fcb81acc59f3b34ba3efd5f42/tokenizer_config.json?%2Fsentence-transformers%2Fparaphrase-multilingual-MiniLM-L12-v2%2Fresolve%2Fmain%2Ftokenizer_config.json=&etag=%223c1b565ae10a15a1d0c31096f834af2fd9359e91%22'), (b'X-Powered-By', b'huggingface-moon'), (b'X-Request-Id', b'Root=1-6a15552c-5a6fc53a32a0b7a544f7cb98;ad1b2ab2-f5ae-426e-8705-71e5c8e97693'), (b'RateLimit', b'"resolvers";r=4980;t=99'), (b'RateLimit-Policy', b'"fixed window";"resolvers";q=5000;w=300'), (b'cross-origin-opener-policy', b'same-origin'), (b'Referrer-Policy', b'strict-origin-when-cross-origin'), (b'Access-Control-Max-Age', b'86400'), (b'Access-Control-Allow-Origin', b'https://huggingface.co'), (b'Vary', b'Origin, Accept'), (b'Access-Control-Expose-Headers', b'X-Repo-Commit,X-Request-Id,X-Error-Code,X-Error-Message,X-Total-Count,ETag,Link,Accept-Ranges,Content-Range,X-Linked-Size,X-Linked-ETag,X-Xet-Hash'), (b'X-Repo-Commit', b'e8f8c211226b894fcb81acc59f3b34ba3efd5f42'), (b'Accept-Ranges', b'bytes'), (b'X-Hub-Cache', b'HIT'), (b'Content-Disposition', b'inline; filename*=UTF-8\'\'tokenizer_config.json; filename="tokenizer_config.json";'), (b'Content-Security-Policy', b"default-src 'none'; sandbox"), (b'X-Linked-ETag', b'"3c1b565ae10a15a1d0c31096f834af2fd9359e91"'), (b'X-Cache', b'Miss from cloudfront'), (b'Via', b'1.1 ab6a84dec80a9cf174a125243a0b7be2.cloudfront.net (CloudFront)'), (b'X-Amz-Cf-Pop', b'HEL51-P2'), (b'X-Amz-Cf-Id', b'XPwtyCf_zluZwiTQBOEOJMxc7MpJSARIfdjGDkiutSZheB9wUslG6g==')])
2026-05-26 11:09:16,820 | INFO     | httpx                | HTTP Request: HEAD https://huggingface.co/sentence-transformers/paraphrase-multilingual-MiniLM-L12-v2/resolve/main/tokenizer_config.json "HTTP/1.1 307 Temporary Redirect"
2026-05-26 11:09:16,823 | DEBUG    | httpcore.http11      | receive_response_body.started request=<Request [b'HEAD']>
2026-05-26 11:09:16,823 | DEBUG    | httpcore.http11      | receive_response_body.complete
2026-05-26 11:09:16,823 | DEBUG    | httpcore.http11      | response_closed.started
2026-05-26 11:09:16,823 | DEBUG    | httpcore.http11      | response_closed.complete
2026-05-26 11:09:16,824 | DEBUG    | httpcore.http11      | send_request_headers.started request=<Request [b'HEAD']>
2026-05-26 11:09:16,824 | DEBUG    | httpcore.http11      | send_request_headers.complete
2026-05-26 11:09:16,824 | DEBUG    | httpcore.http11      | send_request_body.started request=<Request [b'HEAD']>
2026-05-26 11:09:16,824 | DEBUG    | httpcore.http11      | send_request_body.complete
2026-05-26 11:09:16,824 | DEBUG    | httpcore.http11      | receive_response_headers.started request=<Request [b'HEAD']>
2026-05-26 11:09:16,853 | DEBUG    | httpcore.http11      | receive_response_headers.complete return_value=(b'HTTP/1.1', 200, b'OK', [(b'Content-Type', b'text/plain; charset=utf-8'), (b'Content-Length', b'526'), (b'Connection', b'keep-alive'), (b'Date', b'Sat, 23 May 2026 16:53:14 GMT'), (b'ETag', b'"3c1b565ae10a15a1d0c31096f834af2fd9359e91"'), (b'X-Powered-By', b'huggingface-moon'), (b'X-Request-Id', b'Root=1-6a11db7a-70d238d00dffb7f31218b60e;ddd9f2d2-5b8d-43bc-91fe-8e21de0f4647'), (b'RateLimit', b'"resolvers";r=4975;t=161'), (b'RateLimit-Policy', b'"fixed window";"resolvers";q=5000;w=300'), (b'cross-origin-opener-policy', b'same-origin'), (b'Referrer-Policy', b'strict-origin-when-cross-origin'), (b'Access-Control-Max-Age', b'86400'), (b'Access-Control-Allow-Origin', b'https://huggingface.co'), (b'Access-Control-Expose-Headers', b'X-Repo-Commit,X-Request-Id,X-Error-Code,X-Error-Message,X-Total-Count,ETag,Link,Accept-Ranges,Content-Range,X-Linked-Size,X-Linked-ETag,X-Xet-Hash'), (b'X-Repo-Commit', b'e8f8c211226b894fcb81acc59f3b34ba3efd5f42'), (b'Accept-Ranges', b'bytes'), (b'X-Hub-Cache', b'MISS'), (b'Content-Disposition', b'inline; filename*=UTF-8\'\'tokenizer_config.json; filename="tokenizer_config.json";'), (b'Content-Security-Policy', b"default-src 'none'; sandbox"), (b'Vary', b'Origin'), (b'X-Cache', b'Hit from cloudfront'), (b'Via', b'1.1 ab6a84dec80a9cf174a125243a0b7be2.cloudfront.net (CloudFront)'), (b'X-Amz-Cf-Pop', b'HEL51-P2'), (b'X-Amz-Cf-Id', b'lJoR3vE8i81-ZCooPTA3pfJO0DskOCeAigTmcEunFrXiuB0kcGDfaA=='), (b'Age', b'227762')])
2026-05-26 11:09:16,854 | INFO     | httpx                | HTTP Request: HEAD https://huggingface.co/api/resolve-cache/models/sentence-transformers/paraphrase-multilingual-MiniLM-L12-v2/e8f8c211226b894fcb81acc59f3b34ba3efd5f42/tokenizer_config.json "HTTP/1.1 200 OK"
2026-05-26 11:09:16,854 | DEBUG    | httpcore.http11      | receive_response_body.started request=<Request [b'HEAD']>
2026-05-26 11:09:16,854 | DEBUG    | httpcore.http11      | receive_response_body.complete
2026-05-26 11:09:16,854 | DEBUG    | httpcore.http11      | response_closed.started
2026-05-26 11:09:16,854 | DEBUG    | httpcore.http11      | response_closed.complete
2026-05-26 11:09:16,864 | DEBUG    | httpcore.http11      | send_request_headers.started request=<Request [b'GET']>
2026-05-26 11:09:16,864 | DEBUG    | httpcore.http11      | send_request_headers.complete
2026-05-26 11:09:16,864 | DEBUG    | httpcore.http11      | send_request_body.started request=<Request [b'GET']>
2026-05-26 11:09:16,864 | DEBUG    | httpcore.http11      | send_request_body.complete
2026-05-26 11:09:16,865 | DEBUG    | httpcore.http11      | receive_response_headers.started request=<Request [b'GET']>
2026-05-26 11:09:17,028 | DEBUG    | httpcore.http11      | receive_response_headers.complete return_value=(b'HTTP/1.1', 404, b'Not Found', [(b'Content-Type', b'application/json; charset=utf-8'), (b'Content-Length', b'64'), (b'Connection', b'keep-alive'), (b'Date', b'Tue, 26 May 2026 08:09:16 GMT'), (b'ETag', b'W/"40-09f9IAqP13xarAhQxFS2W8rvRkM"'), (b'X-Powered-By', b'huggingface-moon'), (b'X-Request-Id', b'Root=1-6a15552c-6613ee0e60b238611c1eecc9;6ffa8179-b457-4247-aedd-7dd695b698bb'), (b'RateLimit', b'"api";r=997;t=99'), (b'RateLimit-Policy', b'"fixed window";"api";q=1000;w=300'), (b'cross-origin-opener-policy', b'same-origin'), (b'Referrer-Policy', b'strict-origin-when-cross-origin'), (b'Access-Control-Max-Age', b'86400'), (b'Access-Control-Allow-Origin', b'https://huggingface.co'), (b'Vary', b'Origin'), (b'Access-Control-Expose-Headers', b'X-Repo-Commit,X-Request-Id,X-Error-Code,X-Error-Message,X-Total-Count,ETag,Link,Accept-Ranges,Content-Range,X-Linked-Size,X-Linked-ETag,X-Xet-Hash'), (b'X-Error-Code', b'EntryNotFound'), (b'X-Error-Message', b'additional_chat_templates does not exist on "main"'), (b'X-Cache', b'Error from cloudfront'), (b'Via', b'1.1 ab6a84dec80a9cf174a125243a0b7be2.cloudfront.net (CloudFront)'), (b'X-Amz-Cf-Pop', b'HEL51-P2'), (b'X-Amz-Cf-Id', b'5o517Lm14ZcnDXOYfB-S_O1D_HocNOeuclCLXJ7kbJSwsSnz38a2Hg==')])
2026-05-26 11:09:17,030 | INFO     | httpx                | HTTP Request: GET https://huggingface.co/api/models/sentence-transformers/paraphrase-multilingual-MiniLM-L12-v2/tree/main/additional_chat_templates?recursive=false&expand=false "HTTP/1.1 404 Not Found"
2026-05-26 11:09:17,030 | DEBUG    | httpcore.http11      | receive_response_body.started request=<Request [b'GET']>
2026-05-26 11:09:17,030 | DEBUG    | httpcore.http11      | receive_response_body.complete
2026-05-26 11:09:17,031 | DEBUG    | httpcore.http11      | response_closed.started
2026-05-26 11:09:17,031 | DEBUG    | httpcore.http11      | response_closed.complete
2026-05-26 11:09:17,033 | DEBUG    | httpcore.http11      | send_request_headers.started request=<Request [b'GET']>
2026-05-26 11:09:17,034 | DEBUG    | httpcore.http11      | send_request_headers.complete
2026-05-26 11:09:17,034 | DEBUG    | httpcore.http11      | send_request_body.started request=<Request [b'GET']>
2026-05-26 11:09:17,034 | DEBUG    | httpcore.http11      | send_request_body.complete
2026-05-26 11:09:17,034 | DEBUG    | httpcore.http11      | receive_response_headers.started request=<Request [b'GET']>
2026-05-26 11:09:17,194 | DEBUG    | httpcore.http11      | receive_response_headers.complete return_value=(b'HTTP/1.1', 200, b'OK', [(b'Content-Type', b'application/json; charset=utf-8'), (b'Transfer-Encoding', b'chunked'), (b'Connection', b'keep-alive'), (b'Date', b'Tue, 26 May 2026 08:09:17 GMT'), (b'content-encoding', b'gzip'), (b'ETag', b'W/"1a1a-eIPFSpQ81fGmZGh9OTetGAVBiHY"'), (b'X-Powered-By', b'huggingface-moon'), (b'X-Request-Id', b'Root=1-6a15552d-75f39c401d1d066c355b2a56;afb991a2-1ce6-43c7-bea1-466a2feabeea'), (b'RateLimit', b'"api";r=996;t=98'), (b'RateLimit-Policy', b'"fixed window";"api";q=1000;w=300'), (b'cross-origin-opener-policy', b'same-origin'), (b'Referrer-Policy', b'strict-origin-when-cross-origin'), (b'Access-Control-Max-Age', b'86400'), (b'Access-Control-Allow-Origin', b'https://huggingface.co'), (b'Vary', b'Origin'), (b'vary', b'Accept-Encoding'), (b'Access-Control-Expose-Headers', b'X-Repo-Commit,X-Request-Id,X-Error-Code,X-Error-Message,X-Total-Count,ETag,Link,Accept-Ranges,Content-Range,X-Linked-Size,X-Linked-ETag,X-Xet-Hash'), (b'X-Cache', b'Miss from cloudfront'), (b'Via', b'1.1 ab6a84dec80a9cf174a125243a0b7be2.cloudfront.net (CloudFront)'), (b'X-Amz-Cf-Pop', b'HEL51-P2'), (b'X-Amz-Cf-Id', b'rnNs7i-RFh_ggTzY3AytTO0JSueJnSSWFi4SOAzYTPvrmmoJ_o2NFA==')])
2026-05-26 11:09:17,196 | INFO     | httpx                | HTTP Request: GET https://huggingface.co/api/models/sentence-transformers/paraphrase-multilingual-MiniLM-L12-v2/tree/main?recursive=true&expand=false "HTTP/1.1 200 OK"
2026-05-26 11:09:17,197 | DEBUG    | httpcore.http11      | receive_response_body.started request=<Request [b'GET']>
2026-05-26 11:09:17,198 | DEBUG    | httpcore.http11      | receive_response_body.complete
2026-05-26 11:09:17,198 | DEBUG    | httpcore.http11      | response_closed.started
2026-05-26 11:09:17,198 | DEBUG    | httpcore.http11      | response_closed.complete
2026-05-26 11:09:19,777 | DEBUG    | httpcore.http11      | send_request_headers.started request=<Request [b'GET']>
2026-05-26 11:09:19,777 | DEBUG    | httpcore.http11      | send_request_headers.complete
2026-05-26 11:09:19,778 | DEBUG    | httpcore.http11      | send_request_body.started request=<Request [b'GET']>
2026-05-26 11:09:19,778 | DEBUG    | httpcore.http11      | send_request_body.complete
2026-05-26 11:09:19,778 | DEBUG    | httpcore.http11      | receive_response_headers.started request=<Request [b'GET']>
2026-05-26 11:09:19,937 | DEBUG    | httpcore.http11      | receive_response_headers.complete return_value=(b'HTTP/1.1', 200, b'OK', [(b'Content-Type', b'application/json; charset=utf-8'), (b'Transfer-Encoding', b'chunked'), (b'Connection', b'keep-alive'), (b'Date', b'Tue, 26 May 2026 08:09:19 GMT'), (b'content-encoding', b'gzip'), (b'ETag', b'W/"182f-KX63Bxw4WryYV4J+OnY7oKbdk6s"'), (b'X-Powered-By', b'huggingface-moon'), (b'X-Request-Id', b'Root=1-6a15552f-01a2221c3f20d18c5c40f128;e5467148-3799-481e-ba83-21f7aea16fca'), (b'RateLimit', b'"api";r=995;t=96'), (b'RateLimit-Policy', b'"fixed window";"api";q=1000;w=300'), (b'cross-origin-opener-policy', b'same-origin'), (b'Referrer-Policy', b'strict-origin-when-cross-origin'), (b'Access-Control-Max-Age', b'86400'), (b'Access-Control-Allow-Origin', b'https://huggingface.co'), (b'Vary', b'Origin'), (b'vary', b'Accept-Encoding'), (b'Access-Control-Expose-Headers', b'X-Repo-Commit,X-Request-Id,X-Error-Code,X-Error-Message,X-Total-Count,ETag,Link,Accept-Ranges,Content-Range,X-Linked-Size,X-Linked-ETag,X-Xet-Hash'), (b'X-Cache', b'Miss from cloudfront'), (b'Via', b'1.1 ab6a84dec80a9cf174a125243a0b7be2.cloudfront.net (CloudFront)'), (b'X-Amz-Cf-Pop', b'HEL51-P2'), (b'X-Amz-Cf-Id', b'77Bchv44rLm-6CRG0X-hAdgFk-rrQ06e35M8MVlnznEz9rPjK5L6Fw==')])
2026-05-26 11:09:19,939 | INFO     | httpx                | HTTP Request: GET https://huggingface.co/api/models/sentence-transformers/paraphrase-multilingual-MiniLM-L12-v2 "HTTP/1.1 200 OK"
2026-05-26 11:09:19,940 | DEBUG    | httpcore.http11      | receive_response_body.started request=<Request [b'GET']>
2026-05-26 11:09:19,941 | DEBUG    | httpcore.http11      | receive_response_body.complete
2026-05-26 11:09:19,941 | DEBUG    | httpcore.http11      | response_closed.started
2026-05-26 11:09:19,941 | DEBUG    | httpcore.http11      | response_closed.complete
2026-05-26 11:09:20,208 | DEBUG    | sentence_transformers.base.modules.transformer | Active modality config: {'text': {'method': 'forward', 'method_output_name': 'last_hidden_state'}}
2026-05-26 11:09:20,211 | DEBUG    | httpcore.http11      | send_request_headers.started request=<Request [b'HEAD']>
2026-05-26 11:09:20,214 | DEBUG    | httpcore.http11      | send_request_headers.complete
2026-05-26 11:09:20,215 | DEBUG    | httpcore.http11      | send_request_body.started request=<Request [b'HEAD']>
2026-05-26 11:09:20,215 | DEBUG    | httpcore.http11      | send_request_body.complete
2026-05-26 11:09:20,215 | DEBUG    | httpcore.http11      | receive_response_headers.started request=<Request [b'HEAD']>
2026-05-26 11:09:20,374 | DEBUG    | httpcore.http11      | receive_response_headers.complete return_value=(b'HTTP/1.1', 307, b'Temporary Redirect', [(b'Content-Type', b'text/plain; charset=utf-8'), (b'Content-Length', b'346'), (b'Connection', b'keep-alive'), (b'Date', b'Tue, 26 May 2026 08:09:20 GMT'), (b'Location', b'/api/resolve-cache/models/sentence-transformers/paraphrase-multilingual-MiniLM-L12-v2/e8f8c211226b894fcb81acc59f3b34ba3efd5f42/1_Pooling%2Fconfig.json?%2Fsentence-transformers%2Fparaphrase-multilingual-MiniLM-L12-v2%2Fresolve%2Fmain%2F1_Pooling%2Fconfig.json=&etag=%22d1514c3162bbe87b343f565fadc62e6c06f04f03%22'), (b'X-Powered-By', b'huggingface-moon'), (b'X-Request-Id', b'Root=1-6a155530-4c9fb2be64b149a23e117ab1;142fc563-0eb7-4f30-bab4-0ffd0d01e57e'), (b'RateLimit', b'"resolvers";r=4979;t=95'), (b'RateLimit-Policy', b'"fixed window";"resolvers";q=5000;w=300'), (b'cross-origin-opener-policy', b'same-origin'), (b'Referrer-Policy', b'strict-origin-when-cross-origin'), (b'Access-Control-Max-Age', b'86400'), (b'Access-Control-Allow-Origin', b'https://huggingface.co'), (b'Vary', b'Origin, Accept'), (b'Access-Control-Expose-Headers', b'X-Repo-Commit,X-Request-Id,X-Error-Code,X-Error-Message,X-Total-Count,ETag,Link,Accept-Ranges,Content-Range,X-Linked-Size,X-Linked-ETag,X-Xet-Hash'), (b'X-Repo-Commit', b'e8f8c211226b894fcb81acc59f3b34ba3efd5f42'), (b'Accept-Ranges', b'bytes'), (b'X-Hub-Cache', b'HIT'), (b'Content-Disposition', b'inline; filename*=UTF-8\'\'config.json; filename="config.json";'), (b'Content-Security-Policy', b"default-src 'none'; sandbox"), (b'X-Linked-ETag', b'"d1514c3162bbe87b343f565fadc62e6c06f04f03"'), (b'X-Cache', b'Miss from cloudfront'), (b'Via', b'1.1 ab6a84dec80a9cf174a125243a0b7be2.cloudfront.net (CloudFront)'), (b'X-Amz-Cf-Pop', b'HEL51-P2'), (b'X-Amz-Cf-Id', b'1O6GiAddnhTK-4XM9OJQBhxpwrUZWcXpMdUG0CbUZssmc2Ic1gmilg==')])
2026-05-26 11:09:20,376 | INFO     | httpx                | HTTP Request: HEAD https://huggingface.co/sentence-transformers/paraphrase-multilingual-MiniLM-L12-v2/resolve/main/1_Pooling/config.json "HTTP/1.1 307 Temporary Redirect"
2026-05-26 11:09:20,376 | DEBUG    | httpcore.http11      | receive_response_body.started request=<Request [b'HEAD']>
2026-05-26 11:09:20,376 | DEBUG    | httpcore.http11      | receive_response_body.complete
2026-05-26 11:09:20,377 | DEBUG    | httpcore.http11      | response_closed.started
2026-05-26 11:09:20,377 | DEBUG    | httpcore.http11      | response_closed.complete
2026-05-26 11:09:20,377 | DEBUG    | httpcore.http11      | send_request_headers.started request=<Request [b'HEAD']>
2026-05-26 11:09:20,379 | DEBUG    | httpcore.http11      | send_request_headers.complete
2026-05-26 11:09:20,379 | DEBUG    | httpcore.http11      | send_request_body.started request=<Request [b'HEAD']>
2026-05-26 11:09:20,380 | DEBUG    | httpcore.http11      | send_request_body.complete
2026-05-26 11:09:20,380 | DEBUG    | httpcore.http11      | receive_response_headers.started request=<Request [b'HEAD']>
2026-05-26 11:09:20,408 | DEBUG    | httpcore.http11      | receive_response_headers.complete return_value=(b'HTTP/1.1', 200, b'OK', [(b'Content-Type', b'text/plain; charset=utf-8'), (b'Content-Length', b'190'), (b'Connection', b'keep-alive'), (b'Date', b'Sat, 23 May 2026 16:53:20 GMT'), (b'ETag', b'"d1514c3162bbe87b343f565fadc62e6c06f04f03"'), (b'X-Powered-By', b'huggingface-moon'), (b'X-Request-Id', b'Root=1-6a11db80-47101ded522f1e9f41804de6;bb4c22d3-d12e-4dff-9a48-b8da9b2cd5e7'), (b'RateLimit', b'"resolvers";r=4961;t=155'), (b'RateLimit-Policy', b'"fixed window";"resolvers";q=5000;w=300'), (b'cross-origin-opener-policy', b'same-origin'), (b'Referrer-Policy', b'strict-origin-when-cross-origin'), (b'Access-Control-Max-Age', b'86400'), (b'Access-Control-Allow-Origin', b'https://huggingface.co'), (b'Access-Control-Expose-Headers', b'X-Repo-Commit,X-Request-Id,X-Error-Code,X-Error-Message,X-Total-Count,ETag,Link,Accept-Ranges,Content-Range,X-Linked-Size,X-Linked-ETag,X-Xet-Hash'), (b'X-Repo-Commit', b'e8f8c211226b894fcb81acc59f3b34ba3efd5f42'), (b'Accept-Ranges', b'bytes'), (b'X-Hub-Cache', b'MISS'), (b'Content-Disposition', b'inline; filename*=UTF-8\'\'config.json; filename="config.json";'), (b'Content-Security-Policy', b"default-src 'none'; sandbox"), (b'Vary', b'Origin'), (b'X-Cache', b'Hit from cloudfront'), (b'Via', b'1.1 ab6a84dec80a9cf174a125243a0b7be2.cloudfront.net (CloudFront)'), (b'X-Amz-Cf-Pop', b'HEL51-P2'), (b'X-Amz-Cf-Id', b'aoyJ28B_Xa6JpuJ549O4fWXBtZ33jJY_zVjxxymHrVf2q1qIdYKNgw=='), (b'Age', b'227760')])
2026-05-26 11:09:20,408 | INFO     | httpx                | HTTP Request: HEAD https://huggingface.co/api/resolve-cache/models/sentence-transformers/paraphrase-multilingual-MiniLM-L12-v2/e8f8c211226b894fcb81acc59f3b34ba3efd5f42/1_Pooling%2Fconfig.json "HTTP/1.1 200 OK"
2026-05-26 11:09:20,410 | DEBUG    | httpcore.http11      | receive_response_body.started request=<Request [b'HEAD']>
2026-05-26 11:09:20,410 | DEBUG    | httpcore.http11      | receive_response_body.complete
2026-05-26 11:09:20,411 | DEBUG    | httpcore.http11      | response_closed.started
2026-05-26 11:09:20,411 | DEBUG    | httpcore.http11      | response_closed.complete
2026-05-26 11:09:20,421 | DEBUG    | httpcore.http11      | send_request_headers.started request=<Request [b'GET']>
2026-05-26 11:09:20,423 | DEBUG    | httpcore.http11      | send_request_headers.complete
2026-05-26 11:09:20,423 | DEBUG    | httpcore.http11      | send_request_body.started request=<Request [b'GET']>
2026-05-26 11:09:20,424 | DEBUG    | httpcore.http11      | send_request_body.complete
2026-05-26 11:09:20,424 | DEBUG    | httpcore.http11      | receive_response_headers.started request=<Request [b'GET']>
2026-05-26 11:09:20,605 | DEBUG    | httpcore.http11      | receive_response_headers.complete return_value=(b'HTTP/1.1', 200, b'OK', [(b'Content-Type', b'application/json; charset=utf-8'), (b'Transfer-Encoding', b'chunked'), (b'Connection', b'keep-alive'), (b'Date', b'Tue, 26 May 2026 08:09:20 GMT'), (b'content-encoding', b'gzip'), (b'ETag', b'W/"182f-KX63Bxw4WryYV4J+OnY7oKbdk6s"'), (b'X-Powered-By', b'huggingface-moon'), (b'X-Request-Id', b'Root=1-6a155530-22c712105c90da0e71ebf669;2d37f62e-8cb6-4388-aaa2-c5c86dead70c'), (b'RateLimit', b'"api";r=994;t=95'), (b'RateLimit-Policy', b'"fixed window";"api";q=1000;w=300'), (b'cross-origin-opener-policy', b'same-origin'), (b'Referrer-Policy', b'strict-origin-when-cross-origin'), (b'Access-Control-Max-Age', b'86400'), (b'Access-Control-Allow-Origin', b'https://huggingface.co'), (b'Vary', b'Origin'), (b'vary', b'Accept-Encoding'), (b'Access-Control-Expose-Headers', b'X-Repo-Commit,X-Request-Id,X-Error-Code,X-Error-Message,X-Total-Count,ETag,Link,Accept-Ranges,Content-Range,X-Linked-Size,X-Linked-ETag,X-Xet-Hash'), (b'X-Cache', b'Miss from cloudfront'), (b'Via', b'1.1 ab6a84dec80a9cf174a125243a0b7be2.cloudfront.net (CloudFront)'), (b'X-Amz-Cf-Pop', b'HEL51-P2'), (b'X-Amz-Cf-Id', b'2avJ0mP9sjUJFHola0xs7csxn-rAgjPlbFZc6gju-_asjiyFdsDUtA==')])
2026-05-26 11:09:20,606 | INFO     | httpx                | HTTP Request: GET https://huggingface.co/api/models/sentence-transformers/paraphrase-multilingual-MiniLM-L12-v2 "HTTP/1.1 200 OK"
2026-05-26 11:09:20,607 | DEBUG    | httpcore.http11      | receive_response_body.started request=<Request [b'GET']>
2026-05-26 11:09:20,608 | DEBUG    | httpcore.http11      | receive_response_body.complete
2026-05-26 11:09:20,608 | DEBUG    | httpcore.http11      | response_closed.started
2026-05-26 11:09:20,608 | DEBUG    | httpcore.http11      | response_closed.complete
2026-05-26 11:09:20,614 | INFO     | modules.filter.stt_filter.should_shut_up.should_shut_up_model | ✓ ShouldShutUpModel initialized successfully
2026-05-26 11:09:20,615 | DEBUG    | modules.filter.stt_filter.stt_filter | ✓ Models loaded
2026-05-26 11:09:20,615 | INFO     | modules.filter.stt_filter.stt_filter | ✓ SttFilter initialized successfully
2026-05-26 11:09:20,615 | DEBUG    | modules.filter.filter | ✓ STT filter loaded
2026-05-26 11:09:20,615 | DEBUG    | modules.filter.filter | CV filter: Not yet implemented
2026-05-26 11:09:20,615 | DEBUG    | modules.filter.filter | System filter: Not yet implemented
2026-05-26 11:09:20,615 | INFO     | modules.filter.filter | ✓ Filter module initialized successfully
2026-05-26 11:09:20,615 | DEBUG    | modules.filter.filter | Dialogue continuation mode: False
2026-05-26 11:09:20,615 | DEBUG    | main_module          | ✓ Filter module loaded
2026-05-26 11:09:20,615 | DEBUG    | main_module          | Initializing Dispatcher module...
2026-05-26 11:09:20,616 | INFO     | modules.dispatcher.dispatcher | Initializing Dispatcher module...
2026-05-26 11:09:20,616 | DEBUG    | modules.dispatcher.dispatcher | Loading NeedMath model...
2026-05-26 11:09:20,616 | INFO     | modules.dispatcher.need_math | NeedMath classifier initialized
2026-05-26 11:09:20,616 | DEBUG    | modules.dispatcher.need_math | NeedMath is ready to filter mathematical expressions
2026-05-26 11:09:20,616 | DEBUG    | modules.dispatcher.dispatcher | ✓ NeedMath model loaded
2026-05-26 11:09:20,616 | DEBUG    | modules.dispatcher.dispatcher | Loading NeedConsole model...
2026-05-26 11:09:20,617 | INFO     | modules.dispatcher.need_console | NeedConsole classifier initialized
2026-05-26 11:09:20,617 | DEBUG    | modules.dispatcher.need_console | NeedConsole is ready to filter console commands
2026-05-26 11:09:20,617 | DEBUG    | modules.dispatcher.dispatcher | ✓ NeedConsole model loaded
2026-05-26 11:09:20,617 | INFO     | modules.dispatcher.dispatcher | ✓ Dispatcher initialized successfully
2026-05-26 11:09:20,618 | DEBUG    | main_module          | ✓ Dispatcher module loaded
2026-05-26 11:09:20,618 | DEBUG    | main_module          | Initializing PreProcess module...
2026-05-26 11:09:20,618 | INFO     | modules.pre_process.pre_process | PreProcess module initialized
2026-05-26 11:09:20,619 | DEBUG    | modules.pre_process.pre_process | PreProcess is ready to process input data
2026-05-26 11:09:20,619 | DEBUG    | main_module          | ✓ PreProcess module loaded
2026-05-26 11:09:20,619 | INFO     | main_module          | ✓ Core modules initialized successfully
2026-05-26 11:09:20,620 | INFO     | main_module          | Core data structure initialized | context_size=0 | modules_online={'stt': False, 'cv': False, 'sys': False}
2026-05-26 11:09:20,620 | INFO     | main_module          | ==================================================
2026-05-26 11:09:20,621 | INFO     | server               | ✓ Core service initialized successfully
2026-05-26 11:09:20,621 | INFO     | server               | Server ready to accept requests on port 8000
2026-05-26 11:09:20,621 | INFO     | server               | ============================================================
2026-05-26 11:09:20,737 | INFO     | uvicorn.error        | Started server process [6064]
2026-05-26 11:09:20,737 | INFO     | uvicorn.error        | Waiting for application startup.
2026-05-26 11:09:20,739 | INFO     | server               | ============================================================
2026-05-26 11:09:20,741 | INFO     | server               | CORE SERVICE STARTUP COMPLETED
2026-05-26 11:09:20,741 | INFO     | server               | ============================================================
2026-05-26 11:09:20,742 | INFO     | uvicorn.error        | Application startup complete.
2026-05-26 11:09:20,742 | INFO     | uvicorn.error        | Uvicorn running on http://127.0.0.1:8000 (Press CTRL+C to quit)
2026-05-26 11:14:25,284 | INFO     | server               | 📥 STT POST request received | lang=ru | text_len=26
2026-05-26 11:14:25,322 | DEBUG    | server               | STT request details | speaker=Владелец | text='Агат, включи свет в ванной...' if len(speach_info.text) > 100 else 'Агат, включи свет в ванной'
2026-05-26 11:14:25,340 | DEBUG    | server               | ✓ STT background task added to queue
2026-05-26 11:14:25,340 | INFO     | uvicorn.access       | 127.0.0.1:48902 - "POST /core/stt HTTP/1.1" 200
2026-05-26 11:14:25,341 | INFO     | main_module          | STT input received | speaker=Владелец | language=ru | text_len=26
2026-05-26 11:14:25,341 | DEBUG    | main_module          | STT input text: 'Агат, включи свет в ванной'
2026-05-26 11:14:25,342 | DEBUG    | main_module          | STT data updated | timestamp=1779783265.342078 | context_size=0
2026-05-26 11:14:25,342 | DEBUG    | main_module          | === Starting input filtering pipeline ===
2026-05-26 11:14:25,342 | DEBUG    | main_module          | Current context size: 0 elements
2026-05-26 11:14:25,342 | DEBUG    | main_module          | STT text: 'Агат, включи свет в ванной'
2026-05-26 11:14:25,343 | INFO     | main_module          | 🔍 Filtering input - Checking if answer is needed
2026-05-26 11:14:25,343 | DEBUG    | main_module          | Input STT text: 'Агат, включи свет в ванной'
2026-05-26 11:14:25,343 | DEBUG    | modules.filter.stt_filter.stt_filter | Checking if should shut up | input_text='Агат, включи свет в ванной...'
2026-05-26 11:14:25,343 | DEBUG    | modules.filter.stt_filter.stt_filter | Checking if should shut up...
2026-05-26 11:14:25,343 | DEBUG    | modules.filter.stt_filter.should_shut_up.should_shut_up_model | ShouldShutUpModel call | input_text='Агат, включи свет в ванной...'
2026-05-26 11:14:25,343 | DEBUG    | modules.filter.stt_filter.should_shut_up.should_shut_up_model | Pre-processing input...
2026-05-26 11:14:25,344 | DEBUG    | modules.filter.stt_filter.should_shut_up.should_shut_up_model | Pre-processing input...
2026-05-26 11:14:25,344 | DEBUG    | modules.filter.stt_filter.should_shut_up.should_shut_up_model | Pre-processing complete | output_len=26
2026-05-26 11:14:25,344 | DEBUG    | modules.filter.stt_filter.should_shut_up.should_shut_up_model | Pre-processing complete | processed_len=26
2026-05-26 11:14:25,344 | DEBUG    | modules.filter.stt_filter.should_shut_up.should_shut_up_model | Running model inference...
2026-05-26 11:14:27,525 | INFO     | modules.filter.stt_filter.should_shut_up.should_shut_up_model | ✓ Importance score calculated | score=0.000
2026-05-26 11:14:27,526 | DEBUG    | modules.filter.stt_filter.should_shut_up.should_shut_up_model | Processed input: Агат, включи свет в ванной
2026-05-26 11:14:27,526 | DEBUG    | modules.filter.stt_filter.stt_filter | Should shut up result: 0.0
2026-05-26 11:14:27,526 | DEBUG    | modules.filter.filter | === Starting parallel filtering ===
2026-05-26 11:14:27,526 | DEBUG    | modules.filter.filter | Creating STT filter thread...
2026-05-26 11:14:27,526 | DEBUG    | modules.filter.filter | Creating CV filter thread...
2026-05-26 11:14:27,527 | DEBUG    | modules.filter.filter | Creating System filter thread...
2026-05-26 11:14:27,527 | DEBUG    | modules.filter.filter | Starting all filter threads...
2026-05-26 11:14:27,527 | DEBUG    | modules.filter.filter | STT filter: Analyzing speech input...
2026-05-26 11:14:27,527 | DEBUG    | modules.filter.filter | Thread started: STT-Filter-Thread
2026-05-26 11:14:27,527 | DEBUG    | modules.filter.stt_filter.stt_filter | SttFilter called | input_text='Агат, включи свет в ванной...' | dialogue_continues=False
2026-05-26 11:14:27,528 | DEBUG    | modules.filter.filter | CV filter: Not yet implemented - marking as unimportant
2026-05-26 11:14:27,528 | DEBUG    | modules.filter.filter | Thread started: CV-Filter-Thread
2026-05-26 11:14:27,528 | DEBUG    | modules.filter.stt_filter.stt_filter | Dialogue not active - using higher threshold: 0.8
2026-05-26 11:14:27,529 | DEBUG    | modules.filter.filter | System filter: Not yet implemented - marking as unimportant
2026-05-26 11:14:27,529 | DEBUG    | modules.filter.filter | Thread started: Sys-Filter-Thread
2026-05-26 11:14:27,529 | DEBUG    | modules.filter.stt_filter.stt_filter | Importance threshold: 0.8 (dialogue_continues=False)
2026-05-26 11:14:27,529 | DEBUG    | modules.filter.filter | Waiting for all filter threads to complete...
2026-05-26 11:14:27,530 | DEBUG    | modules.filter.stt_filter.stt_filter | Checking importance | threshold=0.8 | context_size=0
2026-05-26 11:14:27,530 | DEBUG    | modules.filter.stt_filter.stt_filter | Dialogue not active - using empty context for evaluation
2026-05-26 11:14:27,530 | DEBUG    | modules.filter.stt_filter.stt_filter | Getting importance score from SttImpModel...
2026-05-26 11:14:27,530 | DEBUG    | modules.filter.stt_filter.imp_model.imp_model | SttImpModel call | input_text='Агат, включи свет в ванной...' | context_size=0
2026-05-26 11:14:27,530 | DEBUG    | modules.filter.stt_filter.imp_model.imp_model | Pre-processing input...
2026-05-26 11:14:27,530 | DEBUG    | modules.filter.stt_filter.imp_model.imp_model | Pre-processing context...
2026-05-26 11:14:27,531 | DEBUG    | modules.filter.stt_filter.imp_model.imp_model | Processing context | size=0
2026-05-26 11:14:27,531 | DEBUG    | modules.filter.stt_filter.imp_model.imp_model | Adding current input | text='Агат, включи свет в ванной...'
2026-05-26 11:14:27,531 | DEBUG    | modules.filter.stt_filter.imp_model.imp_model | Pre-processing complete | output_len=33
2026-05-26 11:14:27,531 | DEBUG    | modules.filter.stt_filter.imp_model.imp_model | Pre-processing complete | processed_len=33
2026-05-26 11:14:27,531 | DEBUG    | modules.filter.stt_filter.imp_model.imp_model | Running model inference...
2026-05-26 11:14:28,034 | DEBUG    | modules.filter.stt_filter.imp_model.models.own_model.transformer.encoder.forward |     Encoder layer input: torch.Size([1, 512, 256]) (with padding mask)
2026-05-26 11:14:28,034 | DEBUG    | modules.filter.stt_filter.imp_model.models.own_model.transformer.pytorch_attention.attention |       MHA: Q=torch.Size([1, 512, 256]), K=torch.Size([1, 512, 256]), V=torch.Size([1, 512, 256])
2026-05-26 11:14:28,035 | DEBUG    | modules.filter.stt_filter.imp_model.models.own_model.transformer.pytorch_attention.attention |       Mask applied: torch.Size([1, 1, 1, 512])
2026-05-26 11:14:28,126 | DEBUG    | modules.filter.stt_filter.imp_model.models.own_model.transformer.encoder.forward |     Encoder layer output: torch.Size([1, 512, 256])
2026-05-26 11:14:28,139 | INFO     | modules.filter.stt_filter.imp_model.imp_model | ✓ Importance score calculated | score=1.000
2026-05-26 11:14:28,139 | DEBUG    | modules.filter.stt_filter.imp_model.imp_model | Processed input: /user Агат, включи свет в ванной;
2026-05-26 11:14:28,139 | DEBUG    | modules.filter.stt_filter.stt_filter | ✓ Importance score obtained: 1.000
2026-05-26 11:14:28,139 | DEBUG    | modules.filter.stt_filter.stt_filter | Importance value: 1.000 | Threshold: 0.8 | Important: True
2026-05-26 11:14:28,139 | DEBUG    | modules.filter.stt_filter.stt_filter | Importance: True (threshold: 0.8)
2026-05-26 11:14:28,140 | INFO     | modules.filter.stt_filter.stt_filter | Dialogue state changed: False → True
2026-05-26 11:14:28,140 | DEBUG    | modules.filter.filter | STT filter result: True
2026-05-26 11:14:28,140 | DEBUG    | modules.filter.filter | Thread completed: STT-Filter-Thread
2026-05-26 11:14:28,154 | DEBUG    | modules.filter.filter | Thread completed: CV-Filter-Thread
2026-05-26 11:14:28,154 | DEBUG    | modules.filter.filter | Thread completed: Sys-Filter-Thread
2026-05-26 11:14:28,154 | DEBUG    | modules.filter.filter | === Filtering complete | Results: {'cv': False, 'sys': False, 'stt': True} ===
2026-05-26 11:14:28,154 | DEBUG    | main_module          | Filter importance results: {'cv': False, 'sys': False, 'stt': True}
2026-05-26 11:14:28,154 | DEBUG    | main_module          | Updating input importance flags
2026-05-26 11:14:28,157 | DEBUG    | main_module          | Input importance updated | stt=True | cv=False | sys=False
2026-05-26 11:14:28,157 | INFO     | main_module          | ✓ Answer needed | important_sources=['stt']
2026-05-26 11:14:28,158 | INFO     | main_module          | Filter decision | need_answer=True
2026-05-26 11:14:28,158 | INFO     | main_module          | ✓ Input approved by filter - Processing...
2026-05-26 11:14:28,158 | DEBUG    | main_module          | Filter importance: stt=True | cv=False | sys=False
2026-05-26 11:14:28,160 | DEBUG    | main_module          | Starting pre-processing...
2026-05-26 11:14:28,160 | INFO     | modules.pre_process.pre_process | 🔄 Pre-processing input data
2026-05-26 11:14:28,161 | DEBUG    | modules.pre_process.pre_process | Input keys: ['stt', 'cv', 'sys'] | Extra keys: []
2026-05-26 11:14:28,161 | DEBUG    | modules.pre_process.pre_process | Creating context element...
2026-05-26 11:14:28,161 | DEBUG    | modules.pre_process.pre_process | Creating context element from input
2026-05-26 11:14:28,161 | DEBUG    | modules.pre_process.pre_process | Processing System data | importance=False
2026-05-26 11:14:28,162 | DEBUG    | modules.pre_process.pre_process | System data marked unimportant | returning None
2026-05-26 11:14:28,162 | DEBUG    | modules.pre_process.pre_process | System data processed | important=False | content='None'
2026-05-26 11:14:28,162 | DEBUG    | modules.pre_process.pre_process | Processing CV data | importance=False
2026-05-26 11:14:28,162 | DEBUG    | modules.pre_process.pre_process | CV data marked unimportant | returning None
2026-05-26 11:14:28,163 | DEBUG    | modules.pre_process.pre_process | CV data processed | important=False | content='None'
2026-05-26 11:14:28,163 | DEBUG    | modules.pre_process.pre_process | Processing STT data | importance=True
2026-05-26 11:14:28,163 | DEBUG    | modules.pre_process.pre_process | STT data marked important | result: Владелец: Агат, включи свет в ванной
2026-05-26 11:14:28,163 | DEBUG    | modules.pre_process.pre_process | STT data processed | important=True | content='Владелец: Агат, включи свет в ванной'
2026-05-26 11:14:28,163 | DEBUG    | modules.pre_process.pre_process | Final context element: {'/sys': None, '/cv': None, '/user': 'Владелец: Агат, включи свет в ванной'}
2026-05-26 11:14:28,164 | DEBUG    | modules.pre_process.pre_process | Context element created | keys: ['/sys', '/cv', '/user']
2026-05-26 11:14:28,164 | DEBUG    | modules.pre_process.pre_process | Processing extra information...
2026-05-26 11:14:28,164 | DEBUG    | modules.pre_process.pre_process | Processing extra information | keys: []
2026-05-26 11:14:28,164 | DEBUG    | modules.pre_process.pre_process | Extra information processed | final_len=0 | content: ...
2026-05-26 11:14:28,164 | DEBUG    | modules.pre_process.pre_process | Extra information processed | content_len=0
2026-05-26 11:14:28,165 | DEBUG    | modules.pre_process.pre_process | Adding extra information to context...
2026-05-26 11:14:28,165 | DEBUG    | modules.pre_process.pre_process | Adding extra information to context | extra_len=0
2026-05-26 11:14:28,165 | DEBUG    | modules.pre_process.pre_process | Extra information added | new_keys: ['/sys', '/cv', '/user', '/hint']
2026-05-26 11:14:28,165 | DEBUG    | modules.pre_process.pre_process | Model input prepared | keys: ['/sys', '/cv', '/user', '/hint']
2026-05-26 11:14:28,165 | INFO     | modules.pre_process.pre_process | ✓ Pre-processing completed successfully | model_input: {'/sys': None, '/cv': None, '/user': 'Владелец: Агат, включи свет в ванной', '/hint': ''}
2026-05-26 11:14:28,166 | DEBUG    | main_module          | Pre-processing completed | input_keys=['/sys', '/cv', '/user', '/hint']
2026-05-26 11:14:28,166 | INFO     | main_module          | Sending request to chat service | context_len=1
2026-05-26 11:14:28,166 | DEBUG    | main_module          | Chat input: {'/sys': None, '/cv': None, '/user': 'Владелец: Агат, включи свет в ванной', '/hint': ''}
2026-05-26 11:14:28,167 | DEBUG    | main_module          | Creating new event loop
2026-05-26 11:14:28,167 | DEBUG    | asyncio              | Using selector: EpollSelector
2026-05-26 11:14:28,168 | DEBUG    | main_module          | Full context prepared | total_len=1
2026-05-26 11:14:28,168 | INFO     | client               | 📤 Chat service request | context_len=1 | timeout=300.0s
2026-05-26 11:14:28,168 | DEBUG    | client               | Context structure | elements: [['/sys', '/cv', '/user', '/hint']]
2026-05-26 11:14:28,169 | DEBUG    | client               | Connecting to Chat service at http://127.0.0.1:8001/chat/generate
2026-05-26 11:14:28,172 | DEBUG    | httpcore.connection  | connect_tcp.started host='127.0.0.1' port=8001 local_address=None timeout=10.0 socket_options=None
2026-05-26 11:14:28,175 | DEBUG    | httpcore.connection  | connect_tcp.complete return_value=<httpcore._backends.anyio.AnyIOStream object at 0x7e99bf03e9e0>
2026-05-26 11:14:28,176 | DEBUG    | httpcore.http11      | send_request_headers.started request=<Request [b'POST']>
2026-05-26 11:14:28,177 | DEBUG    | httpcore.http11      | send_request_headers.complete
2026-05-26 11:14:28,177 | DEBUG    | httpcore.http11      | send_request_body.started request=<Request [b'POST']>
2026-05-26 11:14:28,177 | DEBUG    | httpcore.http11      | send_request_body.complete
2026-05-26 11:14:28,178 | DEBUG    | httpcore.http11      | receive_response_headers.started request=<Request [b'POST']>
2026-05-26 11:17:18,205 | DEBUG    | httpcore.http11      | receive_response_headers.complete return_value=(b'HTTP/1.1', 200, b'OK', [(b'date', b'Tue, 26 May 2026 08:14:28 GMT'), (b'server', b'uvicorn'), (b'content-length', b'114'), (b'content-type', b'application/json')])
2026-05-26 11:17:18,260 | INFO     | httpx                | HTTP Request: POST http://127.0.0.1:8001/chat/generate "HTTP/1.1 200 OK"
2026-05-26 11:17:18,267 | DEBUG    | httpcore.http11      | receive_response_body.started request=<Request [b'POST']>
2026-05-26 11:17:18,267 | DEBUG    | httpcore.http11      | receive_response_body.complete
2026-05-26 11:17:18,282 | DEBUG    | httpcore.http11      | response_closed.started
2026-05-26 11:17:18,284 | DEBUG    | httpcore.http11      | response_closed.complete
2026-05-26 11:17:18,287 | INFO     | client               | ✓ Chat response received | status=200
2026-05-26 11:17:18,287 | DEBUG    | client               | Chat response parsed | response_type=<class 'str'> | response_len=62
2026-05-26 11:17:18,288 | INFO     | main_module          | ✓ Chat response received | response_len=62
2026-05-26 11:17:18,288 | DEBUG    | main_module          | Model answer: Ванная — включена. Свет теперь как у моря в погоне за солнцем.
2026-05-26 11:17:18,289 | DEBUG    | main_module          | Updating context with model response
2026-05-26 11:17:18,289 | DEBUG    | main_module          | Context updated successfully | new_total_context_size=1 | model_answer_len=62
2026-05-26 11:17:18,289 | INFO     | main_module          | Context updated | new_context_size=1
2026-05-26 11:21:10,406 | INFO     | server               | 📥 STT POST request received | lang=ru | text_len=32
2026-05-26 11:21:10,406 | DEBUG    | server               | STT request details | speaker=Владелец | text='Спасибо. Теперь  можно выключить...' if len(speach_info.text) > 100 else 'Спасибо. Теперь  можно выключить'
2026-05-26 11:21:10,406 | DEBUG    | server               | ✓ STT background task added to queue
2026-05-26 11:21:10,408 | INFO     | uvicorn.access       | 127.0.0.1:53820 - "POST /core/stt HTTP/1.1" 200
2026-05-26 11:21:10,408 | INFO     | main_module          | STT input received | speaker=Владелец | language=ru | text_len=32
2026-05-26 11:21:10,409 | DEBUG    | main_module          | STT input text: 'Спасибо. Теперь  можно выключить'
2026-05-26 11:21:10,419 | DEBUG    | main_module          | STT data updated | timestamp=1779783670.418968 | context_size=1
2026-05-26 11:21:10,419 | DEBUG    | main_module          | === Starting input filtering pipeline ===
2026-05-26 11:21:10,419 | DEBUG    | main_module          | Current context size: 1 elements
2026-05-26 11:21:10,419 | DEBUG    | main_module          | STT text: 'Спасибо. Теперь  можно выключить'
2026-05-26 11:21:10,419 | INFO     | main_module          | 🔍 Filtering input - Checking if answer is needed
2026-05-26 11:21:10,419 | DEBUG    | main_module          | Input STT text: 'Спасибо. Теперь  можно выключить'
2026-05-26 11:21:10,419 | DEBUG    | modules.filter.stt_filter.stt_filter | Checking if should shut up | input_text='Спасибо. Теперь  можно выключить...'
2026-05-26 11:21:10,419 | DEBUG    | modules.filter.stt_filter.stt_filter | Checking if should shut up...
2026-05-26 11:21:10,420 | DEBUG    | modules.filter.stt_filter.should_shut_up.should_shut_up_model | ShouldShutUpModel call | input_text='Спасибо. Теперь  можно выключить...'
2026-05-26 11:21:10,420 | DEBUG    | modules.filter.stt_filter.should_shut_up.should_shut_up_model | Pre-processing input...
2026-05-26 11:21:10,420 | DEBUG    | modules.filter.stt_filter.should_shut_up.should_shut_up_model | Pre-processing input...
2026-05-26 11:21:10,420 | DEBUG    | modules.filter.stt_filter.should_shut_up.should_shut_up_model | Pre-processing complete | output_len=32
2026-05-26 11:21:10,420 | DEBUG    | modules.filter.stt_filter.should_shut_up.should_shut_up_model | Pre-processing complete | processed_len=32
2026-05-26 11:21:10,420 | DEBUG    | modules.filter.stt_filter.should_shut_up.should_shut_up_model | Running model inference...
2026-05-26 11:21:11,441 | INFO     | modules.filter.stt_filter.should_shut_up.should_shut_up_model | ✓ Importance score calculated | score=0.000
2026-05-26 11:21:11,441 | DEBUG    | modules.filter.stt_filter.should_shut_up.should_shut_up_model | Processed input: Спасибо. Теперь  можно выключить
2026-05-26 11:21:11,441 | DEBUG    | modules.filter.stt_filter.stt_filter | Should shut up result: 0.0
2026-05-26 11:21:11,442 | DEBUG    | modules.filter.filter | === Starting parallel filtering ===
2026-05-26 11:21:11,442 | DEBUG    | modules.filter.filter | Creating STT filter thread...
2026-05-26 11:21:11,442 | DEBUG    | modules.filter.filter | Creating CV filter thread...
2026-05-26 11:21:11,442 | DEBUG    | modules.filter.filter | Creating System filter thread...
2026-05-26 11:21:11,442 | DEBUG    | modules.filter.filter | Starting all filter threads...
2026-05-26 11:21:11,442 | DEBUG    | modules.filter.filter | STT filter: Analyzing speech input...
2026-05-26 11:21:11,443 | DEBUG    | modules.filter.filter | Thread started: STT-Filter-Thread
2026-05-26 11:21:11,443 | DEBUG    | modules.filter.stt_filter.stt_filter | SttFilter called | input_text='Спасибо. Теперь  можно выключить...' | dialogue_continues=True
2026-05-26 11:21:11,443 | DEBUG    | modules.filter.filter | CV filter: Not yet implemented - marking as unimportant
2026-05-26 11:21:11,445 | DEBUG    | modules.filter.filter | Thread started: CV-Filter-Thread
2026-05-26 11:21:11,446 | DEBUG    | modules.filter.stt_filter.stt_filter | Dialogue active - using lower threshold: 0.5
2026-05-26 11:21:11,446 | DEBUG    | modules.filter.filter | System filter: Not yet implemented - marking as unimportant
2026-05-26 11:21:11,446 | DEBUG    | modules.filter.filter | Thread started: Sys-Filter-Thread
2026-05-26 11:21:11,446 | DEBUG    | modules.filter.stt_filter.stt_filter | Importance threshold: 0.5 (dialogue_continues=True)
2026-05-26 11:21:11,447 | DEBUG    | modules.filter.filter | Waiting for all filter threads to complete...
2026-05-26 11:21:11,447 | DEBUG    | modules.filter.stt_filter.stt_filter | Checking importance | threshold=0.5 | context_size=1
2026-05-26 11:21:11,447 | DEBUG    | modules.filter.stt_filter.stt_filter | Dialogue active - using context of size 1
2026-05-26 11:21:11,447 | DEBUG    | modules.filter.stt_filter.stt_filter | Getting importance score from SttImpModel...
2026-05-26 11:21:11,447 | DEBUG    | modules.filter.stt_filter.imp_model.imp_model | SttImpModel call | input_text='Спасибо. Теперь  можно выключить...' | context_size=1
2026-05-26 11:21:11,447 | DEBUG    | modules.filter.stt_filter.imp_model.imp_model | Pre-processing input...
2026-05-26 11:21:11,448 | DEBUG    | modules.filter.stt_filter.imp_model.imp_model | Pre-processing context...
2026-05-26 11:21:11,448 | DEBUG    | modules.filter.stt_filter.imp_model.imp_model | Processing context | size=1
2026-05-26 11:21:11,448 | DEBUG    | modules.filter.stt_filter.imp_model.imp_model | Context element 1: /user='Владелец: Агат, включи свет в ...' | /model='Ванная — включена. Свет теперь...'
2026-05-26 11:21:11,448 | DEBUG    | modules.filter.stt_filter.imp_model.imp_model | Adding current input | text='Спасибо. Теперь  можно выключить...'
2026-05-26 11:21:11,448 | DEBUG    | modules.filter.stt_filter.imp_model.imp_model | Pre-processing complete | output_len=154
2026-05-26 11:21:11,448 | DEBUG    | modules.filter.stt_filter.imp_model.imp_model | Pre-processing complete | processed_len=154
2026-05-26 11:21:11,448 | DEBUG    | modules.filter.stt_filter.imp_model.imp_model | Running model inference...
2026-05-26 11:21:11,703 | DEBUG    | modules.filter.stt_filter.imp_model.models.own_model.transformer.encoder.forward |     Encoder layer input: torch.Size([1, 512, 256]) (with padding mask)
2026-05-26 11:21:11,703 | DEBUG    | modules.filter.stt_filter.imp_model.models.own_model.transformer.pytorch_attention.attention |       MHA: Q=torch.Size([1, 512, 256]), K=torch.Size([1, 512, 256]), V=torch.Size([1, 512, 256])
2026-05-26 11:21:11,703 | DEBUG    | modules.filter.stt_filter.imp_model.models.own_model.transformer.pytorch_attention.attention |       Mask applied: torch.Size([1, 1, 1, 512])
2026-05-26 11:21:11,754 | DEBUG    | modules.filter.stt_filter.imp_model.models.own_model.transformer.encoder.forward |     Encoder layer output: torch.Size([1, 512, 256])
2026-05-26 11:21:11,765 | INFO     | modules.filter.stt_filter.imp_model.imp_model | ✓ Importance score calculated | score=0.998
2026-05-26 11:21:11,765 | DEBUG    | modules.filter.stt_filter.imp_model.imp_model | Processed input: /user Владелец: Агат, включи свет в ванной; /model Ванная — включена. Свет теперь как у моря в погоне за солнцем.; /user Спасибо. Теперь  можно выключить;
2026-05-26 11:21:11,765 | DEBUG    | modules.filter.stt_filter.stt_filter | ✓ Importance score obtained: 0.998
2026-05-26 11:21:11,765 | DEBUG    | modules.filter.stt_filter.stt_filter | Importance value: 0.998 | Threshold: 0.5 | Important: True
2026-05-26 11:21:11,766 | DEBUG    | modules.filter.stt_filter.stt_filter | Importance: True (threshold: 0.5)
2026-05-26 11:21:11,766 | DEBUG    | modules.filter.stt_filter.stt_filter | Dialogue state unchanged: True
2026-05-26 11:21:11,766 | DEBUG    | modules.filter.filter | STT filter result: True
2026-05-26 11:21:11,766 | DEBUG    | modules.filter.filter | Thread completed: STT-Filter-Thread
2026-05-26 11:21:11,767 | DEBUG    | modules.filter.filter | Thread completed: CV-Filter-Thread
2026-05-26 11:21:11,767 | DEBUG    | modules.filter.filter | Thread completed: Sys-Filter-Thread
2026-05-26 11:21:11,767 | DEBUG    | modules.filter.filter | === Filtering complete | Results: {'cv': False, 'sys': False, 'stt': True} ===
2026-05-26 11:21:11,767 | DEBUG    | main_module          | Filter importance results: {'cv': False, 'sys': False, 'stt': True}
2026-05-26 11:21:11,768 | DEBUG    | main_module          | Updating input importance flags
2026-05-26 11:21:11,768 | DEBUG    | main_module          | Input importance updated | stt=True | cv=False | sys=False
2026-05-26 11:21:11,768 | INFO     | main_module          | ✓ Answer needed | important_sources=['stt']
2026-05-26 11:21:11,768 | INFO     | main_module          | Filter decision | need_answer=True
2026-05-26 11:21:11,769 | INFO     | main_module          | ✓ Input approved by filter - Processing...
2026-05-26 11:21:11,769 | DEBUG    | main_module          | Filter importance: stt=True | cv=False | sys=False
2026-05-26 11:21:11,769 | DEBUG    | main_module          | Starting pre-processing...
2026-05-26 11:21:11,769 | INFO     | modules.pre_process.pre_process | 🔄 Pre-processing input data
2026-05-26 11:21:11,769 | DEBUG    | modules.pre_process.pre_process | Input keys: ['stt', 'cv', 'sys'] | Extra keys: []
2026-05-26 11:21:11,769 | DEBUG    | modules.pre_process.pre_process | Creating context element...
2026-05-26 11:21:11,770 | DEBUG    | modules.pre_process.pre_process | Creating context element from input
2026-05-26 11:21:11,770 | DEBUG    | modules.pre_process.pre_process | Processing System data | importance=False
2026-05-26 11:21:11,770 | DEBUG    | modules.pre_process.pre_process | System data marked unimportant | returning None
2026-05-26 11:21:11,770 | DEBUG    | modules.pre_process.pre_process | System data processed | important=False | content='None'
2026-05-26 11:21:11,770 | DEBUG    | modules.pre_process.pre_process | Processing CV data | importance=False
2026-05-26 11:21:11,770 | DEBUG    | modules.pre_process.pre_process | CV data marked unimportant | returning None
2026-05-26 11:21:11,771 | DEBUG    | modules.pre_process.pre_process | CV data processed | important=False | content='None'
2026-05-26 11:21:11,771 | DEBUG    | modules.pre_process.pre_process | Processing STT data | importance=True
2026-05-26 11:21:11,771 | DEBUG    | modules.pre_process.pre_process | STT data marked important | result: Владелец: Спасибо. Теперь  можно выключить
2026-05-26 11:21:11,771 | DEBUG    | modules.pre_process.pre_process | STT data processed | important=True | content='Владелец: Спасибо. Теперь  можно выключить'
2026-05-26 11:21:11,771 | DEBUG    | modules.pre_process.pre_process | Final context element: {'/sys': None, '/cv': None, '/user': 'Владелец: Спасибо. Теперь  можно выключить'}
2026-05-26 11:21:11,771 | DEBUG    | modules.pre_process.pre_process | Context element created | keys: ['/sys', '/cv', '/user']
2026-05-26 11:21:11,772 | DEBUG    | modules.pre_process.pre_process | Processing extra information...
2026-05-26 11:21:11,772 | DEBUG    | modules.pre_process.pre_process | Processing extra information | keys: []
2026-05-26 11:21:11,772 | DEBUG    | modules.pre_process.pre_process | Extra information processed | final_len=0 | content: ...
2026-05-26 11:21:11,772 | DEBUG    | modules.pre_process.pre_process | Extra information processed | content_len=0
2026-05-26 11:21:11,772 | DEBUG    | modules.pre_process.pre_process | Adding extra information to context...
2026-05-26 11:21:11,772 | DEBUG    | modules.pre_process.pre_process | Adding extra information to context | extra_len=0
2026-05-26 11:21:11,773 | DEBUG    | modules.pre_process.pre_process | Extra information added | new_keys: ['/sys', '/cv', '/user', '/hint']
2026-05-26 11:21:11,773 | DEBUG    | modules.pre_process.pre_process | Model input prepared | keys: ['/sys', '/cv', '/user', '/hint']
2026-05-26 11:21:11,773 | INFO     | modules.pre_process.pre_process | ✓ Pre-processing completed successfully | model_input: {'/sys': None, '/cv': None, '/user': 'Владелец: Спасибо. Теперь  можно выключить', '/hint': ''}
2026-05-26 11:21:11,773 | DEBUG    | main_module          | Pre-processing completed | input_keys=['/sys', '/cv', '/user', '/hint']
2026-05-26 11:21:11,774 | INFO     | main_module          | Sending request to chat service | context_len=2
2026-05-26 11:21:11,774 | DEBUG    | main_module          | Chat input: {'/sys': None, '/cv': None, '/user': 'Владелец: Спасибо. Теперь  можно выключить', '/hint': ''}
2026-05-26 11:21:11,775 | DEBUG    | main_module          | Using existing event loop
2026-05-26 11:21:11,775 | DEBUG    | main_module          | Full context prepared | total_len=2
2026-05-26 11:21:11,775 | INFO     | client               | 📤 Chat service request | context_len=2 | timeout=300.0s
2026-05-26 11:21:11,776 | DEBUG    | client               | Context structure | elements: [['/sys', '/cv', '/user', '/model'], ['/sys', '/cv', '/user', '/hint']]
2026-05-26 11:21:11,776 | DEBUG    | client               | Connecting to Chat service at http://127.0.0.1:8001/chat/generate
2026-05-26 11:21:11,800 | DEBUG    | httpcore.connection  | close.started
2026-05-26 11:21:11,800 | DEBUG    | httpcore.connection  | close.complete
2026-05-26 11:21:11,801 | DEBUG    | httpcore.connection  | connect_tcp.started host='127.0.0.1' port=8001 local_address=None timeout=10.0 socket_options=None
2026-05-26 11:21:11,803 | DEBUG    | httpcore.connection  | connect_tcp.complete return_value=<httpcore._backends.anyio.AnyIOStream object at 0x7e99bf03f970>
2026-05-26 11:21:11,804 | DEBUG    | httpcore.http11      | send_request_headers.started request=<Request [b'POST']>
2026-05-26 11:21:11,805 | DEBUG    | httpcore.http11      | send_request_headers.complete
2026-05-26 11:21:11,805 | DEBUG    | httpcore.http11      | send_request_body.started request=<Request [b'POST']>
2026-05-26 11:21:11,805 | DEBUG    | httpcore.http11      | send_request_body.complete
2026-05-26 11:21:11,806 | DEBUG    | httpcore.http11      | receive_response_headers.started request=<Request [b'POST']>
2026-05-26 11:22:40,416 | DEBUG    | httpcore.http11      | receive_response_headers.complete return_value=(b'HTTP/1.1', 200, b'OK', [(b'date', b'Tue, 26 May 2026 08:21:11 GMT'), (b'server', b'uvicorn'), (b'content-length', b'148'), (b'content-type', b'application/json')])
2026-05-26 11:22:40,417 | INFO     | httpx                | HTTP Request: POST http://127.0.0.1:8001/chat/generate "HTTP/1.1 200 OK"
2026-05-26 11:22:40,417 | DEBUG    | httpcore.http11      | receive_response_body.started request=<Request [b'POST']>
2026-05-26 11:22:40,417 | DEBUG    | httpcore.http11      | receive_response_body.complete
2026-05-26 11:22:40,418 | DEBUG    | httpcore.http11      | response_closed.started
2026-05-26 11:22:40,418 | DEBUG    | httpcore.http11      | response_closed.complete
2026-05-26 11:22:40,419 | INFO     | client               | ✓ Chat response received | status=200
2026-05-26 11:22:40,419 | DEBUG    | client               | Chat response parsed | response_type=<class 'str'> | response_len=81
2026-05-26 11:22:40,420 | INFO     | main_module          | ✓ Chat response received | response_len=81
2026-05-26 11:22:40,420 | DEBUG    | main_module          | Model answer: Свет в ванной выключен. Уже как у тёмного моря, которое не хочет ничего упускать.
2026-05-26 11:22:40,420 | DEBUG    | main_module          | Updating context with model response
2026-05-26 11:22:40,420 | DEBUG    | main_module          | Context updated successfully | new_total_context_size=2 | model_answer_len=81
2026-05-26 11:22:40,420 | INFO     | main_module          | Context updated | new_context_size=2
2026-05-26 11:22:46,942 | INFO     | uvicorn.access       | 127.0.0.1:58958 - "GET / HTTP/1.1" 404
2026-05-26 11:22:47,162 | INFO     | uvicorn.access       | 127.0.0.1:58958 - "GET /favicon.ico HTTP/1.1" 404
2026-05-26 11:30:18,517 | INFO     | server               | 📥 STT POST request received | lang=ru | text_len=17
2026-05-26 11:30:18,517 | DEBUG    | server               | STT request details | speaker=Владелец | text='Ладно надо поесть...' if len(speach_info.text) > 100 else 'Ладно надо поесть'
2026-05-26 11:30:18,518 | DEBUG    | server               | ✓ STT background task added to queue
2026-05-26 11:30:18,518 | INFO     | uvicorn.access       | 127.0.0.1:35028 - "POST /core/stt HTTP/1.1" 200
2026-05-26 11:30:18,520 | INFO     | main_module          | STT input received | speaker=Владелец | language=ru | text_len=17
2026-05-26 11:30:18,520 | DEBUG    | main_module          | STT input text: 'Ладно надо поесть'
2026-05-26 11:30:18,520 | DEBUG    | main_module          | STT data updated | timestamp=1779784218.520633 | context_size=2
2026-05-26 11:30:18,520 | DEBUG    | main_module          | === Starting input filtering pipeline ===
2026-05-26 11:30:18,521 | DEBUG    | main_module          | Current context size: 2 elements
2026-05-26 11:30:18,521 | DEBUG    | main_module          | STT text: 'Ладно надо поесть'
2026-05-26 11:30:18,521 | INFO     | main_module          | 🔍 Filtering input - Checking if answer is needed
2026-05-26 11:30:18,521 | DEBUG    | main_module          | Input STT text: 'Ладно надо поесть'
2026-05-26 11:30:18,522 | DEBUG    | modules.filter.stt_filter.stt_filter | Checking if should shut up | input_text='Ладно надо поесть...'
2026-05-26 11:30:18,522 | DEBUG    | modules.filter.stt_filter.stt_filter | Checking if should shut up...
2026-05-26 11:30:18,522 | DEBUG    | modules.filter.stt_filter.should_shut_up.should_shut_up_model | ShouldShutUpModel call | input_text='Ладно надо поесть...'
2026-05-26 11:30:18,522 | DEBUG    | modules.filter.stt_filter.should_shut_up.should_shut_up_model | Pre-processing input...
2026-05-26 11:30:18,522 | DEBUG    | modules.filter.stt_filter.should_shut_up.should_shut_up_model | Pre-processing input...
2026-05-26 11:30:18,523 | DEBUG    | modules.filter.stt_filter.should_shut_up.should_shut_up_model | Pre-processing complete | output_len=17
2026-05-26 11:30:18,523 | DEBUG    | modules.filter.stt_filter.should_shut_up.should_shut_up_model | Pre-processing complete | processed_len=17
2026-05-26 11:30:18,523 | DEBUG    | modules.filter.stt_filter.should_shut_up.should_shut_up_model | Running model inference...
2026-05-26 11:30:18,621 | INFO     | modules.filter.stt_filter.should_shut_up.should_shut_up_model | ✓ Importance score calculated | score=0.000
2026-05-26 11:30:18,621 | DEBUG    | modules.filter.stt_filter.should_shut_up.should_shut_up_model | Processed input: Ладно надо поесть
2026-05-26 11:30:18,622 | DEBUG    | modules.filter.stt_filter.stt_filter | Should shut up result: 0.0
2026-05-26 11:30:18,622 | DEBUG    | modules.filter.filter | === Starting parallel filtering ===
2026-05-26 11:30:18,622 | DEBUG    | modules.filter.filter | Creating STT filter thread...
2026-05-26 11:30:18,622 | DEBUG    | modules.filter.filter | Creating CV filter thread...
2026-05-26 11:30:18,622 | DEBUG    | modules.filter.filter | Creating System filter thread...
2026-05-26 11:30:18,622 | DEBUG    | modules.filter.filter | Starting all filter threads...
2026-05-26 11:30:18,622 | DEBUG    | modules.filter.filter | STT filter: Analyzing speech input...
2026-05-26 11:30:18,623 | DEBUG    | modules.filter.filter | Thread started: STT-Filter-Thread
2026-05-26 11:30:18,623 | DEBUG    | modules.filter.stt_filter.stt_filter | SttFilter called | input_text='Ладно надо поесть...' | dialogue_continues=True
2026-05-26 11:30:18,623 | DEBUG    | modules.filter.filter | CV filter: Not yet implemented - marking as unimportant
2026-05-26 11:30:18,623 | DEBUG    | modules.filter.filter | Thread started: CV-Filter-Thread
2026-05-26 11:30:18,623 | DEBUG    | modules.filter.stt_filter.stt_filter | Dialogue active - using lower threshold: 0.5
2026-05-26 11:30:18,624 | DEBUG    | modules.filter.filter | System filter: Not yet implemented - marking as unimportant
2026-05-26 11:30:18,624 | DEBUG    | modules.filter.filter | Thread started: Sys-Filter-Thread
2026-05-26 11:30:18,624 | DEBUG    | modules.filter.stt_filter.stt_filter | Importance threshold: 0.5 (dialogue_continues=True)
2026-05-26 11:30:18,625 | DEBUG    | modules.filter.filter | Waiting for all filter threads to complete...
2026-05-26 11:30:18,625 | DEBUG    | modules.filter.stt_filter.stt_filter | Checking importance | threshold=0.5 | context_size=1
2026-05-26 11:30:18,627 | DEBUG    | modules.filter.stt_filter.stt_filter | Dialogue active - using context of size 1
2026-05-26 11:30:18,627 | DEBUG    | modules.filter.stt_filter.stt_filter | Getting importance score from SttImpModel...
2026-05-26 11:30:18,627 | DEBUG    | modules.filter.stt_filter.imp_model.imp_model | SttImpModel call | input_text='Ладно надо поесть...' | context_size=1
2026-05-26 11:30:18,628 | DEBUG    | modules.filter.stt_filter.imp_model.imp_model | Pre-processing input...
2026-05-26 11:30:18,628 | DEBUG    | modules.filter.stt_filter.imp_model.imp_model | Pre-processing context...
2026-05-26 11:30:18,628 | DEBUG    | modules.filter.stt_filter.imp_model.imp_model | Processing context | size=1
2026-05-26 11:30:18,628 | DEBUG    | modules.filter.stt_filter.imp_model.imp_model | Context element 1: /user='Владелец: Спасибо. Теперь  мож...' | /model='Свет в ванной выключен. Уже ка...'
2026-05-26 11:30:18,628 | DEBUG    | modules.filter.stt_filter.imp_model.imp_model | Adding current input | text='Ладно надо поесть...'
2026-05-26 11:30:18,629 | DEBUG    | modules.filter.stt_filter.imp_model.imp_model | Pre-processing complete | output_len=164
2026-05-26 11:30:18,630 | DEBUG    | modules.filter.stt_filter.imp_model.imp_model | Pre-processing complete | processed_len=164
2026-05-26 11:30:18,631 | DEBUG    | modules.filter.stt_filter.imp_model.imp_model | Running model inference...
2026-05-26 11:30:18,660 | DEBUG    | modules.filter.stt_filter.imp_model.models.own_model.transformer.encoder.forward |     Encoder layer input: torch.Size([1, 512, 256]) (with padding mask)
2026-05-26 11:30:18,660 | DEBUG    | modules.filter.stt_filter.imp_model.models.own_model.transformer.pytorch_attention.attention |       MHA: Q=torch.Size([1, 512, 256]), K=torch.Size([1, 512, 256]), V=torch.Size([1, 512, 256])
2026-05-26 11:30:18,661 | DEBUG    | modules.filter.stt_filter.imp_model.models.own_model.transformer.pytorch_attention.attention |       Mask applied: torch.Size([1, 1, 1, 512])
2026-05-26 11:30:18,672 | DEBUG    | modules.filter.stt_filter.imp_model.models.own_model.transformer.encoder.forward |     Encoder layer output: torch.Size([1, 512, 256])
2026-05-26 11:30:18,673 | INFO     | modules.filter.stt_filter.imp_model.imp_model | ✓ Importance score calculated | score=0.000
2026-05-26 11:30:18,673 | DEBUG    | modules.filter.stt_filter.imp_model.imp_model | Processed input: /user Владелец: Спасибо. Теперь  можно выключить; /model Свет в ванной выключен. Уже как у тёмного моря, которое не хочет ничего упускать.; /user Ладно надо поесть;
2026-05-26 11:30:18,673 | DEBUG    | modules.filter.stt_filter.stt_filter | ✓ Importance score obtained: 0.000
2026-05-26 11:30:18,673 | DEBUG    | modules.filter.stt_filter.stt_filter | Importance value: 0.000 | Threshold: 0.5 | Important: False
2026-05-26 11:30:18,673 | DEBUG    | modules.filter.stt_filter.stt_filter | Importance: False (threshold: 0.5)
2026-05-26 11:30:18,673 | INFO     | modules.filter.stt_filter.stt_filter | Dialogue state changed: True → False
2026-05-26 11:30:18,674 | DEBUG    | modules.filter.filter | STT filter result: False
2026-05-26 11:30:18,674 | DEBUG    | modules.filter.filter | Thread completed: STT-Filter-Thread
2026-05-26 11:30:18,674 | DEBUG    | modules.filter.filter | Thread completed: CV-Filter-Thread
2026-05-26 11:30:18,674 | DEBUG    | modules.filter.filter | Thread completed: Sys-Filter-Thread
2026-05-26 11:30:18,674 | DEBUG    | modules.filter.filter | === Filtering complete | Results: {'cv': False, 'sys': False, 'stt': False} ===
2026-05-26 11:30:18,674 | DEBUG    | main_module          | Filter importance results: {'cv': False, 'sys': False, 'stt': False}
2026-05-26 11:30:18,674 | DEBUG    | main_module          | Updating input importance flags
2026-05-26 11:30:18,674 | DEBUG    | main_module          | Input importance updated | stt=False | cv=False | sys=False
2026-05-26 11:30:18,675 | DEBUG    | main_module          | ✗ No important input detected
2026-05-26 11:30:18,675 | INFO     | main_module          | Filter decision | need_answer=False
2026-05-26 11:30:18,675 | DEBUG    | main_module          | ✗ Input rejected by filter
2026-05-26 11:30:18,675 | DEBUG    | main_module          | Filter importance: stt=False | cv=False | sys=False
2026-05-26 11:33:37,325 | INFO     | server               | 📥 STT POST request received | lang=ru | text_len=33
2026-05-26 11:33:37,325 | DEBUG    | server               | STT request details | speaker=Владелец | text='Спасибо. Теперь  можно выключить ...' if len(speach_info.text) > 100 else 'Спасибо. Теперь  можно выключить '
2026-05-26 11:33:37,326 | DEBUG    | server               | ✓ STT background task added to queue
2026-05-26 11:33:37,326 | INFO     | uvicorn.access       | 127.0.0.1:39666 - "POST /core/stt HTTP/1.1" 200
2026-05-26 11:33:37,328 | INFO     | main_module          | STT input received | speaker=Владелец | language=ru | text_len=33
2026-05-26 11:33:37,328 | DEBUG    | main_module          | STT input text: 'Спасибо. Теперь  можно выключить '
2026-05-26 11:33:37,328 | DEBUG    | main_module          | STT data updated | timestamp=1779784417.328499 | context_size=2
2026-05-26 11:33:37,328 | DEBUG    | main_module          | === Starting input filtering pipeline ===
2026-05-26 11:33:37,328 | DEBUG    | main_module          | Current context size: 2 elements
2026-05-26 11:33:37,329 | DEBUG    | main_module          | STT text: 'Спасибо. Теперь  можно выключить '
2026-05-26 11:33:37,329 | INFO     | main_module          | 🔍 Filtering input - Checking if answer is needed
2026-05-26 11:33:37,329 | DEBUG    | main_module          | Input STT text: 'Спасибо. Теперь  можно выключить '
2026-05-26 11:33:37,329 | DEBUG    | modules.filter.stt_filter.stt_filter | Checking if should shut up | input_text='Спасибо. Теперь  можно выключить ...'
2026-05-26 11:33:37,329 | DEBUG    | modules.filter.stt_filter.stt_filter | Checking if should shut up...
2026-05-26 11:33:37,330 | DEBUG    | modules.filter.stt_filter.should_shut_up.should_shut_up_model | ShouldShutUpModel call | input_text='Спасибо. Теперь  можно выключить ...'
2026-05-26 11:33:37,330 | DEBUG    | modules.filter.stt_filter.should_shut_up.should_shut_up_model | Pre-processing input...
2026-05-26 11:33:37,330 | DEBUG    | modules.filter.stt_filter.should_shut_up.should_shut_up_model | Pre-processing input...
2026-05-26 11:33:37,330 | DEBUG    | modules.filter.stt_filter.should_shut_up.should_shut_up_model | Pre-processing complete | output_len=33
2026-05-26 11:33:37,330 | DEBUG    | modules.filter.stt_filter.should_shut_up.should_shut_up_model | Pre-processing complete | processed_len=33
2026-05-26 11:33:37,330 | DEBUG    | modules.filter.stt_filter.should_shut_up.should_shut_up_model | Running model inference...
2026-05-26 11:33:37,376 | INFO     | modules.filter.stt_filter.should_shut_up.should_shut_up_model | ✓ Importance score calculated | score=0.000
2026-05-26 11:33:37,376 | DEBUG    | modules.filter.stt_filter.should_shut_up.should_shut_up_model | Processed input: Спасибо. Теперь  можно выключить 
2026-05-26 11:33:37,376 | DEBUG    | modules.filter.stt_filter.stt_filter | Should shut up result: 0.0
2026-05-26 11:33:37,376 | DEBUG    | modules.filter.filter | === Starting parallel filtering ===
2026-05-26 11:33:37,376 | DEBUG    | modules.filter.filter | Creating STT filter thread...
2026-05-26 11:33:37,377 | DEBUG    | modules.filter.filter | Creating CV filter thread...
2026-05-26 11:33:37,377 | DEBUG    | modules.filter.filter | Creating System filter thread...
2026-05-26 11:33:37,377 | DEBUG    | modules.filter.filter | Starting all filter threads...
2026-05-26 11:33:37,377 | DEBUG    | modules.filter.filter | STT filter: Analyzing speech input...
2026-05-26 11:33:37,377 | DEBUG    | modules.filter.filter | Thread started: STT-Filter-Thread
2026-05-26 11:33:37,377 | DEBUG    | modules.filter.stt_filter.stt_filter | SttFilter called | input_text='Спасибо. Теперь  можно выключить ...' | dialogue_continues=False
2026-05-26 11:33:37,377 | DEBUG    | modules.filter.filter | CV filter: Not yet implemented - marking as unimportant
2026-05-26 11:33:37,377 | DEBUG    | modules.filter.stt_filter.stt_filter | Dialogue not active - using higher threshold: 0.8
2026-05-26 11:33:37,377 | DEBUG    | modules.filter.filter | Thread started: CV-Filter-Thread
2026-05-26 11:33:37,378 | DEBUG    | modules.filter.stt_filter.stt_filter | Importance threshold: 0.8 (dialogue_continues=False)
2026-05-26 11:33:37,378 | DEBUG    | modules.filter.filter | System filter: Not yet implemented - marking as unimportant
2026-05-26 11:33:37,378 | DEBUG    | modules.filter.filter | Thread started: Sys-Filter-Thread
2026-05-26 11:33:37,378 | DEBUG    | modules.filter.stt_filter.stt_filter | Checking importance | threshold=0.8 | context_size=1
2026-05-26 11:33:37,378 | DEBUG    | modules.filter.filter | Waiting for all filter threads to complete...
2026-05-26 11:33:37,378 | DEBUG    | modules.filter.stt_filter.stt_filter | Dialogue not active - using empty context for evaluation
2026-05-26 11:33:37,378 | DEBUG    | modules.filter.stt_filter.stt_filter | Getting importance score from SttImpModel...
2026-05-26 11:33:37,378 | DEBUG    | modules.filter.stt_filter.imp_model.imp_model | SttImpModel call | input_text='Спасибо. Теперь  можно выключить ...' | context_size=0
2026-05-26 11:33:37,378 | DEBUG    | modules.filter.stt_filter.imp_model.imp_model | Pre-processing input...
2026-05-26 11:33:37,379 | DEBUG    | modules.filter.stt_filter.imp_model.imp_model | Pre-processing context...
2026-05-26 11:33:37,379 | DEBUG    | modules.filter.stt_filter.imp_model.imp_model | Processing context | size=0
2026-05-26 11:33:37,379 | DEBUG    | modules.filter.stt_filter.imp_model.imp_model | Adding current input | text='Спасибо. Теперь  можно выключить ...'
2026-05-26 11:33:37,379 | DEBUG    | modules.filter.stt_filter.imp_model.imp_model | Pre-processing complete | output_len=40
2026-05-26 11:33:37,379 | DEBUG    | modules.filter.stt_filter.imp_model.imp_model | Pre-processing complete | processed_len=40
2026-05-26 11:33:37,379 | DEBUG    | modules.filter.stt_filter.imp_model.imp_model | Running model inference...
2026-05-26 11:33:37,392 | DEBUG    | modules.filter.stt_filter.imp_model.models.own_model.transformer.encoder.forward |     Encoder layer input: torch.Size([1, 512, 256]) (with padding mask)
2026-05-26 11:33:37,392 | DEBUG    | modules.filter.stt_filter.imp_model.models.own_model.transformer.pytorch_attention.attention |       MHA: Q=torch.Size([1, 512, 256]), K=torch.Size([1, 512, 256]), V=torch.Size([1, 512, 256])
2026-05-26 11:33:37,392 | DEBUG    | modules.filter.stt_filter.imp_model.models.own_model.transformer.pytorch_attention.attention |       Mask applied: torch.Size([1, 1, 1, 512])
2026-05-26 11:33:37,404 | DEBUG    | modules.filter.stt_filter.imp_model.models.own_model.transformer.encoder.forward |     Encoder layer output: torch.Size([1, 512, 256])
2026-05-26 11:33:37,405 | INFO     | modules.filter.stt_filter.imp_model.imp_model | ✓ Importance score calculated | score=0.001
2026-05-26 11:33:37,405 | DEBUG    | modules.filter.stt_filter.imp_model.imp_model | Processed input: /user Спасибо. Теперь  можно выключить ;
2026-05-26 11:33:37,405 | DEBUG    | modules.filter.stt_filter.stt_filter | ✓ Importance score obtained: 0.001
2026-05-26 11:33:37,405 | DEBUG    | modules.filter.stt_filter.stt_filter | Importance value: 0.001 | Threshold: 0.8 | Important: False
2026-05-26 11:33:37,405 | DEBUG    | modules.filter.stt_filter.stt_filter | Importance: False (threshold: 0.8)
2026-05-26 11:33:37,405 | DEBUG    | modules.filter.stt_filter.stt_filter | Dialogue state unchanged: False
2026-05-26 11:33:37,405 | DEBUG    | modules.filter.filter | STT filter result: False
2026-05-26 11:33:37,405 | DEBUG    | modules.filter.filter | Thread completed: STT-Filter-Thread
2026-05-26 11:33:37,406 | DEBUG    | modules.filter.filter | Thread completed: CV-Filter-Thread
2026-05-26 11:33:37,406 | DEBUG    | modules.filter.filter | Thread completed: Sys-Filter-Thread
2026-05-26 11:33:37,406 | DEBUG    | modules.filter.filter | === Filtering complete | Results: {'cv': False, 'sys': False, 'stt': False} ===
2026-05-26 11:33:37,406 | DEBUG    | main_module          | Filter importance results: {'cv': False, 'sys': False, 'stt': False}
2026-05-26 11:33:37,406 | DEBUG    | main_module          | Updating input importance flags
2026-05-26 11:33:37,406 | DEBUG    | main_module          | Input importance updated | stt=False | cv=False | sys=False
2026-05-26 11:33:37,406 | DEBUG    | main_module          | ✗ No important input detected
2026-05-26 11:33:37,406 | INFO     | main_module          | Filter decision | need_answer=False
2026-05-26 11:33:37,406 | DEBUG    | main_module          | ✗ Input rejected by filter
2026-05-26 11:33:37,407 | DEBUG    | main_module          | Filter importance: stt=False | cv=False | sys=False
2026-05-26 15:18:40,013 | INFO     | uvicorn.error        | Shutting down
2026-05-26 15:18:40,134 | INFO     | uvicorn.error        | Waiting for application shutdown.
2026-05-26 15:18:40,143 | INFO     | server               | ============================================================
2026-05-26 15:18:40,143 | INFO     | server               | CORE SERVICE SHUTTING DOWN
2026-05-26 15:18:40,143 | INFO     | server               | ============================================================
2026-05-26 15:18:40,144 | INFO     | uvicorn.error        | Application shutdown complete.
2026-05-26 15:18:40,151 | INFO     | uvicorn.error        | Finished server process [6064]
2026-05-26 15:18:40,342 | DEBUG    | httpcore.connection  | close.started
2026-05-26 15:18:40,392 | DEBUG    | httpcore.connection  | close.complete
