2026-05-25 23:05:54,300 | INFO     | server               | ============================================================
2026-05-25 23:05:54,300 | INFO     | server               | CORE SERVICE INITIALIZATION
2026-05-25 23:05:54,300 | INFO     | server               | ============================================================
2026-05-25 23:05:54,301 | INFO     | server               | Creating Core instance...
2026-05-25 23:05:54,301 | INFO     | main_module          | ==================================================
2026-05-25 23:05:54,301 | INFO     | main_module          | Core module initialization started
2026-05-25 23:05:54,302 | DEBUG    | main_module          | Initializing Filter module...
2026-05-25 23:05:54,302 | INFO     | modules.filter.filter | Initializing Filter module...
2026-05-25 23:05:54,302 | DEBUG    | modules.filter.filter | Loading STT filter model...
2026-05-25 23:05:54,302 | INFO     | modules.filter.stt_filter.stt_filter | Initializing SttFilter...
2026-05-25 23:05:54,302 | DEBUG    | modules.filter.stt_filter.stt_filter | Loading SttImpModel...
2026-05-25 23:05:54,302 | INFO     | modules.filter.stt_filter.imp_model.imp_model | Initializing SttImpModel...
2026-05-25 23:05:54,303 | DEBUG    | modules.filter.stt_filter.imp_model.imp_model | Loading Model...
2026-05-25 23:05:54,336 | INFO     | modules.filter.stt_filter.imp_model.models.own_model.transformer.pytorch_attention.init | MultiHeadAttention initialized
2026-05-25 23:05:54,336 | INFO     | modules.filter.stt_filter.imp_model.models.own_model.transformer.pytorch_attention.init | MultiHeadAttentionlConfig: d_model=256, heads=8
2026-05-25 23:05:54,340 | INFO     | modules.filter.stt_filter.imp_model.models.own_model.transformer.feedforward.init | Feedforward initialized
2026-05-25 23:05:54,340 | INFO     | modules.filter.stt_filter.imp_model.models.own_model.transformer.feedforward.init | FeedforwardlConfig: d_model=256, d_ff=1024
2026-05-25 23:05:54,341 | INFO     | modules.filter.stt_filter.imp_model.models.own_model.transformer.encoder.init | Encoder initialized
2026-05-25 23:05:54,341 | INFO     | modules.filter.stt_filter.imp_model.models.own_model.transformer.encoder.init | EncoderlConfig: d_model=256, heads=8, d_ff=1024, dropout=0.31622776601683794
2026-05-25 23:05:54,370 | DEBUG    | httpcore.connection  | connect_tcp.started host='huggingface.co' port=443 local_address=None timeout=10 socket_options=None
2026-05-25 23:05:54,396 | DEBUG    | httpcore.connection  | connect_tcp.complete return_value=<httpcore._backends.sync.SyncStream object at 0x7ca9858f6320>
2026-05-25 23:05:54,396 | DEBUG    | httpcore.connection  | start_tls.started ssl_context=<ssl.SSLContext object at 0x7ca985906b40> server_hostname='huggingface.co' timeout=10
2026-05-25 23:05:54,419 | DEBUG    | httpcore.connection  | start_tls.complete return_value=<httpcore._backends.sync.SyncStream object at 0x7ca9858f61a0>
2026-05-25 23:05:54,419 | DEBUG    | httpcore.http11      | send_request_headers.started request=<Request [b'HEAD']>
2026-05-25 23:05:54,419 | DEBUG    | httpcore.http11      | send_request_headers.complete
2026-05-25 23:05:54,419 | DEBUG    | httpcore.http11      | send_request_body.started request=<Request [b'HEAD']>
2026-05-25 23:05:54,419 | DEBUG    | httpcore.http11      | send_request_body.complete
2026-05-25 23:05:54,420 | DEBUG    | httpcore.http11      | receive_response_headers.started request=<Request [b'HEAD']>
2026-05-25 23:05:54,575 | DEBUG    | httpcore.http11      | receive_response_headers.complete return_value=(b'HTTP/1.1', 307, b'Temporary Redirect', [(b'Content-Type', b'text/plain; charset=utf-8'), (b'Content-Length', b'238'), (b'Connection', b'keep-alive'), (b'Date', b'Mon, 25 May 2026 20:05:54 GMT'), (b'Location', b'/api/resolve-cache/models/boltuix/bert-lite/bc0e85c1c303ee38a6b4a7276ce7cf6d0581cce5/config.json?%2Fboltuix%2Fbert-lite%2Fresolve%2Fmain%2Fconfig.json=&etag=%2281ba83673fa0d07fc98d4ba418715df42ab28a6f%22'), (b'X-Powered-By', b'huggingface-moon'), (b'X-Request-Id', b'Root=1-6a14aba2-0c2faad02fa291812843a107;15b22cf2-de97-4910-ae31-8e13d8d1081b'), (b'RateLimit', b'"resolvers";r=4993;t=1'), (b'RateLimit-Policy', b'"fixed window";"resolvers";q=5000;w=300'), (b'cross-origin-opener-policy', b'same-origin'), (b'Referrer-Policy', b'strict-origin-when-cross-origin'), (b'Access-Control-Max-Age', b'86400'), (b'Access-Control-Allow-Origin', b'https://huggingface.co'), (b'Vary', b'Origin, Accept'), (b'Access-Control-Expose-Headers', b'X-Repo-Commit,X-Request-Id,X-Error-Code,X-Error-Message,X-Total-Count,ETag,Link,Accept-Ranges,Content-Range,X-Linked-Size,X-Linked-ETag,X-Xet-Hash'), (b'X-Repo-Commit', b'bc0e85c1c303ee38a6b4a7276ce7cf6d0581cce5'), (b'Accept-Ranges', b'bytes'), (b'X-Hub-Cache', b'MISS'), (b'Content-Disposition', b'inline; filename*=UTF-8\'\'config.json; filename="config.json";'), (b'Content-Security-Policy', b"default-src 'none'; sandbox"), (b'X-Linked-ETag', b'"81ba83673fa0d07fc98d4ba418715df42ab28a6f"'), (b'X-Cache', b'Miss from cloudfront'), (b'Via', b'1.1 46f331563d4a8baa77a470097fa3a10c.cloudfront.net (CloudFront)'), (b'X-Amz-Cf-Pop', b'HEL51-P2'), (b'X-Amz-Cf-Id', b'M-F4iKZd6NrDKho-wiUVllRqLjlqglhMSrs-Tb1QWAmRxqlUJGHLiw==')])
2026-05-25 23:05:54,576 | INFO     | httpx                | HTTP Request: HEAD https://huggingface.co/boltuix/bert-lite/resolve/main/config.json "HTTP/1.1 307 Temporary Redirect"
2026-05-25 23:05:54,577 | DEBUG    | httpcore.http11      | receive_response_body.started request=<Request [b'HEAD']>
2026-05-25 23:05:54,578 | DEBUG    | httpcore.http11      | receive_response_body.complete
2026-05-25 23:05:54,578 | DEBUG    | httpcore.http11      | response_closed.started
2026-05-25 23:05:54,578 | DEBUG    | httpcore.http11      | response_closed.complete
2026-05-25 23:05:54,579 | DEBUG    | httpcore.http11      | send_request_headers.started request=<Request [b'HEAD']>
2026-05-25 23:05:54,580 | DEBUG    | httpcore.http11      | send_request_headers.complete
2026-05-25 23:05:54,580 | DEBUG    | httpcore.http11      | send_request_body.started request=<Request [b'HEAD']>
2026-05-25 23:05:54,580 | DEBUG    | httpcore.http11      | send_request_body.complete
2026-05-25 23:05:54,581 | DEBUG    | httpcore.http11      | receive_response_headers.started request=<Request [b'HEAD']>
2026-05-25 23:05:54,603 | DEBUG    | httpcore.http11      | receive_response_headers.complete return_value=(b'HTTP/1.1', 200, b'OK', [(b'Content-Type', b'text/plain; charset=utf-8'), (b'Content-Length', b'587'), (b'Connection', b'keep-alive'), (b'Date', b'Wed, 13 May 2026 12:33:48 GMT'), (b'ETag', b'"81ba83673fa0d07fc98d4ba418715df42ab28a6f"'), (b'X-Powered-By', b'huggingface-moon'), (b'X-Request-Id', b'Root=1-6a046fac-1335b433506b8b384391f3c6;adbfdde3-1218-4a8d-ac5d-f6fb77b28728'), (b'RateLimit', b'"resolvers";r=4998;t=127'), (b'RateLimit-Policy', b'"fixed window";"resolvers";q=5000;w=300'), (b'cross-origin-opener-policy', b'same-origin'), (b'Referrer-Policy', b'strict-origin-when-cross-origin'), (b'Access-Control-Max-Age', b'86400'), (b'Access-Control-Allow-Origin', b'https://huggingface.co'), (b'Access-Control-Expose-Headers', b'X-Repo-Commit,X-Request-Id,X-Error-Code,X-Error-Message,X-Total-Count,ETag,Link,Accept-Ranges,Content-Range,X-Linked-Size,X-Linked-ETag,X-Xet-Hash'), (b'X-Repo-Commit', b'bc0e85c1c303ee38a6b4a7276ce7cf6d0581cce5'), (b'Accept-Ranges', b'bytes'), (b'X-Hub-Cache', b'MISS'), (b'Content-Disposition', b'inline; filename*=UTF-8\'\'config.json; filename="config.json";'), (b'Content-Security-Policy', b"default-src 'none'; sandbox"), (b'Vary', b'Origin'), (b'X-Cache', b'Hit from cloudfront'), (b'Via', b'1.1 46f331563d4a8baa77a470097fa3a10c.cloudfront.net (CloudFront)'), (b'X-Amz-Cf-Pop', b'HEL51-P2'), (b'X-Amz-Cf-Id', b'seO3qSFOpfocS0m_d4FlHCkVNlpj2C8EyNgS06ww8jh6i4obEAPMsw=='), (b'Age', b'1063926')])
2026-05-25 23:05:54,603 | INFO     | httpx                | HTTP Request: HEAD https://huggingface.co/api/resolve-cache/models/boltuix/bert-lite/bc0e85c1c303ee38a6b4a7276ce7cf6d0581cce5/config.json "HTTP/1.1 200 OK"
2026-05-25 23:05:54,604 | DEBUG    | httpcore.http11      | receive_response_body.started request=<Request [b'HEAD']>
2026-05-25 23:05:54,604 | DEBUG    | httpcore.http11      | receive_response_body.complete
2026-05-25 23:05:54,604 | DEBUG    | httpcore.http11      | response_closed.started
2026-05-25 23:05:54,605 | DEBUG    | httpcore.http11      | response_closed.complete
2026-05-25 23:05:54,630 | DEBUG    | httpcore.http11      | send_request_headers.started request=<Request [b'HEAD']>
2026-05-25 23:05:54,630 | DEBUG    | httpcore.http11      | send_request_headers.complete
2026-05-25 23:05:54,631 | DEBUG    | httpcore.http11      | send_request_body.started request=<Request [b'HEAD']>
2026-05-25 23:05:54,631 | DEBUG    | httpcore.http11      | send_request_body.complete
2026-05-25 23:05:54,631 | DEBUG    | httpcore.http11      | receive_response_headers.started request=<Request [b'HEAD']>
2026-05-25 23:05:54,782 | DEBUG    | httpcore.http11      | receive_response_headers.complete return_value=(b'HTTP/1.1', 307, b'Temporary Redirect', [(b'Content-Type', b'text/plain; charset=utf-8'), (b'Content-Length', b'258'), (b'Connection', b'keep-alive'), (b'Date', b'Mon, 25 May 2026 20:05:54 GMT'), (b'Location', b'/api/resolve-cache/models/boltuix/bert-lite/bc0e85c1c303ee38a6b4a7276ce7cf6d0581cce5/tokenizer_config.json?%2Fboltuix%2Fbert-lite%2Fresolve%2Fmain%2Ftokenizer_config.json=&etag=%22d5c1bb83f067f79da262aed09cbefafcbe8b4805%22'), (b'X-Powered-By', b'huggingface-moon'), (b'X-Request-Id', b'Root=1-6a14aba2-4941bad77ff919957e49303f;155c1533-026d-4e6f-bec9-26690850f281'), (b'RateLimit', b'"resolvers";r=4992;t=1'), (b'RateLimit-Policy', b'"fixed window";"resolvers";q=5000;w=300'), (b'cross-origin-opener-policy', b'same-origin'), (b'Referrer-Policy', b'strict-origin-when-cross-origin'), (b'Access-Control-Max-Age', b'86400'), (b'Access-Control-Allow-Origin', b'https://huggingface.co'), (b'Vary', b'Origin, Accept'), (b'Access-Control-Expose-Headers', b'X-Repo-Commit,X-Request-Id,X-Error-Code,X-Error-Message,X-Total-Count,ETag,Link,Accept-Ranges,Content-Range,X-Linked-Size,X-Linked-ETag,X-Xet-Hash'), (b'X-Repo-Commit', b'bc0e85c1c303ee38a6b4a7276ce7cf6d0581cce5'), (b'Accept-Ranges', b'bytes'), (b'X-Hub-Cache', b'MISS'), (b'Content-Disposition', b'inline; filename*=UTF-8\'\'tokenizer_config.json; filename="tokenizer_config.json";'), (b'Content-Security-Policy', b"default-src 'none'; sandbox"), (b'X-Linked-ETag', b'"d5c1bb83f067f79da262aed09cbefafcbe8b4805"'), (b'X-Cache', b'Miss from cloudfront'), (b'Via', b'1.1 46f331563d4a8baa77a470097fa3a10c.cloudfront.net (CloudFront)'), (b'X-Amz-Cf-Pop', b'HEL51-P2'), (b'X-Amz-Cf-Id', b'br_o_74Tn1S6-5AtbnkbO1zciXMnbp3J1JE9F9VaER1_DG0kNnvpjQ==')])
2026-05-25 23:05:54,783 | INFO     | httpx                | HTTP Request: HEAD https://huggingface.co/boltuix/bert-lite/resolve/main/tokenizer_config.json "HTTP/1.1 307 Temporary Redirect"
2026-05-25 23:05:54,784 | DEBUG    | httpcore.http11      | receive_response_body.started request=<Request [b'HEAD']>
2026-05-25 23:05:54,784 | DEBUG    | httpcore.http11      | receive_response_body.complete
2026-05-25 23:05:54,784 | DEBUG    | httpcore.http11      | response_closed.started
2026-05-25 23:05:54,784 | DEBUG    | httpcore.http11      | response_closed.complete
2026-05-25 23:05:54,785 | DEBUG    | httpcore.http11      | send_request_headers.started request=<Request [b'HEAD']>
2026-05-25 23:05:54,786 | DEBUG    | httpcore.http11      | send_request_headers.complete
2026-05-25 23:05:54,786 | DEBUG    | httpcore.http11      | send_request_body.started request=<Request [b'HEAD']>
2026-05-25 23:05:54,786 | DEBUG    | httpcore.http11      | send_request_body.complete
2026-05-25 23:05:54,786 | DEBUG    | httpcore.http11      | receive_response_headers.started request=<Request [b'HEAD']>
2026-05-25 23:05:54,808 | DEBUG    | httpcore.http11      | receive_response_headers.complete return_value=(b'HTTP/1.1', 200, b'OK', [(b'Content-Type', b'text/plain; charset=utf-8'), (b'Content-Length', b'1300'), (b'Connection', b'keep-alive'), (b'Date', b'Wed, 13 May 2026 12:33:49 GMT'), (b'ETag', b'"d5c1bb83f067f79da262aed09cbefafcbe8b4805"'), (b'X-Powered-By', b'huggingface-moon'), (b'X-Request-Id', b'Root=1-6a046fad-0b06b5443de61d2216ce7b5e;c30943df-c246-4194-9edb-c69729443dee'), (b'RateLimit', b'"resolvers";r=4995;t=126'), (b'RateLimit-Policy', b'"fixed window";"resolvers";q=5000;w=300'), (b'cross-origin-opener-policy', b'same-origin'), (b'Referrer-Policy', b'strict-origin-when-cross-origin'), (b'Access-Control-Max-Age', b'86400'), (b'Access-Control-Allow-Origin', b'https://huggingface.co'), (b'Access-Control-Expose-Headers', b'X-Repo-Commit,X-Request-Id,X-Error-Code,X-Error-Message,X-Total-Count,ETag,Link,Accept-Ranges,Content-Range,X-Linked-Size,X-Linked-ETag,X-Xet-Hash'), (b'X-Repo-Commit', b'bc0e85c1c303ee38a6b4a7276ce7cf6d0581cce5'), (b'Accept-Ranges', b'bytes'), (b'X-Hub-Cache', b'MISS'), (b'Content-Disposition', b'inline; filename*=UTF-8\'\'tokenizer_config.json; filename="tokenizer_config.json";'), (b'Content-Security-Policy', b"default-src 'none'; sandbox"), (b'Vary', b'Origin'), (b'X-Cache', b'Hit from cloudfront'), (b'Via', b'1.1 46f331563d4a8baa77a470097fa3a10c.cloudfront.net (CloudFront)'), (b'X-Amz-Cf-Pop', b'HEL51-P2'), (b'X-Amz-Cf-Id', b'OoDeUeYyq23TAp_rG71SNSqSblMup50EKzOsxNfrjzDd0fOGEcDISw=='), (b'Age', b'1063925')])
2026-05-25 23:05:54,809 | INFO     | httpx                | HTTP Request: HEAD https://huggingface.co/api/resolve-cache/models/boltuix/bert-lite/bc0e85c1c303ee38a6b4a7276ce7cf6d0581cce5/tokenizer_config.json "HTTP/1.1 200 OK"
2026-05-25 23:05:54,809 | DEBUG    | httpcore.http11      | receive_response_body.started request=<Request [b'HEAD']>
2026-05-25 23:05:54,810 | DEBUG    | httpcore.http11      | receive_response_body.complete
2026-05-25 23:05:54,810 | DEBUG    | httpcore.http11      | response_closed.started
2026-05-25 23:05:54,810 | DEBUG    | httpcore.http11      | response_closed.complete
2026-05-25 23:05:54,838 | DEBUG    | httpcore.http11      | send_request_headers.started request=<Request [b'GET']>
2026-05-25 23:05:54,838 | DEBUG    | httpcore.http11      | send_request_headers.complete
2026-05-25 23:05:54,838 | DEBUG    | httpcore.http11      | send_request_body.started request=<Request [b'GET']>
2026-05-25 23:05:54,839 | DEBUG    | httpcore.http11      | send_request_body.complete
2026-05-25 23:05:54,839 | DEBUG    | httpcore.http11      | receive_response_headers.started request=<Request [b'GET']>
2026-05-25 23:05:54,995 | DEBUG    | httpcore.http11      | receive_response_headers.complete return_value=(b'HTTP/1.1', 404, b'Not Found', [(b'Content-Type', b'application/json; charset=utf-8'), (b'Content-Length', b'64'), (b'Connection', b'keep-alive'), (b'Date', b'Mon, 25 May 2026 20:05:54 GMT'), (b'ETag', b'W/"40-09f9IAqP13xarAhQxFS2W8rvRkM"'), (b'X-Powered-By', b'huggingface-moon'), (b'X-Request-Id', b'Root=1-6a14aba2-3a12aa94110dfd175d443be9;b711326a-1a6a-4e44-90d6-a3528b1ace62'), (b'RateLimit', b'"api";r=995;t=1'), (b'RateLimit-Policy', b'"fixed window";"api";q=1000;w=300'), (b'cross-origin-opener-policy', b'same-origin'), (b'Referrer-Policy', b'strict-origin-when-cross-origin'), (b'Access-Control-Max-Age', b'86400'), (b'Access-Control-Allow-Origin', b'https://huggingface.co'), (b'Vary', b'Origin'), (b'Access-Control-Expose-Headers', b'X-Repo-Commit,X-Request-Id,X-Error-Code,X-Error-Message,X-Total-Count,ETag,Link,Accept-Ranges,Content-Range,X-Linked-Size,X-Linked-ETag,X-Xet-Hash'), (b'X-Error-Code', b'EntryNotFound'), (b'X-Error-Message', b'additional_chat_templates does not exist on "main"'), (b'X-Cache', b'Error from cloudfront'), (b'Via', b'1.1 46f331563d4a8baa77a470097fa3a10c.cloudfront.net (CloudFront)'), (b'X-Amz-Cf-Pop', b'HEL51-P2'), (b'X-Amz-Cf-Id', b'Nekzj_o62JdHjSzTkD947f2Lc8TgEkeQrTBP8DbQohNZdhk-SXTmsQ==')])
2026-05-25 23:05:54,996 | INFO     | httpx                | HTTP Request: GET https://huggingface.co/api/models/boltuix/bert-lite/tree/main/additional_chat_templates?recursive=false&expand=false "HTTP/1.1 404 Not Found"
2026-05-25 23:05:54,996 | DEBUG    | httpcore.http11      | receive_response_body.started request=<Request [b'GET']>
2026-05-25 23:05:54,996 | DEBUG    | httpcore.http11      | receive_response_body.complete
2026-05-25 23:05:54,997 | DEBUG    | httpcore.http11      | response_closed.started
2026-05-25 23:05:54,997 | DEBUG    | httpcore.http11      | response_closed.complete
2026-05-25 23:05:55,002 | DEBUG    | httpcore.http11      | send_request_headers.started request=<Request [b'GET']>
2026-05-25 23:05:55,002 | DEBUG    | httpcore.http11      | send_request_headers.complete
2026-05-25 23:05:55,003 | DEBUG    | httpcore.http11      | send_request_body.started request=<Request [b'GET']>
2026-05-25 23:05:55,003 | DEBUG    | httpcore.http11      | send_request_body.complete
2026-05-25 23:05:55,003 | DEBUG    | httpcore.http11      | receive_response_headers.started request=<Request [b'GET']>
2026-05-25 23:05:55,160 | DEBUG    | httpcore.http11      | receive_response_headers.complete return_value=(b'HTTP/1.1', 200, b'OK', [(b'Content-Type', b'application/json; charset=utf-8'), (b'Transfer-Encoding', b'chunked'), (b'Connection', b'keep-alive'), (b'Date', b'Mon, 25 May 2026 20:05:55 GMT'), (b'content-encoding', b'gzip'), (b'ETag', b'W/"3f4-p6e3v60yrWQMyQA/1oVBgtFThWc"'), (b'X-Powered-By', b'huggingface-moon'), (b'X-Request-Id', b'Root=1-6a14aba3-377c77230abc1bb079a9b950;680de448-b5f3-49a9-802b-ca3f727a71d4'), (b'RateLimit', b'"api";r=999;t=300'), (b'RateLimit-Policy', b'"fixed window";"api";q=1000;w=300'), (b'cross-origin-opener-policy', b'same-origin'), (b'Referrer-Policy', b'strict-origin-when-cross-origin'), (b'Access-Control-Max-Age', b'86400'), (b'Access-Control-Allow-Origin', b'https://huggingface.co'), (b'Vary', b'Origin'), (b'vary', b'Accept-Encoding'), (b'Access-Control-Expose-Headers', b'X-Repo-Commit,X-Request-Id,X-Error-Code,X-Error-Message,X-Total-Count,ETag,Link,Accept-Ranges,Content-Range,X-Linked-Size,X-Linked-ETag,X-Xet-Hash'), (b'X-Cache', b'Miss from cloudfront'), (b'Via', b'1.1 46f331563d4a8baa77a470097fa3a10c.cloudfront.net (CloudFront)'), (b'X-Amz-Cf-Pop', b'HEL51-P2'), (b'X-Amz-Cf-Id', b's9PPPfw8jHWpiV6kudhx-rkJODttfPWwJH2_UYs_wH3m0ZOwiWOc9A==')])
2026-05-25 23:05:55,161 | INFO     | httpx                | HTTP Request: GET https://huggingface.co/api/models/boltuix/bert-lite/tree/main?recursive=true&expand=false "HTTP/1.1 200 OK"
2026-05-25 23:05:55,161 | DEBUG    | httpcore.http11      | receive_response_body.started request=<Request [b'GET']>
2026-05-25 23:05:55,162 | DEBUG    | httpcore.http11      | receive_response_body.complete
2026-05-25 23:05:55,162 | DEBUG    | httpcore.http11      | response_closed.started
2026-05-25 23:05:55,162 | DEBUG    | httpcore.http11      | response_closed.complete
2026-05-25 23:05:55,238 | DEBUG    | httpcore.http11      | send_request_headers.started request=<Request [b'HEAD']>
2026-05-25 23:05:55,238 | DEBUG    | httpcore.http11      | send_request_headers.complete
2026-05-25 23:05:55,238 | DEBUG    | httpcore.http11      | send_request_body.started request=<Request [b'HEAD']>
2026-05-25 23:05:55,238 | DEBUG    | httpcore.http11      | send_request_body.complete
2026-05-25 23:05:55,238 | DEBUG    | httpcore.http11      | receive_response_headers.started request=<Request [b'HEAD']>
2026-05-25 23:05:55,393 | DEBUG    | httpcore.http11      | receive_response_headers.complete return_value=(b'HTTP/1.1', 307, b'Temporary Redirect', [(b'Content-Type', b'text/plain; charset=utf-8'), (b'Content-Length', b'238'), (b'Connection', b'keep-alive'), (b'Date', b'Mon, 25 May 2026 20:05:55 GMT'), (b'Location', b'/api/resolve-cache/models/boltuix/bert-lite/bc0e85c1c303ee38a6b4a7276ce7cf6d0581cce5/config.json?%2Fboltuix%2Fbert-lite%2Fresolve%2Fmain%2Fconfig.json=&etag=%2281ba83673fa0d07fc98d4ba418715df42ab28a6f%22'), (b'X-Powered-By', b'huggingface-moon'), (b'X-Request-Id', b'Root=1-6a14aba3-4c59e6bf353cd70c05f0ece0;15c5fb09-7627-457a-9771-9230980f517f'), (b'RateLimit', b'"resolvers";r=4999;t=300'), (b'RateLimit-Policy', b'"fixed window";"resolvers";q=5000;w=300'), (b'cross-origin-opener-policy', b'same-origin'), (b'Referrer-Policy', b'strict-origin-when-cross-origin'), (b'Access-Control-Max-Age', b'86400'), (b'Access-Control-Allow-Origin', b'https://huggingface.co'), (b'Vary', b'Origin, Accept'), (b'Access-Control-Expose-Headers', b'X-Repo-Commit,X-Request-Id,X-Error-Code,X-Error-Message,X-Total-Count,ETag,Link,Accept-Ranges,Content-Range,X-Linked-Size,X-Linked-ETag,X-Xet-Hash'), (b'X-Repo-Commit', b'bc0e85c1c303ee38a6b4a7276ce7cf6d0581cce5'), (b'Accept-Ranges', b'bytes'), (b'X-Hub-Cache', b'MISS'), (b'Content-Disposition', b'inline; filename*=UTF-8\'\'config.json; filename="config.json";'), (b'Content-Security-Policy', b"default-src 'none'; sandbox"), (b'X-Linked-ETag', b'"81ba83673fa0d07fc98d4ba418715df42ab28a6f"'), (b'X-Cache', b'Miss from cloudfront'), (b'Via', b'1.1 46f331563d4a8baa77a470097fa3a10c.cloudfront.net (CloudFront)'), (b'X-Amz-Cf-Pop', b'HEL51-P2'), (b'X-Amz-Cf-Id', b'kUvKvdEJsZQVx-K6mqryj_QRX6TvA3p1vk2s6DVuqWIzeOGBCGi3CA==')])
2026-05-25 23:05:55,393 | INFO     | httpx                | HTTP Request: HEAD https://huggingface.co/boltuix/bert-lite/resolve/main/config.json "HTTP/1.1 307 Temporary Redirect"
2026-05-25 23:05:55,394 | DEBUG    | httpcore.http11      | receive_response_body.started request=<Request [b'HEAD']>
2026-05-25 23:05:55,394 | DEBUG    | httpcore.http11      | receive_response_body.complete
2026-05-25 23:05:55,394 | DEBUG    | httpcore.http11      | response_closed.started
2026-05-25 23:05:55,394 | DEBUG    | httpcore.http11      | response_closed.complete
2026-05-25 23:05:55,395 | DEBUG    | httpcore.http11      | send_request_headers.started request=<Request [b'HEAD']>
2026-05-25 23:05:55,396 | DEBUG    | httpcore.http11      | send_request_headers.complete
2026-05-25 23:05:55,396 | DEBUG    | httpcore.http11      | send_request_body.started request=<Request [b'HEAD']>
2026-05-25 23:05:55,396 | DEBUG    | httpcore.http11      | send_request_body.complete
2026-05-25 23:05:55,397 | DEBUG    | httpcore.http11      | receive_response_headers.started request=<Request [b'HEAD']>
2026-05-25 23:05:55,419 | DEBUG    | httpcore.http11      | receive_response_headers.complete return_value=(b'HTTP/1.1', 200, b'OK', [(b'Content-Type', b'text/plain; charset=utf-8'), (b'Content-Length', b'587'), (b'Connection', b'keep-alive'), (b'Date', b'Wed, 13 May 2026 12:33:48 GMT'), (b'ETag', b'"81ba83673fa0d07fc98d4ba418715df42ab28a6f"'), (b'X-Powered-By', b'huggingface-moon'), (b'X-Request-Id', b'Root=1-6a046fac-1335b433506b8b384391f3c6;adbfdde3-1218-4a8d-ac5d-f6fb77b28728'), (b'RateLimit', b'"resolvers";r=4998;t=127'), (b'RateLimit-Policy', b'"fixed window";"resolvers";q=5000;w=300'), (b'cross-origin-opener-policy', b'same-origin'), (b'Referrer-Policy', b'strict-origin-when-cross-origin'), (b'Access-Control-Max-Age', b'86400'), (b'Access-Control-Allow-Origin', b'https://huggingface.co'), (b'Access-Control-Expose-Headers', b'X-Repo-Commit,X-Request-Id,X-Error-Code,X-Error-Message,X-Total-Count,ETag,Link,Accept-Ranges,Content-Range,X-Linked-Size,X-Linked-ETag,X-Xet-Hash'), (b'X-Repo-Commit', b'bc0e85c1c303ee38a6b4a7276ce7cf6d0581cce5'), (b'Accept-Ranges', b'bytes'), (b'X-Hub-Cache', b'MISS'), (b'Content-Disposition', b'inline; filename*=UTF-8\'\'config.json; filename="config.json";'), (b'Content-Security-Policy', b"default-src 'none'; sandbox"), (b'Vary', b'Origin'), (b'X-Cache', b'Hit from cloudfront'), (b'Via', b'1.1 46f331563d4a8baa77a470097fa3a10c.cloudfront.net (CloudFront)'), (b'X-Amz-Cf-Pop', b'HEL51-P2'), (b'X-Amz-Cf-Id', b'g5LvCa1WuhM7Px8datrF9Fq07MKWMjrc_iYKhQ0aSVF7XeXaCQwUew=='), (b'Age', b'1063927')])
2026-05-25 23:05:55,420 | INFO     | httpx                | HTTP Request: HEAD https://huggingface.co/api/resolve-cache/models/boltuix/bert-lite/bc0e85c1c303ee38a6b4a7276ce7cf6d0581cce5/config.json "HTTP/1.1 200 OK"
2026-05-25 23:05:55,420 | DEBUG    | httpcore.http11      | receive_response_body.started request=<Request [b'HEAD']>
2026-05-25 23:05:55,421 | DEBUG    | httpcore.http11      | receive_response_body.complete
2026-05-25 23:05:55,421 | DEBUG    | httpcore.http11      | response_closed.started
2026-05-25 23:05:55,421 | DEBUG    | httpcore.http11      | response_closed.complete
2026-05-25 23:05:55,591 | INFO     | modules.filter.stt_filter.imp_model.imp_model | ✓ SttImpModel initialized successfully
2026-05-25 23:05:55,592 | DEBUG    | modules.filter.stt_filter.stt_filter | Loading ShouldShutUpModel...
2026-05-25 23:05:55,592 | INFO     | modules.filter.stt_filter.should_shut_up.should_shut_up_model | Initializing ShouldShutUpModel...
2026-05-25 23:05:55,592 | DEBUG    | modules.filter.stt_filter.should_shut_up.should_shut_up_model | Loading Model...
2026-05-25 23:05:55,608 | INFO     | sentence_transformers.base.model | No device provided, using cpu
2026-05-25 23:05:55,609 | DEBUG    | httpcore.http11      | send_request_headers.started request=<Request [b'HEAD']>
2026-05-25 23:05:55,609 | DEBUG    | httpcore.http11      | send_request_headers.complete
2026-05-25 23:05:55,610 | DEBUG    | httpcore.http11      | send_request_body.started request=<Request [b'HEAD']>
2026-05-25 23:05:55,610 | DEBUG    | httpcore.http11      | send_request_body.complete
2026-05-25 23:05:55,610 | DEBUG    | httpcore.http11      | receive_response_headers.started request=<Request [b'HEAD']>
2026-05-25 23:05:55,769 | DEBUG    | httpcore.http11      | receive_response_headers.complete return_value=(b'HTTP/1.1', 307, b'Temporary Redirect', [(b'Content-Type', b'text/plain; charset=utf-8'), (b'Content-Length', b'324'), (b'Connection', b'keep-alive'), (b'Date', b'Mon, 25 May 2026 20:05:55 GMT'), (b'Location', b'/api/resolve-cache/models/sentence-transformers/paraphrase-multilingual-MiniLM-L12-v2/e8f8c211226b894fcb81acc59f3b34ba3efd5f42/modules.json?%2Fsentence-transformers%2Fparaphrase-multilingual-MiniLM-L12-v2%2Fresolve%2Fmain%2Fmodules.json=&etag=%22f7640f94e81bb7f4f04daf1668850b38763a13d9%22'), (b'X-Powered-By', b'huggingface-moon'), (b'X-Request-Id', b'Root=1-6a14aba3-0e37854f240a94ab566aa255;9f14d27b-0216-45a2-92da-846b06065c4b'), (b'RateLimit', b'"resolvers";r=4998;t=300'), (b'RateLimit-Policy', b'"fixed window";"resolvers";q=5000;w=300'), (b'cross-origin-opener-policy', b'same-origin'), (b'Referrer-Policy', b'strict-origin-when-cross-origin'), (b'Access-Control-Max-Age', b'86400'), (b'Access-Control-Allow-Origin', b'https://huggingface.co'), (b'Vary', b'Origin, Accept'), (b'Access-Control-Expose-Headers', b'X-Repo-Commit,X-Request-Id,X-Error-Code,X-Error-Message,X-Total-Count,ETag,Link,Accept-Ranges,Content-Range,X-Linked-Size,X-Linked-ETag,X-Xet-Hash'), (b'X-Repo-Commit', b'e8f8c211226b894fcb81acc59f3b34ba3efd5f42'), (b'Accept-Ranges', b'bytes'), (b'X-Hub-Cache', b'HIT'), (b'Content-Disposition', b'inline; filename*=UTF-8\'\'modules.json; filename="modules.json";'), (b'Content-Security-Policy', b"default-src 'none'; sandbox"), (b'X-Linked-ETag', b'"f7640f94e81bb7f4f04daf1668850b38763a13d9"'), (b'X-Cache', b'Miss from cloudfront'), (b'Via', b'1.1 46f331563d4a8baa77a470097fa3a10c.cloudfront.net (CloudFront)'), (b'X-Amz-Cf-Pop', b'HEL51-P2'), (b'X-Amz-Cf-Id', b'q_VciJFCSCHajfnw3KJ8bt2orO0LLGq8iURV5RLyWX2EtmIoPBRHJg==')])
2026-05-25 23:05:55,770 | INFO     | httpx                | HTTP Request: HEAD https://huggingface.co/sentence-transformers/paraphrase-multilingual-MiniLM-L12-v2/resolve/main/modules.json "HTTP/1.1 307 Temporary Redirect"
2026-05-25 23:05:55,771 | DEBUG    | httpcore.http11      | receive_response_body.started request=<Request [b'HEAD']>
2026-05-25 23:05:55,771 | DEBUG    | httpcore.http11      | receive_response_body.complete
2026-05-25 23:05:55,771 | DEBUG    | httpcore.http11      | response_closed.started
2026-05-25 23:05:55,771 | DEBUG    | httpcore.http11      | response_closed.complete
2026-05-25 23:05:55,773 | DEBUG    | httpcore.http11      | send_request_headers.started request=<Request [b'HEAD']>
2026-05-25 23:05:55,773 | DEBUG    | httpcore.http11      | send_request_headers.complete
2026-05-25 23:05:55,774 | DEBUG    | httpcore.http11      | send_request_body.started request=<Request [b'HEAD']>
2026-05-25 23:05:55,774 | DEBUG    | httpcore.http11      | send_request_body.complete
2026-05-25 23:05:55,774 | DEBUG    | httpcore.http11      | receive_response_headers.started request=<Request [b'HEAD']>
2026-05-25 23:05:55,796 | DEBUG    | httpcore.http11      | receive_response_headers.complete return_value=(b'HTTP/1.1', 200, b'OK', [(b'Content-Type', b'text/plain; charset=utf-8'), (b'Content-Length', b'229'), (b'Connection', b'keep-alive'), (b'Date', b'Sat, 23 May 2026 16:52:52 GMT'), (b'ETag', b'"f7640f94e81bb7f4f04daf1668850b38763a13d9"'), (b'X-Powered-By', b'huggingface-moon'), (b'X-Request-Id', b'Root=1-6a11db64-353ecde50d764e0126445d81;a473582b-af0f-4ac3-9ef1-267fcb60c843'), (b'RateLimit', b'"resolvers";r=4998;t=183'), (b'RateLimit-Policy', b'"fixed window";"resolvers";q=5000;w=300'), (b'cross-origin-opener-policy', b'same-origin'), (b'Referrer-Policy', b'strict-origin-when-cross-origin'), (b'Access-Control-Max-Age', b'86400'), (b'Access-Control-Allow-Origin', b'https://huggingface.co'), (b'Access-Control-Expose-Headers', b'X-Repo-Commit,X-Request-Id,X-Error-Code,X-Error-Message,X-Total-Count,ETag,Link,Accept-Ranges,Content-Range,X-Linked-Size,X-Linked-ETag,X-Xet-Hash'), (b'X-Repo-Commit', b'e8f8c211226b894fcb81acc59f3b34ba3efd5f42'), (b'Accept-Ranges', b'bytes'), (b'X-Hub-Cache', b'MISS'), (b'Content-Disposition', b'inline; filename*=UTF-8\'\'modules.json; filename="modules.json";'), (b'Content-Security-Policy', b"default-src 'none'; sandbox"), (b'Vary', b'Origin'), (b'X-Cache', b'Hit from cloudfront'), (b'Via', b'1.1 46f331563d4a8baa77a470097fa3a10c.cloudfront.net (CloudFront)'), (b'X-Amz-Cf-Pop', b'HEL51-P2'), (b'X-Amz-Cf-Id', b'ioDREP0g_zQz0UsWX2LBoeV8TczQOLGW6Xvd7BN1__lMk2ly2elN8w=='), (b'Age', b'184383')])
2026-05-25 23:05:55,797 | INFO     | httpx                | HTTP Request: HEAD https://huggingface.co/api/resolve-cache/models/sentence-transformers/paraphrase-multilingual-MiniLM-L12-v2/e8f8c211226b894fcb81acc59f3b34ba3efd5f42/modules.json "HTTP/1.1 200 OK"
2026-05-25 23:05:55,797 | DEBUG    | httpcore.http11      | receive_response_body.started request=<Request [b'HEAD']>
2026-05-25 23:05:55,798 | DEBUG    | httpcore.http11      | receive_response_body.complete
2026-05-25 23:05:55,798 | DEBUG    | httpcore.http11      | response_closed.started
2026-05-25 23:05:55,798 | DEBUG    | httpcore.http11      | response_closed.complete
2026-05-25 23:05:55,808 | DEBUG    | httpcore.http11      | send_request_headers.started request=<Request [b'HEAD']>
2026-05-25 23:05:55,809 | DEBUG    | httpcore.http11      | send_request_headers.complete
2026-05-25 23:05:55,809 | DEBUG    | httpcore.http11      | send_request_body.started request=<Request [b'HEAD']>
2026-05-25 23:05:55,811 | DEBUG    | httpcore.http11      | send_request_body.complete
2026-05-25 23:05:55,811 | DEBUG    | httpcore.http11      | receive_response_headers.started request=<Request [b'HEAD']>
2026-05-25 23:05:55,959 | DEBUG    | httpcore.http11      | receive_response_headers.complete return_value=(b'HTTP/1.1', 307, b'Temporary Redirect', [(b'Content-Type', b'text/plain; charset=utf-8'), (b'Content-Length', b'366'), (b'Connection', b'keep-alive'), (b'Date', b'Mon, 25 May 2026 20:05:55 GMT'), (b'Location', b'/api/resolve-cache/models/sentence-transformers/paraphrase-multilingual-MiniLM-L12-v2/e8f8c211226b894fcb81acc59f3b34ba3efd5f42/config_sentence_transformers.json?%2Fsentence-transformers%2Fparaphrase-multilingual-MiniLM-L12-v2%2Fresolve%2Fmain%2Fconfig_sentence_transformers.json=&etag=%22b974b349cb2d419ada11181750a733ff82f291ad%22'), (b'X-Powered-By', b'huggingface-moon'), (b'X-Request-Id', b'Root=1-6a14aba3-6956820a021e1b76390b0007;8ebdf1c6-213e-4aba-b405-63a444d1f0c5'), (b'RateLimit', b'"resolvers";r=4997;t=300'), (b'RateLimit-Policy', b'"fixed window";"resolvers";q=5000;w=300'), (b'cross-origin-opener-policy', b'same-origin'), (b'Referrer-Policy', b'strict-origin-when-cross-origin'), (b'Access-Control-Max-Age', b'86400'), (b'Access-Control-Allow-Origin', b'https://huggingface.co'), (b'Vary', b'Origin, Accept'), (b'Access-Control-Expose-Headers', b'X-Repo-Commit,X-Request-Id,X-Error-Code,X-Error-Message,X-Total-Count,ETag,Link,Accept-Ranges,Content-Range,X-Linked-Size,X-Linked-ETag,X-Xet-Hash'), (b'X-Repo-Commit', b'e8f8c211226b894fcb81acc59f3b34ba3efd5f42'), (b'Accept-Ranges', b'bytes'), (b'X-Hub-Cache', b'HIT'), (b'Content-Disposition', b'inline; filename*=UTF-8\'\'config_sentence_transformers.json; filename="config_sentence_transformers.json";'), (b'Content-Security-Policy', b"default-src 'none'; sandbox"), (b'X-Linked-ETag', b'"b974b349cb2d419ada11181750a733ff82f291ad"'), (b'X-Cache', b'Miss from cloudfront'), (b'Via', b'1.1 46f331563d4a8baa77a470097fa3a10c.cloudfront.net (CloudFront)'), (b'X-Amz-Cf-Pop', b'HEL51-P2'), (b'X-Amz-Cf-Id', b'_-kP89Jo90y3jII2IX29W82bvy5ErU9SR5KfYW4l_86FJoYDdwn88g==')])
2026-05-25 23:05:55,960 | INFO     | httpx                | HTTP Request: HEAD https://huggingface.co/sentence-transformers/paraphrase-multilingual-MiniLM-L12-v2/resolve/main/config_sentence_transformers.json "HTTP/1.1 307 Temporary Redirect"
2026-05-25 23:05:55,961 | DEBUG    | httpcore.http11      | receive_response_body.started request=<Request [b'HEAD']>
2026-05-25 23:05:55,962 | DEBUG    | httpcore.http11      | receive_response_body.complete
2026-05-25 23:05:55,962 | DEBUG    | httpcore.http11      | response_closed.started
2026-05-25 23:05:55,962 | DEBUG    | httpcore.http11      | response_closed.complete
2026-05-25 23:05:55,964 | DEBUG    | httpcore.http11      | send_request_headers.started request=<Request [b'HEAD']>
2026-05-25 23:05:55,964 | DEBUG    | httpcore.http11      | send_request_headers.complete
2026-05-25 23:05:55,964 | DEBUG    | httpcore.http11      | send_request_body.started request=<Request [b'HEAD']>
2026-05-25 23:05:55,965 | DEBUG    | httpcore.http11      | send_request_body.complete
2026-05-25 23:05:55,965 | DEBUG    | httpcore.http11      | receive_response_headers.started request=<Request [b'HEAD']>
2026-05-25 23:05:55,987 | DEBUG    | httpcore.http11      | receive_response_headers.complete return_value=(b'HTTP/1.1', 200, b'OK', [(b'Content-Type', b'text/plain; charset=utf-8'), (b'Content-Length', b'122'), (b'Connection', b'keep-alive'), (b'Date', b'Sat, 23 May 2026 16:52:53 GMT'), (b'ETag', b'"b974b349cb2d419ada11181750a733ff82f291ad"'), (b'X-Powered-By', b'huggingface-moon'), (b'X-Request-Id', b'Root=1-6a11db65-79a2106567c39bc842553923;49233703-5220-402a-b592-23ef7e30c670'), (b'RateLimit', b'"resolvers";r=4995;t=182'), (b'RateLimit-Policy', b'"fixed window";"resolvers";q=5000;w=300'), (b'cross-origin-opener-policy', b'same-origin'), (b'Referrer-Policy', b'strict-origin-when-cross-origin'), (b'Access-Control-Max-Age', b'86400'), (b'Access-Control-Allow-Origin', b'https://huggingface.co'), (b'Access-Control-Expose-Headers', b'X-Repo-Commit,X-Request-Id,X-Error-Code,X-Error-Message,X-Total-Count,ETag,Link,Accept-Ranges,Content-Range,X-Linked-Size,X-Linked-ETag,X-Xet-Hash'), (b'X-Repo-Commit', b'e8f8c211226b894fcb81acc59f3b34ba3efd5f42'), (b'Accept-Ranges', b'bytes'), (b'X-Hub-Cache', b'MISS'), (b'Content-Disposition', b'inline; filename*=UTF-8\'\'config_sentence_transformers.json; filename="config_sentence_transformers.json";'), (b'Content-Security-Policy', b"default-src 'none'; sandbox"), (b'Vary', b'Origin'), (b'X-Cache', b'Hit from cloudfront'), (b'Via', b'1.1 46f331563d4a8baa77a470097fa3a10c.cloudfront.net (CloudFront)'), (b'X-Amz-Cf-Pop', b'HEL51-P2'), (b'X-Amz-Cf-Id', b'PfNVf1TfHKOd8fESNrkieXwS7fNuNPLqlx9xMAlFEjI9bmS8AHq7yw=='), (b'Age', b'184382')])
2026-05-25 23:05:55,988 | INFO     | httpx                | HTTP Request: HEAD https://huggingface.co/api/resolve-cache/models/sentence-transformers/paraphrase-multilingual-MiniLM-L12-v2/e8f8c211226b894fcb81acc59f3b34ba3efd5f42/config_sentence_transformers.json "HTTP/1.1 200 OK"
2026-05-25 23:05:55,988 | DEBUG    | httpcore.http11      | receive_response_body.started request=<Request [b'HEAD']>
2026-05-25 23:05:55,989 | DEBUG    | httpcore.http11      | receive_response_body.complete
2026-05-25 23:05:55,989 | DEBUG    | httpcore.http11      | response_closed.started
2026-05-25 23:05:55,989 | DEBUG    | httpcore.http11      | response_closed.complete
2026-05-25 23:05:56,000 | INFO     | sentence_transformers.base.model | Loading SentenceTransformer model from sentence-transformers/paraphrase-multilingual-MiniLM-L12-v2.
2026-05-25 23:05:56,002 | DEBUG    | httpcore.http11      | send_request_headers.started request=<Request [b'HEAD']>
2026-05-25 23:05:56,002 | DEBUG    | httpcore.http11      | send_request_headers.complete
2026-05-25 23:05:56,003 | DEBUG    | httpcore.http11      | send_request_body.started request=<Request [b'HEAD']>
2026-05-25 23:05:56,003 | DEBUG    | httpcore.http11      | send_request_body.complete
2026-05-25 23:05:56,003 | DEBUG    | httpcore.http11      | receive_response_headers.started request=<Request [b'HEAD']>
2026-05-25 23:05:56,152 | DEBUG    | httpcore.http11      | receive_response_headers.complete return_value=(b'HTTP/1.1', 307, b'Temporary Redirect', [(b'Content-Type', b'text/plain; charset=utf-8'), (b'Content-Length', b'366'), (b'Connection', b'keep-alive'), (b'Date', b'Mon, 25 May 2026 20:05:56 GMT'), (b'Location', b'/api/resolve-cache/models/sentence-transformers/paraphrase-multilingual-MiniLM-L12-v2/e8f8c211226b894fcb81acc59f3b34ba3efd5f42/config_sentence_transformers.json?%2Fsentence-transformers%2Fparaphrase-multilingual-MiniLM-L12-v2%2Fresolve%2Fmain%2Fconfig_sentence_transformers.json=&etag=%22b974b349cb2d419ada11181750a733ff82f291ad%22'), (b'X-Powered-By', b'huggingface-moon'), (b'X-Request-Id', b'Root=1-6a14aba4-5f05960741950e631ed616f0;8c67619c-16f0-4cb1-a7aa-9a217952162f'), (b'RateLimit', b'"resolvers";r=4996;t=299'), (b'RateLimit-Policy', b'"fixed window";"resolvers";q=5000;w=300'), (b'cross-origin-opener-policy', b'same-origin'), (b'Referrer-Policy', b'strict-origin-when-cross-origin'), (b'Access-Control-Max-Age', b'86400'), (b'Access-Control-Allow-Origin', b'https://huggingface.co'), (b'Vary', b'Origin, Accept'), (b'Access-Control-Expose-Headers', b'X-Repo-Commit,X-Request-Id,X-Error-Code,X-Error-Message,X-Total-Count,ETag,Link,Accept-Ranges,Content-Range,X-Linked-Size,X-Linked-ETag,X-Xet-Hash'), (b'X-Repo-Commit', b'e8f8c211226b894fcb81acc59f3b34ba3efd5f42'), (b'Accept-Ranges', b'bytes'), (b'X-Hub-Cache', b'HIT'), (b'Content-Disposition', b'inline; filename*=UTF-8\'\'config_sentence_transformers.json; filename="config_sentence_transformers.json";'), (b'Content-Security-Policy', b"default-src 'none'; sandbox"), (b'X-Linked-ETag', b'"b974b349cb2d419ada11181750a733ff82f291ad"'), (b'X-Cache', b'Miss from cloudfront'), (b'Via', b'1.1 46f331563d4a8baa77a470097fa3a10c.cloudfront.net (CloudFront)'), (b'X-Amz-Cf-Pop', b'HEL51-P2'), (b'X-Amz-Cf-Id', b'QwJ3NEc3KiWAAJ2AZNu0BLieYN1RXNAdwxsy3LNWquzcSmgKVS2GmQ==')])
2026-05-25 23:05:56,153 | INFO     | httpx                | HTTP Request: HEAD https://huggingface.co/sentence-transformers/paraphrase-multilingual-MiniLM-L12-v2/resolve/main/config_sentence_transformers.json "HTTP/1.1 307 Temporary Redirect"
2026-05-25 23:05:56,154 | DEBUG    | httpcore.http11      | receive_response_body.started request=<Request [b'HEAD']>
2026-05-25 23:05:56,155 | DEBUG    | httpcore.http11      | receive_response_body.complete
2026-05-25 23:05:56,155 | DEBUG    | httpcore.http11      | response_closed.started
2026-05-25 23:05:56,155 | DEBUG    | httpcore.http11      | response_closed.complete
2026-05-25 23:05:56,156 | DEBUG    | httpcore.http11      | send_request_headers.started request=<Request [b'HEAD']>
2026-05-25 23:05:56,157 | DEBUG    | httpcore.http11      | send_request_headers.complete
2026-05-25 23:05:56,157 | DEBUG    | httpcore.http11      | send_request_body.started request=<Request [b'HEAD']>
2026-05-25 23:05:56,157 | DEBUG    | httpcore.http11      | send_request_body.complete
2026-05-25 23:05:56,158 | DEBUG    | httpcore.http11      | receive_response_headers.started request=<Request [b'HEAD']>
2026-05-25 23:05:56,181 | DEBUG    | httpcore.http11      | receive_response_headers.complete return_value=(b'HTTP/1.1', 200, b'OK', [(b'Content-Type', b'text/plain; charset=utf-8'), (b'Content-Length', b'122'), (b'Connection', b'keep-alive'), (b'Date', b'Sat, 23 May 2026 16:52:53 GMT'), (b'ETag', b'"b974b349cb2d419ada11181750a733ff82f291ad"'), (b'X-Powered-By', b'huggingface-moon'), (b'X-Request-Id', b'Root=1-6a11db65-79a2106567c39bc842553923;49233703-5220-402a-b592-23ef7e30c670'), (b'RateLimit', b'"resolvers";r=4995;t=182'), (b'RateLimit-Policy', b'"fixed window";"resolvers";q=5000;w=300'), (b'cross-origin-opener-policy', b'same-origin'), (b'Referrer-Policy', b'strict-origin-when-cross-origin'), (b'Access-Control-Max-Age', b'86400'), (b'Access-Control-Allow-Origin', b'https://huggingface.co'), (b'Access-Control-Expose-Headers', b'X-Repo-Commit,X-Request-Id,X-Error-Code,X-Error-Message,X-Total-Count,ETag,Link,Accept-Ranges,Content-Range,X-Linked-Size,X-Linked-ETag,X-Xet-Hash'), (b'X-Repo-Commit', b'e8f8c211226b894fcb81acc59f3b34ba3efd5f42'), (b'Accept-Ranges', b'bytes'), (b'X-Hub-Cache', b'MISS'), (b'Content-Disposition', b'inline; filename*=UTF-8\'\'config_sentence_transformers.json; filename="config_sentence_transformers.json";'), (b'Content-Security-Policy', b"default-src 'none'; sandbox"), (b'Vary', b'Origin'), (b'X-Cache', b'Hit from cloudfront'), (b'Via', b'1.1 46f331563d4a8baa77a470097fa3a10c.cloudfront.net (CloudFront)'), (b'X-Amz-Cf-Pop', b'HEL51-P2'), (b'X-Amz-Cf-Id', b'Kf6MXAUMDK7LRkqptJLnajZIoaYh9ZzP9IqCCKOe-DB_TDSvpTutbQ=='), (b'Age', b'184383')])
2026-05-25 23:05:56,182 | INFO     | httpx                | HTTP Request: HEAD https://huggingface.co/api/resolve-cache/models/sentence-transformers/paraphrase-multilingual-MiniLM-L12-v2/e8f8c211226b894fcb81acc59f3b34ba3efd5f42/config_sentence_transformers.json "HTTP/1.1 200 OK"
2026-05-25 23:05:56,182 | DEBUG    | httpcore.http11      | receive_response_body.started request=<Request [b'HEAD']>
2026-05-25 23:05:56,183 | DEBUG    | httpcore.http11      | receive_response_body.complete
2026-05-25 23:05:56,183 | DEBUG    | httpcore.http11      | response_closed.started
2026-05-25 23:05:56,183 | DEBUG    | httpcore.http11      | response_closed.complete
2026-05-25 23:05:56,194 | DEBUG    | httpcore.http11      | send_request_headers.started request=<Request [b'HEAD']>
2026-05-25 23:05:56,195 | DEBUG    | httpcore.http11      | send_request_headers.complete
2026-05-25 23:05:56,196 | DEBUG    | httpcore.http11      | send_request_body.started request=<Request [b'HEAD']>
2026-05-25 23:05:56,197 | DEBUG    | httpcore.http11      | send_request_body.complete
2026-05-25 23:05:56,197 | DEBUG    | httpcore.http11      | receive_response_headers.started request=<Request [b'HEAD']>
2026-05-25 23:05:56,357 | DEBUG    | httpcore.http11      | receive_response_headers.complete return_value=(b'HTTP/1.1', 307, b'Temporary Redirect', [(b'Content-Type', b'text/plain; charset=utf-8'), (b'Content-Length', b'318'), (b'Connection', b'keep-alive'), (b'Date', b'Mon, 25 May 2026 20:05:56 GMT'), (b'Location', b'/api/resolve-cache/models/sentence-transformers/paraphrase-multilingual-MiniLM-L12-v2/e8f8c211226b894fcb81acc59f3b34ba3efd5f42/README.md?%2Fsentence-transformers%2Fparaphrase-multilingual-MiniLM-L12-v2%2Fresolve%2Fmain%2FREADME.md=&etag=%226bedb7f3622d56b7020f33ab93f6996d33242043%22'), (b'X-Powered-By', b'huggingface-moon'), (b'X-Request-Id', b'Root=1-6a14aba4-42496d626a609d5978620ada;58de6a13-94db-4c2b-808d-463050d82997'), (b'RateLimit', b'"resolvers";r=4995;t=299'), (b'RateLimit-Policy', b'"fixed window";"resolvers";q=5000;w=300'), (b'cross-origin-opener-policy', b'same-origin'), (b'Referrer-Policy', b'strict-origin-when-cross-origin'), (b'Access-Control-Max-Age', b'86400'), (b'Access-Control-Allow-Origin', b'https://huggingface.co'), (b'Vary', b'Origin, Accept'), (b'Access-Control-Expose-Headers', b'X-Repo-Commit,X-Request-Id,X-Error-Code,X-Error-Message,X-Total-Count,ETag,Link,Accept-Ranges,Content-Range,X-Linked-Size,X-Linked-ETag,X-Xet-Hash'), (b'X-Repo-Commit', b'e8f8c211226b894fcb81acc59f3b34ba3efd5f42'), (b'Accept-Ranges', b'bytes'), (b'X-Hub-Cache', b'HIT'), (b'Content-Disposition', b'inline; filename*=UTF-8\'\'README.md; filename="README.md";'), (b'Content-Security-Policy', b"default-src 'none'; sandbox"), (b'X-Linked-ETag', b'"6bedb7f3622d56b7020f33ab93f6996d33242043"'), (b'X-Cache', b'Miss from cloudfront'), (b'Via', b'1.1 46f331563d4a8baa77a470097fa3a10c.cloudfront.net (CloudFront)'), (b'X-Amz-Cf-Pop', b'HEL51-P2'), (b'X-Amz-Cf-Id', b'nBa1QUXlnxUYyvG2Cr2tBf7ZbmU5fbGfYCDCjo03se3U8lU5Ws0IIw==')])
2026-05-25 23:05:56,358 | INFO     | httpx                | HTTP Request: HEAD https://huggingface.co/sentence-transformers/paraphrase-multilingual-MiniLM-L12-v2/resolve/main/README.md "HTTP/1.1 307 Temporary Redirect"
2026-05-25 23:05:56,359 | DEBUG    | httpcore.http11      | receive_response_body.started request=<Request [b'HEAD']>
2026-05-25 23:05:56,359 | DEBUG    | httpcore.http11      | receive_response_body.complete
2026-05-25 23:05:56,359 | DEBUG    | httpcore.http11      | response_closed.started
2026-05-25 23:05:56,359 | DEBUG    | httpcore.http11      | response_closed.complete
2026-05-25 23:05:56,360 | DEBUG    | httpcore.http11      | send_request_headers.started request=<Request [b'HEAD']>
2026-05-25 23:05:56,361 | DEBUG    | httpcore.http11      | send_request_headers.complete
2026-05-25 23:05:56,361 | DEBUG    | httpcore.http11      | send_request_body.started request=<Request [b'HEAD']>
2026-05-25 23:05:56,362 | DEBUG    | httpcore.http11      | send_request_body.complete
2026-05-25 23:05:56,362 | DEBUG    | httpcore.http11      | receive_response_headers.started request=<Request [b'HEAD']>
2026-05-25 23:05:56,384 | DEBUG    | httpcore.http11      | receive_response_headers.complete return_value=(b'HTTP/1.1', 200, b'OK', [(b'Content-Type', b'text/plain; charset=utf-8'), (b'Content-Length', b'3888'), (b'Connection', b'keep-alive'), (b'Date', b'Sat, 23 May 2026 16:52:53 GMT'), (b'ETag', b'"6bedb7f3622d56b7020f33ab93f6996d33242043"'), (b'X-Powered-By', b'huggingface-moon'), (b'X-Request-Id', b'Root=1-6a11db65-4cfbf9561b7961124d4e39b4;be8d98f2-79ce-44e0-a4df-99f4e638250c'), (b'RateLimit', b'"resolvers";r=4991;t=182'), (b'RateLimit-Policy', b'"fixed window";"resolvers";q=5000;w=300'), (b'cross-origin-opener-policy', b'same-origin'), (b'Referrer-Policy', b'strict-origin-when-cross-origin'), (b'Access-Control-Max-Age', b'86400'), (b'Access-Control-Allow-Origin', b'https://huggingface.co'), (b'Access-Control-Expose-Headers', b'X-Repo-Commit,X-Request-Id,X-Error-Code,X-Error-Message,X-Total-Count,ETag,Link,Accept-Ranges,Content-Range,X-Linked-Size,X-Linked-ETag,X-Xet-Hash'), (b'X-Repo-Commit', b'e8f8c211226b894fcb81acc59f3b34ba3efd5f42'), (b'Accept-Ranges', b'bytes'), (b'X-Hub-Cache', b'HIT'), (b'Content-Disposition', b'inline; filename*=UTF-8\'\'README.md; filename="README.md";'), (b'Content-Security-Policy', b"default-src 'none'; sandbox"), (b'Vary', b'Origin'), (b'X-Cache', b'Hit from cloudfront'), (b'Via', b'1.1 46f331563d4a8baa77a470097fa3a10c.cloudfront.net (CloudFront)'), (b'X-Amz-Cf-Pop', b'HEL51-P2'), (b'X-Amz-Cf-Id', b'U4wr6TWSuP_zXS2tsR02ubOe6ls7YgOGxrdK-a4wW1XfG2xynKwoKA=='), (b'Age', b'184383')])
2026-05-25 23:05:56,384 | INFO     | httpx                | HTTP Request: HEAD https://huggingface.co/api/resolve-cache/models/sentence-transformers/paraphrase-multilingual-MiniLM-L12-v2/e8f8c211226b894fcb81acc59f3b34ba3efd5f42/README.md "HTTP/1.1 200 OK"
2026-05-25 23:05:56,385 | DEBUG    | httpcore.http11      | receive_response_body.started request=<Request [b'HEAD']>
2026-05-25 23:05:56,385 | DEBUG    | httpcore.http11      | receive_response_body.complete
2026-05-25 23:05:56,385 | DEBUG    | httpcore.http11      | response_closed.started
2026-05-25 23:05:56,385 | DEBUG    | httpcore.http11      | response_closed.complete
2026-05-25 23:05:56,396 | DEBUG    | httpcore.http11      | send_request_headers.started request=<Request [b'HEAD']>
2026-05-25 23:05:56,397 | DEBUG    | httpcore.http11      | send_request_headers.complete
2026-05-25 23:05:56,397 | DEBUG    | httpcore.http11      | send_request_body.started request=<Request [b'HEAD']>
2026-05-25 23:05:56,397 | DEBUG    | httpcore.http11      | send_request_body.complete
2026-05-25 23:05:56,397 | DEBUG    | httpcore.http11      | receive_response_headers.started request=<Request [b'HEAD']>
2026-05-25 23:05:56,548 | DEBUG    | httpcore.http11      | receive_response_headers.complete return_value=(b'HTTP/1.1', 307, b'Temporary Redirect', [(b'Content-Type', b'text/plain; charset=utf-8'), (b'Content-Length', b'324'), (b'Connection', b'keep-alive'), (b'Date', b'Mon, 25 May 2026 20:05:56 GMT'), (b'Location', b'/api/resolve-cache/models/sentence-transformers/paraphrase-multilingual-MiniLM-L12-v2/e8f8c211226b894fcb81acc59f3b34ba3efd5f42/modules.json?%2Fsentence-transformers%2Fparaphrase-multilingual-MiniLM-L12-v2%2Fresolve%2Fmain%2Fmodules.json=&etag=%22f7640f94e81bb7f4f04daf1668850b38763a13d9%22'), (b'X-Powered-By', b'huggingface-moon'), (b'X-Request-Id', b'Root=1-6a14aba4-621a9dd3448704d221231c8a;b5d9317e-3626-41f8-a4ba-30b73aab4ebf'), (b'RateLimit', b'"resolvers";r=4994;t=299'), (b'RateLimit-Policy', b'"fixed window";"resolvers";q=5000;w=300'), (b'cross-origin-opener-policy', b'same-origin'), (b'Referrer-Policy', b'strict-origin-when-cross-origin'), (b'Access-Control-Max-Age', b'86400'), (b'Access-Control-Allow-Origin', b'https://huggingface.co'), (b'Vary', b'Origin, Accept'), (b'Access-Control-Expose-Headers', b'X-Repo-Commit,X-Request-Id,X-Error-Code,X-Error-Message,X-Total-Count,ETag,Link,Accept-Ranges,Content-Range,X-Linked-Size,X-Linked-ETag,X-Xet-Hash'), (b'X-Repo-Commit', b'e8f8c211226b894fcb81acc59f3b34ba3efd5f42'), (b'Accept-Ranges', b'bytes'), (b'X-Hub-Cache', b'HIT'), (b'Content-Disposition', b'inline; filename*=UTF-8\'\'modules.json; filename="modules.json";'), (b'Content-Security-Policy', b"default-src 'none'; sandbox"), (b'X-Linked-ETag', b'"f7640f94e81bb7f4f04daf1668850b38763a13d9"'), (b'X-Cache', b'Miss from cloudfront'), (b'Via', b'1.1 46f331563d4a8baa77a470097fa3a10c.cloudfront.net (CloudFront)'), (b'X-Amz-Cf-Pop', b'HEL51-P2'), (b'X-Amz-Cf-Id', b'k3UkCJA_Qh0bQeGaC-l_8oMxCye4dK17iQf6k_ZfeT4Y_FsbMAB_Qw==')])
2026-05-25 23:05:56,549 | INFO     | httpx                | HTTP Request: HEAD https://huggingface.co/sentence-transformers/paraphrase-multilingual-MiniLM-L12-v2/resolve/main/modules.json "HTTP/1.1 307 Temporary Redirect"
2026-05-25 23:05:56,550 | DEBUG    | httpcore.http11      | receive_response_body.started request=<Request [b'HEAD']>
2026-05-25 23:05:56,550 | DEBUG    | httpcore.http11      | receive_response_body.complete
2026-05-25 23:05:56,550 | DEBUG    | httpcore.http11      | response_closed.started
2026-05-25 23:05:56,551 | DEBUG    | httpcore.http11      | response_closed.complete
2026-05-25 23:05:56,552 | DEBUG    | httpcore.http11      | send_request_headers.started request=<Request [b'HEAD']>
2026-05-25 23:05:56,552 | DEBUG    | httpcore.http11      | send_request_headers.complete
2026-05-25 23:05:56,552 | DEBUG    | httpcore.http11      | send_request_body.started request=<Request [b'HEAD']>
2026-05-25 23:05:56,553 | DEBUG    | httpcore.http11      | send_request_body.complete
2026-05-25 23:05:56,553 | DEBUG    | httpcore.http11      | receive_response_headers.started request=<Request [b'HEAD']>
2026-05-25 23:05:56,577 | DEBUG    | httpcore.http11      | receive_response_headers.complete return_value=(b'HTTP/1.1', 200, b'OK', [(b'Content-Type', b'text/plain; charset=utf-8'), (b'Content-Length', b'229'), (b'Connection', b'keep-alive'), (b'Date', b'Sat, 23 May 2026 16:52:52 GMT'), (b'ETag', b'"f7640f94e81bb7f4f04daf1668850b38763a13d9"'), (b'X-Powered-By', b'huggingface-moon'), (b'X-Request-Id', b'Root=1-6a11db64-353ecde50d764e0126445d81;a473582b-af0f-4ac3-9ef1-267fcb60c843'), (b'RateLimit', b'"resolvers";r=4998;t=183'), (b'RateLimit-Policy', b'"fixed window";"resolvers";q=5000;w=300'), (b'cross-origin-opener-policy', b'same-origin'), (b'Referrer-Policy', b'strict-origin-when-cross-origin'), (b'Access-Control-Max-Age', b'86400'), (b'Access-Control-Allow-Origin', b'https://huggingface.co'), (b'Access-Control-Expose-Headers', b'X-Repo-Commit,X-Request-Id,X-Error-Code,X-Error-Message,X-Total-Count,ETag,Link,Accept-Ranges,Content-Range,X-Linked-Size,X-Linked-ETag,X-Xet-Hash'), (b'X-Repo-Commit', b'e8f8c211226b894fcb81acc59f3b34ba3efd5f42'), (b'Accept-Ranges', b'bytes'), (b'X-Hub-Cache', b'MISS'), (b'Content-Disposition', b'inline; filename*=UTF-8\'\'modules.json; filename="modules.json";'), (b'Content-Security-Policy', b"default-src 'none'; sandbox"), (b'Vary', b'Origin'), (b'X-Cache', b'Hit from cloudfront'), (b'Via', b'1.1 46f331563d4a8baa77a470097fa3a10c.cloudfront.net (CloudFront)'), (b'X-Amz-Cf-Pop', b'HEL51-P2'), (b'X-Amz-Cf-Id', b'E9i_EDWNRjjXDL5JdbWs9E1K1bYnfGbbHvy_bUL_ospKca4UYdBLTQ=='), (b'Age', b'184384')])
2026-05-25 23:05:56,578 | INFO     | httpx                | HTTP Request: HEAD https://huggingface.co/api/resolve-cache/models/sentence-transformers/paraphrase-multilingual-MiniLM-L12-v2/e8f8c211226b894fcb81acc59f3b34ba3efd5f42/modules.json "HTTP/1.1 200 OK"
2026-05-25 23:05:56,578 | DEBUG    | httpcore.http11      | receive_response_body.started request=<Request [b'HEAD']>
2026-05-25 23:05:56,579 | DEBUG    | httpcore.http11      | receive_response_body.complete
2026-05-25 23:05:56,579 | DEBUG    | httpcore.http11      | response_closed.started
2026-05-25 23:05:56,579 | DEBUG    | httpcore.http11      | response_closed.complete
2026-05-25 23:05:56,589 | DEBUG    | httpcore.http11      | send_request_headers.started request=<Request [b'HEAD']>
2026-05-25 23:05:56,590 | DEBUG    | httpcore.http11      | send_request_headers.complete
2026-05-25 23:05:56,590 | DEBUG    | httpcore.http11      | send_request_body.started request=<Request [b'HEAD']>
2026-05-25 23:05:56,590 | DEBUG    | httpcore.http11      | send_request_body.complete
2026-05-25 23:05:56,591 | DEBUG    | httpcore.http11      | receive_response_headers.started request=<Request [b'HEAD']>
2026-05-25 23:05:56,738 | DEBUG    | httpcore.http11      | receive_response_headers.complete return_value=(b'HTTP/1.1', 307, b'Temporary Redirect', [(b'Content-Type', b'text/plain; charset=utf-8'), (b'Content-Length', b'350'), (b'Connection', b'keep-alive'), (b'Date', b'Mon, 25 May 2026 20:05:56 GMT'), (b'Location', b'/api/resolve-cache/models/sentence-transformers/paraphrase-multilingual-MiniLM-L12-v2/e8f8c211226b894fcb81acc59f3b34ba3efd5f42/sentence_bert_config.json?%2Fsentence-transformers%2Fparaphrase-multilingual-MiniLM-L12-v2%2Fresolve%2Fmain%2Fsentence_bert_config.json=&etag=%225fd10429389515d3e5cccdeda08cae5fea1ae82e%22'), (b'X-Powered-By', b'huggingface-moon'), (b'X-Request-Id', b'Root=1-6a14aba4-6e1cd4774e19d93d0d1fffa3;0915e25f-67f3-4150-8d7d-5d27de50c581'), (b'RateLimit', b'"resolvers";r=4993;t=299'), (b'RateLimit-Policy', b'"fixed window";"resolvers";q=5000;w=300'), (b'cross-origin-opener-policy', b'same-origin'), (b'Referrer-Policy', b'strict-origin-when-cross-origin'), (b'Access-Control-Max-Age', b'86400'), (b'Access-Control-Allow-Origin', b'https://huggingface.co'), (b'Vary', b'Origin, Accept'), (b'Access-Control-Expose-Headers', b'X-Repo-Commit,X-Request-Id,X-Error-Code,X-Error-Message,X-Total-Count,ETag,Link,Accept-Ranges,Content-Range,X-Linked-Size,X-Linked-ETag,X-Xet-Hash'), (b'X-Repo-Commit', b'e8f8c211226b894fcb81acc59f3b34ba3efd5f42'), (b'Accept-Ranges', b'bytes'), (b'X-Hub-Cache', b'HIT'), (b'Content-Disposition', b'inline; filename*=UTF-8\'\'sentence_bert_config.json; filename="sentence_bert_config.json";'), (b'Content-Security-Policy', b"default-src 'none'; sandbox"), (b'X-Linked-ETag', b'"5fd10429389515d3e5cccdeda08cae5fea1ae82e"'), (b'X-Cache', b'Miss from cloudfront'), (b'Via', b'1.1 46f331563d4a8baa77a470097fa3a10c.cloudfront.net (CloudFront)'), (b'X-Amz-Cf-Pop', b'HEL51-P2'), (b'X-Amz-Cf-Id', b'2oGdweFtcJIUdkCMrIOd6F0dJLftpYrtD1lQRcsyKcqSMMohU8hsMw==')])
2026-05-25 23:05:56,739 | INFO     | httpx                | HTTP Request: HEAD https://huggingface.co/sentence-transformers/paraphrase-multilingual-MiniLM-L12-v2/resolve/main/sentence_bert_config.json "HTTP/1.1 307 Temporary Redirect"
2026-05-25 23:05:56,740 | DEBUG    | httpcore.http11      | receive_response_body.started request=<Request [b'HEAD']>
2026-05-25 23:05:56,740 | DEBUG    | httpcore.http11      | receive_response_body.complete
2026-05-25 23:05:56,740 | DEBUG    | httpcore.http11      | response_closed.started
2026-05-25 23:05:56,741 | DEBUG    | httpcore.http11      | response_closed.complete
2026-05-25 23:05:56,741 | DEBUG    | httpcore.http11      | send_request_headers.started request=<Request [b'HEAD']>
2026-05-25 23:05:56,742 | DEBUG    | httpcore.http11      | send_request_headers.complete
2026-05-25 23:05:56,742 | DEBUG    | httpcore.http11      | send_request_body.started request=<Request [b'HEAD']>
2026-05-25 23:05:56,743 | DEBUG    | httpcore.http11      | send_request_body.complete
2026-05-25 23:05:56,743 | DEBUG    | httpcore.http11      | receive_response_headers.started request=<Request [b'HEAD']>
2026-05-25 23:05:56,765 | DEBUG    | httpcore.http11      | receive_response_headers.complete return_value=(b'HTTP/1.1', 200, b'OK', [(b'Content-Type', b'text/plain; charset=utf-8'), (b'Content-Length', b'53'), (b'Connection', b'keep-alive'), (b'Date', b'Sat, 23 May 2026 16:52:54 GMT'), (b'ETag', b'"5fd10429389515d3e5cccdeda08cae5fea1ae82e"'), (b'X-Powered-By', b'huggingface-moon'), (b'X-Request-Id', b'Root=1-6a11db66-63b5b0922ea7996a0f310dbf;a57418a0-b144-4cf6-a664-968ad2d7a2d6'), (b'RateLimit', b'"resolvers";r=4987;t=181'), (b'RateLimit-Policy', b'"fixed window";"resolvers";q=5000;w=300'), (b'cross-origin-opener-policy', b'same-origin'), (b'Referrer-Policy', b'strict-origin-when-cross-origin'), (b'Access-Control-Max-Age', b'86400'), (b'Access-Control-Allow-Origin', b'https://huggingface.co'), (b'Access-Control-Expose-Headers', b'X-Repo-Commit,X-Request-Id,X-Error-Code,X-Error-Message,X-Total-Count,ETag,Link,Accept-Ranges,Content-Range,X-Linked-Size,X-Linked-ETag,X-Xet-Hash'), (b'X-Repo-Commit', b'e8f8c211226b894fcb81acc59f3b34ba3efd5f42'), (b'Accept-Ranges', b'bytes'), (b'X-Hub-Cache', b'MISS'), (b'Content-Disposition', b'inline; filename*=UTF-8\'\'sentence_bert_config.json; filename="sentence_bert_config.json";'), (b'Content-Security-Policy', b"default-src 'none'; sandbox"), (b'Vary', b'Origin'), (b'X-Cache', b'Hit from cloudfront'), (b'Via', b'1.1 46f331563d4a8baa77a470097fa3a10c.cloudfront.net (CloudFront)'), (b'X-Amz-Cf-Pop', b'HEL51-P2'), (b'X-Amz-Cf-Id', b'fM5KdZHRCLw4pSBGLBnpFirEiKPJsR9234dHv2wcW1JIPYQ-NbeptQ=='), (b'Age', b'184382')])
2026-05-25 23:05:56,766 | INFO     | httpx                | HTTP Request: HEAD https://huggingface.co/api/resolve-cache/models/sentence-transformers/paraphrase-multilingual-MiniLM-L12-v2/e8f8c211226b894fcb81acc59f3b34ba3efd5f42/sentence_bert_config.json "HTTP/1.1 200 OK"
2026-05-25 23:05:56,766 | DEBUG    | httpcore.http11      | receive_response_body.started request=<Request [b'HEAD']>
2026-05-25 23:05:56,766 | DEBUG    | httpcore.http11      | receive_response_body.complete
2026-05-25 23:05:56,766 | DEBUG    | httpcore.http11      | response_closed.started
2026-05-25 23:05:56,767 | DEBUG    | httpcore.http11      | response_closed.complete
2026-05-25 23:05:56,776 | DEBUG    | httpcore.http11      | send_request_headers.started request=<Request [b'HEAD']>
2026-05-25 23:05:56,776 | DEBUG    | httpcore.http11      | send_request_headers.complete
2026-05-25 23:05:56,777 | DEBUG    | httpcore.http11      | send_request_body.started request=<Request [b'HEAD']>
2026-05-25 23:05:56,777 | DEBUG    | httpcore.http11      | send_request_body.complete
2026-05-25 23:05:56,777 | DEBUG    | httpcore.http11      | receive_response_headers.started request=<Request [b'HEAD']>
2026-05-25 23:05:56,937 | DEBUG    | httpcore.http11      | receive_response_headers.complete return_value=(b'HTTP/1.1', 404, b'Not Found', [(b'Content-Type', b'text/plain; charset=utf-8'), (b'Content-Length', b'15'), (b'Connection', b'keep-alive'), (b'Date', b'Mon, 25 May 2026 20:05:56 GMT'), (b'ETag', b'W/"f-mY2VvLxuxB7KhsoOdQTlMTccuAQ"'), (b'X-Powered-By', b'huggingface-moon'), (b'X-Request-Id', b'Root=1-6a14aba4-79e1f7127bfc9b9815154730;a631ed79-1a01-4911-88b4-0918f8fb0477'), (b'RateLimit', b'"resolvers";r=4992;t=299'), (b'RateLimit-Policy', b'"fixed window";"resolvers";q=5000;w=300'), (b'cross-origin-opener-policy', b'same-origin'), (b'Referrer-Policy', b'strict-origin-when-cross-origin'), (b'Access-Control-Max-Age', b'86400'), (b'Access-Control-Allow-Origin', b'https://huggingface.co'), (b'Vary', b'Origin'), (b'Access-Control-Expose-Headers', b'X-Repo-Commit,X-Request-Id,X-Error-Code,X-Error-Message,X-Total-Count,ETag,Link,Accept-Ranges,Content-Range,X-Linked-Size,X-Linked-ETag,X-Xet-Hash'), (b'X-Repo-Commit', b'e8f8c211226b894fcb81acc59f3b34ba3efd5f42'), (b'Accept-Ranges', b'bytes'), (b'X-Hub-Cache', b'MISS'), (b'X-Error-Code', b'EntryNotFound'), (b'X-Error-Message', b'Entry not found'), (b'X-Cache', b'Error from cloudfront'), (b'Via', b'1.1 46f331563d4a8baa77a470097fa3a10c.cloudfront.net (CloudFront)'), (b'X-Amz-Cf-Pop', b'HEL51-P2'), (b'X-Amz-Cf-Id', b'FHdfsbuI8PNwnbI1hk_cBJfiv_rOP6LkEatVr8rnxaI8bjh5Otmb2Q==')])
2026-05-25 23:05:56,938 | INFO     | httpx                | HTTP Request: HEAD https://huggingface.co/sentence-transformers/paraphrase-multilingual-MiniLM-L12-v2/resolve/main/adapter_config.json "HTTP/1.1 404 Not Found"
2026-05-25 23:05:56,938 | DEBUG    | httpcore.http11      | receive_response_body.started request=<Request [b'HEAD']>
2026-05-25 23:05:56,938 | DEBUG    | httpcore.http11      | receive_response_body.complete
2026-05-25 23:05:56,939 | DEBUG    | httpcore.http11      | response_closed.started
2026-05-25 23:05:56,939 | DEBUG    | httpcore.http11      | response_closed.complete
2026-05-25 23:05:56,952 | DEBUG    | httpcore.http11      | send_request_headers.started request=<Request [b'HEAD']>
2026-05-25 23:05:56,952 | DEBUG    | httpcore.http11      | send_request_headers.complete
2026-05-25 23:05:56,953 | DEBUG    | httpcore.http11      | send_request_body.started request=<Request [b'HEAD']>
2026-05-25 23:05:56,953 | DEBUG    | httpcore.http11      | send_request_body.complete
2026-05-25 23:05:56,953 | DEBUG    | httpcore.http11      | receive_response_headers.started request=<Request [b'HEAD']>
2026-05-25 23:05:57,104 | DEBUG    | httpcore.http11      | receive_response_headers.complete return_value=(b'HTTP/1.1', 307, b'Temporary Redirect', [(b'Content-Type', b'text/plain; charset=utf-8'), (b'Content-Length', b'322'), (b'Connection', b'keep-alive'), (b'Date', b'Mon, 25 May 2026 20:05:57 GMT'), (b'Location', b'/api/resolve-cache/models/sentence-transformers/paraphrase-multilingual-MiniLM-L12-v2/e8f8c211226b894fcb81acc59f3b34ba3efd5f42/config.json?%2Fsentence-transformers%2Fparaphrase-multilingual-MiniLM-L12-v2%2Fresolve%2Fmain%2Fconfig.json=&etag=%22c06d5b49495f044e6380e68a60538be17a6bd5d1%22'), (b'X-Powered-By', b'huggingface-moon'), (b'X-Request-Id', b'Root=1-6a14aba5-76cda2201e36cbc61c5c3e36;5345c064-2519-4350-bc5a-556f31b2b1ad'), (b'RateLimit', b'"resolvers";r=4991;t=298'), (b'RateLimit-Policy', b'"fixed window";"resolvers";q=5000;w=300'), (b'cross-origin-opener-policy', b'same-origin'), (b'Referrer-Policy', b'strict-origin-when-cross-origin'), (b'Access-Control-Max-Age', b'86400'), (b'Access-Control-Allow-Origin', b'https://huggingface.co'), (b'Vary', b'Origin, Accept'), (b'Access-Control-Expose-Headers', b'X-Repo-Commit,X-Request-Id,X-Error-Code,X-Error-Message,X-Total-Count,ETag,Link,Accept-Ranges,Content-Range,X-Linked-Size,X-Linked-ETag,X-Xet-Hash'), (b'X-Repo-Commit', b'e8f8c211226b894fcb81acc59f3b34ba3efd5f42'), (b'Accept-Ranges', b'bytes'), (b'X-Hub-Cache', b'HIT'), (b'Content-Disposition', b'inline; filename*=UTF-8\'\'config.json; filename="config.json";'), (b'Content-Security-Policy', b"default-src 'none'; sandbox"), (b'X-Linked-ETag', b'"c06d5b49495f044e6380e68a60538be17a6bd5d1"'), (b'X-Cache', b'Miss from cloudfront'), (b'Via', b'1.1 46f331563d4a8baa77a470097fa3a10c.cloudfront.net (CloudFront)'), (b'X-Amz-Cf-Pop', b'HEL51-P2'), (b'X-Amz-Cf-Id', b'1twDhKlgAr568cqTXQ12qWG8_DaAiQlMpL2qiPjdMuqqglBhG9iV5w==')])
2026-05-25 23:05:57,105 | INFO     | httpx                | HTTP Request: HEAD https://huggingface.co/sentence-transformers/paraphrase-multilingual-MiniLM-L12-v2/resolve/main/config.json "HTTP/1.1 307 Temporary Redirect"
2026-05-25 23:05:57,106 | DEBUG    | httpcore.http11      | receive_response_body.started request=<Request [b'HEAD']>
2026-05-25 23:05:57,106 | DEBUG    | httpcore.http11      | receive_response_body.complete
2026-05-25 23:05:57,106 | DEBUG    | httpcore.http11      | response_closed.started
2026-05-25 23:05:57,106 | DEBUG    | httpcore.http11      | response_closed.complete
2026-05-25 23:05:57,107 | DEBUG    | httpcore.http11      | send_request_headers.started request=<Request [b'HEAD']>
2026-05-25 23:05:57,108 | DEBUG    | httpcore.http11      | send_request_headers.complete
2026-05-25 23:05:57,108 | DEBUG    | httpcore.http11      | send_request_body.started request=<Request [b'HEAD']>
2026-05-25 23:05:57,108 | DEBUG    | httpcore.http11      | send_request_body.complete
2026-05-25 23:05:57,108 | DEBUG    | httpcore.http11      | receive_response_headers.started request=<Request [b'HEAD']>
2026-05-25 23:05:57,131 | DEBUG    | httpcore.http11      | receive_response_headers.complete return_value=(b'HTTP/1.1', 200, b'OK', [(b'Content-Type', b'text/plain; charset=utf-8'), (b'Content-Length', b'645'), (b'Connection', b'keep-alive'), (b'Date', b'Sat, 23 May 2026 16:52:55 GMT'), (b'ETag', b'"c06d5b49495f044e6380e68a60538be17a6bd5d1"'), (b'X-Powered-By', b'huggingface-moon'), (b'X-Request-Id', b'Root=1-6a11db67-2ad77e595d0c35132f3135d5;4da4a2fd-bd36-4550-ac7d-380303f2f2bc'), (b'RateLimit', b'"resolvers";r=4983;t=180'), (b'RateLimit-Policy', b'"fixed window";"resolvers";q=5000;w=300'), (b'cross-origin-opener-policy', b'same-origin'), (b'Referrer-Policy', b'strict-origin-when-cross-origin'), (b'Access-Control-Max-Age', b'86400'), (b'Access-Control-Allow-Origin', b'https://huggingface.co'), (b'Access-Control-Expose-Headers', b'X-Repo-Commit,X-Request-Id,X-Error-Code,X-Error-Message,X-Total-Count,ETag,Link,Accept-Ranges,Content-Range,X-Linked-Size,X-Linked-ETag,X-Xet-Hash'), (b'X-Repo-Commit', b'e8f8c211226b894fcb81acc59f3b34ba3efd5f42'), (b'Accept-Ranges', b'bytes'), (b'X-Hub-Cache', b'MISS'), (b'Content-Disposition', b'inline; filename*=UTF-8\'\'config.json; filename="config.json";'), (b'Content-Security-Policy', b"default-src 'none'; sandbox"), (b'Vary', b'Origin'), (b'X-Cache', b'Hit from cloudfront'), (b'Via', b'1.1 46f331563d4a8baa77a470097fa3a10c.cloudfront.net (CloudFront)'), (b'X-Amz-Cf-Pop', b'HEL51-P2'), (b'X-Amz-Cf-Id', b'Yc_JyXuIWFr0fRgLQ0bXjCpmV6_LBppY6uoFVP7EH1HeRYF7IpWnUA=='), (b'Age', b'184382')])
2026-05-25 23:05:57,131 | INFO     | httpx                | HTTP Request: HEAD https://huggingface.co/api/resolve-cache/models/sentence-transformers/paraphrase-multilingual-MiniLM-L12-v2/e8f8c211226b894fcb81acc59f3b34ba3efd5f42/config.json "HTTP/1.1 200 OK"
2026-05-25 23:05:57,132 | DEBUG    | httpcore.http11      | receive_response_body.started request=<Request [b'HEAD']>
2026-05-25 23:05:57,132 | DEBUG    | httpcore.http11      | receive_response_body.complete
2026-05-25 23:05:57,132 | DEBUG    | httpcore.http11      | response_closed.started
2026-05-25 23:05:57,132 | DEBUG    | httpcore.http11      | response_closed.complete
2026-05-25 23:05:57,318 | DEBUG    | httpcore.http11      | send_request_headers.started request=<Request [b'HEAD']>
2026-05-25 23:05:57,318 | DEBUG    | httpcore.http11      | send_request_headers.complete
2026-05-25 23:05:57,318 | DEBUG    | httpcore.http11      | send_request_body.started request=<Request [b'HEAD']>
2026-05-25 23:05:57,319 | DEBUG    | httpcore.http11      | send_request_body.complete
2026-05-25 23:05:57,319 | DEBUG    | httpcore.http11      | receive_response_headers.started request=<Request [b'HEAD']>
2026-05-25 23:05:57,468 | DEBUG    | httpcore.http11      | receive_response_headers.complete return_value=(b'HTTP/1.1', 404, b'Not Found', [(b'Content-Type', b'text/plain; charset=utf-8'), (b'Content-Length', b'15'), (b'Connection', b'keep-alive'), (b'Date', b'Mon, 25 May 2026 20:05:57 GMT'), (b'ETag', b'W/"f-mY2VvLxuxB7KhsoOdQTlMTccuAQ"'), (b'X-Powered-By', b'huggingface-moon'), (b'X-Request-Id', b'Root=1-6a14aba5-1f0f805810a3791032d2d70e;621288e6-7a36-4810-9b97-4f2e48b56372'), (b'RateLimit', b'"resolvers";r=4990;t=298'), (b'RateLimit-Policy', b'"fixed window";"resolvers";q=5000;w=300'), (b'cross-origin-opener-policy', b'same-origin'), (b'Referrer-Policy', b'strict-origin-when-cross-origin'), (b'Access-Control-Max-Age', b'86400'), (b'Access-Control-Allow-Origin', b'https://huggingface.co'), (b'Vary', b'Origin'), (b'Access-Control-Expose-Headers', b'X-Repo-Commit,X-Request-Id,X-Error-Code,X-Error-Message,X-Total-Count,ETag,Link,Accept-Ranges,Content-Range,X-Linked-Size,X-Linked-ETag,X-Xet-Hash'), (b'X-Repo-Commit', b'e8f8c211226b894fcb81acc59f3b34ba3efd5f42'), (b'Accept-Ranges', b'bytes'), (b'X-Hub-Cache', b'MISS'), (b'X-Error-Code', b'EntryNotFound'), (b'X-Error-Message', b'Entry not found'), (b'X-Cache', b'Error from cloudfront'), (b'Via', b'1.1 46f331563d4a8baa77a470097fa3a10c.cloudfront.net (CloudFront)'), (b'X-Amz-Cf-Pop', b'HEL51-P2'), (b'X-Amz-Cf-Id', b'Lj9nrgv60XijNelipCIlnDcMKtvffT68bGbJdE8YIPW22UvRRDP13Q==')])
2026-05-25 23:05:57,469 | INFO     | httpx                | HTTP Request: HEAD https://huggingface.co/sentence-transformers/paraphrase-multilingual-MiniLM-L12-v2/resolve/main/processor_config.json "HTTP/1.1 404 Not Found"
2026-05-25 23:05:57,469 | DEBUG    | httpcore.http11      | receive_response_body.started request=<Request [b'HEAD']>
2026-05-25 23:05:57,469 | DEBUG    | httpcore.http11      | receive_response_body.complete
2026-05-25 23:05:57,470 | DEBUG    | httpcore.http11      | response_closed.started
2026-05-25 23:05:57,470 | DEBUG    | httpcore.http11      | response_closed.complete
2026-05-25 23:05:57,480 | DEBUG    | httpcore.http11      | send_request_headers.started request=<Request [b'HEAD']>
2026-05-25 23:05:57,480 | DEBUG    | httpcore.http11      | send_request_headers.complete
2026-05-25 23:05:57,480 | DEBUG    | httpcore.http11      | send_request_body.started request=<Request [b'HEAD']>
2026-05-25 23:05:57,480 | DEBUG    | httpcore.http11      | send_request_body.complete
2026-05-25 23:05:57,481 | DEBUG    | httpcore.http11      | receive_response_headers.started request=<Request [b'HEAD']>
2026-05-25 23:05:57,634 | DEBUG    | httpcore.http11      | receive_response_headers.complete return_value=(b'HTTP/1.1', 404, b'Not Found', [(b'Content-Type', b'text/plain; charset=utf-8'), (b'Content-Length', b'15'), (b'Connection', b'keep-alive'), (b'Date', b'Mon, 25 May 2026 20:05:57 GMT'), (b'ETag', b'W/"f-mY2VvLxuxB7KhsoOdQTlMTccuAQ"'), (b'X-Powered-By', b'huggingface-moon'), (b'X-Request-Id', b'Root=1-6a14aba5-7343aa733e98149730cc7ab2;12fec3ad-a323-4646-a513-294830e18e35'), (b'RateLimit', b'"resolvers";r=4989;t=298'), (b'RateLimit-Policy', b'"fixed window";"resolvers";q=5000;w=300'), (b'cross-origin-opener-policy', b'same-origin'), (b'Referrer-Policy', b'strict-origin-when-cross-origin'), (b'Access-Control-Max-Age', b'86400'), (b'Access-Control-Allow-Origin', b'https://huggingface.co'), (b'Vary', b'Origin'), (b'Access-Control-Expose-Headers', b'X-Repo-Commit,X-Request-Id,X-Error-Code,X-Error-Message,X-Total-Count,ETag,Link,Accept-Ranges,Content-Range,X-Linked-Size,X-Linked-ETag,X-Xet-Hash'), (b'X-Repo-Commit', b'e8f8c211226b894fcb81acc59f3b34ba3efd5f42'), (b'Accept-Ranges', b'bytes'), (b'X-Hub-Cache', b'MISS'), (b'X-Error-Code', b'EntryNotFound'), (b'X-Error-Message', b'Entry not found'), (b'X-Cache', b'Error from cloudfront'), (b'Via', b'1.1 46f331563d4a8baa77a470097fa3a10c.cloudfront.net (CloudFront)'), (b'X-Amz-Cf-Pop', b'HEL51-P2'), (b'X-Amz-Cf-Id', b'DAVbQrwFgIUsU4ciVOwpbAuod70oTlVfOrtxDXbDUDGbu5xtmd4wZQ==')])
2026-05-25 23:05:57,635 | INFO     | httpx                | HTTP Request: HEAD https://huggingface.co/sentence-transformers/paraphrase-multilingual-MiniLM-L12-v2/resolve/main/preprocessor_config.json "HTTP/1.1 404 Not Found"
2026-05-25 23:05:57,635 | DEBUG    | httpcore.http11      | receive_response_body.started request=<Request [b'HEAD']>
2026-05-25 23:05:57,635 | DEBUG    | httpcore.http11      | receive_response_body.complete
2026-05-25 23:05:57,636 | DEBUG    | httpcore.http11      | response_closed.started
2026-05-25 23:05:57,636 | DEBUG    | httpcore.http11      | response_closed.complete
2026-05-25 23:05:57,646 | DEBUG    | httpcore.http11      | send_request_headers.started request=<Request [b'HEAD']>
2026-05-25 23:05:57,647 | DEBUG    | httpcore.http11      | send_request_headers.complete
2026-05-25 23:05:57,647 | DEBUG    | httpcore.http11      | send_request_body.started request=<Request [b'HEAD']>
2026-05-25 23:05:57,648 | DEBUG    | httpcore.http11      | send_request_body.complete
2026-05-25 23:05:57,648 | DEBUG    | httpcore.http11      | receive_response_headers.started request=<Request [b'HEAD']>
2026-05-25 23:05:57,803 | DEBUG    | httpcore.http11      | receive_response_headers.complete return_value=(b'HTTP/1.1', 404, b'Not Found', [(b'Content-Type', b'text/plain; charset=utf-8'), (b'Content-Length', b'15'), (b'Connection', b'keep-alive'), (b'Date', b'Mon, 25 May 2026 20:05:57 GMT'), (b'ETag', b'W/"f-mY2VvLxuxB7KhsoOdQTlMTccuAQ"'), (b'X-Powered-By', b'huggingface-moon'), (b'X-Request-Id', b'Root=1-6a14aba5-5ffbe2254e351d6c1caab223;af921108-7ede-4af9-8ffe-91734d57e926'), (b'RateLimit', b'"resolvers";r=4988;t=298'), (b'RateLimit-Policy', b'"fixed window";"resolvers";q=5000;w=300'), (b'cross-origin-opener-policy', b'same-origin'), (b'Referrer-Policy', b'strict-origin-when-cross-origin'), (b'Access-Control-Max-Age', b'86400'), (b'Access-Control-Allow-Origin', b'https://huggingface.co'), (b'Vary', b'Origin'), (b'Access-Control-Expose-Headers', b'X-Repo-Commit,X-Request-Id,X-Error-Code,X-Error-Message,X-Total-Count,ETag,Link,Accept-Ranges,Content-Range,X-Linked-Size,X-Linked-ETag,X-Xet-Hash'), (b'X-Repo-Commit', b'e8f8c211226b894fcb81acc59f3b34ba3efd5f42'), (b'Accept-Ranges', b'bytes'), (b'X-Hub-Cache', b'MISS'), (b'X-Error-Code', b'EntryNotFound'), (b'X-Error-Message', b'Entry not found'), (b'X-Cache', b'Error from cloudfront'), (b'Via', b'1.1 46f331563d4a8baa77a470097fa3a10c.cloudfront.net (CloudFront)'), (b'X-Amz-Cf-Pop', b'HEL51-P2'), (b'X-Amz-Cf-Id', b'YjwD2wM4AmtgHSFAA9CGyp_dK9DFRxBXCOceVrCXDbWhyVuAmXhOlg==')])
2026-05-25 23:05:57,804 | INFO     | httpx                | HTTP Request: HEAD https://huggingface.co/sentence-transformers/paraphrase-multilingual-MiniLM-L12-v2/resolve/main/video_preprocessor_config.json "HTTP/1.1 404 Not Found"
2026-05-25 23:05:57,804 | DEBUG    | httpcore.http11      | receive_response_body.started request=<Request [b'HEAD']>
2026-05-25 23:05:57,805 | DEBUG    | httpcore.http11      | receive_response_body.complete
2026-05-25 23:05:57,805 | DEBUG    | httpcore.http11      | response_closed.started
2026-05-25 23:05:57,805 | DEBUG    | httpcore.http11      | response_closed.complete
2026-05-25 23:05:57,816 | DEBUG    | httpcore.http11      | send_request_headers.started request=<Request [b'HEAD']>
2026-05-25 23:05:57,816 | DEBUG    | httpcore.http11      | send_request_headers.complete
2026-05-25 23:05:57,817 | DEBUG    | httpcore.http11      | send_request_body.started request=<Request [b'HEAD']>
2026-05-25 23:05:57,817 | DEBUG    | httpcore.http11      | send_request_body.complete
2026-05-25 23:05:57,817 | DEBUG    | httpcore.http11      | receive_response_headers.started request=<Request [b'HEAD']>
2026-05-25 23:05:57,993 | DEBUG    | httpcore.http11      | receive_response_headers.complete return_value=(b'HTTP/1.1', 404, b'Not Found', [(b'Content-Type', b'text/plain; charset=utf-8'), (b'Content-Length', b'15'), (b'Connection', b'keep-alive'), (b'Date', b'Mon, 25 May 2026 20:05:57 GMT'), (b'ETag', b'W/"f-mY2VvLxuxB7KhsoOdQTlMTccuAQ"'), (b'X-Powered-By', b'huggingface-moon'), (b'X-Request-Id', b'Root=1-6a14aba5-04a7cc860730aed146f0bed1;c1538c33-d354-423c-8d0e-8c509585b5b5'), (b'RateLimit', b'"resolvers";r=4987;t=298'), (b'RateLimit-Policy', b'"fixed window";"resolvers";q=5000;w=300'), (b'cross-origin-opener-policy', b'same-origin'), (b'Referrer-Policy', b'strict-origin-when-cross-origin'), (b'Access-Control-Max-Age', b'86400'), (b'Access-Control-Allow-Origin', b'https://huggingface.co'), (b'Vary', b'Origin'), (b'Access-Control-Expose-Headers', b'X-Repo-Commit,X-Request-Id,X-Error-Code,X-Error-Message,X-Total-Count,ETag,Link,Accept-Ranges,Content-Range,X-Linked-Size,X-Linked-ETag,X-Xet-Hash'), (b'X-Repo-Commit', b'e8f8c211226b894fcb81acc59f3b34ba3efd5f42'), (b'Accept-Ranges', b'bytes'), (b'X-Hub-Cache', b'MISS'), (b'X-Error-Code', b'EntryNotFound'), (b'X-Error-Message', b'Entry not found'), (b'X-Cache', b'Error from cloudfront'), (b'Via', b'1.1 46f331563d4a8baa77a470097fa3a10c.cloudfront.net (CloudFront)'), (b'X-Amz-Cf-Pop', b'HEL51-P2'), (b'X-Amz-Cf-Id', b'xFqXVOTG7GRCIGvsYISdzS8CJHJyelPlcKoj2Q9d9yJj1mz3DtPDtQ==')])
2026-05-25 23:05:57,994 | INFO     | httpx                | HTTP Request: HEAD https://huggingface.co/sentence-transformers/paraphrase-multilingual-MiniLM-L12-v2/resolve/main/preprocessor_config.json "HTTP/1.1 404 Not Found"
2026-05-25 23:05:57,995 | DEBUG    | httpcore.http11      | receive_response_body.started request=<Request [b'HEAD']>
2026-05-25 23:05:57,995 | DEBUG    | httpcore.http11      | receive_response_body.complete
2026-05-25 23:05:57,995 | DEBUG    | httpcore.http11      | response_closed.started
2026-05-25 23:05:57,996 | DEBUG    | httpcore.http11      | response_closed.complete
2026-05-25 23:05:58,008 | DEBUG    | httpcore.http11      | send_request_headers.started request=<Request [b'HEAD']>
2026-05-25 23:05:58,009 | DEBUG    | httpcore.http11      | send_request_headers.complete
2026-05-25 23:05:58,009 | DEBUG    | httpcore.http11      | send_request_body.started request=<Request [b'HEAD']>
2026-05-25 23:05:58,010 | DEBUG    | httpcore.http11      | send_request_body.complete
2026-05-25 23:05:58,010 | DEBUG    | httpcore.http11      | receive_response_headers.started request=<Request [b'HEAD']>
2026-05-25 23:05:58,158 | DEBUG    | httpcore.http11      | receive_response_headers.complete return_value=(b'HTTP/1.1', 307, b'Temporary Redirect', [(b'Content-Type', b'text/plain; charset=utf-8'), (b'Content-Length', b'342'), (b'Connection', b'keep-alive'), (b'Date', b'Mon, 25 May 2026 20:05:58 GMT'), (b'Location', b'/api/resolve-cache/models/sentence-transformers/paraphrase-multilingual-MiniLM-L12-v2/e8f8c211226b894fcb81acc59f3b34ba3efd5f42/tokenizer_config.json?%2Fsentence-transformers%2Fparaphrase-multilingual-MiniLM-L12-v2%2Fresolve%2Fmain%2Ftokenizer_config.json=&etag=%223c1b565ae10a15a1d0c31096f834af2fd9359e91%22'), (b'X-Powered-By', b'huggingface-moon'), (b'X-Request-Id', b'Root=1-6a14aba6-7af60b84416eee4c3fd74100;94d28f03-ed60-4828-9ffe-2c0f9607453a'), (b'RateLimit', b'"resolvers";r=4986;t=297'), (b'RateLimit-Policy', b'"fixed window";"resolvers";q=5000;w=300'), (b'cross-origin-opener-policy', b'same-origin'), (b'Referrer-Policy', b'strict-origin-when-cross-origin'), (b'Access-Control-Max-Age', b'86400'), (b'Access-Control-Allow-Origin', b'https://huggingface.co'), (b'Vary', b'Origin, Accept'), (b'Access-Control-Expose-Headers', b'X-Repo-Commit,X-Request-Id,X-Error-Code,X-Error-Message,X-Total-Count,ETag,Link,Accept-Ranges,Content-Range,X-Linked-Size,X-Linked-ETag,X-Xet-Hash'), (b'X-Repo-Commit', b'e8f8c211226b894fcb81acc59f3b34ba3efd5f42'), (b'Accept-Ranges', b'bytes'), (b'X-Hub-Cache', b'HIT'), (b'Content-Disposition', b'inline; filename*=UTF-8\'\'tokenizer_config.json; filename="tokenizer_config.json";'), (b'Content-Security-Policy', b"default-src 'none'; sandbox"), (b'X-Linked-ETag', b'"3c1b565ae10a15a1d0c31096f834af2fd9359e91"'), (b'X-Cache', b'Miss from cloudfront'), (b'Via', b'1.1 46f331563d4a8baa77a470097fa3a10c.cloudfront.net (CloudFront)'), (b'X-Amz-Cf-Pop', b'HEL51-P2'), (b'X-Amz-Cf-Id', b'PHXkMfQOiZbXf8em1Ms9G4T5TwgjSmfHADr7bTvdat-xSzA-tGZJ5Q==')])
2026-05-25 23:05:58,159 | INFO     | httpx                | HTTP Request: HEAD https://huggingface.co/sentence-transformers/paraphrase-multilingual-MiniLM-L12-v2/resolve/main/tokenizer_config.json "HTTP/1.1 307 Temporary Redirect"
2026-05-25 23:05:58,160 | DEBUG    | httpcore.http11      | receive_response_body.started request=<Request [b'HEAD']>
2026-05-25 23:05:58,160 | DEBUG    | httpcore.http11      | receive_response_body.complete
2026-05-25 23:05:58,160 | DEBUG    | httpcore.http11      | response_closed.started
2026-05-25 23:05:58,161 | DEBUG    | httpcore.http11      | response_closed.complete
2026-05-25 23:05:58,162 | DEBUG    | httpcore.http11      | send_request_headers.started request=<Request [b'HEAD']>
2026-05-25 23:05:58,162 | DEBUG    | httpcore.http11      | send_request_headers.complete
2026-05-25 23:05:58,162 | DEBUG    | httpcore.http11      | send_request_body.started request=<Request [b'HEAD']>
2026-05-25 23:05:58,163 | DEBUG    | httpcore.http11      | send_request_body.complete
2026-05-25 23:05:58,163 | DEBUG    | httpcore.http11      | receive_response_headers.started request=<Request [b'HEAD']>
2026-05-25 23:05:58,186 | DEBUG    | httpcore.http11      | receive_response_headers.complete return_value=(b'HTTP/1.1', 200, b'OK', [(b'Content-Type', b'text/plain; charset=utf-8'), (b'Content-Length', b'526'), (b'Connection', b'keep-alive'), (b'Date', b'Sat, 23 May 2026 16:53:14 GMT'), (b'ETag', b'"3c1b565ae10a15a1d0c31096f834af2fd9359e91"'), (b'X-Powered-By', b'huggingface-moon'), (b'X-Request-Id', b'Root=1-6a11db7a-70d238d00dffb7f31218b60e;ddd9f2d2-5b8d-43bc-91fe-8e21de0f4647'), (b'RateLimit', b'"resolvers";r=4975;t=161'), (b'RateLimit-Policy', b'"fixed window";"resolvers";q=5000;w=300'), (b'cross-origin-opener-policy', b'same-origin'), (b'Referrer-Policy', b'strict-origin-when-cross-origin'), (b'Access-Control-Max-Age', b'86400'), (b'Access-Control-Allow-Origin', b'https://huggingface.co'), (b'Access-Control-Expose-Headers', b'X-Repo-Commit,X-Request-Id,X-Error-Code,X-Error-Message,X-Total-Count,ETag,Link,Accept-Ranges,Content-Range,X-Linked-Size,X-Linked-ETag,X-Xet-Hash'), (b'X-Repo-Commit', b'e8f8c211226b894fcb81acc59f3b34ba3efd5f42'), (b'Accept-Ranges', b'bytes'), (b'X-Hub-Cache', b'MISS'), (b'Content-Disposition', b'inline; filename*=UTF-8\'\'tokenizer_config.json; filename="tokenizer_config.json";'), (b'Content-Security-Policy', b"default-src 'none'; sandbox"), (b'Vary', b'Origin'), (b'X-Cache', b'Hit from cloudfront'), (b'Via', b'1.1 46f331563d4a8baa77a470097fa3a10c.cloudfront.net (CloudFront)'), (b'X-Amz-Cf-Pop', b'HEL51-P2'), (b'X-Amz-Cf-Id', b'mvz1KAu7Wln_k4D-s5YpJB9FMM0Ck9jJyblh8oVCtuEUr5tMiy7CtA=='), (b'Age', b'184364')])
2026-05-25 23:05:58,187 | INFO     | httpx                | HTTP Request: HEAD https://huggingface.co/api/resolve-cache/models/sentence-transformers/paraphrase-multilingual-MiniLM-L12-v2/e8f8c211226b894fcb81acc59f3b34ba3efd5f42/tokenizer_config.json "HTTP/1.1 200 OK"
2026-05-25 23:05:58,187 | DEBUG    | httpcore.http11      | receive_response_body.started request=<Request [b'HEAD']>
2026-05-25 23:05:58,187 | DEBUG    | httpcore.http11      | receive_response_body.complete
2026-05-25 23:05:58,188 | DEBUG    | httpcore.http11      | response_closed.started
2026-05-25 23:05:58,188 | DEBUG    | httpcore.http11      | response_closed.complete
2026-05-25 23:05:58,203 | DEBUG    | httpcore.http11      | send_request_headers.started request=<Request [b'HEAD']>
2026-05-25 23:05:58,203 | DEBUG    | httpcore.http11      | send_request_headers.complete
2026-05-25 23:05:58,204 | DEBUG    | httpcore.http11      | send_request_body.started request=<Request [b'HEAD']>
2026-05-25 23:05:58,204 | DEBUG    | httpcore.http11      | send_request_body.complete
2026-05-25 23:05:58,204 | DEBUG    | httpcore.http11      | receive_response_headers.started request=<Request [b'HEAD']>
2026-05-25 23:05:58,359 | DEBUG    | httpcore.http11      | receive_response_headers.complete return_value=(b'HTTP/1.1', 307, b'Temporary Redirect', [(b'Content-Type', b'text/plain; charset=utf-8'), (b'Content-Length', b'322'), (b'Connection', b'keep-alive'), (b'Date', b'Mon, 25 May 2026 20:05:58 GMT'), (b'Location', b'/api/resolve-cache/models/sentence-transformers/paraphrase-multilingual-MiniLM-L12-v2/e8f8c211226b894fcb81acc59f3b34ba3efd5f42/config.json?%2Fsentence-transformers%2Fparaphrase-multilingual-MiniLM-L12-v2%2Fresolve%2Fmain%2Fconfig.json=&etag=%22c06d5b49495f044e6380e68a60538be17a6bd5d1%22'), (b'X-Powered-By', b'huggingface-moon'), (b'X-Request-Id', b'Root=1-6a14aba6-4c90c0864e0b39486b9dd8c3;28ed57be-4d85-473e-98de-de7f441ea644'), (b'RateLimit', b'"resolvers";r=4985;t=297'), (b'RateLimit-Policy', b'"fixed window";"resolvers";q=5000;w=300'), (b'cross-origin-opener-policy', b'same-origin'), (b'Referrer-Policy', b'strict-origin-when-cross-origin'), (b'Access-Control-Max-Age', b'86400'), (b'Access-Control-Allow-Origin', b'https://huggingface.co'), (b'Vary', b'Origin, Accept'), (b'Access-Control-Expose-Headers', b'X-Repo-Commit,X-Request-Id,X-Error-Code,X-Error-Message,X-Total-Count,ETag,Link,Accept-Ranges,Content-Range,X-Linked-Size,X-Linked-ETag,X-Xet-Hash'), (b'X-Repo-Commit', b'e8f8c211226b894fcb81acc59f3b34ba3efd5f42'), (b'Accept-Ranges', b'bytes'), (b'X-Hub-Cache', b'HIT'), (b'Content-Disposition', b'inline; filename*=UTF-8\'\'config.json; filename="config.json";'), (b'Content-Security-Policy', b"default-src 'none'; sandbox"), (b'X-Linked-ETag', b'"c06d5b49495f044e6380e68a60538be17a6bd5d1"'), (b'X-Cache', b'Miss from cloudfront'), (b'Via', b'1.1 46f331563d4a8baa77a470097fa3a10c.cloudfront.net (CloudFront)'), (b'X-Amz-Cf-Pop', b'HEL51-P2'), (b'X-Amz-Cf-Id', b'7Fvu7pYMTo-bzUDIMd7d9aq26RFubYVrHFhHuN-NWXtc10WzIYHaWQ==')])
2026-05-25 23:05:58,360 | INFO     | httpx                | HTTP Request: HEAD https://huggingface.co/sentence-transformers/paraphrase-multilingual-MiniLM-L12-v2/resolve/main/config.json "HTTP/1.1 307 Temporary Redirect"
2026-05-25 23:05:58,361 | DEBUG    | httpcore.http11      | receive_response_body.started request=<Request [b'HEAD']>
2026-05-25 23:05:58,361 | DEBUG    | httpcore.http11      | receive_response_body.complete
2026-05-25 23:05:58,361 | DEBUG    | httpcore.http11      | response_closed.started
2026-05-25 23:05:58,361 | DEBUG    | httpcore.http11      | response_closed.complete
2026-05-25 23:05:58,363 | DEBUG    | httpcore.http11      | send_request_headers.started request=<Request [b'HEAD']>
2026-05-25 23:05:58,363 | DEBUG    | httpcore.http11      | send_request_headers.complete
2026-05-25 23:05:58,363 | DEBUG    | httpcore.http11      | send_request_body.started request=<Request [b'HEAD']>
2026-05-25 23:05:58,364 | DEBUG    | httpcore.http11      | send_request_body.complete
2026-05-25 23:05:58,364 | DEBUG    | httpcore.http11      | receive_response_headers.started request=<Request [b'HEAD']>
2026-05-25 23:05:58,387 | DEBUG    | httpcore.http11      | receive_response_headers.complete return_value=(b'HTTP/1.1', 200, b'OK', [(b'Content-Type', b'text/plain; charset=utf-8'), (b'Content-Length', b'645'), (b'Connection', b'keep-alive'), (b'Date', b'Sat, 23 May 2026 16:52:55 GMT'), (b'ETag', b'"c06d5b49495f044e6380e68a60538be17a6bd5d1"'), (b'X-Powered-By', b'huggingface-moon'), (b'X-Request-Id', b'Root=1-6a11db67-2ad77e595d0c35132f3135d5;4da4a2fd-bd36-4550-ac7d-380303f2f2bc'), (b'RateLimit', b'"resolvers";r=4983;t=180'), (b'RateLimit-Policy', b'"fixed window";"resolvers";q=5000;w=300'), (b'cross-origin-opener-policy', b'same-origin'), (b'Referrer-Policy', b'strict-origin-when-cross-origin'), (b'Access-Control-Max-Age', b'86400'), (b'Access-Control-Allow-Origin', b'https://huggingface.co'), (b'Access-Control-Expose-Headers', b'X-Repo-Commit,X-Request-Id,X-Error-Code,X-Error-Message,X-Total-Count,ETag,Link,Accept-Ranges,Content-Range,X-Linked-Size,X-Linked-ETag,X-Xet-Hash'), (b'X-Repo-Commit', b'e8f8c211226b894fcb81acc59f3b34ba3efd5f42'), (b'Accept-Ranges', b'bytes'), (b'X-Hub-Cache', b'MISS'), (b'Content-Disposition', b'inline; filename*=UTF-8\'\'config.json; filename="config.json";'), (b'Content-Security-Policy', b"default-src 'none'; sandbox"), (b'Vary', b'Origin'), (b'X-Cache', b'Hit from cloudfront'), (b'Via', b'1.1 46f331563d4a8baa77a470097fa3a10c.cloudfront.net (CloudFront)'), (b'X-Amz-Cf-Pop', b'HEL51-P2'), (b'X-Amz-Cf-Id', b'gfc9A5IDGiq1jKzVcG8Ilf2xWq1WZN8E8mu9LS4VU_EvVuy1hGz_KA=='), (b'Age', b'184383')])
2026-05-25 23:05:58,387 | INFO     | httpx                | HTTP Request: HEAD https://huggingface.co/api/resolve-cache/models/sentence-transformers/paraphrase-multilingual-MiniLM-L12-v2/e8f8c211226b894fcb81acc59f3b34ba3efd5f42/config.json "HTTP/1.1 200 OK"
2026-05-25 23:05:58,388 | DEBUG    | httpcore.http11      | receive_response_body.started request=<Request [b'HEAD']>
2026-05-25 23:05:58,388 | DEBUG    | httpcore.http11      | receive_response_body.complete
2026-05-25 23:05:58,388 | DEBUG    | httpcore.http11      | response_closed.started
2026-05-25 23:05:58,388 | DEBUG    | httpcore.http11      | response_closed.complete
2026-05-25 23:05:58,407 | DEBUG    | httpcore.http11      | send_request_headers.started request=<Request [b'HEAD']>
2026-05-25 23:05:58,407 | DEBUG    | httpcore.http11      | send_request_headers.complete
2026-05-25 23:05:58,408 | DEBUG    | httpcore.http11      | send_request_body.started request=<Request [b'HEAD']>
2026-05-25 23:05:58,408 | DEBUG    | httpcore.http11      | send_request_body.complete
2026-05-25 23:05:58,408 | DEBUG    | httpcore.http11      | receive_response_headers.started request=<Request [b'HEAD']>
2026-05-25 23:05:58,558 | DEBUG    | httpcore.http11      | receive_response_headers.complete return_value=(b'HTTP/1.1', 307, b'Temporary Redirect', [(b'Content-Type', b'text/plain; charset=utf-8'), (b'Content-Length', b'322'), (b'Connection', b'keep-alive'), (b'Date', b'Mon, 25 May 2026 20:05:58 GMT'), (b'Location', b'/api/resolve-cache/models/sentence-transformers/paraphrase-multilingual-MiniLM-L12-v2/e8f8c211226b894fcb81acc59f3b34ba3efd5f42/config.json?%2Fsentence-transformers%2Fparaphrase-multilingual-MiniLM-L12-v2%2Fresolve%2Fmain%2Fconfig.json=&etag=%22c06d5b49495f044e6380e68a60538be17a6bd5d1%22'), (b'X-Powered-By', b'huggingface-moon'), (b'X-Request-Id', b'Root=1-6a14aba6-22df56cd5e5bd3470f91d870;9fc5f1d5-cdf5-459b-8d0d-caeccb375c20'), (b'RateLimit', b'"resolvers";r=4984;t=297'), (b'RateLimit-Policy', b'"fixed window";"resolvers";q=5000;w=300'), (b'cross-origin-opener-policy', b'same-origin'), (b'Referrer-Policy', b'strict-origin-when-cross-origin'), (b'Access-Control-Max-Age', b'86400'), (b'Access-Control-Allow-Origin', b'https://huggingface.co'), (b'Vary', b'Origin, Accept'), (b'Access-Control-Expose-Headers', b'X-Repo-Commit,X-Request-Id,X-Error-Code,X-Error-Message,X-Total-Count,ETag,Link,Accept-Ranges,Content-Range,X-Linked-Size,X-Linked-ETag,X-Xet-Hash'), (b'X-Repo-Commit', b'e8f8c211226b894fcb81acc59f3b34ba3efd5f42'), (b'Accept-Ranges', b'bytes'), (b'X-Hub-Cache', b'HIT'), (b'Content-Disposition', b'inline; filename*=UTF-8\'\'config.json; filename="config.json";'), (b'Content-Security-Policy', b"default-src 'none'; sandbox"), (b'X-Linked-ETag', b'"c06d5b49495f044e6380e68a60538be17a6bd5d1"'), (b'X-Cache', b'Miss from cloudfront'), (b'Via', b'1.1 46f331563d4a8baa77a470097fa3a10c.cloudfront.net (CloudFront)'), (b'X-Amz-Cf-Pop', b'HEL51-P2'), (b'X-Amz-Cf-Id', b'NZFLeaxC-qioByYatE0iLQLm-1aD_STJMYl0fYrOj-DC1F3XMdvPNQ==')])
2026-05-25 23:05:58,559 | INFO     | httpx                | HTTP Request: HEAD https://huggingface.co/sentence-transformers/paraphrase-multilingual-MiniLM-L12-v2/resolve/main/config.json "HTTP/1.1 307 Temporary Redirect"
2026-05-25 23:05:58,560 | DEBUG    | httpcore.http11      | receive_response_body.started request=<Request [b'HEAD']>
2026-05-25 23:05:58,560 | DEBUG    | httpcore.http11      | receive_response_body.complete
2026-05-25 23:05:58,560 | DEBUG    | httpcore.http11      | response_closed.started
2026-05-25 23:05:58,561 | DEBUG    | httpcore.http11      | response_closed.complete
2026-05-25 23:05:58,562 | DEBUG    | httpcore.http11      | send_request_headers.started request=<Request [b'HEAD']>
2026-05-25 23:05:58,563 | DEBUG    | httpcore.http11      | send_request_headers.complete
2026-05-25 23:05:58,564 | DEBUG    | httpcore.http11      | send_request_body.started request=<Request [b'HEAD']>
2026-05-25 23:05:58,564 | DEBUG    | httpcore.http11      | send_request_body.complete
2026-05-25 23:05:58,564 | DEBUG    | httpcore.http11      | receive_response_headers.started request=<Request [b'HEAD']>
2026-05-25 23:05:58,587 | DEBUG    | httpcore.http11      | receive_response_headers.complete return_value=(b'HTTP/1.1', 200, b'OK', [(b'Content-Type', b'text/plain; charset=utf-8'), (b'Content-Length', b'645'), (b'Connection', b'keep-alive'), (b'Date', b'Sat, 23 May 2026 16:52:55 GMT'), (b'ETag', b'"c06d5b49495f044e6380e68a60538be17a6bd5d1"'), (b'X-Powered-By', b'huggingface-moon'), (b'X-Request-Id', b'Root=1-6a11db67-2ad77e595d0c35132f3135d5;4da4a2fd-bd36-4550-ac7d-380303f2f2bc'), (b'RateLimit', b'"resolvers";r=4983;t=180'), (b'RateLimit-Policy', b'"fixed window";"resolvers";q=5000;w=300'), (b'cross-origin-opener-policy', b'same-origin'), (b'Referrer-Policy', b'strict-origin-when-cross-origin'), (b'Access-Control-Max-Age', b'86400'), (b'Access-Control-Allow-Origin', b'https://huggingface.co'), (b'Access-Control-Expose-Headers', b'X-Repo-Commit,X-Request-Id,X-Error-Code,X-Error-Message,X-Total-Count,ETag,Link,Accept-Ranges,Content-Range,X-Linked-Size,X-Linked-ETag,X-Xet-Hash'), (b'X-Repo-Commit', b'e8f8c211226b894fcb81acc59f3b34ba3efd5f42'), (b'Accept-Ranges', b'bytes'), (b'X-Hub-Cache', b'MISS'), (b'Content-Disposition', b'inline; filename*=UTF-8\'\'config.json; filename="config.json";'), (b'Content-Security-Policy', b"default-src 'none'; sandbox"), (b'Vary', b'Origin'), (b'X-Cache', b'Hit from cloudfront'), (b'Via', b'1.1 46f331563d4a8baa77a470097fa3a10c.cloudfront.net (CloudFront)'), (b'X-Amz-Cf-Pop', b'HEL51-P2'), (b'X-Amz-Cf-Id', b'NG24iquafyTbGSIQEfJruAG4-CVNCpkDw5d9AvfF2KL-ZwkzIE8NgQ=='), (b'Age', b'184383')])
2026-05-25 23:05:58,588 | INFO     | httpx                | HTTP Request: HEAD https://huggingface.co/api/resolve-cache/models/sentence-transformers/paraphrase-multilingual-MiniLM-L12-v2/e8f8c211226b894fcb81acc59f3b34ba3efd5f42/config.json "HTTP/1.1 200 OK"
2026-05-25 23:05:58,589 | DEBUG    | httpcore.http11      | receive_response_body.started request=<Request [b'HEAD']>
2026-05-25 23:05:58,589 | DEBUG    | httpcore.http11      | receive_response_body.complete
2026-05-25 23:05:58,589 | DEBUG    | httpcore.http11      | response_closed.started
2026-05-25 23:05:58,589 | DEBUG    | httpcore.http11      | response_closed.complete
2026-05-25 23:05:58,608 | DEBUG    | httpcore.http11      | send_request_headers.started request=<Request [b'HEAD']>
2026-05-25 23:05:58,608 | DEBUG    | httpcore.http11      | send_request_headers.complete
2026-05-25 23:05:58,608 | DEBUG    | httpcore.http11      | send_request_body.started request=<Request [b'HEAD']>
2026-05-25 23:05:58,609 | DEBUG    | httpcore.http11      | send_request_body.complete
2026-05-25 23:05:58,609 | DEBUG    | httpcore.http11      | receive_response_headers.started request=<Request [b'HEAD']>
2026-05-25 23:05:58,763 | DEBUG    | httpcore.http11      | receive_response_headers.complete return_value=(b'HTTP/1.1', 307, b'Temporary Redirect', [(b'Content-Type', b'text/plain; charset=utf-8'), (b'Content-Length', b'342'), (b'Connection', b'keep-alive'), (b'Date', b'Mon, 25 May 2026 20:05:58 GMT'), (b'Location', b'/api/resolve-cache/models/sentence-transformers/paraphrase-multilingual-MiniLM-L12-v2/e8f8c211226b894fcb81acc59f3b34ba3efd5f42/tokenizer_config.json?%2Fsentence-transformers%2Fparaphrase-multilingual-MiniLM-L12-v2%2Fresolve%2Fmain%2Ftokenizer_config.json=&etag=%223c1b565ae10a15a1d0c31096f834af2fd9359e91%22'), (b'X-Powered-By', b'huggingface-moon'), (b'X-Request-Id', b'Root=1-6a14aba6-17fdfbc50ba7a40869f51701;1d12f645-b53b-48f7-a8b1-2bae19c9dd57'), (b'RateLimit', b'"resolvers";r=4983;t=297'), (b'RateLimit-Policy', b'"fixed window";"resolvers";q=5000;w=300'), (b'cross-origin-opener-policy', b'same-origin'), (b'Referrer-Policy', b'strict-origin-when-cross-origin'), (b'Access-Control-Max-Age', b'86400'), (b'Access-Control-Allow-Origin', b'https://huggingface.co'), (b'Vary', b'Origin, Accept'), (b'Access-Control-Expose-Headers', b'X-Repo-Commit,X-Request-Id,X-Error-Code,X-Error-Message,X-Total-Count,ETag,Link,Accept-Ranges,Content-Range,X-Linked-Size,X-Linked-ETag,X-Xet-Hash'), (b'X-Repo-Commit', b'e8f8c211226b894fcb81acc59f3b34ba3efd5f42'), (b'Accept-Ranges', b'bytes'), (b'X-Hub-Cache', b'HIT'), (b'Content-Disposition', b'inline; filename*=UTF-8\'\'tokenizer_config.json; filename="tokenizer_config.json";'), (b'Content-Security-Policy', b"default-src 'none'; sandbox"), (b'X-Linked-ETag', b'"3c1b565ae10a15a1d0c31096f834af2fd9359e91"'), (b'X-Cache', b'Miss from cloudfront'), (b'Via', b'1.1 46f331563d4a8baa77a470097fa3a10c.cloudfront.net (CloudFront)'), (b'X-Amz-Cf-Pop', b'HEL51-P2'), (b'X-Amz-Cf-Id', b'silbrG-_iZBEniIBqWZNNSXFX7qhcMTpgwyJLxcT3_uKPzL75gR66Q==')])
2026-05-25 23:05:58,764 | INFO     | httpx                | HTTP Request: HEAD https://huggingface.co/sentence-transformers/paraphrase-multilingual-MiniLM-L12-v2/resolve/main/tokenizer_config.json "HTTP/1.1 307 Temporary Redirect"
2026-05-25 23:05:58,765 | DEBUG    | httpcore.http11      | receive_response_body.started request=<Request [b'HEAD']>
2026-05-25 23:05:58,765 | DEBUG    | httpcore.http11      | receive_response_body.complete
2026-05-25 23:05:58,766 | DEBUG    | httpcore.http11      | response_closed.started
2026-05-25 23:05:58,766 | DEBUG    | httpcore.http11      | response_closed.complete
2026-05-25 23:05:58,767 | DEBUG    | httpcore.http11      | send_request_headers.started request=<Request [b'HEAD']>
2026-05-25 23:05:58,767 | DEBUG    | httpcore.http11      | send_request_headers.complete
2026-05-25 23:05:58,767 | DEBUG    | httpcore.http11      | send_request_body.started request=<Request [b'HEAD']>
2026-05-25 23:05:58,768 | DEBUG    | httpcore.http11      | send_request_body.complete
2026-05-25 23:05:58,768 | DEBUG    | httpcore.http11      | receive_response_headers.started request=<Request [b'HEAD']>
2026-05-25 23:05:58,792 | DEBUG    | httpcore.http11      | receive_response_headers.complete return_value=(b'HTTP/1.1', 200, b'OK', [(b'Content-Type', b'text/plain; charset=utf-8'), (b'Content-Length', b'526'), (b'Connection', b'keep-alive'), (b'Date', b'Sat, 23 May 2026 16:53:14 GMT'), (b'ETag', b'"3c1b565ae10a15a1d0c31096f834af2fd9359e91"'), (b'X-Powered-By', b'huggingface-moon'), (b'X-Request-Id', b'Root=1-6a11db7a-70d238d00dffb7f31218b60e;ddd9f2d2-5b8d-43bc-91fe-8e21de0f4647'), (b'RateLimit', b'"resolvers";r=4975;t=161'), (b'RateLimit-Policy', b'"fixed window";"resolvers";q=5000;w=300'), (b'cross-origin-opener-policy', b'same-origin'), (b'Referrer-Policy', b'strict-origin-when-cross-origin'), (b'Access-Control-Max-Age', b'86400'), (b'Access-Control-Allow-Origin', b'https://huggingface.co'), (b'Access-Control-Expose-Headers', b'X-Repo-Commit,X-Request-Id,X-Error-Code,X-Error-Message,X-Total-Count,ETag,Link,Accept-Ranges,Content-Range,X-Linked-Size,X-Linked-ETag,X-Xet-Hash'), (b'X-Repo-Commit', b'e8f8c211226b894fcb81acc59f3b34ba3efd5f42'), (b'Accept-Ranges', b'bytes'), (b'X-Hub-Cache', b'MISS'), (b'Content-Disposition', b'inline; filename*=UTF-8\'\'tokenizer_config.json; filename="tokenizer_config.json";'), (b'Content-Security-Policy', b"default-src 'none'; sandbox"), (b'Vary', b'Origin'), (b'X-Cache', b'Hit from cloudfront'), (b'Via', b'1.1 46f331563d4a8baa77a470097fa3a10c.cloudfront.net (CloudFront)'), (b'X-Amz-Cf-Pop', b'HEL51-P2'), (b'X-Amz-Cf-Id', b'Ua5Agg9MGzd6XfVJSUhCGc1IYHCCnEkER5StoDF8K3oaNBUT2mz_rg=='), (b'Age', b'184364')])
2026-05-25 23:05:58,793 | INFO     | httpx                | HTTP Request: HEAD https://huggingface.co/api/resolve-cache/models/sentence-transformers/paraphrase-multilingual-MiniLM-L12-v2/e8f8c211226b894fcb81acc59f3b34ba3efd5f42/tokenizer_config.json "HTTP/1.1 200 OK"
2026-05-25 23:05:58,793 | DEBUG    | httpcore.http11      | receive_response_body.started request=<Request [b'HEAD']>
2026-05-25 23:05:58,794 | DEBUG    | httpcore.http11      | receive_response_body.complete
2026-05-25 23:05:58,794 | DEBUG    | httpcore.http11      | response_closed.started
2026-05-25 23:05:58,794 | DEBUG    | httpcore.http11      | response_closed.complete
2026-05-25 23:05:58,812 | DEBUG    | httpcore.http11      | send_request_headers.started request=<Request [b'HEAD']>
2026-05-25 23:05:58,812 | DEBUG    | httpcore.http11      | send_request_headers.complete
2026-05-25 23:05:58,812 | DEBUG    | httpcore.http11      | send_request_body.started request=<Request [b'HEAD']>
2026-05-25 23:05:58,813 | DEBUG    | httpcore.http11      | send_request_body.complete
2026-05-25 23:05:58,813 | DEBUG    | httpcore.http11      | receive_response_headers.started request=<Request [b'HEAD']>
2026-05-25 23:05:58,961 | DEBUG    | httpcore.http11      | receive_response_headers.complete return_value=(b'HTTP/1.1', 307, b'Temporary Redirect', [(b'Content-Type', b'text/plain; charset=utf-8'), (b'Content-Length', b'342'), (b'Connection', b'keep-alive'), (b'Date', b'Mon, 25 May 2026 20:05:58 GMT'), (b'Location', b'/api/resolve-cache/models/sentence-transformers/paraphrase-multilingual-MiniLM-L12-v2/e8f8c211226b894fcb81acc59f3b34ba3efd5f42/tokenizer_config.json?%2Fsentence-transformers%2Fparaphrase-multilingual-MiniLM-L12-v2%2Fresolve%2Fmain%2Ftokenizer_config.json=&etag=%223c1b565ae10a15a1d0c31096f834af2fd9359e91%22'), (b'X-Powered-By', b'huggingface-moon'), (b'X-Request-Id', b'Root=1-6a14aba6-31f404302599d2020fc28291;bf67bc3d-fd78-4427-a0c6-6635d671a40a'), (b'RateLimit', b'"resolvers";r=4982;t=297'), (b'RateLimit-Policy', b'"fixed window";"resolvers";q=5000;w=300'), (b'cross-origin-opener-policy', b'same-origin'), (b'Referrer-Policy', b'strict-origin-when-cross-origin'), (b'Access-Control-Max-Age', b'86400'), (b'Access-Control-Allow-Origin', b'https://huggingface.co'), (b'Vary', b'Origin, Accept'), (b'Access-Control-Expose-Headers', b'X-Repo-Commit,X-Request-Id,X-Error-Code,X-Error-Message,X-Total-Count,ETag,Link,Accept-Ranges,Content-Range,X-Linked-Size,X-Linked-ETag,X-Xet-Hash'), (b'X-Repo-Commit', b'e8f8c211226b894fcb81acc59f3b34ba3efd5f42'), (b'Accept-Ranges', b'bytes'), (b'X-Hub-Cache', b'HIT'), (b'Content-Disposition', b'inline; filename*=UTF-8\'\'tokenizer_config.json; filename="tokenizer_config.json";'), (b'Content-Security-Policy', b"default-src 'none'; sandbox"), (b'X-Linked-ETag', b'"3c1b565ae10a15a1d0c31096f834af2fd9359e91"'), (b'X-Cache', b'Miss from cloudfront'), (b'Via', b'1.1 46f331563d4a8baa77a470097fa3a10c.cloudfront.net (CloudFront)'), (b'X-Amz-Cf-Pop', b'HEL51-P2'), (b'X-Amz-Cf-Id', b'shDlWbbJbobpHq30nY-a3Fb0Jsh-YQNAQDjndJigSDu-nWagUjpqbw==')])
2026-05-25 23:05:58,962 | INFO     | httpx                | HTTP Request: HEAD https://huggingface.co/sentence-transformers/paraphrase-multilingual-MiniLM-L12-v2/resolve/main/tokenizer_config.json "HTTP/1.1 307 Temporary Redirect"
2026-05-25 23:05:58,963 | DEBUG    | httpcore.http11      | receive_response_body.started request=<Request [b'HEAD']>
2026-05-25 23:05:58,963 | DEBUG    | httpcore.http11      | receive_response_body.complete
2026-05-25 23:05:58,963 | DEBUG    | httpcore.http11      | response_closed.started
2026-05-25 23:05:58,964 | DEBUG    | httpcore.http11      | response_closed.complete
2026-05-25 23:05:58,965 | DEBUG    | httpcore.http11      | send_request_headers.started request=<Request [b'HEAD']>
2026-05-25 23:05:58,965 | DEBUG    | httpcore.http11      | send_request_headers.complete
2026-05-25 23:05:58,965 | DEBUG    | httpcore.http11      | send_request_body.started request=<Request [b'HEAD']>
2026-05-25 23:05:58,965 | DEBUG    | httpcore.http11      | send_request_body.complete
2026-05-25 23:05:58,966 | DEBUG    | httpcore.http11      | receive_response_headers.started request=<Request [b'HEAD']>
2026-05-25 23:05:58,988 | DEBUG    | httpcore.http11      | receive_response_headers.complete return_value=(b'HTTP/1.1', 200, b'OK', [(b'Content-Type', b'text/plain; charset=utf-8'), (b'Content-Length', b'526'), (b'Connection', b'keep-alive'), (b'Date', b'Sat, 23 May 2026 16:53:14 GMT'), (b'ETag', b'"3c1b565ae10a15a1d0c31096f834af2fd9359e91"'), (b'X-Powered-By', b'huggingface-moon'), (b'X-Request-Id', b'Root=1-6a11db7a-70d238d00dffb7f31218b60e;ddd9f2d2-5b8d-43bc-91fe-8e21de0f4647'), (b'RateLimit', b'"resolvers";r=4975;t=161'), (b'RateLimit-Policy', b'"fixed window";"resolvers";q=5000;w=300'), (b'cross-origin-opener-policy', b'same-origin'), (b'Referrer-Policy', b'strict-origin-when-cross-origin'), (b'Access-Control-Max-Age', b'86400'), (b'Access-Control-Allow-Origin', b'https://huggingface.co'), (b'Access-Control-Expose-Headers', b'X-Repo-Commit,X-Request-Id,X-Error-Code,X-Error-Message,X-Total-Count,ETag,Link,Accept-Ranges,Content-Range,X-Linked-Size,X-Linked-ETag,X-Xet-Hash'), (b'X-Repo-Commit', b'e8f8c211226b894fcb81acc59f3b34ba3efd5f42'), (b'Accept-Ranges', b'bytes'), (b'X-Hub-Cache', b'MISS'), (b'Content-Disposition', b'inline; filename*=UTF-8\'\'tokenizer_config.json; filename="tokenizer_config.json";'), (b'Content-Security-Policy', b"default-src 'none'; sandbox"), (b'Vary', b'Origin'), (b'X-Cache', b'Hit from cloudfront'), (b'Via', b'1.1 46f331563d4a8baa77a470097fa3a10c.cloudfront.net (CloudFront)'), (b'X-Amz-Cf-Pop', b'HEL51-P2'), (b'X-Amz-Cf-Id', b'wg2i2MS3lu7TvbiN-n94vd6IRNBhF_YivO_ysIpzqqDbVmB4-LZ5bw=='), (b'Age', b'184364')])
2026-05-25 23:05:58,989 | INFO     | httpx                | HTTP Request: HEAD https://huggingface.co/api/resolve-cache/models/sentence-transformers/paraphrase-multilingual-MiniLM-L12-v2/e8f8c211226b894fcb81acc59f3b34ba3efd5f42/tokenizer_config.json "HTTP/1.1 200 OK"
2026-05-25 23:05:58,989 | DEBUG    | httpcore.http11      | receive_response_body.started request=<Request [b'HEAD']>
2026-05-25 23:05:58,990 | DEBUG    | httpcore.http11      | receive_response_body.complete
2026-05-25 23:05:58,990 | DEBUG    | httpcore.http11      | response_closed.started
2026-05-25 23:05:58,990 | DEBUG    | httpcore.http11      | response_closed.complete
2026-05-25 23:05:59,005 | DEBUG    | httpcore.http11      | send_request_headers.started request=<Request [b'GET']>
2026-05-25 23:05:59,006 | DEBUG    | httpcore.http11      | send_request_headers.complete
2026-05-25 23:05:59,006 | DEBUG    | httpcore.http11      | send_request_body.started request=<Request [b'GET']>
2026-05-25 23:05:59,007 | DEBUG    | httpcore.http11      | send_request_body.complete
2026-05-25 23:05:59,007 | DEBUG    | httpcore.http11      | receive_response_headers.started request=<Request [b'GET']>
2026-05-25 23:05:59,160 | DEBUG    | httpcore.http11      | receive_response_headers.complete return_value=(b'HTTP/1.1', 404, b'Not Found', [(b'Content-Type', b'application/json; charset=utf-8'), (b'Content-Length', b'64'), (b'Connection', b'keep-alive'), (b'Date', b'Mon, 25 May 2026 20:05:59 GMT'), (b'ETag', b'W/"40-09f9IAqP13xarAhQxFS2W8rvRkM"'), (b'X-Powered-By', b'huggingface-moon'), (b'X-Request-Id', b'Root=1-6a14aba7-5e90d6124add4eef4f4d0e81;90752a4a-7242-467b-8248-d4804f7c47fd'), (b'RateLimit', b'"api";r=998;t=296'), (b'RateLimit-Policy', b'"fixed window";"api";q=1000;w=300'), (b'cross-origin-opener-policy', b'same-origin'), (b'Referrer-Policy', b'strict-origin-when-cross-origin'), (b'Access-Control-Max-Age', b'86400'), (b'Access-Control-Allow-Origin', b'https://huggingface.co'), (b'Vary', b'Origin'), (b'Access-Control-Expose-Headers', b'X-Repo-Commit,X-Request-Id,X-Error-Code,X-Error-Message,X-Total-Count,ETag,Link,Accept-Ranges,Content-Range,X-Linked-Size,X-Linked-ETag,X-Xet-Hash'), (b'X-Error-Code', b'EntryNotFound'), (b'X-Error-Message', b'additional_chat_templates does not exist on "main"'), (b'X-Cache', b'Error from cloudfront'), (b'Via', b'1.1 46f331563d4a8baa77a470097fa3a10c.cloudfront.net (CloudFront)'), (b'X-Amz-Cf-Pop', b'HEL51-P2'), (b'X-Amz-Cf-Id', b'I0if7PQAk8YC4PyOKQVUJeEYGCTC00ZST7fRzXzg9--F_9IYluXx5w==')])
2026-05-25 23:05:59,161 | INFO     | httpx                | HTTP Request: GET https://huggingface.co/api/models/sentence-transformers/paraphrase-multilingual-MiniLM-L12-v2/tree/main/additional_chat_templates?recursive=false&expand=false "HTTP/1.1 404 Not Found"
2026-05-25 23:05:59,162 | DEBUG    | httpcore.http11      | receive_response_body.started request=<Request [b'GET']>
2026-05-25 23:05:59,162 | DEBUG    | httpcore.http11      | receive_response_body.complete
2026-05-25 23:05:59,162 | DEBUG    | httpcore.http11      | response_closed.started
2026-05-25 23:05:59,162 | DEBUG    | httpcore.http11      | response_closed.complete
2026-05-25 23:05:59,167 | DEBUG    | httpcore.http11      | send_request_headers.started request=<Request [b'GET']>
2026-05-25 23:05:59,167 | DEBUG    | httpcore.http11      | send_request_headers.complete
2026-05-25 23:05:59,167 | DEBUG    | httpcore.http11      | send_request_body.started request=<Request [b'GET']>
2026-05-25 23:05:59,168 | DEBUG    | httpcore.http11      | send_request_body.complete
2026-05-25 23:05:59,168 | DEBUG    | httpcore.http11      | receive_response_headers.started request=<Request [b'GET']>
2026-05-25 23:05:59,322 | DEBUG    | httpcore.http11      | receive_response_headers.complete return_value=(b'HTTP/1.1', 200, b'OK', [(b'Content-Type', b'application/json; charset=utf-8'), (b'Transfer-Encoding', b'chunked'), (b'Connection', b'keep-alive'), (b'Date', b'Mon, 25 May 2026 20:05:59 GMT'), (b'content-encoding', b'gzip'), (b'ETag', b'W/"1a1a-eIPFSpQ81fGmZGh9OTetGAVBiHY"'), (b'X-Powered-By', b'huggingface-moon'), (b'X-Request-Id', b'Root=1-6a14aba7-2c1eeb962bf9fdbc36b306f6;2ec4e498-781b-4ee8-a0bb-6f1bf7df25f9'), (b'RateLimit', b'"api";r=997;t=296'), (b'RateLimit-Policy', b'"fixed window";"api";q=1000;w=300'), (b'cross-origin-opener-policy', b'same-origin'), (b'Referrer-Policy', b'strict-origin-when-cross-origin'), (b'Access-Control-Max-Age', b'86400'), (b'Access-Control-Allow-Origin', b'https://huggingface.co'), (b'Vary', b'Origin'), (b'vary', b'Accept-Encoding'), (b'Access-Control-Expose-Headers', b'X-Repo-Commit,X-Request-Id,X-Error-Code,X-Error-Message,X-Total-Count,ETag,Link,Accept-Ranges,Content-Range,X-Linked-Size,X-Linked-ETag,X-Xet-Hash'), (b'X-Cache', b'Miss from cloudfront'), (b'Via', b'1.1 46f331563d4a8baa77a470097fa3a10c.cloudfront.net (CloudFront)'), (b'X-Amz-Cf-Pop', b'HEL51-P2'), (b'X-Amz-Cf-Id', b'CGS9HfFlLWrUpORrENkci2JCjepw8lUTOlU4ymZ239wq1i1ldUlPYg==')])
2026-05-25 23:05:59,323 | INFO     | httpx                | HTTP Request: GET https://huggingface.co/api/models/sentence-transformers/paraphrase-multilingual-MiniLM-L12-v2/tree/main?recursive=true&expand=false "HTTP/1.1 200 OK"
2026-05-25 23:05:59,323 | DEBUG    | httpcore.http11      | receive_response_body.started request=<Request [b'GET']>
2026-05-25 23:05:59,324 | DEBUG    | httpcore.http11      | receive_response_body.complete
2026-05-25 23:05:59,324 | DEBUG    | httpcore.http11      | response_closed.started
2026-05-25 23:05:59,324 | DEBUG    | httpcore.http11      | response_closed.complete
2026-05-25 23:06:01,083 | DEBUG    | httpcore.http11      | send_request_headers.started request=<Request [b'GET']>
2026-05-25 23:06:01,084 | DEBUG    | httpcore.http11      | send_request_headers.complete
2026-05-25 23:06:01,084 | DEBUG    | httpcore.http11      | send_request_body.started request=<Request [b'GET']>
2026-05-25 23:06:01,084 | DEBUG    | httpcore.http11      | send_request_body.complete
2026-05-25 23:06:01,084 | DEBUG    | httpcore.http11      | receive_response_headers.started request=<Request [b'GET']>
2026-05-25 23:06:01,235 | DEBUG    | httpcore.http11      | receive_response_headers.complete return_value=(b'HTTP/1.1', 200, b'OK', [(b'Content-Type', b'application/json; charset=utf-8'), (b'Transfer-Encoding', b'chunked'), (b'Connection', b'keep-alive'), (b'Date', b'Mon, 25 May 2026 20:06:01 GMT'), (b'content-encoding', b'gzip'), (b'ETag', b'W/"1820-g/rJpFe9OBkr6O7Kx71G367UNGE"'), (b'X-Powered-By', b'huggingface-moon'), (b'X-Request-Id', b'Root=1-6a14aba9-5a45fa8c5f69447d3a84f108;ec9de498-441c-47df-8fbf-ac8f6aa95ff3'), (b'RateLimit', b'"api";r=996;t=294'), (b'RateLimit-Policy', b'"fixed window";"api";q=1000;w=300'), (b'cross-origin-opener-policy', b'same-origin'), (b'Referrer-Policy', b'strict-origin-when-cross-origin'), (b'Access-Control-Max-Age', b'86400'), (b'Access-Control-Allow-Origin', b'https://huggingface.co'), (b'Vary', b'Origin'), (b'vary', b'Accept-Encoding'), (b'Access-Control-Expose-Headers', b'X-Repo-Commit,X-Request-Id,X-Error-Code,X-Error-Message,X-Total-Count,ETag,Link,Accept-Ranges,Content-Range,X-Linked-Size,X-Linked-ETag,X-Xet-Hash'), (b'X-Cache', b'Miss from cloudfront'), (b'Via', b'1.1 46f331563d4a8baa77a470097fa3a10c.cloudfront.net (CloudFront)'), (b'X-Amz-Cf-Pop', b'HEL51-P2'), (b'X-Amz-Cf-Id', b'_qrHYVC9z510o8SHXKV1VUu3FuYqam-Ux8SRtmyJsQ_C3PDmimCWgg==')])
2026-05-25 23:06:01,236 | INFO     | httpx                | HTTP Request: GET https://huggingface.co/api/models/sentence-transformers/paraphrase-multilingual-MiniLM-L12-v2 "HTTP/1.1 200 OK"
2026-05-25 23:06:01,236 | DEBUG    | httpcore.http11      | receive_response_body.started request=<Request [b'GET']>
2026-05-25 23:06:01,237 | DEBUG    | httpcore.http11      | receive_response_body.complete
2026-05-25 23:06:01,237 | DEBUG    | httpcore.http11      | response_closed.started
2026-05-25 23:06:01,237 | DEBUG    | httpcore.http11      | response_closed.complete
2026-05-25 23:06:01,426 | DEBUG    | sentence_transformers.base.modules.transformer | Active modality config: {'text': {'method': 'forward', 'method_output_name': 'last_hidden_state'}}
2026-05-25 23:06:01,428 | DEBUG    | httpcore.http11      | send_request_headers.started request=<Request [b'HEAD']>
2026-05-25 23:06:01,429 | DEBUG    | httpcore.http11      | send_request_headers.complete
2026-05-25 23:06:01,429 | DEBUG    | httpcore.http11      | send_request_body.started request=<Request [b'HEAD']>
2026-05-25 23:06:01,429 | DEBUG    | httpcore.http11      | send_request_body.complete
2026-05-25 23:06:01,429 | DEBUG    | httpcore.http11      | receive_response_headers.started request=<Request [b'HEAD']>
2026-05-25 23:06:01,583 | DEBUG    | httpcore.http11      | receive_response_headers.complete return_value=(b'HTTP/1.1', 307, b'Temporary Redirect', [(b'Content-Type', b'text/plain; charset=utf-8'), (b'Content-Length', b'346'), (b'Connection', b'keep-alive'), (b'Date', b'Mon, 25 May 2026 20:06:01 GMT'), (b'Location', b'/api/resolve-cache/models/sentence-transformers/paraphrase-multilingual-MiniLM-L12-v2/e8f8c211226b894fcb81acc59f3b34ba3efd5f42/1_Pooling%2Fconfig.json?%2Fsentence-transformers%2Fparaphrase-multilingual-MiniLM-L12-v2%2Fresolve%2Fmain%2F1_Pooling%2Fconfig.json=&etag=%22d1514c3162bbe87b343f565fadc62e6c06f04f03%22'), (b'X-Powered-By', b'huggingface-moon'), (b'X-Request-Id', b'Root=1-6a14aba9-6218f0fb3b6d8af95be300ca;88b42de1-ed06-4c2c-b5ed-eba1c12ebada'), (b'RateLimit', b'"resolvers";r=4981;t=294'), (b'RateLimit-Policy', b'"fixed window";"resolvers";q=5000;w=300'), (b'cross-origin-opener-policy', b'same-origin'), (b'Referrer-Policy', b'strict-origin-when-cross-origin'), (b'Access-Control-Max-Age', b'86400'), (b'Access-Control-Allow-Origin', b'https://huggingface.co'), (b'Vary', b'Origin, Accept'), (b'Access-Control-Expose-Headers', b'X-Repo-Commit,X-Request-Id,X-Error-Code,X-Error-Message,X-Total-Count,ETag,Link,Accept-Ranges,Content-Range,X-Linked-Size,X-Linked-ETag,X-Xet-Hash'), (b'X-Repo-Commit', b'e8f8c211226b894fcb81acc59f3b34ba3efd5f42'), (b'Accept-Ranges', b'bytes'), (b'X-Hub-Cache', b'HIT'), (b'Content-Disposition', b'inline; filename*=UTF-8\'\'config.json; filename="config.json";'), (b'Content-Security-Policy', b"default-src 'none'; sandbox"), (b'X-Linked-ETag', b'"d1514c3162bbe87b343f565fadc62e6c06f04f03"'), (b'X-Cache', b'Miss from cloudfront'), (b'Via', b'1.1 46f331563d4a8baa77a470097fa3a10c.cloudfront.net (CloudFront)'), (b'X-Amz-Cf-Pop', b'HEL51-P2'), (b'X-Amz-Cf-Id', b'2lH1ScLfRS_3SG9PqiP8qUAHeFdNXbl1EDInjN-ZaYuoQaS72-Tang==')])
2026-05-25 23:06:01,583 | INFO     | httpx                | HTTP Request: HEAD https://huggingface.co/sentence-transformers/paraphrase-multilingual-MiniLM-L12-v2/resolve/main/1_Pooling/config.json "HTTP/1.1 307 Temporary Redirect"
2026-05-25 23:06:01,584 | DEBUG    | httpcore.http11      | receive_response_body.started request=<Request [b'HEAD']>
2026-05-25 23:06:01,584 | DEBUG    | httpcore.http11      | receive_response_body.complete
2026-05-25 23:06:01,584 | DEBUG    | httpcore.http11      | response_closed.started
2026-05-25 23:06:01,584 | DEBUG    | httpcore.http11      | response_closed.complete
2026-05-25 23:06:01,585 | DEBUG    | httpcore.http11      | send_request_headers.started request=<Request [b'HEAD']>
2026-05-25 23:06:01,585 | DEBUG    | httpcore.http11      | send_request_headers.complete
2026-05-25 23:06:01,585 | DEBUG    | httpcore.http11      | send_request_body.started request=<Request [b'HEAD']>
2026-05-25 23:06:01,585 | DEBUG    | httpcore.http11      | send_request_body.complete
2026-05-25 23:06:01,586 | DEBUG    | httpcore.http11      | receive_response_headers.started request=<Request [b'HEAD']>
2026-05-25 23:06:01,608 | DEBUG    | httpcore.http11      | receive_response_headers.complete return_value=(b'HTTP/1.1', 200, b'OK', [(b'Content-Type', b'text/plain; charset=utf-8'), (b'Content-Length', b'190'), (b'Connection', b'keep-alive'), (b'Date', b'Sat, 23 May 2026 16:53:20 GMT'), (b'ETag', b'"d1514c3162bbe87b343f565fadc62e6c06f04f03"'), (b'X-Powered-By', b'huggingface-moon'), (b'X-Request-Id', b'Root=1-6a11db80-47101ded522f1e9f41804de6;bb4c22d3-d12e-4dff-9a48-b8da9b2cd5e7'), (b'RateLimit', b'"resolvers";r=4961;t=155'), (b'RateLimit-Policy', b'"fixed window";"resolvers";q=5000;w=300'), (b'cross-origin-opener-policy', b'same-origin'), (b'Referrer-Policy', b'strict-origin-when-cross-origin'), (b'Access-Control-Max-Age', b'86400'), (b'Access-Control-Allow-Origin', b'https://huggingface.co'), (b'Access-Control-Expose-Headers', b'X-Repo-Commit,X-Request-Id,X-Error-Code,X-Error-Message,X-Total-Count,ETag,Link,Accept-Ranges,Content-Range,X-Linked-Size,X-Linked-ETag,X-Xet-Hash'), (b'X-Repo-Commit', b'e8f8c211226b894fcb81acc59f3b34ba3efd5f42'), (b'Accept-Ranges', b'bytes'), (b'X-Hub-Cache', b'MISS'), (b'Content-Disposition', b'inline; filename*=UTF-8\'\'config.json; filename="config.json";'), (b'Content-Security-Policy', b"default-src 'none'; sandbox"), (b'Vary', b'Origin'), (b'X-Cache', b'Hit from cloudfront'), (b'Via', b'1.1 46f331563d4a8baa77a470097fa3a10c.cloudfront.net (CloudFront)'), (b'X-Amz-Cf-Pop', b'HEL51-P2'), (b'X-Amz-Cf-Id', b'zo2k99SRBZmL0aF_WVq3GDggEzT55GguekD2xofIEQlwWByGFY5_uQ=='), (b'Age', b'184361')])
2026-05-25 23:06:01,609 | INFO     | httpx                | HTTP Request: HEAD https://huggingface.co/api/resolve-cache/models/sentence-transformers/paraphrase-multilingual-MiniLM-L12-v2/e8f8c211226b894fcb81acc59f3b34ba3efd5f42/1_Pooling%2Fconfig.json "HTTP/1.1 200 OK"
2026-05-25 23:06:01,609 | DEBUG    | httpcore.http11      | receive_response_body.started request=<Request [b'HEAD']>
2026-05-25 23:06:01,610 | DEBUG    | httpcore.http11      | receive_response_body.complete
2026-05-25 23:06:01,610 | DEBUG    | httpcore.http11      | response_closed.started
2026-05-25 23:06:01,610 | DEBUG    | httpcore.http11      | response_closed.complete
2026-05-25 23:06:01,618 | DEBUG    | httpcore.http11      | send_request_headers.started request=<Request [b'GET']>
2026-05-25 23:06:01,619 | DEBUG    | httpcore.http11      | send_request_headers.complete
2026-05-25 23:06:01,619 | DEBUG    | httpcore.http11      | send_request_body.started request=<Request [b'GET']>
2026-05-25 23:06:01,619 | DEBUG    | httpcore.http11      | send_request_body.complete
2026-05-25 23:06:01,620 | DEBUG    | httpcore.http11      | receive_response_headers.started request=<Request [b'GET']>
2026-05-25 23:06:01,773 | DEBUG    | httpcore.http11      | receive_response_headers.complete return_value=(b'HTTP/1.1', 200, b'OK', [(b'Content-Type', b'application/json; charset=utf-8'), (b'Transfer-Encoding', b'chunked'), (b'Connection', b'keep-alive'), (b'Date', b'Mon, 25 May 2026 20:06:01 GMT'), (b'content-encoding', b'gzip'), (b'ETag', b'W/"1820-g/rJpFe9OBkr6O7Kx71G367UNGE"'), (b'X-Powered-By', b'huggingface-moon'), (b'X-Request-Id', b'Root=1-6a14aba9-0ea86e053744a8b054a768e1;60b4aa7d-24ee-45d3-a086-6ff3317d4301'), (b'RateLimit', b'"api";r=995;t=294'), (b'RateLimit-Policy', b'"fixed window";"api";q=1000;w=300'), (b'cross-origin-opener-policy', b'same-origin'), (b'Referrer-Policy', b'strict-origin-when-cross-origin'), (b'Access-Control-Max-Age', b'86400'), (b'Access-Control-Allow-Origin', b'https://huggingface.co'), (b'Vary', b'Origin'), (b'vary', b'Accept-Encoding'), (b'Access-Control-Expose-Headers', b'X-Repo-Commit,X-Request-Id,X-Error-Code,X-Error-Message,X-Total-Count,ETag,Link,Accept-Ranges,Content-Range,X-Linked-Size,X-Linked-ETag,X-Xet-Hash'), (b'X-Cache', b'Miss from cloudfront'), (b'Via', b'1.1 46f331563d4a8baa77a470097fa3a10c.cloudfront.net (CloudFront)'), (b'X-Amz-Cf-Pop', b'HEL51-P2'), (b'X-Amz-Cf-Id', b'sR4vvJbLVRcT6LZb6Pi7sYld_MaYR-gH7MFmI2D0c1IUAZUr7OF_rg==')])
2026-05-25 23:06:01,774 | INFO     | httpx                | HTTP Request: GET https://huggingface.co/api/models/sentence-transformers/paraphrase-multilingual-MiniLM-L12-v2 "HTTP/1.1 200 OK"
2026-05-25 23:06:01,774 | DEBUG    | httpcore.http11      | receive_response_body.started request=<Request [b'GET']>
2026-05-25 23:06:01,775 | DEBUG    | httpcore.http11      | receive_response_body.complete
2026-05-25 23:06:01,776 | DEBUG    | httpcore.http11      | response_closed.started
2026-05-25 23:06:01,776 | DEBUG    | httpcore.http11      | response_closed.complete
2026-05-25 23:06:01,786 | INFO     | modules.filter.stt_filter.should_shut_up.should_shut_up_model | ✓ ShouldShutUpModel initialized successfully
2026-05-25 23:06:01,787 | DEBUG    | modules.filter.stt_filter.stt_filter | ✓ Models loaded
2026-05-25 23:06:01,787 | INFO     | modules.filter.stt_filter.stt_filter | ✓ SttFilter initialized successfully
2026-05-25 23:06:01,787 | DEBUG    | modules.filter.filter | ✓ STT filter loaded
2026-05-25 23:06:01,787 | DEBUG    | modules.filter.filter | CV filter: Not yet implemented
2026-05-25 23:06:01,787 | DEBUG    | modules.filter.filter | System filter: Not yet implemented
2026-05-25 23:06:01,787 | INFO     | modules.filter.filter | ✓ Filter module initialized successfully
2026-05-25 23:06:01,788 | DEBUG    | modules.filter.filter | Dialogue continuation mode: False
2026-05-25 23:06:01,788 | DEBUG    | main_module          | ✓ Filter module loaded
2026-05-25 23:06:01,788 | DEBUG    | main_module          | Initializing Dispatcher module...
2026-05-25 23:06:01,788 | INFO     | modules.dispatcher.dispatcher | Initializing Dispatcher module...
2026-05-25 23:06:01,788 | DEBUG    | modules.dispatcher.dispatcher | Loading NeedMath model...
2026-05-25 23:06:01,788 | INFO     | modules.dispatcher.need_math | NeedMath classifier initialized
2026-05-25 23:06:01,788 | DEBUG    | modules.dispatcher.need_math | NeedMath is ready to filter mathematical expressions
2026-05-25 23:06:01,789 | DEBUG    | modules.dispatcher.dispatcher | ✓ NeedMath model loaded
2026-05-25 23:06:01,789 | DEBUG    | modules.dispatcher.dispatcher | Loading NeedConsole model...
2026-05-25 23:06:01,789 | INFO     | modules.dispatcher.need_console | NeedConsole classifier initialized
2026-05-25 23:06:01,789 | DEBUG    | modules.dispatcher.need_console | NeedConsole is ready to filter console commands
2026-05-25 23:06:01,789 | DEBUG    | modules.dispatcher.dispatcher | ✓ NeedConsole model loaded
2026-05-25 23:06:01,789 | INFO     | modules.dispatcher.dispatcher | ✓ Dispatcher initialized successfully
2026-05-25 23:06:01,789 | DEBUG    | main_module          | ✓ Dispatcher module loaded
2026-05-25 23:06:01,790 | DEBUG    | main_module          | Initializing PreProcess module...
2026-05-25 23:06:01,790 | INFO     | modules.pre_process.pre_process | PreProcess module initialized
2026-05-25 23:06:01,790 | DEBUG    | modules.pre_process.pre_process | PreProcess is ready to process input data
2026-05-25 23:06:01,790 | DEBUG    | main_module          | ✓ PreProcess module loaded
2026-05-25 23:06:01,790 | INFO     | main_module          | ✓ Core modules initialized successfully
2026-05-25 23:06:01,790 | INFO     | main_module          | Core data structure initialized | context_size=0 | modules_online={'stt': False, 'cv': False, 'sys': False}
2026-05-25 23:06:01,790 | INFO     | main_module          | ==================================================
2026-05-25 23:06:01,791 | INFO     | server               | ✓ Core service initialized successfully
2026-05-25 23:06:01,791 | INFO     | server               | Server ready to accept requests on port 8000
2026-05-25 23:06:01,791 | INFO     | server               | ============================================================
2026-05-25 23:06:01,865 | INFO     | uvicorn.error        | Started server process [8812]
2026-05-25 23:06:01,866 | INFO     | uvicorn.error        | Waiting for application startup.
2026-05-25 23:06:01,867 | INFO     | server               | ============================================================
2026-05-25 23:06:01,867 | INFO     | server               | CORE SERVICE STARTUP COMPLETED
2026-05-25 23:06:01,867 | INFO     | server               | ============================================================
2026-05-25 23:06:01,867 | INFO     | uvicorn.error        | Application startup complete.
2026-05-25 23:06:01,868 | INFO     | uvicorn.error        | Uvicorn running on http://127.0.0.1:8000 (Press CTRL+C to quit)
2026-05-25 23:06:10,131 | INFO     | server               | 📥 STT POST request received | lang=ru | text_len=28
2026-05-25 23:06:10,131 | DEBUG    | server               | STT request details | speaker=Владелец | text='Агат, включи свет в комнате ...' if len(speach_info.text) > 100 else 'Агат, включи свет в комнате '
2026-05-25 23:06:10,131 | DEBUG    | server               | ✓ STT background task added to queue
2026-05-25 23:06:10,132 | INFO     | uvicorn.access       | 127.0.0.1:35444 - "POST /core/stt HTTP/1.1" 200
2026-05-25 23:06:10,133 | INFO     | main_module          | STT input received | speaker=Владелец | language=ru | text_len=28
2026-05-25 23:06:10,133 | DEBUG    | main_module          | STT input text: 'Агат, включи свет в комнате '
2026-05-25 23:06:10,134 | DEBUG    | main_module          | STT data updated | timestamp=1779739570.134016 | context_size=0
2026-05-25 23:06:10,134 | DEBUG    | main_module          | === Starting input filtering pipeline ===
2026-05-25 23:06:10,134 | DEBUG    | main_module          | Current context size: 0 elements
2026-05-25 23:06:10,134 | DEBUG    | main_module          | STT text: 'Агат, включи свет в комнате '
2026-05-25 23:06:10,134 | INFO     | main_module          | 🔍 Filtering input - Checking if answer is needed
2026-05-25 23:06:10,134 | DEBUG    | main_module          | Input STT text: 'Агат, включи свет в комнате '
2026-05-25 23:06:10,134 | DEBUG    | modules.filter.stt_filter.stt_filter | Checking if should shut up | input_text='Агат, включи свет в комнате ...'
2026-05-25 23:06:10,134 | DEBUG    | modules.filter.stt_filter.stt_filter | Checking if should shut up...
2026-05-25 23:06:10,134 | DEBUG    | modules.filter.stt_filter.should_shut_up.should_shut_up_model | ShouldShutUpModel call | input_text='Агат, включи свет в комнате ...'
2026-05-25 23:06:10,135 | DEBUG    | modules.filter.stt_filter.should_shut_up.should_shut_up_model | Pre-processing input...
2026-05-25 23:06:10,135 | DEBUG    | modules.filter.stt_filter.should_shut_up.should_shut_up_model | Pre-processing input...
2026-05-25 23:06:10,135 | DEBUG    | modules.filter.stt_filter.should_shut_up.should_shut_up_model | Pre-processing complete | output_len=28
2026-05-25 23:06:10,135 | DEBUG    | modules.filter.stt_filter.should_shut_up.should_shut_up_model | Pre-processing complete | processed_len=28
2026-05-25 23:06:10,135 | DEBUG    | modules.filter.stt_filter.should_shut_up.should_shut_up_model | Running model inference...
2026-05-25 23:06:10,168 | INFO     | modules.filter.stt_filter.should_shut_up.should_shut_up_model | ✓ Importance score calculated | score=0.000
2026-05-25 23:06:10,168 | DEBUG    | modules.filter.stt_filter.should_shut_up.should_shut_up_model | Processed input: Агат, включи свет в комнате 
2026-05-25 23:06:10,168 | DEBUG    | modules.filter.stt_filter.stt_filter | Should shut up result: 0.0
2026-05-25 23:06:10,168 | DEBUG    | modules.filter.filter | === Starting parallel filtering ===
2026-05-25 23:06:10,169 | DEBUG    | modules.filter.filter | Creating STT filter thread...
2026-05-25 23:06:10,169 | DEBUG    | modules.filter.filter | Creating CV filter thread...
2026-05-25 23:06:10,169 | DEBUG    | modules.filter.filter | Creating System filter thread...
2026-05-25 23:06:10,169 | DEBUG    | modules.filter.filter | Starting all filter threads...
2026-05-25 23:06:10,169 | DEBUG    | modules.filter.filter | STT filter: Analyzing speech input...
2026-05-25 23:06:10,169 | DEBUG    | modules.filter.filter | Thread started: STT-Filter-Thread
2026-05-25 23:06:10,169 | DEBUG    | modules.filter.stt_filter.stt_filter | SttFilter called | input_text='Агат, включи свет в комнате ...' | dialogue_continues=False
2026-05-25 23:06:10,169 | DEBUG    | modules.filter.filter | CV filter: Not yet implemented - marking as unimportant
2026-05-25 23:06:10,169 | DEBUG    | modules.filter.filter | Thread started: CV-Filter-Thread
2026-05-25 23:06:10,169 | DEBUG    | modules.filter.stt_filter.stt_filter | Dialogue not active - using higher threshold: 0.8
2026-05-25 23:06:10,170 | DEBUG    | modules.filter.filter | System filter: Not yet implemented - marking as unimportant
2026-05-25 23:06:10,170 | DEBUG    | modules.filter.filter | Thread started: Sys-Filter-Thread
2026-05-25 23:06:10,170 | DEBUG    | modules.filter.stt_filter.stt_filter | Importance threshold: 0.8 (dialogue_continues=False)
2026-05-25 23:06:10,170 | DEBUG    | modules.filter.filter | Waiting for all filter threads to complete...
2026-05-25 23:06:10,170 | DEBUG    | modules.filter.stt_filter.stt_filter | Checking importance | threshold=0.8 | context_size=0
2026-05-25 23:06:10,170 | DEBUG    | modules.filter.stt_filter.stt_filter | Dialogue not active - using empty context for evaluation
2026-05-25 23:06:10,170 | DEBUG    | modules.filter.stt_filter.stt_filter | Getting importance score from SttImpModel...
2026-05-25 23:06:10,170 | DEBUG    | modules.filter.stt_filter.imp_model.imp_model | SttImpModel call | input_text='Агат, включи свет в комнате ...' | context_size=0
2026-05-25 23:06:10,170 | DEBUG    | modules.filter.stt_filter.imp_model.imp_model | Pre-processing input...
2026-05-25 23:06:10,170 | DEBUG    | modules.filter.stt_filter.imp_model.imp_model | Pre-processing context...
2026-05-25 23:06:10,171 | DEBUG    | modules.filter.stt_filter.imp_model.imp_model | Processing context | size=0
2026-05-25 23:06:10,171 | DEBUG    | modules.filter.stt_filter.imp_model.imp_model | Adding current input | text='Агат, включи свет в комнате ...'
2026-05-25 23:06:10,171 | DEBUG    | modules.filter.stt_filter.imp_model.imp_model | Pre-processing complete | output_len=35
2026-05-25 23:06:10,171 | DEBUG    | modules.filter.stt_filter.imp_model.imp_model | Pre-processing complete | processed_len=35
2026-05-25 23:06:10,171 | DEBUG    | modules.filter.stt_filter.imp_model.imp_model | Running model inference...
2026-05-25 23:06:10,180 | DEBUG    | modules.filter.stt_filter.imp_model.models.own_model.transformer.encoder.forward |     Encoder layer input: torch.Size([1, 512, 256]) (with padding mask)
2026-05-25 23:06:10,180 | DEBUG    | modules.filter.stt_filter.imp_model.models.own_model.transformer.pytorch_attention.attention |       MHA: Q=torch.Size([1, 512, 256]), K=torch.Size([1, 512, 256]), V=torch.Size([1, 512, 256])
2026-05-25 23:06:10,180 | DEBUG    | modules.filter.stt_filter.imp_model.models.own_model.transformer.pytorch_attention.attention |       Mask applied: torch.Size([1, 1, 1, 512])
2026-05-25 23:06:10,196 | DEBUG    | modules.filter.stt_filter.imp_model.models.own_model.transformer.encoder.forward |     Encoder layer output: torch.Size([1, 512, 256])
2026-05-25 23:06:10,196 | INFO     | modules.filter.stt_filter.imp_model.imp_model | ✓ Importance score calculated | score=1.000
2026-05-25 23:06:10,197 | DEBUG    | modules.filter.stt_filter.imp_model.imp_model | Processed input: /user Агат, включи свет в комнате ;
2026-05-25 23:06:10,197 | DEBUG    | modules.filter.stt_filter.stt_filter | ✓ Importance score obtained: 1.000
2026-05-25 23:06:10,197 | DEBUG    | modules.filter.stt_filter.stt_filter | Importance value: 1.000 | Threshold: 0.8 | Important: True
2026-05-25 23:06:10,197 | DEBUG    | modules.filter.stt_filter.stt_filter | Importance: True (threshold: 0.8)
2026-05-25 23:06:10,197 | INFO     | modules.filter.stt_filter.stt_filter | Dialogue state changed: False → True
2026-05-25 23:06:10,197 | DEBUG    | modules.filter.filter | STT filter result: True
2026-05-25 23:06:10,197 | DEBUG    | modules.filter.filter | Thread completed: STT-Filter-Thread
2026-05-25 23:06:10,197 | DEBUG    | modules.filter.filter | Thread completed: CV-Filter-Thread
2026-05-25 23:06:10,197 | DEBUG    | modules.filter.filter | Thread completed: Sys-Filter-Thread
2026-05-25 23:06:10,197 | DEBUG    | modules.filter.filter | === Filtering complete | Results: {'cv': False, 'sys': False, 'stt': True} ===
2026-05-25 23:06:10,198 | DEBUG    | main_module          | Filter importance results: {'cv': False, 'sys': False, 'stt': True}
2026-05-25 23:06:10,198 | DEBUG    | main_module          | Updating input importance flags
2026-05-25 23:06:10,198 | DEBUG    | main_module          | Input importance updated | stt=True | cv=False | sys=False
2026-05-25 23:06:10,198 | INFO     | main_module          | ✓ Answer needed | important_sources=['stt']
2026-05-25 23:06:10,198 | INFO     | main_module          | Filter decision | need_answer=True
2026-05-25 23:06:10,198 | INFO     | main_module          | ✓ Input approved by filter - Processing...
2026-05-25 23:06:10,198 | DEBUG    | main_module          | Filter importance: stt=True | cv=False | sys=False
2026-05-25 23:06:10,198 | DEBUG    | main_module          | Starting pre-processing...
2026-05-25 23:06:10,198 | INFO     | modules.pre_process.pre_process | 🔄 Pre-processing input data
2026-05-25 23:06:10,198 | DEBUG    | modules.pre_process.pre_process | Input keys: ['stt', 'cv', 'sys'] | Extra keys: []
2026-05-25 23:06:10,199 | DEBUG    | modules.pre_process.pre_process | Creating context element...
2026-05-25 23:06:10,199 | DEBUG    | modules.pre_process.pre_process | Creating context element from input
2026-05-25 23:06:10,199 | DEBUG    | modules.pre_process.pre_process | Processing System data | importance=False
2026-05-25 23:06:10,199 | DEBUG    | modules.pre_process.pre_process | System data marked unimportant | returning None
2026-05-25 23:06:10,199 | DEBUG    | modules.pre_process.pre_process | System data processed | important=False | content='None'
2026-05-25 23:06:10,199 | DEBUG    | modules.pre_process.pre_process | Processing CV data | importance=False
2026-05-25 23:06:10,199 | DEBUG    | modules.pre_process.pre_process | CV data marked unimportant | returning None
2026-05-25 23:06:10,199 | DEBUG    | modules.pre_process.pre_process | CV data processed | important=False | content='None'
2026-05-25 23:06:10,199 | DEBUG    | modules.pre_process.pre_process | Processing STT data | importance=True
2026-05-25 23:06:10,199 | DEBUG    | modules.pre_process.pre_process | STT data marked important | result: Владелец: Агат, включи свет в комнате 
2026-05-25 23:06:10,200 | DEBUG    | modules.pre_process.pre_process | STT data processed | important=True | content='Владелец: Агат, включи свет в комнате '
2026-05-25 23:06:10,200 | DEBUG    | modules.pre_process.pre_process | Final context element: {'/sys': None, '/cv': None, '/user': 'Владелец: Агат, включи свет в комнате '}
2026-05-25 23:06:10,200 | DEBUG    | modules.pre_process.pre_process | Context element created | keys: ['/sys', '/cv', '/user']
2026-05-25 23:06:10,200 | DEBUG    | modules.pre_process.pre_process | Processing extra information...
2026-05-25 23:06:10,200 | DEBUG    | modules.pre_process.pre_process | Processing extra information | keys: []
2026-05-25 23:06:10,200 | DEBUG    | modules.pre_process.pre_process | Extra information processed | final_len=0 | content: ...
2026-05-25 23:06:10,200 | DEBUG    | modules.pre_process.pre_process | Extra information processed | content_len=0
2026-05-25 23:06:10,200 | DEBUG    | modules.pre_process.pre_process | Adding extra information to context...
2026-05-25 23:06:10,200 | DEBUG    | modules.pre_process.pre_process | Adding extra information to context | extra_len=0
2026-05-25 23:06:10,200 | DEBUG    | modules.pre_process.pre_process | Extra information added | new_keys: ['/sys', '/cv', '/user', '/hint']
2026-05-25 23:06:10,200 | DEBUG    | modules.pre_process.pre_process | Model input prepared | keys: ['/sys', '/cv', '/user', '/hint']
2026-05-25 23:06:10,201 | INFO     | modules.pre_process.pre_process | ✓ Pre-processing completed successfully | model_input: {'/sys': None, '/cv': None, '/user': 'Владелец: Агат, включи свет в комнате ', '/hint': ''}
2026-05-25 23:06:10,201 | DEBUG    | main_module          | Pre-processing completed | input_keys=['/sys', '/cv', '/user', '/hint']
2026-05-25 23:06:10,201 | INFO     | main_module          | Sending request to chat service | context_len=1
2026-05-25 23:06:10,201 | DEBUG    | main_module          | Chat input: {'/sys': None, '/cv': None, '/user': 'Владелец: Агат, включи свет в комнате ', '/hint': ''}
2026-05-25 23:06:10,201 | DEBUG    | main_module          | Creating new event loop
2026-05-25 23:06:10,201 | DEBUG    | asyncio              | Using selector: EpollSelector
2026-05-25 23:06:10,202 | DEBUG    | main_module          | Full context prepared | total_len=1
2026-05-25 23:06:10,202 | INFO     | client               | 📤 Chat service request | context_len=1 | timeout=300.0s
2026-05-25 23:06:10,202 | DEBUG    | client               | Context structure | elements: [['/sys', '/cv', '/user', '/hint']]
2026-05-25 23:06:10,202 | DEBUG    | client               | Connecting to Chat service at http://127.0.0.1:8001/chat/generate
2026-05-25 23:06:10,204 | DEBUG    | httpcore.connection  | connect_tcp.started host='127.0.0.1' port=8001 local_address=None timeout=10.0 socket_options=None
2026-05-25 23:06:10,205 | DEBUG    | httpcore.connection  | connect_tcp.failed exception=ConnectError(OSError('All connection attempts failed'))
2026-05-25 23:06:10,206 | ERROR    | client               | ✗ Chat service connection error: ConnectError - Cannot reach http://127.0.0.1:8001
2026-05-25 23:06:10,206 | WARNING  | client               | ⚠ Returning None due to chat service error
2026-05-25 23:06:10,206 | WARNING  | main_module          | ⚠ Chat service returned None or empty response
2026-05-25 23:06:52,175 | INFO     | server               | 📥 STT POST request received | lang=ru | text_len=18
2026-05-25 23:06:52,175 | DEBUG    | server               | STT request details | speaker=Владелец | text='Как у тебя  дела? ...' if len(speach_info.text) > 100 else 'Как у тебя  дела? '
2026-05-25 23:06:52,176 | DEBUG    | server               | ✓ STT background task added to queue
2026-05-25 23:06:52,177 | INFO     | uvicorn.access       | 127.0.0.1:46194 - "POST /core/stt HTTP/1.1" 200
2026-05-25 23:06:52,178 | INFO     | main_module          | STT input received | speaker=Владелец | language=ru | text_len=18
2026-05-25 23:06:52,178 | DEBUG    | main_module          | STT input text: 'Как у тебя  дела? '
2026-05-25 23:06:52,178 | DEBUG    | main_module          | STT data updated | timestamp=1779739612.178763 | context_size=0
2026-05-25 23:06:52,178 | DEBUG    | main_module          | === Starting input filtering pipeline ===
2026-05-25 23:06:52,179 | DEBUG    | main_module          | Current context size: 0 elements
2026-05-25 23:06:52,179 | DEBUG    | main_module          | STT text: 'Как у тебя  дела? '
2026-05-25 23:06:52,179 | INFO     | main_module          | 🔍 Filtering input - Checking if answer is needed
2026-05-25 23:06:52,179 | DEBUG    | main_module          | Input STT text: 'Как у тебя  дела? '
2026-05-25 23:06:52,179 | DEBUG    | modules.filter.stt_filter.stt_filter | Checking if should shut up | input_text='Как у тебя  дела? ...'
2026-05-25 23:06:52,179 | DEBUG    | modules.filter.stt_filter.stt_filter | Checking if should shut up...
2026-05-25 23:06:52,179 | DEBUG    | modules.filter.stt_filter.should_shut_up.should_shut_up_model | ShouldShutUpModel call | input_text='Как у тебя  дела? ...'
2026-05-25 23:06:52,180 | DEBUG    | modules.filter.stt_filter.should_shut_up.should_shut_up_model | Pre-processing input...
2026-05-25 23:06:52,180 | DEBUG    | modules.filter.stt_filter.should_shut_up.should_shut_up_model | Pre-processing input...
2026-05-25 23:06:52,180 | DEBUG    | modules.filter.stt_filter.should_shut_up.should_shut_up_model | Pre-processing complete | output_len=18
2026-05-25 23:06:52,180 | DEBUG    | modules.filter.stt_filter.should_shut_up.should_shut_up_model | Pre-processing complete | processed_len=18
2026-05-25 23:06:52,180 | DEBUG    | modules.filter.stt_filter.should_shut_up.should_shut_up_model | Running model inference...
2026-05-25 23:06:52,215 | INFO     | modules.filter.stt_filter.should_shut_up.should_shut_up_model | ✓ Importance score calculated | score=0.000
2026-05-25 23:06:52,216 | DEBUG    | modules.filter.stt_filter.should_shut_up.should_shut_up_model | Processed input: Как у тебя  дела? 
2026-05-25 23:06:52,216 | DEBUG    | modules.filter.stt_filter.stt_filter | Should shut up result: 0.0
2026-05-25 23:06:52,216 | DEBUG    | modules.filter.filter | === Starting parallel filtering ===
2026-05-25 23:06:52,216 | DEBUG    | modules.filter.filter | Creating STT filter thread...
2026-05-25 23:06:52,216 | DEBUG    | modules.filter.filter | Creating CV filter thread...
2026-05-25 23:06:52,216 | DEBUG    | modules.filter.filter | Creating System filter thread...
2026-05-25 23:06:52,216 | DEBUG    | modules.filter.filter | Starting all filter threads...
2026-05-25 23:06:52,217 | DEBUG    | modules.filter.filter | STT filter: Analyzing speech input...
2026-05-25 23:06:52,217 | DEBUG    | modules.filter.stt_filter.stt_filter | SttFilter called | input_text='Как у тебя  дела? ...' | dialogue_continues=True
2026-05-25 23:06:52,217 | DEBUG    | modules.filter.stt_filter.stt_filter | Dialogue active - using lower threshold: 0.5
2026-05-25 23:06:52,217 | DEBUG    | modules.filter.filter | Thread started: STT-Filter-Thread
2026-05-25 23:06:52,217 | DEBUG    | modules.filter.stt_filter.stt_filter | Importance threshold: 0.5 (dialogue_continues=True)
2026-05-25 23:06:52,217 | DEBUG    | modules.filter.filter | CV filter: Not yet implemented - marking as unimportant
2026-05-25 23:06:52,218 | DEBUG    | modules.filter.stt_filter.stt_filter | Checking importance | threshold=0.5 | context_size=0
2026-05-25 23:06:52,218 | DEBUG    | modules.filter.filter | Thread started: CV-Filter-Thread
2026-05-25 23:06:52,218 | DEBUG    | modules.filter.stt_filter.stt_filter | Dialogue active - using context of size 0
2026-05-25 23:06:52,218 | DEBUG    | modules.filter.filter | System filter: Not yet implemented - marking as unimportant
2026-05-25 23:06:52,218 | DEBUG    | modules.filter.filter | Thread started: Sys-Filter-Thread
2026-05-25 23:06:52,218 | DEBUG    | modules.filter.filter | Waiting for all filter threads to complete...
2026-05-25 23:06:52,218 | DEBUG    | modules.filter.stt_filter.stt_filter | Getting importance score from SttImpModel...
2026-05-25 23:06:52,219 | DEBUG    | modules.filter.stt_filter.imp_model.imp_model | SttImpModel call | input_text='Как у тебя  дела? ...' | context_size=0
2026-05-25 23:06:52,219 | DEBUG    | modules.filter.stt_filter.imp_model.imp_model | Pre-processing input...
2026-05-25 23:06:52,219 | DEBUG    | modules.filter.stt_filter.imp_model.imp_model | Pre-processing context...
2026-05-25 23:06:52,219 | DEBUG    | modules.filter.stt_filter.imp_model.imp_model | Processing context | size=0
2026-05-25 23:06:52,219 | DEBUG    | modules.filter.stt_filter.imp_model.imp_model | Adding current input | text='Как у тебя  дела? ...'
2026-05-25 23:06:52,219 | DEBUG    | modules.filter.stt_filter.imp_model.imp_model | Pre-processing complete | output_len=25
2026-05-25 23:06:52,219 | DEBUG    | modules.filter.stt_filter.imp_model.imp_model | Pre-processing complete | processed_len=25
2026-05-25 23:06:52,220 | DEBUG    | modules.filter.stt_filter.imp_model.imp_model | Running model inference...
2026-05-25 23:06:52,246 | DEBUG    | modules.filter.stt_filter.imp_model.models.own_model.transformer.encoder.forward |     Encoder layer input: torch.Size([1, 512, 256]) (with padding mask)
2026-05-25 23:06:52,246 | DEBUG    | modules.filter.stt_filter.imp_model.models.own_model.transformer.pytorch_attention.attention |       MHA: Q=torch.Size([1, 512, 256]), K=torch.Size([1, 512, 256]), V=torch.Size([1, 512, 256])
2026-05-25 23:06:52,246 | DEBUG    | modules.filter.stt_filter.imp_model.models.own_model.transformer.pytorch_attention.attention |       Mask applied: torch.Size([1, 1, 1, 512])
2026-05-25 23:06:52,261 | DEBUG    | modules.filter.stt_filter.imp_model.models.own_model.transformer.encoder.forward |     Encoder layer output: torch.Size([1, 512, 256])
2026-05-25 23:06:52,261 | INFO     | modules.filter.stt_filter.imp_model.imp_model | ✓ Importance score calculated | score=0.000
2026-05-25 23:06:52,261 | DEBUG    | modules.filter.stt_filter.imp_model.imp_model | Processed input: /user Как у тебя  дела? ;
2026-05-25 23:06:52,262 | DEBUG    | modules.filter.stt_filter.stt_filter | ✓ Importance score obtained: 0.000
2026-05-25 23:06:52,262 | DEBUG    | modules.filter.stt_filter.stt_filter | Importance value: 0.000 | Threshold: 0.5 | Important: False
2026-05-25 23:06:52,262 | DEBUG    | modules.filter.stt_filter.stt_filter | Importance: False (threshold: 0.5)
2026-05-25 23:06:52,262 | INFO     | modules.filter.stt_filter.stt_filter | Dialogue state changed: True → False
2026-05-25 23:06:52,262 | DEBUG    | modules.filter.filter | STT filter result: False
2026-05-25 23:06:52,262 | DEBUG    | modules.filter.filter | Thread completed: STT-Filter-Thread
2026-05-25 23:06:52,262 | DEBUG    | modules.filter.filter | Thread completed: CV-Filter-Thread
2026-05-25 23:06:52,263 | DEBUG    | modules.filter.filter | Thread completed: Sys-Filter-Thread
2026-05-25 23:06:52,263 | DEBUG    | modules.filter.filter | === Filtering complete | Results: {'cv': False, 'sys': False, 'stt': False} ===
2026-05-25 23:06:52,263 | DEBUG    | main_module          | Filter importance results: {'cv': False, 'sys': False, 'stt': False}
2026-05-25 23:06:52,263 | DEBUG    | main_module          | Updating input importance flags
2026-05-25 23:06:52,263 | DEBUG    | main_module          | Input importance updated | stt=False | cv=False | sys=False
2026-05-25 23:06:52,263 | DEBUG    | main_module          | ✗ No important input detected
2026-05-25 23:06:52,263 | INFO     | main_module          | Filter decision | need_answer=False
2026-05-25 23:06:52,263 | DEBUG    | main_module          | ✗ Input rejected by filter
2026-05-25 23:06:52,263 | DEBUG    | main_module          | Filter importance: stt=False | cv=False | sys=False
2026-05-25 23:08:15,850 | INFO     | server               | 📥 STT POST request received | lang=ru | text_len=21
2026-05-25 23:08:15,850 | DEBUG    | server               | STT request details | speaker=Владелец | text='Как у тебя дела Агат?...' if len(speach_info.text) > 100 else 'Как у тебя дела Агат?'
2026-05-25 23:08:15,851 | DEBUG    | server               | ✓ STT background task added to queue
2026-05-25 23:08:15,851 | INFO     | uvicorn.access       | 127.0.0.1:53136 - "POST /core/stt HTTP/1.1" 200
2026-05-25 23:08:15,852 | INFO     | main_module          | STT input received | speaker=Владелец | language=ru | text_len=21
2026-05-25 23:08:15,852 | DEBUG    | main_module          | STT input text: 'Как у тебя дела Агат?'
2026-05-25 23:08:15,852 | DEBUG    | main_module          | STT data updated | timestamp=1779739695.852363 | context_size=0
2026-05-25 23:08:15,852 | DEBUG    | main_module          | === Starting input filtering pipeline ===
2026-05-25 23:08:15,852 | DEBUG    | main_module          | Current context size: 0 elements
2026-05-25 23:08:15,852 | DEBUG    | main_module          | STT text: 'Как у тебя дела Агат?'
2026-05-25 23:08:15,852 | INFO     | main_module          | 🔍 Filtering input - Checking if answer is needed
2026-05-25 23:08:15,853 | DEBUG    | main_module          | Input STT text: 'Как у тебя дела Агат?'
2026-05-25 23:08:15,853 | DEBUG    | modules.filter.stt_filter.stt_filter | Checking if should shut up | input_text='Как у тебя дела Агат?...'
2026-05-25 23:08:15,853 | DEBUG    | modules.filter.stt_filter.stt_filter | Checking if should shut up...
2026-05-25 23:08:15,853 | DEBUG    | modules.filter.stt_filter.should_shut_up.should_shut_up_model | ShouldShutUpModel call | input_text='Как у тебя дела Агат?...'
2026-05-25 23:08:15,853 | DEBUG    | modules.filter.stt_filter.should_shut_up.should_shut_up_model | Pre-processing input...
2026-05-25 23:08:15,853 | DEBUG    | modules.filter.stt_filter.should_shut_up.should_shut_up_model | Pre-processing input...
2026-05-25 23:08:15,854 | DEBUG    | modules.filter.stt_filter.should_shut_up.should_shut_up_model | Pre-processing complete | output_len=21
2026-05-25 23:08:15,854 | DEBUG    | modules.filter.stt_filter.should_shut_up.should_shut_up_model | Pre-processing complete | processed_len=21
2026-05-25 23:08:15,854 | DEBUG    | modules.filter.stt_filter.should_shut_up.should_shut_up_model | Running model inference...
2026-05-25 23:08:15,894 | INFO     | modules.filter.stt_filter.should_shut_up.should_shut_up_model | ✓ Importance score calculated | score=0.000
2026-05-25 23:08:15,895 | DEBUG    | modules.filter.stt_filter.should_shut_up.should_shut_up_model | Processed input: Как у тебя дела Агат?
2026-05-25 23:08:15,895 | DEBUG    | modules.filter.stt_filter.stt_filter | Should shut up result: 0.0
2026-05-25 23:08:15,895 | DEBUG    | modules.filter.filter | === Starting parallel filtering ===
2026-05-25 23:08:15,895 | DEBUG    | modules.filter.filter | Creating STT filter thread...
2026-05-25 23:08:15,895 | DEBUG    | modules.filter.filter | Creating CV filter thread...
2026-05-25 23:08:15,895 | DEBUG    | modules.filter.filter | Creating System filter thread...
2026-05-25 23:08:15,895 | DEBUG    | modules.filter.filter | Starting all filter threads...
2026-05-25 23:08:15,895 | DEBUG    | modules.filter.filter | STT filter: Analyzing speech input...
2026-05-25 23:08:15,896 | DEBUG    | modules.filter.filter | Thread started: STT-Filter-Thread
2026-05-25 23:08:15,896 | DEBUG    | modules.filter.stt_filter.stt_filter | SttFilter called | input_text='Как у тебя дела Агат?...' | dialogue_continues=False
2026-05-25 23:08:15,896 | DEBUG    | modules.filter.filter | CV filter: Not yet implemented - marking as unimportant
2026-05-25 23:08:15,896 | DEBUG    | modules.filter.filter | Thread started: CV-Filter-Thread
2026-05-25 23:08:15,896 | DEBUG    | modules.filter.stt_filter.stt_filter | Dialogue not active - using higher threshold: 0.8
2026-05-25 23:08:15,896 | DEBUG    | modules.filter.filter | System filter: Not yet implemented - marking as unimportant
2026-05-25 23:08:15,897 | DEBUG    | modules.filter.filter | Thread started: Sys-Filter-Thread
2026-05-25 23:08:15,897 | DEBUG    | modules.filter.stt_filter.stt_filter | Importance threshold: 0.8 (dialogue_continues=False)
2026-05-25 23:08:15,897 | DEBUG    | modules.filter.filter | Waiting for all filter threads to complete...
2026-05-25 23:08:15,897 | DEBUG    | modules.filter.stt_filter.stt_filter | Checking importance | threshold=0.8 | context_size=0
2026-05-25 23:08:15,897 | DEBUG    | modules.filter.stt_filter.stt_filter | Dialogue not active - using empty context for evaluation
2026-05-25 23:08:15,897 | DEBUG    | modules.filter.stt_filter.stt_filter | Getting importance score from SttImpModel...
2026-05-25 23:08:15,897 | DEBUG    | modules.filter.stt_filter.imp_model.imp_model | SttImpModel call | input_text='Как у тебя дела Агат?...' | context_size=0
2026-05-25 23:08:15,897 | DEBUG    | modules.filter.stt_filter.imp_model.imp_model | Pre-processing input...
2026-05-25 23:08:15,897 | DEBUG    | modules.filter.stt_filter.imp_model.imp_model | Pre-processing context...
2026-05-25 23:08:15,897 | DEBUG    | modules.filter.stt_filter.imp_model.imp_model | Processing context | size=0
2026-05-25 23:08:15,898 | DEBUG    | modules.filter.stt_filter.imp_model.imp_model | Adding current input | text='Как у тебя дела Агат?...'
2026-05-25 23:08:15,898 | DEBUG    | modules.filter.stt_filter.imp_model.imp_model | Pre-processing complete | output_len=28
2026-05-25 23:08:15,898 | DEBUG    | modules.filter.stt_filter.imp_model.imp_model | Pre-processing complete | processed_len=28
2026-05-25 23:08:15,898 | DEBUG    | modules.filter.stt_filter.imp_model.imp_model | Running model inference...
2026-05-25 23:08:15,905 | DEBUG    | modules.filter.stt_filter.imp_model.models.own_model.transformer.encoder.forward |     Encoder layer input: torch.Size([1, 512, 256]) (with padding mask)
2026-05-25 23:08:15,906 | DEBUG    | modules.filter.stt_filter.imp_model.models.own_model.transformer.pytorch_attention.attention |       MHA: Q=torch.Size([1, 512, 256]), K=torch.Size([1, 512, 256]), V=torch.Size([1, 512, 256])
2026-05-25 23:08:15,906 | DEBUG    | modules.filter.stt_filter.imp_model.models.own_model.transformer.pytorch_attention.attention |       Mask applied: torch.Size([1, 1, 1, 512])
2026-05-25 23:08:15,920 | DEBUG    | modules.filter.stt_filter.imp_model.models.own_model.transformer.encoder.forward |     Encoder layer output: torch.Size([1, 512, 256])
2026-05-25 23:08:15,920 | INFO     | modules.filter.stt_filter.imp_model.imp_model | ✓ Importance score calculated | score=0.989
2026-05-25 23:08:15,920 | DEBUG    | modules.filter.stt_filter.imp_model.imp_model | Processed input: /user Как у тебя дела Агат?;
2026-05-25 23:08:15,920 | DEBUG    | modules.filter.stt_filter.stt_filter | ✓ Importance score obtained: 0.989
2026-05-25 23:08:15,921 | DEBUG    | modules.filter.stt_filter.stt_filter | Importance value: 0.989 | Threshold: 0.8 | Important: True
2026-05-25 23:08:15,921 | DEBUG    | modules.filter.stt_filter.stt_filter | Importance: True (threshold: 0.8)
2026-05-25 23:08:15,921 | INFO     | modules.filter.stt_filter.stt_filter | Dialogue state changed: False → True
2026-05-25 23:08:15,921 | DEBUG    | modules.filter.filter | STT filter result: True
2026-05-25 23:08:15,921 | DEBUG    | modules.filter.filter | Thread completed: STT-Filter-Thread
2026-05-25 23:08:15,921 | DEBUG    | modules.filter.filter | Thread completed: CV-Filter-Thread
2026-05-25 23:08:15,921 | DEBUG    | modules.filter.filter | Thread completed: Sys-Filter-Thread
2026-05-25 23:08:15,921 | DEBUG    | modules.filter.filter | === Filtering complete | Results: {'cv': False, 'sys': False, 'stt': True} ===
2026-05-25 23:08:15,921 | DEBUG    | main_module          | Filter importance results: {'cv': False, 'sys': False, 'stt': True}
2026-05-25 23:08:15,921 | DEBUG    | main_module          | Updating input importance flags
2026-05-25 23:08:15,922 | DEBUG    | main_module          | Input importance updated | stt=True | cv=False | sys=False
2026-05-25 23:08:15,922 | INFO     | main_module          | ✓ Answer needed | important_sources=['stt']
2026-05-25 23:08:15,922 | INFO     | main_module          | Filter decision | need_answer=True
2026-05-25 23:08:15,922 | INFO     | main_module          | ✓ Input approved by filter - Processing...
2026-05-25 23:08:15,922 | DEBUG    | main_module          | Filter importance: stt=True | cv=False | sys=False
2026-05-25 23:08:15,922 | DEBUG    | main_module          | Starting pre-processing...
2026-05-25 23:08:15,922 | INFO     | modules.pre_process.pre_process | 🔄 Pre-processing input data
2026-05-25 23:08:15,922 | DEBUG    | modules.pre_process.pre_process | Input keys: ['stt', 'cv', 'sys'] | Extra keys: []
2026-05-25 23:08:15,922 | DEBUG    | modules.pre_process.pre_process | Creating context element...
2026-05-25 23:08:15,922 | DEBUG    | modules.pre_process.pre_process | Creating context element from input
2026-05-25 23:08:15,922 | DEBUG    | modules.pre_process.pre_process | Processing System data | importance=False
2026-05-25 23:08:15,922 | DEBUG    | modules.pre_process.pre_process | System data marked unimportant | returning None
2026-05-25 23:08:15,923 | DEBUG    | modules.pre_process.pre_process | System data processed | important=False | content='None'
2026-05-25 23:08:15,923 | DEBUG    | modules.pre_process.pre_process | Processing CV data | importance=False
2026-05-25 23:08:15,923 | DEBUG    | modules.pre_process.pre_process | CV data marked unimportant | returning None
2026-05-25 23:08:15,923 | DEBUG    | modules.pre_process.pre_process | CV data processed | important=False | content='None'
2026-05-25 23:08:15,923 | DEBUG    | modules.pre_process.pre_process | Processing STT data | importance=True
2026-05-25 23:08:15,923 | DEBUG    | modules.pre_process.pre_process | STT data marked important | result: Владелец: Как у тебя дела Агат?
2026-05-25 23:08:15,923 | DEBUG    | modules.pre_process.pre_process | STT data processed | important=True | content='Владелец: Как у тебя дела Агат?'
2026-05-25 23:08:15,923 | DEBUG    | modules.pre_process.pre_process | Final context element: {'/sys': None, '/cv': None, '/user': 'Владелец: Как у тебя дела Агат?'}
2026-05-25 23:08:15,923 | DEBUG    | modules.pre_process.pre_process | Context element created | keys: ['/sys', '/cv', '/user']
2026-05-25 23:08:15,923 | DEBUG    | modules.pre_process.pre_process | Processing extra information...
2026-05-25 23:08:15,923 | DEBUG    | modules.pre_process.pre_process | Processing extra information | keys: []
2026-05-25 23:08:15,923 | DEBUG    | modules.pre_process.pre_process | Extra information processed | final_len=0 | content: ...
2026-05-25 23:08:15,924 | DEBUG    | modules.pre_process.pre_process | Extra information processed | content_len=0
2026-05-25 23:08:15,924 | DEBUG    | modules.pre_process.pre_process | Adding extra information to context...
2026-05-25 23:08:15,924 | DEBUG    | modules.pre_process.pre_process | Adding extra information to context | extra_len=0
2026-05-25 23:08:15,924 | DEBUG    | modules.pre_process.pre_process | Extra information added | new_keys: ['/sys', '/cv', '/user', '/hint']
2026-05-25 23:08:15,924 | DEBUG    | modules.pre_process.pre_process | Model input prepared | keys: ['/sys', '/cv', '/user', '/hint']
2026-05-25 23:08:15,924 | INFO     | modules.pre_process.pre_process | ✓ Pre-processing completed successfully | model_input: {'/sys': None, '/cv': None, '/user': 'Владелец: Как у тебя дела Агат?', '/hint': ''}
2026-05-25 23:08:15,924 | DEBUG    | main_module          | Pre-processing completed | input_keys=['/sys', '/cv', '/user', '/hint']
2026-05-25 23:08:15,924 | INFO     | main_module          | Sending request to chat service | context_len=1
2026-05-25 23:08:15,924 | DEBUG    | main_module          | Chat input: {'/sys': None, '/cv': None, '/user': 'Владелец: Как у тебя дела Агат?', '/hint': ''}
2026-05-25 23:08:15,924 | DEBUG    | main_module          | Using existing event loop
2026-05-25 23:08:15,924 | DEBUG    | main_module          | Full context prepared | total_len=1
2026-05-25 23:08:15,924 | INFO     | client               | 📤 Chat service request | context_len=1 | timeout=300.0s
2026-05-25 23:08:15,925 | DEBUG    | client               | Context structure | elements: [['/sys', '/cv', '/user', '/hint']]
2026-05-25 23:08:15,925 | DEBUG    | client               | Connecting to Chat service at http://127.0.0.1:8001/chat/generate
2026-05-25 23:08:15,926 | DEBUG    | httpcore.connection  | connect_tcp.started host='127.0.0.1' port=8001 local_address=None timeout=10.0 socket_options=None
2026-05-25 23:08:15,927 | DEBUG    | httpcore.connection  | connect_tcp.failed exception=ConnectError(OSError('All connection attempts failed'))
2026-05-25 23:08:15,927 | ERROR    | client               | ✗ Chat service connection error: ConnectError - Cannot reach http://127.0.0.1:8001
2026-05-25 23:08:15,927 | WARNING  | client               | ⚠ Returning None due to chat service error
2026-05-25 23:08:15,928 | WARNING  | main_module          | ⚠ Chat service returned None or empty response
2026-05-25 23:08:33,061 | INFO     | server               | 📥 STT POST request received | lang=ru | text_len=5
2026-05-25 23:08:33,062 | DEBUG    | server               | STT request details | speaker=Владелец | text='Молчи...' if len(speach_info.text) > 100 else 'Молчи'
2026-05-25 23:08:33,062 | DEBUG    | server               | ✓ STT background task added to queue
2026-05-25 23:08:33,062 | INFO     | uvicorn.access       | 127.0.0.1:51886 - "POST /core/stt HTTP/1.1" 200
2026-05-25 23:08:33,063 | INFO     | main_module          | STT input received | speaker=Владелец | language=ru | text_len=5
2026-05-25 23:08:33,064 | DEBUG    | main_module          | STT input text: 'Молчи'
2026-05-25 23:08:33,064 | DEBUG    | main_module          | STT data updated | timestamp=1779739713.064263 | context_size=0
2026-05-25 23:08:33,064 | DEBUG    | main_module          | === Starting input filtering pipeline ===
2026-05-25 23:08:33,064 | DEBUG    | main_module          | Current context size: 0 elements
2026-05-25 23:08:33,064 | DEBUG    | main_module          | STT text: 'Молчи'
2026-05-25 23:08:33,064 | INFO     | main_module          | 🔍 Filtering input - Checking if answer is needed
2026-05-25 23:08:33,065 | DEBUG    | main_module          | Input STT text: 'Молчи'
2026-05-25 23:08:33,065 | DEBUG    | modules.filter.stt_filter.stt_filter | Checking if should shut up | input_text='Молчи...'
2026-05-25 23:08:33,065 | DEBUG    | modules.filter.stt_filter.stt_filter | Checking if should shut up...
2026-05-25 23:08:33,065 | DEBUG    | modules.filter.stt_filter.should_shut_up.should_shut_up_model | ShouldShutUpModel call | input_text='Молчи...'
2026-05-25 23:08:33,065 | DEBUG    | modules.filter.stt_filter.should_shut_up.should_shut_up_model | Pre-processing input...
2026-05-25 23:08:33,066 | DEBUG    | modules.filter.stt_filter.should_shut_up.should_shut_up_model | Pre-processing input...
2026-05-25 23:08:33,066 | DEBUG    | modules.filter.stt_filter.should_shut_up.should_shut_up_model | Pre-processing complete | output_len=5
2026-05-25 23:08:33,066 | DEBUG    | modules.filter.stt_filter.should_shut_up.should_shut_up_model | Pre-processing complete | processed_len=5
2026-05-25 23:08:33,066 | DEBUG    | modules.filter.stt_filter.should_shut_up.should_shut_up_model | Running model inference...
2026-05-25 23:08:33,125 | INFO     | modules.filter.stt_filter.should_shut_up.should_shut_up_model | ✓ Importance score calculated | score=1.000
2026-05-25 23:08:33,126 | DEBUG    | modules.filter.stt_filter.should_shut_up.should_shut_up_model | Processed input: Молчи
2026-05-25 23:08:33,126 | DEBUG    | modules.filter.stt_filter.stt_filter | Should shut up result: 1.0
2026-05-25 23:08:33,126 | INFO     | modules.filter.stt_filter.stt_filter | 🔇 Should shut up condition detected
2026-05-25 23:08:33,126 | INFO     | modules.filter.stt_filter.stt_filter | Dialogue state changed: True → False
2026-05-25 23:08:33,126 | INFO     | main_module          | Filter decision | need_answer=False
2026-05-25 23:08:33,126 | DEBUG    | main_module          | ✗ Input rejected by filter
2026-05-25 23:08:33,127 | DEBUG    | main_module          | Filter importance: stt=True | cv=False | sys=False
2026-05-25 23:08:50,782 | INFO     | server               | 📥 STT POST request received | lang=ru | text_len=21
2026-05-25 23:08:50,782 | DEBUG    | server               | STT request details | speaker=Владелец | text='Как у тебя дела Агат?...' if len(speach_info.text) > 100 else 'Как у тебя дела Агат?'
2026-05-25 23:08:50,783 | DEBUG    | server               | ✓ STT background task added to queue
2026-05-25 23:08:50,783 | INFO     | uvicorn.access       | 127.0.0.1:60174 - "POST /core/stt HTTP/1.1" 200
2026-05-25 23:08:50,784 | INFO     | main_module          | STT input received | speaker=Владелец | language=ru | text_len=21
2026-05-25 23:08:50,784 | DEBUG    | main_module          | STT input text: 'Как у тебя дела Агат?'
2026-05-25 23:08:50,784 | DEBUG    | main_module          | STT data updated | timestamp=1779739730.784735 | context_size=0
2026-05-25 23:08:50,784 | DEBUG    | main_module          | === Starting input filtering pipeline ===
2026-05-25 23:08:50,784 | DEBUG    | main_module          | Current context size: 0 elements
2026-05-25 23:08:50,785 | DEBUG    | main_module          | STT text: 'Как у тебя дела Агат?'
2026-05-25 23:08:50,785 | INFO     | main_module          | 🔍 Filtering input - Checking if answer is needed
2026-05-25 23:08:50,785 | DEBUG    | main_module          | Input STT text: 'Как у тебя дела Агат?'
2026-05-25 23:08:50,785 | DEBUG    | modules.filter.stt_filter.stt_filter | Checking if should shut up | input_text='Как у тебя дела Агат?...'
2026-05-25 23:08:50,785 | DEBUG    | modules.filter.stt_filter.stt_filter | Checking if should shut up...
2026-05-25 23:08:50,785 | DEBUG    | modules.filter.stt_filter.should_shut_up.should_shut_up_model | ShouldShutUpModel call | input_text='Как у тебя дела Агат?...'
2026-05-25 23:08:50,785 | DEBUG    | modules.filter.stt_filter.should_shut_up.should_shut_up_model | Pre-processing input...
2026-05-25 23:08:50,786 | DEBUG    | modules.filter.stt_filter.should_shut_up.should_shut_up_model | Pre-processing input...
2026-05-25 23:08:50,786 | DEBUG    | modules.filter.stt_filter.should_shut_up.should_shut_up_model | Pre-processing complete | output_len=21
2026-05-25 23:08:50,786 | DEBUG    | modules.filter.stt_filter.should_shut_up.should_shut_up_model | Pre-processing complete | processed_len=21
2026-05-25 23:08:50,786 | DEBUG    | modules.filter.stt_filter.should_shut_up.should_shut_up_model | Running model inference...
2026-05-25 23:08:50,818 | INFO     | modules.filter.stt_filter.should_shut_up.should_shut_up_model | ✓ Importance score calculated | score=0.000
2026-05-25 23:08:50,819 | DEBUG    | modules.filter.stt_filter.should_shut_up.should_shut_up_model | Processed input: Как у тебя дела Агат?
2026-05-25 23:08:50,819 | DEBUG    | modules.filter.stt_filter.stt_filter | Should shut up result: 0.0
2026-05-25 23:08:50,819 | DEBUG    | modules.filter.filter | === Starting parallel filtering ===
2026-05-25 23:08:50,820 | DEBUG    | modules.filter.filter | Creating STT filter thread...
2026-05-25 23:08:50,820 | DEBUG    | modules.filter.filter | Creating CV filter thread...
2026-05-25 23:08:50,820 | DEBUG    | modules.filter.filter | Creating System filter thread...
2026-05-25 23:08:50,820 | DEBUG    | modules.filter.filter | Starting all filter threads...
2026-05-25 23:08:50,821 | DEBUG    | modules.filter.filter | STT filter: Analyzing speech input...
2026-05-25 23:08:50,821 | DEBUG    | modules.filter.filter | Thread started: STT-Filter-Thread
2026-05-25 23:08:50,821 | DEBUG    | modules.filter.stt_filter.stt_filter | SttFilter called | input_text='Как у тебя дела Агат?...' | dialogue_continues=False
2026-05-25 23:08:50,821 | DEBUG    | modules.filter.filter | CV filter: Not yet implemented - marking as unimportant
2026-05-25 23:08:50,821 | DEBUG    | modules.filter.stt_filter.stt_filter | Dialogue not active - using higher threshold: 0.8
2026-05-25 23:08:50,821 | DEBUG    | modules.filter.filter | Thread started: CV-Filter-Thread
2026-05-25 23:08:50,821 | DEBUG    | modules.filter.stt_filter.stt_filter | Importance threshold: 0.8 (dialogue_continues=False)
2026-05-25 23:08:50,822 | DEBUG    | modules.filter.filter | System filter: Not yet implemented - marking as unimportant
2026-05-25 23:08:50,822 | DEBUG    | modules.filter.stt_filter.stt_filter | Checking importance | threshold=0.8 | context_size=0
2026-05-25 23:08:50,822 | DEBUG    | modules.filter.filter | Thread started: Sys-Filter-Thread
2026-05-25 23:08:50,822 | DEBUG    | modules.filter.stt_filter.stt_filter | Dialogue not active - using empty context for evaluation
2026-05-25 23:08:50,822 | DEBUG    | modules.filter.filter | Waiting for all filter threads to complete...
2026-05-25 23:08:50,822 | DEBUG    | modules.filter.stt_filter.stt_filter | Getting importance score from SttImpModel...
2026-05-25 23:08:50,822 | DEBUG    | modules.filter.stt_filter.imp_model.imp_model | SttImpModel call | input_text='Как у тебя дела Агат?...' | context_size=0
2026-05-25 23:08:50,822 | DEBUG    | modules.filter.stt_filter.imp_model.imp_model | Pre-processing input...
2026-05-25 23:08:50,823 | DEBUG    | modules.filter.stt_filter.imp_model.imp_model | Pre-processing context...
2026-05-25 23:08:50,823 | DEBUG    | modules.filter.stt_filter.imp_model.imp_model | Processing context | size=0
2026-05-25 23:08:50,823 | DEBUG    | modules.filter.stt_filter.imp_model.imp_model | Adding current input | text='Как у тебя дела Агат?...'
2026-05-25 23:08:50,823 | DEBUG    | modules.filter.stt_filter.imp_model.imp_model | Pre-processing complete | output_len=28
2026-05-25 23:08:50,823 | DEBUG    | modules.filter.stt_filter.imp_model.imp_model | Pre-processing complete | processed_len=28
2026-05-25 23:08:50,823 | DEBUG    | modules.filter.stt_filter.imp_model.imp_model | Running model inference...
2026-05-25 23:08:50,832 | DEBUG    | modules.filter.stt_filter.imp_model.models.own_model.transformer.encoder.forward |     Encoder layer input: torch.Size([1, 512, 256]) (with padding mask)
2026-05-25 23:08:50,833 | DEBUG    | modules.filter.stt_filter.imp_model.models.own_model.transformer.pytorch_attention.attention |       MHA: Q=torch.Size([1, 512, 256]), K=torch.Size([1, 512, 256]), V=torch.Size([1, 512, 256])
2026-05-25 23:08:50,833 | DEBUG    | modules.filter.stt_filter.imp_model.models.own_model.transformer.pytorch_attention.attention |       Mask applied: torch.Size([1, 1, 1, 512])
2026-05-25 23:08:50,845 | DEBUG    | modules.filter.stt_filter.imp_model.models.own_model.transformer.encoder.forward |     Encoder layer output: torch.Size([1, 512, 256])
2026-05-25 23:08:50,845 | INFO     | modules.filter.stt_filter.imp_model.imp_model | ✓ Importance score calculated | score=0.989
2026-05-25 23:08:50,846 | DEBUG    | modules.filter.stt_filter.imp_model.imp_model | Processed input: /user Как у тебя дела Агат?;
2026-05-25 23:08:50,846 | DEBUG    | modules.filter.stt_filter.stt_filter | ✓ Importance score obtained: 0.989
2026-05-25 23:08:50,846 | DEBUG    | modules.filter.stt_filter.stt_filter | Importance value: 0.989 | Threshold: 0.8 | Important: True
2026-05-25 23:08:50,846 | DEBUG    | modules.filter.stt_filter.stt_filter | Importance: True (threshold: 0.8)
2026-05-25 23:08:50,846 | INFO     | modules.filter.stt_filter.stt_filter | Dialogue state changed: False → True
2026-05-25 23:08:50,846 | DEBUG    | modules.filter.filter | STT filter result: True
2026-05-25 23:08:50,846 | DEBUG    | modules.filter.filter | Thread completed: STT-Filter-Thread
2026-05-25 23:08:50,846 | DEBUG    | modules.filter.filter | Thread completed: CV-Filter-Thread
2026-05-25 23:08:50,846 | DEBUG    | modules.filter.filter | Thread completed: Sys-Filter-Thread
2026-05-25 23:08:50,847 | DEBUG    | modules.filter.filter | === Filtering complete | Results: {'cv': False, 'sys': False, 'stt': True} ===
2026-05-25 23:08:50,847 | DEBUG    | main_module          | Filter importance results: {'cv': False, 'sys': False, 'stt': True}
2026-05-25 23:08:50,847 | DEBUG    | main_module          | Updating input importance flags
2026-05-25 23:08:50,847 | DEBUG    | main_module          | Input importance updated | stt=True | cv=False | sys=False
2026-05-25 23:08:50,847 | INFO     | main_module          | ✓ Answer needed | important_sources=['stt']
2026-05-25 23:08:50,847 | INFO     | main_module          | Filter decision | need_answer=True
2026-05-25 23:08:50,847 | INFO     | main_module          | ✓ Input approved by filter - Processing...
2026-05-25 23:08:50,847 | DEBUG    | main_module          | Filter importance: stt=True | cv=False | sys=False
2026-05-25 23:08:50,847 | DEBUG    | main_module          | Starting pre-processing...
2026-05-25 23:08:50,847 | INFO     | modules.pre_process.pre_process | 🔄 Pre-processing input data
2026-05-25 23:08:50,847 | DEBUG    | modules.pre_process.pre_process | Input keys: ['stt', 'cv', 'sys'] | Extra keys: []
2026-05-25 23:08:50,848 | DEBUG    | modules.pre_process.pre_process | Creating context element...
2026-05-25 23:08:50,848 | DEBUG    | modules.pre_process.pre_process | Creating context element from input
2026-05-25 23:08:50,848 | DEBUG    | modules.pre_process.pre_process | Processing System data | importance=False
2026-05-25 23:08:50,848 | DEBUG    | modules.pre_process.pre_process | System data marked unimportant | returning None
2026-05-25 23:08:50,848 | DEBUG    | modules.pre_process.pre_process | System data processed | important=False | content='None'
2026-05-25 23:08:50,848 | DEBUG    | modules.pre_process.pre_process | Processing CV data | importance=False
2026-05-25 23:08:50,848 | DEBUG    | modules.pre_process.pre_process | CV data marked unimportant | returning None
2026-05-25 23:08:50,848 | DEBUG    | modules.pre_process.pre_process | CV data processed | important=False | content='None'
2026-05-25 23:08:50,848 | DEBUG    | modules.pre_process.pre_process | Processing STT data | importance=True
2026-05-25 23:08:50,848 | DEBUG    | modules.pre_process.pre_process | STT data marked important | result: Владелец: Как у тебя дела Агат?
2026-05-25 23:08:50,848 | DEBUG    | modules.pre_process.pre_process | STT data processed | important=True | content='Владелец: Как у тебя дела Агат?'
2026-05-25 23:08:50,849 | DEBUG    | modules.pre_process.pre_process | Final context element: {'/sys': None, '/cv': None, '/user': 'Владелец: Как у тебя дела Агат?'}
2026-05-25 23:08:50,849 | DEBUG    | modules.pre_process.pre_process | Context element created | keys: ['/sys', '/cv', '/user']
2026-05-25 23:08:50,849 | DEBUG    | modules.pre_process.pre_process | Processing extra information...
2026-05-25 23:08:50,849 | DEBUG    | modules.pre_process.pre_process | Processing extra information | keys: []
2026-05-25 23:08:50,849 | DEBUG    | modules.pre_process.pre_process | Extra information processed | final_len=0 | content: ...
2026-05-25 23:08:50,849 | DEBUG    | modules.pre_process.pre_process | Extra information processed | content_len=0
2026-05-25 23:08:50,849 | DEBUG    | modules.pre_process.pre_process | Adding extra information to context...
2026-05-25 23:08:50,849 | DEBUG    | modules.pre_process.pre_process | Adding extra information to context | extra_len=0
2026-05-25 23:08:50,849 | DEBUG    | modules.pre_process.pre_process | Extra information added | new_keys: ['/sys', '/cv', '/user', '/hint']
2026-05-25 23:08:50,849 | DEBUG    | modules.pre_process.pre_process | Model input prepared | keys: ['/sys', '/cv', '/user', '/hint']
2026-05-25 23:08:50,850 | INFO     | modules.pre_process.pre_process | ✓ Pre-processing completed successfully | model_input: {'/sys': None, '/cv': None, '/user': 'Владелец: Как у тебя дела Агат?', '/hint': ''}
2026-05-25 23:08:50,850 | DEBUG    | main_module          | Pre-processing completed | input_keys=['/sys', '/cv', '/user', '/hint']
2026-05-25 23:08:50,850 | INFO     | main_module          | Sending request to chat service | context_len=1
2026-05-25 23:08:50,850 | DEBUG    | main_module          | Chat input: {'/sys': None, '/cv': None, '/user': 'Владелец: Как у тебя дела Агат?', '/hint': ''}
2026-05-25 23:08:50,850 | DEBUG    | main_module          | Using existing event loop
2026-05-25 23:08:50,850 | DEBUG    | main_module          | Full context prepared | total_len=1
2026-05-25 23:08:50,851 | INFO     | client               | 📤 Chat service request | context_len=1 | timeout=300.0s
2026-05-25 23:08:50,851 | DEBUG    | client               | Context structure | elements: [['/sys', '/cv', '/user', '/hint']]
2026-05-25 23:08:50,851 | DEBUG    | client               | Connecting to Chat service at http://127.0.0.1:8001/chat/generate
2026-05-25 23:08:50,853 | DEBUG    | httpcore.connection  | connect_tcp.started host='127.0.0.1' port=8001 local_address=None timeout=10.0 socket_options=None
2026-05-25 23:08:50,854 | DEBUG    | httpcore.connection  | connect_tcp.failed exception=ConnectError(OSError('All connection attempts failed'))
2026-05-25 23:08:50,855 | ERROR    | client               | ✗ Chat service connection error: ConnectError - Cannot reach http://127.0.0.1:8001
2026-05-25 23:08:50,855 | WARNING  | client               | ⚠ Returning None due to chat service error
2026-05-25 23:08:50,855 | WARNING  | main_module          | ⚠ Chat service returned None or empty response
2026-05-25 23:11:26,001 | INFO     | server               | 📥 STT POST request received | lang=ru | text_len=21
2026-05-25 23:11:26,001 | DEBUG    | server               | STT request details | speaker=Владелец | text='Как у тебя дела Агат?...' if len(speach_info.text) > 100 else 'Как у тебя дела Агат?'
2026-05-25 23:11:26,002 | DEBUG    | server               | ✓ STT background task added to queue
2026-05-25 23:11:26,002 | INFO     | uvicorn.access       | 127.0.0.1:50184 - "POST /core/stt HTTP/1.1" 200
2026-05-25 23:11:26,003 | INFO     | main_module          | STT input received | speaker=Владелец | language=ru | text_len=21
2026-05-25 23:11:26,003 | DEBUG    | main_module          | STT input text: 'Как у тебя дела Агат?'
2026-05-25 23:11:26,003 | DEBUG    | main_module          | STT data updated | timestamp=1779739886.003703 | context_size=0
2026-05-25 23:11:26,003 | DEBUG    | main_module          | === Starting input filtering pipeline ===
2026-05-25 23:11:26,004 | DEBUG    | main_module          | Current context size: 0 elements
2026-05-25 23:11:26,004 | DEBUG    | main_module          | STT text: 'Как у тебя дела Агат?'
2026-05-25 23:11:26,004 | INFO     | main_module          | 🔍 Filtering input - Checking if answer is needed
2026-05-25 23:11:26,004 | DEBUG    | main_module          | Input STT text: 'Как у тебя дела Агат?'
2026-05-25 23:11:26,005 | DEBUG    | modules.filter.stt_filter.stt_filter | Checking if should shut up | input_text='Как у тебя дела Агат?...'
2026-05-25 23:11:26,005 | DEBUG    | modules.filter.stt_filter.stt_filter | Checking if should shut up...
2026-05-25 23:11:26,005 | DEBUG    | modules.filter.stt_filter.should_shut_up.should_shut_up_model | ShouldShutUpModel call | input_text='Как у тебя дела Агат?...'
2026-05-25 23:11:26,005 | DEBUG    | modules.filter.stt_filter.should_shut_up.should_shut_up_model | Pre-processing input...
2026-05-25 23:11:26,005 | DEBUG    | modules.filter.stt_filter.should_shut_up.should_shut_up_model | Pre-processing input...
2026-05-25 23:11:26,006 | DEBUG    | modules.filter.stt_filter.should_shut_up.should_shut_up_model | Pre-processing complete | output_len=21
2026-05-25 23:11:26,006 | DEBUG    | modules.filter.stt_filter.should_shut_up.should_shut_up_model | Pre-processing complete | processed_len=21
2026-05-25 23:11:26,006 | DEBUG    | modules.filter.stt_filter.should_shut_up.should_shut_up_model | Running model inference...
2026-05-25 23:11:26,049 | INFO     | modules.filter.stt_filter.should_shut_up.should_shut_up_model | ✓ Importance score calculated | score=0.000
2026-05-25 23:11:26,049 | DEBUG    | modules.filter.stt_filter.should_shut_up.should_shut_up_model | Processed input: Как у тебя дела Агат?
2026-05-25 23:11:26,049 | DEBUG    | modules.filter.stt_filter.stt_filter | Should shut up result: 0.0
2026-05-25 23:11:26,049 | DEBUG    | modules.filter.filter | === Starting parallel filtering ===
2026-05-25 23:11:26,049 | DEBUG    | modules.filter.filter | Creating STT filter thread...
2026-05-25 23:11:26,050 | DEBUG    | modules.filter.filter | Creating CV filter thread...
2026-05-25 23:11:26,050 | DEBUG    | modules.filter.filter | Creating System filter thread...
2026-05-25 23:11:26,050 | DEBUG    | modules.filter.filter | Starting all filter threads...
2026-05-25 23:11:26,050 | DEBUG    | modules.filter.filter | STT filter: Analyzing speech input...
2026-05-25 23:11:26,050 | DEBUG    | modules.filter.filter | Thread started: STT-Filter-Thread
2026-05-25 23:11:26,051 | DEBUG    | modules.filter.stt_filter.stt_filter | SttFilter called | input_text='Как у тебя дела Агат?...' | dialogue_continues=True
2026-05-25 23:11:26,051 | DEBUG    | modules.filter.filter | CV filter: Not yet implemented - marking as unimportant
2026-05-25 23:11:26,051 | DEBUG    | modules.filter.filter | Thread started: CV-Filter-Thread
2026-05-25 23:11:26,051 | DEBUG    | modules.filter.stt_filter.stt_filter | Dialogue active - using lower threshold: 0.5
2026-05-25 23:11:26,051 | DEBUG    | modules.filter.filter | System filter: Not yet implemented - marking as unimportant
2026-05-25 23:11:26,051 | DEBUG    | modules.filter.filter | Thread started: Sys-Filter-Thread
2026-05-25 23:11:26,051 | DEBUG    | modules.filter.stt_filter.stt_filter | Importance threshold: 0.5 (dialogue_continues=True)
2026-05-25 23:11:26,052 | DEBUG    | modules.filter.filter | Waiting for all filter threads to complete...
2026-05-25 23:11:26,052 | DEBUG    | modules.filter.stt_filter.stt_filter | Checking importance | threshold=0.5 | context_size=0
2026-05-25 23:11:26,052 | DEBUG    | modules.filter.stt_filter.stt_filter | Dialogue active - using context of size 0
2026-05-25 23:11:26,052 | DEBUG    | modules.filter.stt_filter.stt_filter | Getting importance score from SttImpModel...
2026-05-25 23:11:26,052 | DEBUG    | modules.filter.stt_filter.imp_model.imp_model | SttImpModel call | input_text='Как у тебя дела Агат?...' | context_size=0
2026-05-25 23:11:26,053 | DEBUG    | modules.filter.stt_filter.imp_model.imp_model | Pre-processing input...
2026-05-25 23:11:26,053 | DEBUG    | modules.filter.stt_filter.imp_model.imp_model | Pre-processing context...
2026-05-25 23:11:26,053 | DEBUG    | modules.filter.stt_filter.imp_model.imp_model | Processing context | size=0
2026-05-25 23:11:26,053 | DEBUG    | modules.filter.stt_filter.imp_model.imp_model | Adding current input | text='Как у тебя дела Агат?...'
2026-05-25 23:11:26,053 | DEBUG    | modules.filter.stt_filter.imp_model.imp_model | Pre-processing complete | output_len=28
2026-05-25 23:11:26,053 | DEBUG    | modules.filter.stt_filter.imp_model.imp_model | Pre-processing complete | processed_len=28
2026-05-25 23:11:26,053 | DEBUG    | modules.filter.stt_filter.imp_model.imp_model | Running model inference...
2026-05-25 23:11:26,064 | DEBUG    | modules.filter.stt_filter.imp_model.models.own_model.transformer.encoder.forward |     Encoder layer input: torch.Size([1, 512, 256]) (with padding mask)
2026-05-25 23:11:26,064 | DEBUG    | modules.filter.stt_filter.imp_model.models.own_model.transformer.pytorch_attention.attention |       MHA: Q=torch.Size([1, 512, 256]), K=torch.Size([1, 512, 256]), V=torch.Size([1, 512, 256])
2026-05-25 23:11:26,064 | DEBUG    | modules.filter.stt_filter.imp_model.models.own_model.transformer.pytorch_attention.attention |       Mask applied: torch.Size([1, 1, 1, 512])
2026-05-25 23:11:26,079 | DEBUG    | modules.filter.stt_filter.imp_model.models.own_model.transformer.encoder.forward |     Encoder layer output: torch.Size([1, 512, 256])
2026-05-25 23:11:26,080 | INFO     | modules.filter.stt_filter.imp_model.imp_model | ✓ Importance score calculated | score=0.989
2026-05-25 23:11:26,080 | DEBUG    | modules.filter.stt_filter.imp_model.imp_model | Processed input: /user Как у тебя дела Агат?;
2026-05-25 23:11:26,080 | DEBUG    | modules.filter.stt_filter.stt_filter | ✓ Importance score obtained: 0.989
2026-05-25 23:11:26,080 | DEBUG    | modules.filter.stt_filter.stt_filter | Importance value: 0.989 | Threshold: 0.5 | Important: True
2026-05-25 23:11:26,080 | DEBUG    | modules.filter.stt_filter.stt_filter | Importance: True (threshold: 0.5)
2026-05-25 23:11:26,080 | DEBUG    | modules.filter.stt_filter.stt_filter | Dialogue state unchanged: True
2026-05-25 23:11:26,080 | DEBUG    | modules.filter.filter | STT filter result: True
2026-05-25 23:11:26,081 | DEBUG    | modules.filter.filter | Thread completed: STT-Filter-Thread
2026-05-25 23:11:26,081 | DEBUG    | modules.filter.filter | Thread completed: CV-Filter-Thread
2026-05-25 23:11:26,081 | DEBUG    | modules.filter.filter | Thread completed: Sys-Filter-Thread
2026-05-25 23:11:26,081 | DEBUG    | modules.filter.filter | === Filtering complete | Results: {'cv': False, 'sys': False, 'stt': True} ===
2026-05-25 23:11:26,081 | DEBUG    | main_module          | Filter importance results: {'cv': False, 'sys': False, 'stt': True}
2026-05-25 23:11:26,081 | DEBUG    | main_module          | Updating input importance flags
2026-05-25 23:11:26,081 | DEBUG    | main_module          | Input importance updated | stt=True | cv=False | sys=False
2026-05-25 23:11:26,081 | INFO     | main_module          | ✓ Answer needed | important_sources=['stt']
2026-05-25 23:11:26,081 | INFO     | main_module          | Filter decision | need_answer=True
2026-05-25 23:11:26,081 | INFO     | main_module          | ✓ Input approved by filter - Processing...
2026-05-25 23:11:26,082 | DEBUG    | main_module          | Filter importance: stt=True | cv=False | sys=False
2026-05-25 23:11:26,082 | DEBUG    | main_module          | Starting pre-processing...
2026-05-25 23:11:26,082 | INFO     | modules.pre_process.pre_process | 🔄 Pre-processing input data
2026-05-25 23:11:26,082 | DEBUG    | modules.pre_process.pre_process | Input keys: ['stt', 'cv', 'sys'] | Extra keys: []
2026-05-25 23:11:26,082 | DEBUG    | modules.pre_process.pre_process | Creating context element...
2026-05-25 23:11:26,082 | DEBUG    | modules.pre_process.pre_process | Creating context element from input
2026-05-25 23:11:26,082 | DEBUG    | modules.pre_process.pre_process | Processing System data | importance=False
2026-05-25 23:11:26,082 | DEBUG    | modules.pre_process.pre_process | System data marked unimportant | returning None
2026-05-25 23:11:26,082 | DEBUG    | modules.pre_process.pre_process | System data processed | important=False | content='None'
2026-05-25 23:11:26,082 | DEBUG    | modules.pre_process.pre_process | Processing CV data | importance=False
2026-05-25 23:11:26,082 | DEBUG    | modules.pre_process.pre_process | CV data marked unimportant | returning None
2026-05-25 23:11:26,082 | DEBUG    | modules.pre_process.pre_process | CV data processed | important=False | content='None'
2026-05-25 23:11:26,082 | DEBUG    | modules.pre_process.pre_process | Processing STT data | importance=True
2026-05-25 23:11:26,083 | DEBUG    | modules.pre_process.pre_process | STT data marked important | result: Владелец: Как у тебя дела Агат?
2026-05-25 23:11:26,083 | DEBUG    | modules.pre_process.pre_process | STT data processed | important=True | content='Владелец: Как у тебя дела Агат?'
2026-05-25 23:11:26,083 | DEBUG    | modules.pre_process.pre_process | Final context element: {'/sys': None, '/cv': None, '/user': 'Владелец: Как у тебя дела Агат?'}
2026-05-25 23:11:26,083 | DEBUG    | modules.pre_process.pre_process | Context element created | keys: ['/sys', '/cv', '/user']
2026-05-25 23:11:26,083 | DEBUG    | modules.pre_process.pre_process | Processing extra information...
2026-05-25 23:11:26,083 | DEBUG    | modules.pre_process.pre_process | Processing extra information | keys: []
2026-05-25 23:11:26,083 | DEBUG    | modules.pre_process.pre_process | Extra information processed | final_len=0 | content: ...
2026-05-25 23:11:26,083 | DEBUG    | modules.pre_process.pre_process | Extra information processed | content_len=0
2026-05-25 23:11:26,083 | DEBUG    | modules.pre_process.pre_process | Adding extra information to context...
2026-05-25 23:11:26,083 | DEBUG    | modules.pre_process.pre_process | Adding extra information to context | extra_len=0
2026-05-25 23:11:26,083 | DEBUG    | modules.pre_process.pre_process | Extra information added | new_keys: ['/sys', '/cv', '/user', '/hint']
2026-05-25 23:11:26,084 | DEBUG    | modules.pre_process.pre_process | Model input prepared | keys: ['/sys', '/cv', '/user', '/hint']
2026-05-25 23:11:26,084 | INFO     | modules.pre_process.pre_process | ✓ Pre-processing completed successfully | model_input: {'/sys': None, '/cv': None, '/user': 'Владелец: Как у тебя дела Агат?', '/hint': ''}
2026-05-25 23:11:26,084 | DEBUG    | main_module          | Pre-processing completed | input_keys=['/sys', '/cv', '/user', '/hint']
2026-05-25 23:11:26,084 | INFO     | main_module          | Sending request to chat service | context_len=1
2026-05-25 23:11:26,084 | DEBUG    | main_module          | Chat input: {'/sys': None, '/cv': None, '/user': 'Владелец: Как у тебя дела Агат?', '/hint': ''}
2026-05-25 23:11:26,084 | DEBUG    | main_module          | Using existing event loop
2026-05-25 23:11:26,084 | DEBUG    | main_module          | Full context prepared | total_len=1
2026-05-25 23:11:26,084 | INFO     | client               | 📤 Chat service request | context_len=1 | timeout=300.0s
2026-05-25 23:11:26,084 | DEBUG    | client               | Context structure | elements: [['/sys', '/cv', '/user', '/hint']]
2026-05-25 23:11:26,085 | DEBUG    | client               | Connecting to Chat service at http://127.0.0.1:8001/chat/generate
2026-05-25 23:11:26,089 | DEBUG    | httpcore.connection  | connect_tcp.started host='127.0.0.1' port=8001 local_address=None timeout=10.0 socket_options=None
2026-05-25 23:11:26,089 | DEBUG    | httpcore.connection  | connect_tcp.failed exception=ConnectError(OSError('All connection attempts failed'))
2026-05-25 23:11:26,090 | ERROR    | client               | ✗ Chat service connection error: ConnectError - Cannot reach http://127.0.0.1:8001
2026-05-25 23:11:26,090 | WARNING  | client               | ⚠ Returning None due to chat service error
2026-05-25 23:11:26,090 | WARNING  | main_module          | ⚠ Chat service returned None or empty response
2026-05-25 23:11:59,813 | INFO     | server               | 📥 STT POST request received | lang=ru | text_len=9
2026-05-25 23:11:59,813 | DEBUG    | server               | STT request details | speaker=Владелец | text='Как дела?...' if len(speach_info.text) > 100 else 'Как дела?'
2026-05-25 23:11:59,813 | DEBUG    | server               | ✓ STT background task added to queue
2026-05-25 23:11:59,814 | INFO     | uvicorn.access       | 127.0.0.1:41752 - "POST /core/stt HTTP/1.1" 200
2026-05-25 23:11:59,816 | INFO     | main_module          | STT input received | speaker=Владелец | language=ru | text_len=9
2026-05-25 23:11:59,816 | DEBUG    | main_module          | STT input text: 'Как дела?'
2026-05-25 23:11:59,816 | DEBUG    | main_module          | STT data updated | timestamp=1779739919.816568 | context_size=0
2026-05-25 23:11:59,816 | DEBUG    | main_module          | === Starting input filtering pipeline ===
2026-05-25 23:11:59,816 | DEBUG    | main_module          | Current context size: 0 elements
2026-05-25 23:11:59,817 | DEBUG    | main_module          | STT text: 'Как дела?'
2026-05-25 23:11:59,817 | INFO     | main_module          | 🔍 Filtering input - Checking if answer is needed
2026-05-25 23:11:59,817 | DEBUG    | main_module          | Input STT text: 'Как дела?'
2026-05-25 23:11:59,817 | DEBUG    | modules.filter.stt_filter.stt_filter | Checking if should shut up | input_text='Как дела?...'
2026-05-25 23:11:59,817 | DEBUG    | modules.filter.stt_filter.stt_filter | Checking if should shut up...
2026-05-25 23:11:59,817 | DEBUG    | modules.filter.stt_filter.should_shut_up.should_shut_up_model | ShouldShutUpModel call | input_text='Как дела?...'
2026-05-25 23:11:59,818 | DEBUG    | modules.filter.stt_filter.should_shut_up.should_shut_up_model | Pre-processing input...
2026-05-25 23:11:59,818 | DEBUG    | modules.filter.stt_filter.should_shut_up.should_shut_up_model | Pre-processing input...
2026-05-25 23:11:59,818 | DEBUG    | modules.filter.stt_filter.should_shut_up.should_shut_up_model | Pre-processing complete | output_len=9
2026-05-25 23:11:59,818 | DEBUG    | modules.filter.stt_filter.should_shut_up.should_shut_up_model | Pre-processing complete | processed_len=9
2026-05-25 23:11:59,818 | DEBUG    | modules.filter.stt_filter.should_shut_up.should_shut_up_model | Running model inference...
2026-05-25 23:11:59,852 | INFO     | modules.filter.stt_filter.should_shut_up.should_shut_up_model | ✓ Importance score calculated | score=0.000
2026-05-25 23:11:59,852 | DEBUG    | modules.filter.stt_filter.should_shut_up.should_shut_up_model | Processed input: Как дела?
2026-05-25 23:11:59,853 | DEBUG    | modules.filter.stt_filter.stt_filter | Should shut up result: 0.0
2026-05-25 23:11:59,853 | DEBUG    | modules.filter.filter | === Starting parallel filtering ===
2026-05-25 23:11:59,853 | DEBUG    | modules.filter.filter | Creating STT filter thread...
2026-05-25 23:11:59,853 | DEBUG    | modules.filter.filter | Creating CV filter thread...
2026-05-25 23:11:59,853 | DEBUG    | modules.filter.filter | Creating System filter thread...
2026-05-25 23:11:59,853 | DEBUG    | modules.filter.filter | Starting all filter threads...
2026-05-25 23:11:59,853 | DEBUG    | modules.filter.filter | STT filter: Analyzing speech input...
2026-05-25 23:11:59,856 | DEBUG    | modules.filter.stt_filter.stt_filter | SttFilter called | input_text='Как дела?...' | dialogue_continues=True
2026-05-25 23:11:59,856 | DEBUG    | modules.filter.stt_filter.stt_filter | Dialogue active - using lower threshold: 0.5
2026-05-25 23:11:59,856 | DEBUG    | modules.filter.stt_filter.stt_filter | Importance threshold: 0.5 (dialogue_continues=True)
2026-05-25 23:11:59,856 | DEBUG    | modules.filter.stt_filter.stt_filter | Checking importance | threshold=0.5 | context_size=0
2026-05-25 23:11:59,857 | DEBUG    | modules.filter.stt_filter.stt_filter | Dialogue active - using context of size 0
2026-05-25 23:11:59,857 | DEBUG    | modules.filter.stt_filter.stt_filter | Getting importance score from SttImpModel...
2026-05-25 23:11:59,857 | DEBUG    | modules.filter.stt_filter.imp_model.imp_model | SttImpModel call | input_text='Как дела?...' | context_size=0
2026-05-25 23:11:59,857 | DEBUG    | modules.filter.stt_filter.imp_model.imp_model | Pre-processing input...
2026-05-25 23:11:59,857 | DEBUG    | modules.filter.stt_filter.imp_model.imp_model | Pre-processing context...
2026-05-25 23:11:59,857 | DEBUG    | modules.filter.stt_filter.imp_model.imp_model | Processing context | size=0
2026-05-25 23:11:59,857 | DEBUG    | modules.filter.stt_filter.imp_model.imp_model | Adding current input | text='Как дела?...'
2026-05-25 23:11:59,858 | DEBUG    | modules.filter.stt_filter.imp_model.imp_model | Pre-processing complete | output_len=16
2026-05-25 23:11:59,854 | DEBUG    | modules.filter.filter | Thread started: STT-Filter-Thread
2026-05-25 23:11:59,858 | DEBUG    | modules.filter.stt_filter.imp_model.imp_model | Pre-processing complete | processed_len=16
2026-05-25 23:11:59,858 | DEBUG    | modules.filter.stt_filter.imp_model.imp_model | Running model inference...
2026-05-25 23:11:59,858 | DEBUG    | modules.filter.filter | CV filter: Not yet implemented - marking as unimportant
2026-05-25 23:11:59,858 | DEBUG    | modules.filter.filter | Thread started: CV-Filter-Thread
2026-05-25 23:11:59,859 | DEBUG    | modules.filter.filter | System filter: Not yet implemented - marking as unimportant
2026-05-25 23:11:59,859 | DEBUG    | modules.filter.filter | Thread started: Sys-Filter-Thread
2026-05-25 23:11:59,860 | DEBUG    | modules.filter.filter | Waiting for all filter threads to complete...
2026-05-25 23:11:59,866 | DEBUG    | modules.filter.stt_filter.imp_model.models.own_model.transformer.encoder.forward |     Encoder layer input: torch.Size([1, 512, 256]) (with padding mask)
2026-05-25 23:11:59,866 | DEBUG    | modules.filter.stt_filter.imp_model.models.own_model.transformer.pytorch_attention.attention |       MHA: Q=torch.Size([1, 512, 256]), K=torch.Size([1, 512, 256]), V=torch.Size([1, 512, 256])
2026-05-25 23:11:59,866 | DEBUG    | modules.filter.stt_filter.imp_model.models.own_model.transformer.pytorch_attention.attention |       Mask applied: torch.Size([1, 1, 1, 512])
2026-05-25 23:11:59,881 | DEBUG    | modules.filter.stt_filter.imp_model.models.own_model.transformer.encoder.forward |     Encoder layer output: torch.Size([1, 512, 256])
2026-05-25 23:11:59,882 | INFO     | modules.filter.stt_filter.imp_model.imp_model | ✓ Importance score calculated | score=0.000
2026-05-25 23:11:59,882 | DEBUG    | modules.filter.stt_filter.imp_model.imp_model | Processed input: /user Как дела?;
2026-05-25 23:11:59,882 | DEBUG    | modules.filter.stt_filter.stt_filter | ✓ Importance score obtained: 0.000
2026-05-25 23:11:59,882 | DEBUG    | modules.filter.stt_filter.stt_filter | Importance value: 0.000 | Threshold: 0.5 | Important: False
2026-05-25 23:11:59,882 | DEBUG    | modules.filter.stt_filter.stt_filter | Importance: False (threshold: 0.5)
2026-05-25 23:11:59,882 | INFO     | modules.filter.stt_filter.stt_filter | Dialogue state changed: True → False
2026-05-25 23:11:59,882 | DEBUG    | modules.filter.filter | STT filter result: False
2026-05-25 23:11:59,883 | DEBUG    | modules.filter.filter | Thread completed: STT-Filter-Thread
2026-05-25 23:11:59,883 | DEBUG    | modules.filter.filter | Thread completed: CV-Filter-Thread
2026-05-25 23:11:59,883 | DEBUG    | modules.filter.filter | Thread completed: Sys-Filter-Thread
2026-05-25 23:11:59,883 | DEBUG    | modules.filter.filter | === Filtering complete | Results: {'cv': False, 'sys': False, 'stt': False} ===
2026-05-25 23:11:59,883 | DEBUG    | main_module          | Filter importance results: {'cv': False, 'sys': False, 'stt': False}
2026-05-25 23:11:59,883 | DEBUG    | main_module          | Updating input importance flags
2026-05-25 23:11:59,883 | DEBUG    | main_module          | Input importance updated | stt=False | cv=False | sys=False
2026-05-25 23:11:59,883 | DEBUG    | main_module          | ✗ No important input detected
2026-05-25 23:11:59,883 | INFO     | main_module          | Filter decision | need_answer=False
2026-05-25 23:11:59,883 | DEBUG    | main_module          | ✗ Input rejected by filter
2026-05-25 23:11:59,884 | DEBUG    | main_module          | Filter importance: stt=False | cv=False | sys=False
2026-05-25 23:17:37,049 | INFO     | server               | 📥 STT POST request received | lang=ru | text_len=20
2026-05-25 23:17:37,049 | DEBUG    | server               | STT request details | speaker=Владелец | text='Включи свет в ванной...' if len(speach_info.text) > 100 else 'Включи свет в ванной'
2026-05-25 23:17:37,050 | DEBUG    | server               | ✓ STT background task added to queue
2026-05-25 23:17:37,051 | INFO     | uvicorn.access       | 127.0.0.1:42142 - "POST /core/stt HTTP/1.1" 200
2026-05-25 23:17:37,052 | INFO     | main_module          | STT input received | speaker=Владелец | language=ru | text_len=20
2026-05-25 23:17:37,052 | DEBUG    | main_module          | STT input text: 'Включи свет в ванной'
2026-05-25 23:17:37,053 | DEBUG    | main_module          | STT data updated | timestamp=1779740257.053007 | context_size=0
2026-05-25 23:17:37,053 | DEBUG    | main_module          | === Starting input filtering pipeline ===
2026-05-25 23:17:37,053 | DEBUG    | main_module          | Current context size: 0 elements
2026-05-25 23:17:37,053 | DEBUG    | main_module          | STT text: 'Включи свет в ванной'
2026-05-25 23:17:37,054 | INFO     | main_module          | 🔍 Filtering input - Checking if answer is needed
2026-05-25 23:17:37,054 | DEBUG    | main_module          | Input STT text: 'Включи свет в ванной'
2026-05-25 23:17:37,054 | DEBUG    | modules.filter.stt_filter.stt_filter | Checking if should shut up | input_text='Включи свет в ванной...'
2026-05-25 23:17:37,054 | DEBUG    | modules.filter.stt_filter.stt_filter | Checking if should shut up...
2026-05-25 23:17:37,055 | DEBUG    | modules.filter.stt_filter.should_shut_up.should_shut_up_model | ShouldShutUpModel call | input_text='Включи свет в ванной...'
2026-05-25 23:17:37,055 | DEBUG    | modules.filter.stt_filter.should_shut_up.should_shut_up_model | Pre-processing input...
2026-05-25 23:17:37,055 | DEBUG    | modules.filter.stt_filter.should_shut_up.should_shut_up_model | Pre-processing input...
2026-05-25 23:17:37,055 | DEBUG    | modules.filter.stt_filter.should_shut_up.should_shut_up_model | Pre-processing complete | output_len=20
2026-05-25 23:17:37,055 | DEBUG    | modules.filter.stt_filter.should_shut_up.should_shut_up_model | Pre-processing complete | processed_len=20
2026-05-25 23:17:37,056 | DEBUG    | modules.filter.stt_filter.should_shut_up.should_shut_up_model | Running model inference...
2026-05-25 23:17:37,151 | INFO     | modules.filter.stt_filter.should_shut_up.should_shut_up_model | ✓ Importance score calculated | score=0.000
2026-05-25 23:17:37,151 | DEBUG    | modules.filter.stt_filter.should_shut_up.should_shut_up_model | Processed input: Включи свет в ванной
2026-05-25 23:17:37,152 | DEBUG    | modules.filter.stt_filter.stt_filter | Should shut up result: 0.0
2026-05-25 23:17:37,152 | DEBUG    | modules.filter.filter | === Starting parallel filtering ===
2026-05-25 23:17:37,152 | DEBUG    | modules.filter.filter | Creating STT filter thread...
2026-05-25 23:17:37,152 | DEBUG    | modules.filter.filter | Creating CV filter thread...
2026-05-25 23:17:37,152 | DEBUG    | modules.filter.filter | Creating System filter thread...
2026-05-25 23:17:37,153 | DEBUG    | modules.filter.filter | Starting all filter threads...
2026-05-25 23:17:37,153 | DEBUG    | modules.filter.filter | STT filter: Analyzing speech input...
2026-05-25 23:17:37,153 | DEBUG    | modules.filter.filter | Thread started: STT-Filter-Thread
2026-05-25 23:17:37,153 | DEBUG    | modules.filter.stt_filter.stt_filter | SttFilter called | input_text='Включи свет в ванной...' | dialogue_continues=False
2026-05-25 23:17:37,154 | DEBUG    | modules.filter.filter | CV filter: Not yet implemented - marking as unimportant
2026-05-25 23:17:37,154 | DEBUG    | modules.filter.filter | Thread started: CV-Filter-Thread
2026-05-25 23:17:37,154 | DEBUG    | modules.filter.stt_filter.stt_filter | Dialogue not active - using higher threshold: 0.8
2026-05-25 23:17:37,154 | DEBUG    | modules.filter.filter | System filter: Not yet implemented - marking as unimportant
2026-05-25 23:17:37,154 | DEBUG    | modules.filter.filter | Thread started: Sys-Filter-Thread
2026-05-25 23:17:37,155 | DEBUG    | modules.filter.stt_filter.stt_filter | Importance threshold: 0.8 (dialogue_continues=False)
2026-05-25 23:17:37,155 | DEBUG    | modules.filter.filter | Waiting for all filter threads to complete...
2026-05-25 23:17:37,155 | DEBUG    | modules.filter.stt_filter.stt_filter | Checking importance | threshold=0.8 | context_size=0
2026-05-25 23:17:37,155 | DEBUG    | modules.filter.stt_filter.stt_filter | Dialogue not active - using empty context for evaluation
2026-05-25 23:17:37,156 | DEBUG    | modules.filter.stt_filter.stt_filter | Getting importance score from SttImpModel...
2026-05-25 23:17:37,156 | DEBUG    | modules.filter.stt_filter.imp_model.imp_model | SttImpModel call | input_text='Включи свет в ванной...' | context_size=0
2026-05-25 23:17:37,156 | DEBUG    | modules.filter.stt_filter.imp_model.imp_model | Pre-processing input...
2026-05-25 23:17:37,156 | DEBUG    | modules.filter.stt_filter.imp_model.imp_model | Pre-processing context...
2026-05-25 23:17:37,156 | DEBUG    | modules.filter.stt_filter.imp_model.imp_model | Processing context | size=0
2026-05-25 23:17:37,156 | DEBUG    | modules.filter.stt_filter.imp_model.imp_model | Adding current input | text='Включи свет в ванной...'
2026-05-25 23:17:37,156 | DEBUG    | modules.filter.stt_filter.imp_model.imp_model | Pre-processing complete | output_len=27
2026-05-25 23:17:37,156 | DEBUG    | modules.filter.stt_filter.imp_model.imp_model | Pre-processing complete | processed_len=27
2026-05-25 23:17:37,156 | DEBUG    | modules.filter.stt_filter.imp_model.imp_model | Running model inference...
2026-05-25 23:17:37,187 | DEBUG    | modules.filter.stt_filter.imp_model.models.own_model.transformer.encoder.forward |     Encoder layer input: torch.Size([1, 512, 256]) (with padding mask)
2026-05-25 23:17:37,188 | DEBUG    | modules.filter.stt_filter.imp_model.models.own_model.transformer.pytorch_attention.attention |       MHA: Q=torch.Size([1, 512, 256]), K=torch.Size([1, 512, 256]), V=torch.Size([1, 512, 256])
2026-05-25 23:17:37,188 | DEBUG    | modules.filter.stt_filter.imp_model.models.own_model.transformer.pytorch_attention.attention |       Mask applied: torch.Size([1, 1, 1, 512])
2026-05-25 23:17:37,201 | DEBUG    | modules.filter.stt_filter.imp_model.models.own_model.transformer.encoder.forward |     Encoder layer output: torch.Size([1, 512, 256])
2026-05-25 23:17:37,202 | INFO     | modules.filter.stt_filter.imp_model.imp_model | ✓ Importance score calculated | score=0.000
2026-05-25 23:17:37,202 | DEBUG    | modules.filter.stt_filter.imp_model.imp_model | Processed input: /user Включи свет в ванной;
2026-05-25 23:17:37,202 | DEBUG    | modules.filter.stt_filter.stt_filter | ✓ Importance score obtained: 0.000
2026-05-25 23:17:37,202 | DEBUG    | modules.filter.stt_filter.stt_filter | Importance value: 0.000 | Threshold: 0.8 | Important: False
2026-05-25 23:17:37,202 | DEBUG    | modules.filter.stt_filter.stt_filter | Importance: False (threshold: 0.8)
2026-05-25 23:17:37,202 | DEBUG    | modules.filter.stt_filter.stt_filter | Dialogue state unchanged: False
2026-05-25 23:17:37,202 | DEBUG    | modules.filter.filter | STT filter result: False
2026-05-25 23:17:37,202 | DEBUG    | modules.filter.filter | Thread completed: STT-Filter-Thread
2026-05-25 23:17:37,202 | DEBUG    | modules.filter.filter | Thread completed: CV-Filter-Thread
2026-05-25 23:17:37,203 | DEBUG    | modules.filter.filter | Thread completed: Sys-Filter-Thread
2026-05-25 23:17:37,203 | DEBUG    | modules.filter.filter | === Filtering complete | Results: {'cv': False, 'sys': False, 'stt': False} ===
2026-05-25 23:17:37,203 | DEBUG    | main_module          | Filter importance results: {'cv': False, 'sys': False, 'stt': False}
2026-05-25 23:17:37,203 | DEBUG    | main_module          | Updating input importance flags
2026-05-25 23:17:37,203 | DEBUG    | main_module          | Input importance updated | stt=False | cv=False | sys=False
2026-05-25 23:17:37,203 | DEBUG    | main_module          | ✗ No important input detected
2026-05-25 23:17:37,203 | INFO     | main_module          | Filter decision | need_answer=False
2026-05-25 23:17:37,203 | DEBUG    | main_module          | ✗ Input rejected by filter
2026-05-25 23:17:37,203 | DEBUG    | main_module          | Filter importance: stt=False | cv=False | sys=False
2026-05-25 23:17:45,557 | INFO     | server               | 📥 STT POST request received | lang=ru | text_len=1
2026-05-25 23:17:45,558 | DEBUG    | server               | STT request details | speaker=Владелец | text='?...' if len(speach_info.text) > 100 else '?'
2026-05-25 23:17:45,558 | DEBUG    | server               | ✓ STT background task added to queue
2026-05-25 23:17:45,558 | INFO     | uvicorn.access       | 127.0.0.1:33418 - "POST /core/stt HTTP/1.1" 200
2026-05-25 23:17:45,560 | INFO     | main_module          | STT input received | speaker=Владелец | language=ru | text_len=1
2026-05-25 23:17:45,560 | DEBUG    | main_module          | STT input text: '?'
2026-05-25 23:17:45,560 | DEBUG    | main_module          | STT data updated | timestamp=1779740265.560599 | context_size=0
2026-05-25 23:17:45,560 | DEBUG    | main_module          | === Starting input filtering pipeline ===
2026-05-25 23:17:45,560 | DEBUG    | main_module          | Current context size: 0 elements
2026-05-25 23:17:45,560 | DEBUG    | main_module          | STT text: '?'
2026-05-25 23:17:45,561 | INFO     | main_module          | 🔍 Filtering input - Checking if answer is needed
2026-05-25 23:17:45,561 | DEBUG    | main_module          | Input STT text: '?'
2026-05-25 23:17:45,561 | DEBUG    | modules.filter.stt_filter.stt_filter | Checking if should shut up | input_text='?...'
2026-05-25 23:17:45,561 | DEBUG    | modules.filter.stt_filter.stt_filter | Checking if should shut up...
2026-05-25 23:17:45,561 | DEBUG    | modules.filter.stt_filter.should_shut_up.should_shut_up_model | ShouldShutUpModel call | input_text='?...'
2026-05-25 23:17:45,561 | DEBUG    | modules.filter.stt_filter.should_shut_up.should_shut_up_model | Pre-processing input...
2026-05-25 23:17:45,561 | DEBUG    | modules.filter.stt_filter.should_shut_up.should_shut_up_model | Pre-processing input...
2026-05-25 23:17:45,561 | DEBUG    | modules.filter.stt_filter.should_shut_up.should_shut_up_model | Pre-processing complete | output_len=1
2026-05-25 23:17:45,562 | DEBUG    | modules.filter.stt_filter.should_shut_up.should_shut_up_model | Pre-processing complete | processed_len=1
2026-05-25 23:17:45,562 | DEBUG    | modules.filter.stt_filter.should_shut_up.should_shut_up_model | Running model inference...
2026-05-25 23:17:45,599 | INFO     | modules.filter.stt_filter.should_shut_up.should_shut_up_model | ✓ Importance score calculated | score=0.000
2026-05-25 23:17:45,600 | DEBUG    | modules.filter.stt_filter.should_shut_up.should_shut_up_model | Processed input: ?
2026-05-25 23:17:45,600 | DEBUG    | modules.filter.stt_filter.stt_filter | Should shut up result: 0.0
2026-05-25 23:17:45,600 | DEBUG    | modules.filter.filter | === Starting parallel filtering ===
2026-05-25 23:17:45,600 | DEBUG    | modules.filter.filter | Creating STT filter thread...
2026-05-25 23:17:45,600 | DEBUG    | modules.filter.filter | Creating CV filter thread...
2026-05-25 23:17:45,601 | DEBUG    | modules.filter.filter | Creating System filter thread...
2026-05-25 23:17:45,601 | DEBUG    | modules.filter.filter | Starting all filter threads...
2026-05-25 23:17:45,601 | DEBUG    | modules.filter.filter | STT filter: Analyzing speech input...
2026-05-25 23:17:45,601 | DEBUG    | modules.filter.filter | Thread started: STT-Filter-Thread
2026-05-25 23:17:45,601 | DEBUG    | modules.filter.stt_filter.stt_filter | SttFilter called | input_text='?...' | dialogue_continues=False
2026-05-25 23:17:45,602 | DEBUG    | modules.filter.filter | CV filter: Not yet implemented - marking as unimportant
2026-05-25 23:17:45,602 | DEBUG    | modules.filter.stt_filter.stt_filter | Dialogue not active - using higher threshold: 0.8
2026-05-25 23:17:45,602 | DEBUG    | modules.filter.filter | Thread started: CV-Filter-Thread
2026-05-25 23:17:45,602 | DEBUG    | modules.filter.stt_filter.stt_filter | Importance threshold: 0.8 (dialogue_continues=False)
2026-05-25 23:17:45,602 | DEBUG    | modules.filter.filter | System filter: Not yet implemented - marking as unimportant
2026-05-25 23:17:45,602 | DEBUG    | modules.filter.filter | Thread started: Sys-Filter-Thread
2026-05-25 23:17:45,602 | DEBUG    | modules.filter.stt_filter.stt_filter | Checking importance | threshold=0.8 | context_size=0
2026-05-25 23:17:45,603 | DEBUG    | modules.filter.filter | Waiting for all filter threads to complete...
2026-05-25 23:17:45,603 | DEBUG    | modules.filter.stt_filter.stt_filter | Dialogue not active - using empty context for evaluation
2026-05-25 23:17:45,603 | DEBUG    | modules.filter.stt_filter.stt_filter | Getting importance score from SttImpModel...
2026-05-25 23:17:45,603 | DEBUG    | modules.filter.stt_filter.imp_model.imp_model | SttImpModel call | input_text='?...' | context_size=0
2026-05-25 23:17:45,603 | DEBUG    | modules.filter.stt_filter.imp_model.imp_model | Pre-processing input...
2026-05-25 23:17:45,603 | DEBUG    | modules.filter.stt_filter.imp_model.imp_model | Pre-processing context...
2026-05-25 23:17:45,603 | DEBUG    | modules.filter.stt_filter.imp_model.imp_model | Processing context | size=0
2026-05-25 23:17:45,603 | DEBUG    | modules.filter.stt_filter.imp_model.imp_model | Adding current input | text='?...'
2026-05-25 23:17:45,603 | DEBUG    | modules.filter.stt_filter.imp_model.imp_model | Pre-processing complete | output_len=8
2026-05-25 23:17:45,603 | DEBUG    | modules.filter.stt_filter.imp_model.imp_model | Pre-processing complete | processed_len=8
2026-05-25 23:17:45,603 | DEBUG    | modules.filter.stt_filter.imp_model.imp_model | Running model inference...
2026-05-25 23:17:45,614 | DEBUG    | modules.filter.stt_filter.imp_model.models.own_model.transformer.encoder.forward |     Encoder layer input: torch.Size([1, 512, 256]) (with padding mask)
2026-05-25 23:17:45,614 | DEBUG    | modules.filter.stt_filter.imp_model.models.own_model.transformer.pytorch_attention.attention |       MHA: Q=torch.Size([1, 512, 256]), K=torch.Size([1, 512, 256]), V=torch.Size([1, 512, 256])
2026-05-25 23:17:45,615 | DEBUG    | modules.filter.stt_filter.imp_model.models.own_model.transformer.pytorch_attention.attention |       Mask applied: torch.Size([1, 1, 1, 512])
2026-05-25 23:17:45,626 | DEBUG    | modules.filter.stt_filter.imp_model.models.own_model.transformer.encoder.forward |     Encoder layer output: torch.Size([1, 512, 256])
2026-05-25 23:17:45,626 | INFO     | modules.filter.stt_filter.imp_model.imp_model | ✓ Importance score calculated | score=0.004
2026-05-25 23:17:45,626 | DEBUG    | modules.filter.stt_filter.imp_model.imp_model | Processed input: /user ?;
2026-05-25 23:17:45,626 | DEBUG    | modules.filter.stt_filter.stt_filter | ✓ Importance score obtained: 0.004
2026-05-25 23:17:45,627 | DEBUG    | modules.filter.stt_filter.stt_filter | Importance value: 0.004 | Threshold: 0.8 | Important: False
2026-05-25 23:17:45,627 | DEBUG    | modules.filter.stt_filter.stt_filter | Importance: False (threshold: 0.8)
2026-05-25 23:17:45,627 | DEBUG    | modules.filter.stt_filter.stt_filter | Dialogue state unchanged: False
2026-05-25 23:17:45,627 | DEBUG    | modules.filter.filter | STT filter result: False
2026-05-25 23:17:45,627 | DEBUG    | modules.filter.filter | Thread completed: STT-Filter-Thread
2026-05-25 23:17:45,627 | DEBUG    | modules.filter.filter | Thread completed: CV-Filter-Thread
2026-05-25 23:17:45,627 | DEBUG    | modules.filter.filter | Thread completed: Sys-Filter-Thread
2026-05-25 23:17:45,627 | DEBUG    | modules.filter.filter | === Filtering complete | Results: {'cv': False, 'sys': False, 'stt': False} ===
2026-05-25 23:17:45,627 | DEBUG    | main_module          | Filter importance results: {'cv': False, 'sys': False, 'stt': False}
2026-05-25 23:17:45,627 | DEBUG    | main_module          | Updating input importance flags
2026-05-25 23:17:45,627 | DEBUG    | main_module          | Input importance updated | stt=False | cv=False | sys=False
2026-05-25 23:17:45,628 | DEBUG    | main_module          | ✗ No important input detected
2026-05-25 23:17:45,628 | INFO     | main_module          | Filter decision | need_answer=False
2026-05-25 23:17:45,628 | DEBUG    | main_module          | ✗ Input rejected by filter
2026-05-25 23:17:45,628 | DEBUG    | main_module          | Filter importance: stt=False | cv=False | sys=False
2026-05-25 23:18:14,482 | INFO     | server               | 📥 STT POST request received | lang=ru | text_len=25
2026-05-25 23:18:14,482 | DEBUG    | server               | STT request details | speaker=Владелец | text='Агат Включи свет в ванной...' if len(speach_info.text) > 100 else 'Агат Включи свет в ванной'
2026-05-25 23:18:14,482 | DEBUG    | server               | ✓ STT background task added to queue
2026-05-25 23:18:14,483 | INFO     | uvicorn.access       | 127.0.0.1:54596 - "POST /core/stt HTTP/1.1" 200
2026-05-25 23:18:14,484 | INFO     | main_module          | STT input received | speaker=Владелец | language=ru | text_len=25
2026-05-25 23:18:14,484 | DEBUG    | main_module          | STT input text: 'Агат Включи свет в ванной'
2026-05-25 23:18:14,484 | DEBUG    | main_module          | STT data updated | timestamp=1779740294.484734 | context_size=0
2026-05-25 23:18:14,484 | DEBUG    | main_module          | === Starting input filtering pipeline ===
2026-05-25 23:18:14,484 | DEBUG    | main_module          | Current context size: 0 elements
2026-05-25 23:18:14,485 | DEBUG    | main_module          | STT text: 'Агат Включи свет в ванной'
2026-05-25 23:18:14,485 | INFO     | main_module          | 🔍 Filtering input - Checking if answer is needed
2026-05-25 23:18:14,485 | DEBUG    | main_module          | Input STT text: 'Агат Включи свет в ванной'
2026-05-25 23:18:14,485 | DEBUG    | modules.filter.stt_filter.stt_filter | Checking if should shut up | input_text='Агат Включи свет в ванной...'
2026-05-25 23:18:14,485 | DEBUG    | modules.filter.stt_filter.stt_filter | Checking if should shut up...
2026-05-25 23:18:14,485 | DEBUG    | modules.filter.stt_filter.should_shut_up.should_shut_up_model | ShouldShutUpModel call | input_text='Агат Включи свет в ванной...'
2026-05-25 23:18:14,485 | DEBUG    | modules.filter.stt_filter.should_shut_up.should_shut_up_model | Pre-processing input...
2026-05-25 23:18:14,486 | DEBUG    | modules.filter.stt_filter.should_shut_up.should_shut_up_model | Pre-processing input...
2026-05-25 23:18:14,486 | DEBUG    | modules.filter.stt_filter.should_shut_up.should_shut_up_model | Pre-processing complete | output_len=25
2026-05-25 23:18:14,486 | DEBUG    | modules.filter.stt_filter.should_shut_up.should_shut_up_model | Pre-processing complete | processed_len=25
2026-05-25 23:18:14,486 | DEBUG    | modules.filter.stt_filter.should_shut_up.should_shut_up_model | Running model inference...
2026-05-25 23:18:14,519 | INFO     | modules.filter.stt_filter.should_shut_up.should_shut_up_model | ✓ Importance score calculated | score=0.000
2026-05-25 23:18:14,520 | DEBUG    | modules.filter.stt_filter.should_shut_up.should_shut_up_model | Processed input: Агат Включи свет в ванной
2026-05-25 23:18:14,520 | DEBUG    | modules.filter.stt_filter.stt_filter | Should shut up result: 0.0
2026-05-25 23:18:14,520 | DEBUG    | modules.filter.filter | === Starting parallel filtering ===
2026-05-25 23:18:14,520 | DEBUG    | modules.filter.filter | Creating STT filter thread...
2026-05-25 23:18:14,520 | DEBUG    | modules.filter.filter | Creating CV filter thread...
2026-05-25 23:18:14,520 | DEBUG    | modules.filter.filter | Creating System filter thread...
2026-05-25 23:18:14,520 | DEBUG    | modules.filter.filter | Starting all filter threads...
2026-05-25 23:18:14,520 | DEBUG    | modules.filter.filter | STT filter: Analyzing speech input...
2026-05-25 23:18:14,521 | DEBUG    | modules.filter.filter | Thread started: STT-Filter-Thread
2026-05-25 23:18:14,521 | DEBUG    | modules.filter.stt_filter.stt_filter | SttFilter called | input_text='Агат Включи свет в ванной...' | dialogue_continues=False
2026-05-25 23:18:14,521 | DEBUG    | modules.filter.filter | CV filter: Not yet implemented - marking as unimportant
2026-05-25 23:18:14,521 | DEBUG    | modules.filter.filter | Thread started: CV-Filter-Thread
2026-05-25 23:18:14,521 | DEBUG    | modules.filter.stt_filter.stt_filter | Dialogue not active - using higher threshold: 0.8
2026-05-25 23:18:14,521 | DEBUG    | modules.filter.filter | System filter: Not yet implemented - marking as unimportant
2026-05-25 23:18:14,521 | DEBUG    | modules.filter.filter | Thread started: Sys-Filter-Thread
2026-05-25 23:18:14,522 | DEBUG    | modules.filter.stt_filter.stt_filter | Importance threshold: 0.8 (dialogue_continues=False)
2026-05-25 23:18:14,522 | DEBUG    | modules.filter.filter | Waiting for all filter threads to complete...
2026-05-25 23:18:14,522 | DEBUG    | modules.filter.stt_filter.stt_filter | Checking importance | threshold=0.8 | context_size=0
2026-05-25 23:18:14,522 | DEBUG    | modules.filter.stt_filter.stt_filter | Dialogue not active - using empty context for evaluation
2026-05-25 23:18:14,522 | DEBUG    | modules.filter.stt_filter.stt_filter | Getting importance score from SttImpModel...
2026-05-25 23:18:14,522 | DEBUG    | modules.filter.stt_filter.imp_model.imp_model | SttImpModel call | input_text='Агат Включи свет в ванной...' | context_size=0
2026-05-25 23:18:14,522 | DEBUG    | modules.filter.stt_filter.imp_model.imp_model | Pre-processing input...
2026-05-25 23:18:14,523 | DEBUG    | modules.filter.stt_filter.imp_model.imp_model | Pre-processing context...
2026-05-25 23:18:14,523 | DEBUG    | modules.filter.stt_filter.imp_model.imp_model | Processing context | size=0
2026-05-25 23:18:14,523 | DEBUG    | modules.filter.stt_filter.imp_model.imp_model | Adding current input | text='Агат Включи свет в ванной...'
2026-05-25 23:18:14,523 | DEBUG    | modules.filter.stt_filter.imp_model.imp_model | Pre-processing complete | output_len=32
2026-05-25 23:18:14,523 | DEBUG    | modules.filter.stt_filter.imp_model.imp_model | Pre-processing complete | processed_len=32
2026-05-25 23:18:14,523 | DEBUG    | modules.filter.stt_filter.imp_model.imp_model | Running model inference...
2026-05-25 23:18:14,538 | DEBUG    | modules.filter.stt_filter.imp_model.models.own_model.transformer.encoder.forward |     Encoder layer input: torch.Size([1, 512, 256]) (with padding mask)
2026-05-25 23:18:14,538 | DEBUG    | modules.filter.stt_filter.imp_model.models.own_model.transformer.pytorch_attention.attention |       MHA: Q=torch.Size([1, 512, 256]), K=torch.Size([1, 512, 256]), V=torch.Size([1, 512, 256])
2026-05-25 23:18:14,538 | DEBUG    | modules.filter.stt_filter.imp_model.models.own_model.transformer.pytorch_attention.attention |       Mask applied: torch.Size([1, 1, 1, 512])
2026-05-25 23:18:14,550 | DEBUG    | modules.filter.stt_filter.imp_model.models.own_model.transformer.encoder.forward |     Encoder layer output: torch.Size([1, 512, 256])
2026-05-25 23:18:14,550 | INFO     | modules.filter.stt_filter.imp_model.imp_model | ✓ Importance score calculated | score=1.000
2026-05-25 23:18:14,551 | DEBUG    | modules.filter.stt_filter.imp_model.imp_model | Processed input: /user Агат Включи свет в ванной;
2026-05-25 23:18:14,551 | DEBUG    | modules.filter.stt_filter.stt_filter | ✓ Importance score obtained: 1.000
2026-05-25 23:18:14,551 | DEBUG    | modules.filter.stt_filter.stt_filter | Importance value: 1.000 | Threshold: 0.8 | Important: True
2026-05-25 23:18:14,551 | DEBUG    | modules.filter.stt_filter.stt_filter | Importance: True (threshold: 0.8)
2026-05-25 23:18:14,551 | INFO     | modules.filter.stt_filter.stt_filter | Dialogue state changed: False → True
2026-05-25 23:18:14,551 | DEBUG    | modules.filter.filter | STT filter result: True
2026-05-25 23:18:14,551 | DEBUG    | modules.filter.filter | Thread completed: STT-Filter-Thread
2026-05-25 23:18:14,551 | DEBUG    | modules.filter.filter | Thread completed: CV-Filter-Thread
2026-05-25 23:18:14,551 | DEBUG    | modules.filter.filter | Thread completed: Sys-Filter-Thread
2026-05-25 23:18:14,552 | DEBUG    | modules.filter.filter | === Filtering complete | Results: {'cv': False, 'sys': False, 'stt': True} ===
2026-05-25 23:18:14,552 | DEBUG    | main_module          | Filter importance results: {'cv': False, 'sys': False, 'stt': True}
2026-05-25 23:18:14,552 | DEBUG    | main_module          | Updating input importance flags
2026-05-25 23:18:14,552 | DEBUG    | main_module          | Input importance updated | stt=True | cv=False | sys=False
2026-05-25 23:18:14,552 | INFO     | main_module          | ✓ Answer needed | important_sources=['stt']
2026-05-25 23:18:14,552 | INFO     | main_module          | Filter decision | need_answer=True
2026-05-25 23:18:14,552 | INFO     | main_module          | ✓ Input approved by filter - Processing...
2026-05-25 23:18:14,552 | DEBUG    | main_module          | Filter importance: stt=True | cv=False | sys=False
2026-05-25 23:18:14,552 | DEBUG    | main_module          | Starting pre-processing...
2026-05-25 23:18:14,553 | INFO     | modules.pre_process.pre_process | 🔄 Pre-processing input data
2026-05-25 23:18:14,553 | DEBUG    | modules.pre_process.pre_process | Input keys: ['stt', 'cv', 'sys'] | Extra keys: []
2026-05-25 23:18:14,553 | DEBUG    | modules.pre_process.pre_process | Creating context element...
2026-05-25 23:18:14,553 | DEBUG    | modules.pre_process.pre_process | Creating context element from input
2026-05-25 23:18:14,553 | DEBUG    | modules.pre_process.pre_process | Processing System data | importance=False
2026-05-25 23:18:14,553 | DEBUG    | modules.pre_process.pre_process | System data marked unimportant | returning None
2026-05-25 23:18:14,553 | DEBUG    | modules.pre_process.pre_process | System data processed | important=False | content='None'
2026-05-25 23:18:14,553 | DEBUG    | modules.pre_process.pre_process | Processing CV data | importance=False
2026-05-25 23:18:14,553 | DEBUG    | modules.pre_process.pre_process | CV data marked unimportant | returning None
2026-05-25 23:18:14,554 | DEBUG    | modules.pre_process.pre_process | CV data processed | important=False | content='None'
2026-05-25 23:18:14,554 | DEBUG    | modules.pre_process.pre_process | Processing STT data | importance=True
2026-05-25 23:18:14,554 | DEBUG    | modules.pre_process.pre_process | STT data marked important | result: Владелец: Агат Включи свет в ванной
2026-05-25 23:18:14,554 | DEBUG    | modules.pre_process.pre_process | STT data processed | important=True | content='Владелец: Агат Включи свет в ванной'
2026-05-25 23:18:14,554 | DEBUG    | modules.pre_process.pre_process | Final context element: {'/sys': None, '/cv': None, '/user': 'Владелец: Агат Включи свет в ванной'}
2026-05-25 23:18:14,554 | DEBUG    | modules.pre_process.pre_process | Context element created | keys: ['/sys', '/cv', '/user']
2026-05-25 23:18:14,554 | DEBUG    | modules.pre_process.pre_process | Processing extra information...
2026-05-25 23:18:14,555 | DEBUG    | modules.pre_process.pre_process | Processing extra information | keys: []
2026-05-25 23:18:14,555 | DEBUG    | modules.pre_process.pre_process | Extra information processed | final_len=0 | content: ...
2026-05-25 23:18:14,556 | DEBUG    | modules.pre_process.pre_process | Extra information processed | content_len=0
2026-05-25 23:18:14,556 | DEBUG    | modules.pre_process.pre_process | Adding extra information to context...
2026-05-25 23:18:14,556 | DEBUG    | modules.pre_process.pre_process | Adding extra information to context | extra_len=0
2026-05-25 23:18:14,556 | DEBUG    | modules.pre_process.pre_process | Extra information added | new_keys: ['/sys', '/cv', '/user', '/hint']
2026-05-25 23:18:14,556 | DEBUG    | modules.pre_process.pre_process | Model input prepared | keys: ['/sys', '/cv', '/user', '/hint']
2026-05-25 23:18:14,557 | INFO     | modules.pre_process.pre_process | ✓ Pre-processing completed successfully | model_input: {'/sys': None, '/cv': None, '/user': 'Владелец: Агат Включи свет в ванной', '/hint': ''}
2026-05-25 23:18:14,557 | DEBUG    | main_module          | Pre-processing completed | input_keys=['/sys', '/cv', '/user', '/hint']
2026-05-25 23:18:14,557 | INFO     | main_module          | Sending request to chat service | context_len=1
2026-05-25 23:18:14,557 | DEBUG    | main_module          | Chat input: {'/sys': None, '/cv': None, '/user': 'Владелец: Агат Включи свет в ванной', '/hint': ''}
2026-05-25 23:18:14,557 | DEBUG    | main_module          | Using existing event loop
2026-05-25 23:18:14,557 | DEBUG    | main_module          | Full context prepared | total_len=1
2026-05-25 23:18:14,558 | INFO     | client               | 📤 Chat service request | context_len=1 | timeout=300.0s
2026-05-25 23:18:14,558 | DEBUG    | client               | Context structure | elements: [['/sys', '/cv', '/user', '/hint']]
2026-05-25 23:18:14,558 | DEBUG    | client               | Connecting to Chat service at http://127.0.0.1:8001/chat/generate
2026-05-25 23:18:14,560 | DEBUG    | httpcore.connection  | connect_tcp.started host='127.0.0.1' port=8001 local_address=None timeout=10.0 socket_options=None
2026-05-25 23:18:14,561 | DEBUG    | httpcore.connection  | connect_tcp.failed exception=ConnectError(OSError('All connection attempts failed'))
2026-05-25 23:18:14,562 | ERROR    | client               | ✗ Chat service connection error: ConnectError - Cannot reach http://127.0.0.1:8001
2026-05-25 23:18:14,562 | WARNING  | client               | ⚠ Returning None due to chat service error
2026-05-25 23:18:14,562 | WARNING  | main_module          | ⚠ Chat service returned None or empty response
